Index,Time,debug_PWM_A,debug_PWM_B,debug_PWM_C
0,0.000000,0,0,0
1,0.001830,0,0,0
2,0.002805,0,0,0
3,0.003806,0,0,0
4,0.004806,"nan","nan","nan"
5,0.005806,"nan","nan","nan"
6,0.006805,"nan","nan","nan"
7,0.007805,"nan","nan","nan"
8,0.008818,"nan","nan","nan"
9,0.009823,"nan","nan","nan"
10,0.010811,"nan","nan","nan"
11,0.011810,"nan","nan","nan"
12,0.012811,"nan","nan","nan"
13,0.013811,"nan","nan","nan"
14,0.014811,"nan","nan","nan"
15,0.015811,"nan","nan","nan"
16,0.016811,"nan","nan","nan"
17,0.017811,"nan","nan","nan"
18,0.018811,"nan","nan","nan"
19,0.019895,"nan","nan","nan"
20,0.020807,"nan","nan","nan"
21,0.021808,"nan","nan","nan"
22,0.022809,"nan","nan","nan"
23,0.023809,"nan","nan","nan"
24,0.024809,"nan","nan","nan"
25,0.025809,"nan","nan","nan"
26,0.026810,"nan","nan","nan"
27,0.027811,"nan","nan","nan"
28,0.028811,"nan","nan","nan"
29,0.029815,"nan","nan","nan"
30,0.030826,"nan","nan","nan"
31,0.031815,"nan","nan","nan"
32,0.032815,"nan","nan","nan"
33,0.033816,"nan","nan","nan"
34,0.034816,"nan","nan","nan"
35,0.035817,"nan","nan","nan"
36,0.036817,"nan","nan","nan"
37,0.037805,"nan","nan","nan"
38,0.038805,"nan","nan","nan"
39,0.039810,"nan","nan","nan"
40,0.040896,"nan","nan","nan"
41,0.041809,"nan","nan","nan"
42,0.042810,"nan","nan","nan"
43,0.043811,"nan","nan","nan"
44,0.044811,"nan","nan","nan"
45,0.045811,"nan","nan","nan"
46,0.046812,"nan","nan","nan"
47,0.047812,"nan","nan","nan"
48,0.048813,"nan","nan","nan"
49,0.049817,"nan","nan","nan"
50,0.050805,"nan","nan","nan"
51,0.051824,"nan","nan","nan"
52,0.052814,"nan","nan","nan"
53,0.053814,"nan","nan","nan"
54,0.054815,"nan","nan","nan"
55,0.055813,"nan","nan","nan"
56,0.056813,"nan","nan","nan"
57,0.057813,"nan","nan","nan"
58,0.058813,"nan","nan","nan"
59,0.059816,"nan","nan","nan"
60,0.060826,"nan","nan","nan"
61,0.061830,"nan","nan","nan"
62,0.062817,"nan","nan","nan"
63,0.063805,"nan","nan","nan"
64,0.064805,"nan","nan","nan"
65,0.065817,"nan","nan","nan"
66,0.066817,"nan","nan","nan"
67,0.067806,"nan","nan","nan"
68,0.068805,"nan","nan","nan"
69,0.069809,"nan","nan","nan"
70,0.070809,"nan","nan","nan"
71,0.071809,"nan","nan","nan"
72,0.072822,"nan","nan","nan"
73,0.073809,"nan","nan","nan"
74,0.074810,"nan","nan","nan"
75,0.075810,"nan","nan","nan"
76,0.076810,"nan","nan","nan"
77,0.077810,"nan","nan","nan"
78,0.078809,"nan","nan","nan"
79,0.079813,"nan","nan","nan"
80,0.080813,"nan","nan","nan"
81,0.081813,"nan","nan","nan"
82,0.082900,"nan","nan","nan"
83,0.083812,"nan","nan","nan"
84,0.084814,"nan","nan","nan"
85,0.085813,"nan","nan","nan"
86,0.086813,"nan","nan","nan"
87,0.087813,"nan","nan","nan"
88,0.088813,"nan","nan","nan"
89,0.089816,"nan","nan","nan"
90,0.090817,"nan","nan","nan"
91,0.091817,"nan","nan","nan"
92,0.092805,"nan","nan","nan"
93,0.093823,"nan","nan","nan"
94,0.094812,"nan","nan","nan"
95,0.095812,"nan","nan","nan"
96,0.096813,"nan","nan","nan"
97,0.097812,"nan","nan","nan"
98,0.098813,"nan","nan","nan"
99,0.099817,"nan","nan","nan"
100,0.100805,"nan","nan","nan"
101,0.101805,"nan","nan","nan"
102,0.102807,"nan","nan","nan"
103,0.103901,"nan","nan","nan"
104,0.104814,"nan","nan","nan"
105,0.105815,"nan","nan","nan"
106,0.106815,"nan","nan","nan"
107,0.107815,"nan","nan","nan"
108,0.108816,"nan","nan","nan"
109,0.109807,"nan","nan","nan"
110,0.110808,"nan","nan","nan"
111,0.111807,"nan","nan","nan"
112,0.112809,"nan","nan","nan"
113,0.113810,"nan","nan","nan"
114,0.114824,"nan","nan","nan"
115,0.115813,"nan","nan","nan"
116,0.116813,"nan","nan","nan"
117,0.117814,"nan","nan","nan"
118,0.118814,"nan","nan","nan"
119,0.119825,"nan","nan","nan"
120,0.120814,"nan","nan","nan"
121,0.121811,"nan","nan","nan"
122,0.122812,"nan","nan","nan"
123,0.123812,"nan","nan","nan"
124,0.124902,"nan","nan","nan"
125,0.125816,"nan","nan","nan"
126,0.126817,"nan","nan","nan"
127,0.127816,"nan","nan","nan"
128,0.128816,"nan","nan","nan"
129,0.129807,"nan","nan","nan"
130,0.130807,"nan","nan","nan"
131,0.131807,"nan","nan","nan"
132,0.132808,"nan","nan","nan"
133,0.133808,"nan","nan","nan"
134,0.134808,"nan","nan","nan"
135,0.135825,"nan","nan","nan"
136,0.136813,"nan","nan","nan"
137,0.137813,"nan","nan","nan"
138,0.138813,"nan","nan","nan"
139,0.139816,"nan","nan","nan"
140,0.140816,"nan","nan","nan"
141,0.141815,"nan","nan","nan"
142,0.142816,"nan","nan","nan"
143,0.143815,"nan","nan","nan"
144,0.144815,"nan","nan","nan"
145,0.145822,"nan","nan","nan"
146,0.146809,"nan","nan","nan"
147,0.147810,"nan","nan","nan"
148,0.148810,"nan","nan","nan"
149,0.149813,"nan","nan","nan"
150,0.150812,"nan","nan","nan"
151,0.151813,"nan","nan","nan"
152,0.152813,"nan","nan","nan"
153,0.153813,"nan","nan","nan"
154,0.154813,"nan","nan","nan"
155,0.155838,"nan","nan","nan"
156,0.156826,"nan","nan","nan"
157,0.157815,"nan","nan","nan"
158,0.158815,"nan","nan","nan"
159,0.159805,"nan","nan","nan"
160,0.160806,"nan","nan","nan"
161,0.161807,"nan","nan","nan"
162,0.162807,"nan","nan","nan"
163,0.163808,"nan","nan","nan"
164,0.164807,"nan","nan","nan"
165,0.165809,"nan","nan","nan"
166,0.166821,"nan","nan","nan"
167,0.167809,"nan","nan","nan"
168,0.168811,"nan","nan","nan"
169,0.169813,"nan","nan","nan"
170,0.170814,"nan","nan","nan"
171,0.171815,"nan","nan","nan"
172,0.172815,"nan","nan","nan"
173,0.173816,"nan","nan","nan"
174,0.174830,"nan","nan","nan"
175,0.175826,"nan","nan","nan"
176,0.176840,"nan","nan","nan"
177,0.177823,"nan","nan","nan"
178,0.178812,"nan","nan","nan"
179,0.179815,"nan","nan","nan"
180,0.180817,"nan","nan","nan"
181,0.181818,"nan","nan","nan"
182,0.182807,"nan","nan","nan"
183,0.183807,"nan","nan","nan"
184,0.184808,"nan","nan","nan"
185,0.185808,"nan","nan","nan"
186,0.186808,"nan","nan","nan"
187,0.187833,"nan","nan","nan"
188,0.188808,"nan","nan","nan"
189,0.189812,"nan","nan","nan"
190,0.190812,"nan","nan","nan"
191,0.191812,"nan","nan","nan"
192,0.192812,"nan","nan","nan"
193,0.193811,"nan","nan","nan"
194,0.194811,"nan","nan","nan"
195,0.195811,"nan","nan","nan"
196,0.196811,"nan","nan","nan"
197,0.197812,"nan","nan","nan"
198,0.198823,"nan","nan","nan"
199,0.199814,"nan","nan","nan"
200,0.200813,"nan","nan","nan"
201,0.201813,"nan","nan","nan"
202,0.202813,"nan","nan","nan"
203,0.203813,"nan","nan","nan"
204,0.204813,"nan","nan","nan"
205,0.205813,"nan","nan","nan"
206,0.206813,"nan","nan","nan"
207,0.207812,"nan","nan","nan"
208,0.208823,"nan","nan","nan"
209,0.209814,"nan","nan","nan"
210,0.210814,"nan","nan","nan"
211,0.211814,"nan","nan","nan"
212,0.212813,"nan","nan","nan"
213,0.213814,"nan","nan","nan"
214,0.214814,"nan","nan","nan"
215,0.215814,"nan","nan","nan"
216,0.216814,"nan","nan","nan"
217,0.217813,"nan","nan","nan"
218,0.218814,"nan","nan","nan"
219,0.219828,"nan","nan","nan"
220,0.220816,"nan","nan","nan"
221,0.221804,"nan","nan","nan"
222,0.222806,"nan","nan","nan"
223,0.223806,"nan","nan","nan"
224,0.224807,"nan","nan","nan"
225,0.225808,"nan","nan","nan"
226,0.226808,"nan","nan","nan"
227,0.227809,"nan","nan","nan"
228,0.228809,"nan","nan","nan"
229,0.229836,"nan","nan","nan"
230,0.230811,"nan","nan","nan"
231,0.231811,"nan","nan","nan"
232,0.232812,"nan","nan","nan"
233,0.233814,"nan","nan","nan"
234,0.234814,"nan","nan","nan"
235,0.235815,"nan","nan","nan"
236,0.236814,"nan","nan","nan"
237,0.237816,"nan","nan","nan"
238,0.238816,"nan","nan","nan"
239,0.239808,"nan","nan","nan"
240,0.240821,"nan","nan","nan"
241,0.241810,"nan","nan","nan"
242,0.242810,"nan","nan","nan"
243,0.243811,"nan","nan","nan"
244,0.244811,"nan","nan","nan"
245,0.245811,"nan","nan","nan"
246,0.246812,"nan","nan","nan"
247,0.247813,"nan","nan","nan"
248,0.248813,"nan","nan","nan"
249,0.249816,"nan","nan","nan"
250,0.250826,"nan","nan","nan"
251,0.251813,"nan","nan","nan"
252,0.252814,"nan","nan","nan"
253,0.253813,"nan","nan","nan"
254,0.254814,"nan","nan","nan"
255,0.255812,"nan","nan","nan"
256,0.256813,"nan","nan","nan"
257,0.257813,"nan","nan","nan"
258,0.258813,"nan","nan","nan"
259,0.259815,"nan","nan","nan"
260,0.260814,"nan","nan","nan"
261,0.261821,"nan","nan","nan"
262,0.262810,"nan","nan","nan"
263,0.263810,"nan","nan","nan"
264,0.264809,"nan","nan","nan"
265,0.265810,"nan","nan","nan"
266,0.266811,"nan","nan","nan"
267,0.267811,"nan","nan","nan"
268,0.268811,"nan","nan","nan"
269,0.269814,"nan","nan","nan"
270,0.270813,"nan","nan","nan"
271,0.271922,"nan","nan","nan"
272,0.272810,"nan","nan","nan"
273,0.273810,"nan","nan","nan"
274,0.274809,"nan","nan","nan"
275,0.275810,"nan","nan","nan"
276,0.276809,"nan","nan","nan"
277,0.277810,"nan","nan","nan"
278,0.278810,"nan","nan","nan"
279,0.279812,"nan","nan","nan"
280,0.280813,"nan","nan","nan"
281,0.281814,"nan","nan","nan"
282,0.282827,"nan","nan","nan"
283,0.283816,"nan","nan","nan"
284,0.284814,"nan","nan","nan"
285,0.285815,"nan","nan","nan"
286,0.286815,"nan","nan","nan"
287,0.287816,"nan","nan","nan"
288,0.288816,"nan","nan","nan"
289,0.289823,"nan","nan","nan"
290,0.290811,"nan","nan","nan"
291,0.291811,"nan","nan","nan"
292,0.292916,"nan","nan","nan"
293,0.293817,"nan","nan","nan"
294,0.294817,"nan","nan","nan"
295,0.295805,"nan","nan","nan"
296,0.296807,"nan","nan","nan"
297,0.297806,"nan","nan","nan"
298,0.298808,"nan","nan","nan"
299,0.299811,"nan","nan","nan"
300,0.300812,"nan","nan","nan"
301,0.301812,"nan","nan","nan"
302,0.302813,"nan","nan","nan"
303,0.303826,"nan","nan","nan"
304,0.304814,"nan","nan","nan"
305,0.305814,"nan","nan","nan"
306,0.306815,"nan","nan","nan"
307,0.307815,"nan","nan","nan"
308,0.308815,"nan","nan","nan"
309,0.309806,"nan","nan","nan"
310,0.310807,"nan","nan","nan"
311,0.311808,"nan","nan","nan"
312,0.312808,"nan","nan","nan"
313,0.313917,"nan","nan","nan"
314,0.314818,"nan","nan","nan"
315,0.315807,"nan","nan","nan"
316,0.316808,"nan","nan","nan"
317,0.317808,"nan","nan","nan"
318,0.318807,"nan","nan","nan"
319,0.319810,"nan","nan","nan"
320,0.320810,"nan","nan","nan"
321,0.321810,"nan","nan","nan"
322,0.322809,"nan","nan","nan"
323,0.323810,"nan","nan","nan"
324,0.324827,"nan","nan","nan"
325,0.325816,"nan","nan","nan"
326,0.326816,"nan","nan","nan"
327,0.327815,"nan","nan","nan"
328,0.328815,"nan","nan","nan"
329,0.329806,"nan","nan","nan"
330,0.330806,"nan","nan","nan"
331,0.331805,"nan","nan","nan"
332,0.332806,"nan","nan","nan"
333,0.333806,"nan","nan","nan"
334,0.334824,"nan","nan","nan"
335,0.335812,"nan","nan","nan"
336,0.336811,"nan","nan","nan"
337,0.337812,"nan","nan","nan"
338,0.338812,"nan","nan","nan"
339,0.339814,"nan","nan","nan"
340,0.340815,"nan","nan","nan"
341,0.341814,"nan","nan","nan"
342,0.342815,"nan","nan","nan"
343,0.343815,"nan","nan","nan"
344,0.344815,"nan","nan","nan"
345,0.345830,"nan","nan","nan"
346,0.346806,"nan","nan","nan"
347,0.347806,"nan","nan","nan"
348,0.348827,"nan","nan","nan"
349,0.349807,"nan","nan","nan"
350,0.350807,"nan","nan","nan"
351,0.351807,"nan","nan","nan"
352,0.352808,"nan","nan","nan"
353,0.353808,"nan","nan","nan"
354,0.354809,"nan","nan","nan"
355,0.355827,"nan","nan","nan"
356,0.356815,"nan","nan","nan"
357,0.357817,"nan","nan","nan"
358,0.358817,"nan","nan","nan"
359,0.359809,"nan","nan","nan"
360,0.360808,"nan","nan","nan"
361,0.361809,"nan","nan","nan"
362,0.362810,"nan","nan","nan"
363,0.363810,"nan","nan","nan"
364,0.364811,"nan","nan","nan"
365,0.365811,"nan","nan","nan"
366,0.366832,"nan","nan","nan"
367,0.367807,"nan","nan","nan"
368,0.368808,"nan","nan","nan"
369,0.369812,"nan","nan","nan"
370,0.370811,"nan","nan","nan"
371,0.371812,"nan","nan","nan"
372,0.372812,"nan","nan","nan"
373,0.373813,"nan","nan","nan"
374,0.374813,"nan","nan","nan"
375,0.375813,"nan","nan","nan"
376,0.376822,"nan","nan","nan"
377,0.377810,"nan","nan","nan"
378,0.378811,"nan","nan","nan"
379,0.379815,"nan","nan","nan"
380,0.380815,"nan","nan","nan"
381,0.381815,"nan","nan","nan"
382,0.382816,"nan","nan","nan"
383,0.383815,"nan","nan","nan"
384,0.384816,"nan","nan","nan"
385,0.385815,"nan","nan","nan"
386,0.386815,"nan","nan","nan"
387,0.387831,"nan","nan","nan"
388,0.388806,"nan","nan","nan"
389,0.389810,"nan","nan","nan"
390,0.390811,"nan","nan","nan"
391,0.391810,"nan","nan","nan"
392,0.392811,"nan","nan","nan"
393,0.393809,"nan","nan","nan"
394,0.394810,"nan","nan","nan"
395,0.395811,"nan","nan","nan"
396,0.396810,"nan","nan","nan"
397,0.397924,"nan","nan","nan"
398,0.398811,"nan","nan","nan"
399,0.399815,"nan","nan","nan"
400,0.400815,"nan","nan","nan"
401,0.401815,"nan","nan","nan"
402,0.402815,"nan","nan","nan"
403,0.403815,"nan","nan","nan"
404,0.404822,"nan","nan","nan"
405,0.405810,"nan","nan","nan"
406,0.406810,"nan","nan","nan"
407,0.407811,"nan","nan","nan"
408,0.408829,"nan","nan","nan"
409,0.409808,"nan","nan","nan"
410,0.410808,"nan","nan","nan"
411,0.411808,"nan","nan","nan"
412,0.412807,"nan","nan","nan"
413,0.413808,"nan","nan","nan"
414,0.414808,"nan","nan","nan"
415,0.415808,"nan","nan","nan"
416,0.416807,"nan","nan","nan"
417,0.417807,"nan","nan","nan"
418,0.418846,"nan","nan","nan"
419,0.419814,"nan","nan","nan"
420,0.420814,"nan","nan","nan"
421,0.421815,"nan","nan","nan"
422,0.422816,"nan","nan","nan"
423,0.423815,"nan","nan","nan"
424,0.424816,"nan","nan","nan"
425,0.425816,"nan","nan","nan"
426,0.426817,"nan","nan","nan"
427,0.427817,"nan","nan","nan"
428,0.428817,"nan","nan","nan"
429,0.429826,"nan","nan","nan"
430,0.430817,"nan","nan","nan"
431,0.431805,"nan","nan","nan"
432,0.432806,"nan","nan","nan"
433,0.433807,"nan","nan","nan"
434,0.434807,"nan","nan","nan"
435,0.435807,"nan","nan","nan"
436,0.436807,"nan","nan","nan"
437,0.437809,"nan","nan","nan"
438,0.438810,"nan","nan","nan"
439,0.439855,"nan","nan","nan"
440,0.440811,"nan","nan","nan"
441,0.441811,"nan","nan","nan"
442,0.442812,"nan","nan","nan"
443,0.443813,"nan","nan","nan"
444,0.444813,"nan","nan","nan"
445,0.445814,"nan","nan","nan"
446,0.446815,"nan","nan","nan"
447,0.447815,"nan","nan","nan"
448,0.448815,"nan","nan","nan"
449,0.449805,"nan","nan","nan"
450,0.450827,"nan","nan","nan"
451,0.451813,"nan","nan","nan"
452,0.452815,"nan","nan","nan"
453,0.453815,"nan","nan","nan"
454,0.454815,"nan","nan","nan"
455,0.455815,"nan","nan","nan"
456,0.456814,"nan","nan","nan"
457,0.457815,"nan","nan","nan"
458,0.458815,"nan","nan","nan"
459,0.459806,"nan","nan","nan"
460,0.460831,"nan","nan","nan"
461,0.461824,"nan","nan","nan"
462,0.462812,"nan","nan","nan"
463,0.463821,"nan","nan","nan"
464,0.464809,"nan","nan","nan"
465,0.465809,"nan","nan","nan"
466,0.466810,"nan","nan","nan"
467,0.467810,"nan","nan","nan"
468,0.468810,"nan","nan","nan"
469,0.469813,"nan","nan","nan"
470,0.470811,"nan","nan","nan"
471,0.471930,"nan","nan","nan"
472,0.472817,"nan","nan","nan"
473,0.473806,"nan","nan","nan"
474,0.474805,"nan","nan","nan"
475,0.475806,"nan","nan","nan"
476,0.476806,"nan","nan","nan"
477,0.477806,"nan","nan","nan"
478,0.478806,"nan","nan","nan"
479,0.479808,"nan","nan","nan"
480,0.480809,"nan","nan","nan"
481,0.481809,"nan","nan","nan"
482,0.482829,"nan","nan","nan"
483,0.483807,"nan","nan","nan"
484,0.484806,"nan","nan","nan"
485,0.485808,"nan","nan","nan"
486,0.486808,"nan","nan","nan"
487,0.487809,"nan","nan","nan"
488,0.488809,"nan","nan","nan"
489,0.489811,"nan","nan","nan"
490,0.490813,"nan","nan","nan"
491,0.491814,"nan","nan","nan"
492,0.492853,"nan","nan","nan"
493,0.493811,"nan","nan","nan"
494,0.494812,"nan","nan","nan"
495,0.495813,"nan","nan","nan"
496,0.496814,"nan","nan","nan"
497,0.497814,"nan","nan","nan"
498,0.498815,"nan","nan","nan"
499,0.499806,"nan","nan","nan"
500,0.500806,"nan","nan","nan"
501,0.501807,"nan","nan","nan"
502,0.502807,"nan","nan","nan"
503,0.503828,"nan","nan","nan"
504,0.504815,"nan","nan","nan"
505,0.505817,"nan","nan","nan"
506,0.506818,"nan","nan","nan"
507,0.507807,"nan","nan","nan"
508,0.508806,"nan","nan","nan"
509,0.509811,"nan","nan","nan"
510,0.510812,"nan","nan","nan"
511,0.511812,"nan","nan","nan"
512,0.512813,"nan","nan","nan"
513,0.513839,"nan","nan","nan"
514,0.514832,"nan","nan","nan"
515,0.515807,"nan","nan","nan"
516,0.516807,"nan","nan","nan"
517,0.517806,"nan","nan","nan"
518,0.518807,"nan","nan","nan"
519,0.519811,"nan","nan","nan"
520,0.520810,"nan","nan","nan"
521,0.521811,"nan","nan","nan"
522,0.522811,"nan","nan","nan"
523,0.523811,"nan","nan","nan"
524,0.524844,"nan","nan","nan"
525,0.525807,"nan","nan","nan"
526,0.526808,"nan","nan","nan"
527,0.527807,"nan","nan","nan"
528,0.528807,"nan","nan","nan"
529,0.529811,"nan","nan","nan"
530,0.530811,"nan","nan","nan"
531,0.531810,"nan","nan","nan"
532,0.532810,"nan","nan","nan"
533,0.533811,"nan","nan","nan"
534,0.534811,"nan","nan","nan"
535,0.535823,"nan","nan","nan"
536,0.536812,"nan","nan","nan"
537,0.537811,"nan","nan","nan"
538,0.538812,"nan","nan","nan"
539,0.539815,"nan","nan","nan"
540,0.540815,"nan","nan","nan"
541,0.541815,"nan","nan","nan"
542,0.542814,"nan","nan","nan"
543,0.543814,"nan","nan","nan"
544,0.544815,"nan","nan","nan"
545,0.545936,"nan","nan","nan"
546,0.546812,"nan","nan","nan"
547,0.547812,"nan","nan","nan"
548,0.548812,"nan","nan","nan"
549,0.549816,"nan","nan","nan"
550,0.550816,"nan","nan","nan"
551,0.551817,"nan","nan","nan"
552,0.552816,"nan","nan","nan"
553,0.553818,"nan","nan","nan"
554,0.554806,"nan","nan","nan"
555,0.555805,"nan","nan","nan"
556,0.556826,"nan","nan","nan"
557,0.557815,"nan","nan","nan"
558,0.558815,"nan","nan","nan"
559,0.559807,"nan","nan","nan"
560,0.560806,"nan","nan","nan"
561,0.561808,"nan","nan","nan"
562,0.562809,"nan","nan","nan"
563,0.563809,"nan","nan","nan"
564,0.564810,"nan","nan","nan"
565,0.565811,"nan","nan","nan"
566,0.566863,"nan","nan","nan"
567,0.567812,"nan","nan","nan"
568,0.568813,"nan","nan","nan"
569,0.569816,"nan","nan","nan"
570,0.570817,"nan","nan","nan"
571,0.571805,"nan","nan","nan"
572,0.572806,"nan","nan","nan"
573,0.573807,"nan","nan","nan"
574,0.574832,"nan","nan","nan"
575,0.575829,"nan","nan","nan"
576,0.576806,"nan","nan","nan"
577,0.577823,"nan","nan","nan"
578,0.578811,"nan","nan","nan"
579,0.579814,"nan","nan","nan"
580,0.580812,"nan","nan","nan"
581,0.581813,"nan","nan","nan"
582,0.582813,"nan","nan","nan"
583,0.583813,"nan","nan","nan"
584,0.584813,"nan","nan","nan"
585,0.585812,"nan","nan","nan"
586,0.586812,"nan","nan","nan"
587,0.587839,"nan","nan","nan"
588,0.588829,"nan","nan","nan"
589,0.589808,"nan","nan","nan"
590,0.590809,"nan","nan","nan"
591,0.591809,"nan","nan","nan"
592,0.592809,"nan","nan","nan"
593,0.593809,"nan","nan","nan"
594,0.594808,"nan","nan","nan"
595,0.595808,"nan","nan","nan"
596,0.596808,"nan","nan","nan"
597,0.597808,"nan","nan","nan"
598,0.598940,"nan","nan","nan"
599,0.599805,"nan","nan","nan"
600,0.600807,"nan","nan","nan"
601,0.601806,"nan","nan","nan"
602,0.602807,"nan","nan","nan"
603,0.603805,"nan","nan","nan"
604,0.604806,"nan","nan","nan"
605,0.605806,"nan","nan","nan"
606,0.606806,"nan","nan","nan"
607,0.607806,"nan","nan","nan"
608,0.608805,"nan","nan","nan"
609,0.609827,"nan","nan","nan"
610,0.610815,"nan","nan","nan"
611,0.611814,"nan","nan","nan"
612,0.612814,"nan","nan","nan"
613,0.613814,"nan","nan","nan"
614,0.614814,"nan","nan","nan"
615,0.615816,"nan","nan","nan"
616,0.616817,"nan","nan","nan"
617,0.617816,"nan","nan","nan"
618,0.618817,"nan","nan","nan"
619,0.619859,"nan","nan","nan"
620,0.620809,"nan","nan","nan"
621,0.621810,"nan","nan","nan"
622,0.622811,"nan","nan","nan"
623,0.623811,"nan","nan","nan"
624,0.624812,"nan","nan","nan"
625,0.625813,"nan","nan","nan"
626,0.626813,"nan","nan","nan"
627,0.627813,"nan","nan","nan"
628,0.628813,"nan","nan","nan"
629,0.629805,"nan","nan","nan"
630,0.630828,"nan","nan","nan"
631,0.631805,"nan","nan","nan"
632,0.632805,"nan","nan","nan"
633,0.633994,"nan","nan","nan"
634,0.634806,"nan","nan","nan"
635,0.635808,"nan","nan","nan"
636,0.636808,"nan","nan","nan"
637,0.637808,"nan","nan","nan"
638,0.638810,"nan","nan","nan"
639,0.639814,"nan","nan","nan"
640,0.640943,"nan","nan","nan"
641,0.641805,"nan","nan","nan"
642,0.642807,"nan","nan","nan"
643,0.643808,"nan","nan","nan"
644,0.644808,"nan","nan","nan"
645,0.645808,"nan","nan","nan"
646,0.646807,"nan","nan","nan"
647,0.647808,"nan","nan","nan"
648,0.648808,"nan","nan","nan"
649,0.649811,"nan","nan","nan"
650,0.650812,"nan","nan","nan"
651,0.651828,"nan","nan","nan"
652,0.652815,"nan","nan","nan"
653,0.653817,"nan","nan","nan"
654,0.654817,"nan","nan","nan"
655,0.655817,"nan","nan","nan"
656,0.656804,"nan","nan","nan"
657,0.657804,"nan","nan","nan"
658,0.658817,"nan","nan","nan"
659,0.659808,"nan","nan","nan"
660,0.660808,"nan","nan","nan"
661,0.661825,"nan","nan","nan"
662,0.662811,"nan","nan","nan"
663,0.663812,"nan","nan","nan"
664,0.664811,"nan","nan","nan"
665,0.665811,"nan","nan","nan"
666,0.666810,"nan","nan","nan"
667,0.667812,"nan","nan","nan"
668,0.668811,"nan","nan","nan"
669,0.669814,"nan","nan","nan"
670,0.670814,"nan","nan","nan"
671,0.671813,"nan","nan","nan"
672,0.672827,"nan","nan","nan"
673,0.673813,"nan","nan","nan"
674,0.674814,"nan","nan","nan"
675,0.675814,"nan","nan","nan"
676,0.676813,"nan","nan","nan"
677,0.677814,"nan","nan","nan"
678,0.678814,"nan","nan","nan"
679,0.679816,"nan","nan","nan"
680,0.680817,"nan","nan","nan"
681,0.681816,"nan","nan","nan"
682,0.682843,"nan","nan","nan"
683,0.683825,"nan","nan","nan"
684,0.684971,"nan","nan","nan"
685,0.685810,"nan","nan","nan"
686,0.686812,"nan","nan","nan"
687,0.687813,"nan","nan","nan"
688,0.688813,"nan","nan","nan"
689,0.689816,"nan","nan","nan"
690,0.690817,"nan","nan","nan"
691,0.691816,"nan","nan","nan"
692,0.692817,"nan","nan","nan"
693,0.693869,"nan","nan","nan"
694,0.694809,"nan","nan","nan"
695,0.695811,"nan","nan","nan"
696,0.696812,"nan","nan","nan"
697,0.697812,"nan","nan","nan"
698,0.698813,"nan","nan","nan"
699,0.699816,"nan","nan","nan"
700,0.700815,"nan","nan","nan"
701,0.701817,"nan","nan","nan"
702,0.702818,"nan","nan","nan"
703,0.703807,"nan","nan","nan"
704,0.704822,"nan","nan","nan"
705,0.705813,"nan","nan","nan"
706,0.706813,"nan","nan","nan"
707,0.707813,"nan","nan","nan"
708,0.708814,"nan","nan","nan"
709,0.709805,"nan","nan","nan"
710,0.710817,"nan","nan","nan"
711,0.711817,"nan","nan","nan"
712,0.712817,"nan","nan","nan"
713,0.713817,"nan","nan","nan"
714,0.714897,"nan","nan","nan"
715,0.715812,"nan","nan","nan"
716,0.716812,"nan","nan","nan"
717,0.717813,"nan","nan","nan"
718,0.718813,"nan","nan","nan"
719,0.719814,"nan","nan","nan"
720,0.720815,"nan","nan","nan"
721,0.721815,"nan","nan","nan"
722,0.722815,"nan","nan","nan"
723,0.723815,"nan","nan","nan"
724,0.724815,"nan","nan","nan"
725,0.725830,"nan","nan","nan"
726,0.726817,"nan","nan","nan"
727,0.727804,"nan","nan","nan"
728,0.728805,"nan","nan","nan"
729,0.729808,"nan","nan","nan"
730,0.730808,"nan","nan","nan"
731,0.731809,"nan","nan","nan"
732,0.732809,"nan","nan","nan"
733,0.733809,"nan","nan","nan"
734,0.734809,"nan","nan","nan"
735,0.735835,"nan","nan","nan"
736,0.736822,"nan","nan","nan"
737,0.737811,"nan","nan","nan"
738,0.738810,"nan","nan","nan"
739,0.739830,"nan","nan","nan"
740,0.740817,"nan","nan","nan"
741,0.741806,"nan","nan","nan"
742,0.742806,"nan","nan","nan"
743,0.743806,"nan","nan","nan"
744,0.744806,"nan","nan","nan"
745,0.745807,"nan","nan","nan"
746,0.746951,"nan","nan","nan"
747,0.747814,"nan","nan","nan"
748,0.748815,"nan","nan","nan"
749,0.749806,"nan","nan","nan"
750,0.750807,"nan","nan","nan"
751,0.751806,"nan","nan","nan"
752,0.752808,"nan","nan","nan"
753,0.753808,"nan","nan","nan"
754,0.754809,"nan","nan","nan"
755,0.755810,"nan","nan","nan"
756,0.756810,"nan","nan","nan"
757,0.757822,"nan","nan","nan"
758,0.758810,"nan","nan","nan"
759,0.759814,"nan","nan","nan"
760,0.760815,"nan","nan","nan"
761,0.761815,"nan","nan","nan"
762,0.762815,"nan","nan","nan"
763,0.763816,"nan","nan","nan"
764,0.764817,"nan","nan","nan"
765,0.765806,"nan","nan","nan"
766,0.766806,"nan","nan","nan"
767,0.767872,"nan","nan","nan"
768,0.768809,"nan","nan","nan"
769,0.769813,"nan","nan","nan"
770,0.770813,"nan","nan","nan"
771,0.771812,"nan","nan","nan"
772,0.772814,"nan","nan","nan"
773,0.773815,"nan","nan","nan"
774,0.774815,"nan","nan","nan"
775,0.775816,"nan","nan","nan"
776,0.776814,"nan","nan","nan"
777,0.777815,"nan","nan","nan"
778,0.778829,"nan","nan","nan"
779,0.779808,"nan","nan","nan"
780,0.780808,"nan","nan","nan"
781,0.781809,"nan","nan","nan"
782,0.782809,"nan","nan","nan"
783,0.783809,"nan","nan","nan"
784,0.784809,"nan","nan","nan"
785,0.785808,"nan","nan","nan"
786,0.786809,"nan","nan","nan"
787,0.787809,"nan","nan","nan"
788,0.788809,"nan","nan","nan"
789,0.789821,"nan","nan","nan"
790,0.790809,"nan","nan","nan"
791,0.791809,"nan","nan","nan"
792,0.792809,"nan","nan","nan"
793,0.793809,"nan","nan","nan"
794,0.794810,"nan","nan","nan"
795,0.795809,"nan","nan","nan"
796,0.796933,"nan","nan","nan"
797,0.797808,"nan","nan","nan"
798,0.798809,"nan","nan","nan"
799,0.799832,"nan","nan","nan"
800,0.800820,"nan","nan","nan"
801,0.801809,"nan","nan","nan"
802,0.802808,"nan","nan","nan"
803,0.803809,"nan","nan","nan"
804,0.804807,"nan","nan","nan"
805,0.805808,"nan","nan","nan"
806,0.806808,"nan","nan","nan"
807,0.807808,"nan","nan","nan"
808,0.808808,"nan","nan","nan"
809,0.809810,"nan","nan","nan"
810,0.810954,"nan","nan","nan"
811,0.811806,"nan","nan","nan"
812,0.812807,"nan","nan","nan"
813,0.813808,"nan","nan","nan"
814,0.814808,"nan","nan","nan"
815,0.815808,"nan","nan","nan"
816,0.816809,"nan","nan","nan"
817,0.817810,"nan","nan","nan"
818,0.818811,"nan","nan","nan"
819,0.819813,"nan","nan","nan"
820,0.820814,"nan","nan","nan"
821,0.821833,"nan","nan","nan"
822,0.822809,"nan","nan","nan"
823,0.823808,"nan","nan","nan"
824,0.824810,"nan","nan","nan"
825,0.825811,"nan","nan","nan"
826,0.826811,"nan","nan","nan"
827,0.827812,"nan","nan","nan"
828,0.828813,"nan","nan","nan"
829,0.829815,"nan","nan","nan"
830,0.830816,"nan","nan","nan"
831,0.831871,"nan","nan","nan"
832,0.832809,"nan","nan","nan"
833,0.833809,"nan","nan","nan"
834,0.834811,"nan","nan","nan"
835,0.835812,"nan","nan","nan"
836,0.836812,"nan","nan","nan"
837,0.837813,"nan","nan","nan"
838,0.838812,"nan","nan","nan"
839,0.839816,"nan","nan","nan"
840,0.840817,"nan","nan","nan"
841,0.841817,"nan","nan","nan"
842,0.842830,"nan","nan","nan"
843,0.843805,"nan","nan","nan"
844,0.844817,"nan","nan","nan"
845,0.845805,"nan","nan","nan"
846,0.846817,"nan","nan","nan"
847,0.847804,"nan","nan","nan"
848,0.848816,"nan","nan","nan"
849,0.849808,"nan","nan","nan"
850,0.850808,"nan","nan","nan"
851,0.851808,"nan","nan","nan"
852,0.852854,"nan","nan","nan"
853,0.853826,"nan","nan","nan"
854,0.854814,"nan","nan","nan"
855,0.855813,"nan","nan","nan"
856,0.856814,"nan","nan","nan"
857,0.857812,"nan","nan","nan"
858,0.858814,"nan","nan","nan"
859,0.859816,"nan","nan","nan"
860,0.860816,"nan","nan","nan"
861,0.861816,"nan","nan","nan"
862,0.862816,"nan","nan","nan"
863,0.863823,"nan","nan","nan"
864,0.864811,"nan","nan","nan"
865,0.865810,"nan","nan","nan"
866,0.866811,"nan","nan","nan"
867,0.867810,"nan","nan","nan"
868,0.868810,"nan","nan","nan"
869,0.869814,"nan","nan","nan"
870,0.870814,"nan","nan","nan"
871,0.871814,"nan","nan","nan"
872,0.872813,"nan","nan","nan"
873,0.873833,"nan","nan","nan"
874,0.874807,"nan","nan","nan"
875,0.875808,"nan","nan","nan"
876,0.876807,"nan","nan","nan"
877,0.877809,"nan","nan","nan"
878,0.878809,"nan","nan","nan"
879,0.879813,"nan","nan","nan"
880,0.880813,"nan","nan","nan"
881,0.881813,"nan","nan","nan"
882,0.882814,"nan","nan","nan"
883,0.883815,"nan","nan","nan"
884,0.884824,"nan","nan","nan"
885,0.885814,"nan","nan","nan"
886,0.886813,"nan","nan","nan"
887,0.887814,"nan","nan","nan"
888,0.888815,"nan","nan","nan"
889,0.889807,"nan","nan","nan"
890,0.890806,"nan","nan","nan"
891,0.891808,"nan","nan","nan"
892,0.892809,"nan","nan","nan"
893,0.893809,"nan","nan","nan"
894,0.894828,"nan","nan","nan"
895,0.895816,"nan","nan","nan"
896,0.896816,"nan","nan","nan"
897,0.897817,"nan","nan","nan"
898,0.898805,"nan","nan","nan"
899,0.899809,"nan","nan","nan"
900,0.900809,"nan","nan","nan"
901,0.901810,"nan","nan","nan"
902,0.902811,"nan","nan","nan"
903,0.903811,"nan","nan","nan"
904,0.904812,"nan","nan","nan"
905,0.905828,"nan","nan","nan"
906,0.906817,"nan","nan","nan"
907,0.907817,"nan","nan","nan"
908,0.908816,"nan","nan","nan"
909,0.909823,"nan","nan","nan"
910,0.910811,"nan","nan","nan"
911,0.911811,"nan","nan","nan"
912,0.912811,"nan","nan","nan"
913,0.913811,"nan","nan","nan"
914,0.914812,"nan","nan","nan"
915,0.915830,"nan","nan","nan"
916,0.916817,"nan","nan","nan"
917,0.917806,"nan","nan","nan"
918,0.918804,"nan","nan","nan"
919,0.919808,"nan","nan","nan"
920,0.920809,"nan","nan","nan"
921,0.921809,"nan","nan","nan"
922,0.922809,"nan","nan","nan"
923,0.923809,"nan","nan","nan"
924,0.924808,"nan","nan","nan"
925,0.925809,"nan","nan","nan"
926,0.926825,"nan","nan","nan"
927,0.927813,"nan","nan","nan"
928,0.928814,"nan","nan","nan"
929,0.929817,"nan","nan","nan"
930,0.930816,"nan","nan","nan"
931,0.931816,"nan","nan","nan"
932,0.932816,"nan","nan","nan"
933,0.933816,"nan","nan","nan"
934,0.934815,"nan","nan","nan"
935,0.935816,"nan","nan","nan"
936,0.936824,"nan","nan","nan"
937,0.937812,"nan","nan","nan"
938,0.938812,"nan","nan","nan"
939,0.939814,"nan","nan","nan"
940,0.940815,"nan","nan","nan"
941,0.941815,"nan","nan","nan"
942,0.942816,"nan","nan","nan"
943,0.943816,"nan","nan","nan"
944,0.944816,"nan","nan","nan"
945,0.945817,"nan","nan","nan"
946,0.946806,"nan","nan","nan"
947,0.947830,"nan","nan","nan"
948,0.948807,"nan","nan","nan"
949,0.949810,"nan","nan","nan"
950,0.950811,"nan","nan","nan"
951,0.951812,"nan","nan","nan"
952,0.952812,"nan","nan","nan"
953,0.953812,"nan","nan","nan"
954,0.954813,"nan","nan","nan"
955,0.955814,"nan","nan","nan"
956,0.956814,"nan","nan","nan"
957,0.957832,"nan","nan","nan"
958,0.958808,"nan","nan","nan"
959,0.959813,"nan","nan","nan"
960,0.960813,"nan","nan","nan"
961,0.961813,"nan","nan","nan"
962,0.962831,"nan","nan","nan"
963,0.963808,"nan","nan","nan"
964,0.964808,"nan","nan","nan"
965,0.965809,"nan","nan","nan"
966,0.966810,"nan","nan","nan"
967,0.967810,"nan","nan","nan"
968,0.968830,"nan","nan","nan"
969,0.969808,"nan","nan","nan"
970,0.970809,"nan","nan","nan"
971,0.971810,"nan","nan","nan"
972,0.972809,"nan","nan","nan"
973,0.973809,"nan","nan","nan"
974,0.974808,"nan","nan","nan"
975,0.975809,"nan","nan","nan"
976,0.976807,"nan","nan","nan"
977,0.977808,"nan","nan","nan"
978,0.978871,"nan","nan","nan"
979,0.979811,"nan","nan","nan"
980,0.980812,"nan","nan","nan"
981,0.981813,"nan","nan","nan"
982,0.982812,"nan","nan","nan"
983,0.983812,"nan","nan","nan"
984,0.984812,"nan","nan","nan"
985,0.985812,"nan","nan","nan"
986,0.986811,"nan","nan","nan"
987,0.987812,"nan","nan","nan"
988,0.988813,"nan","nan","nan"
989,0.989830,"nan","nan","nan"
990,0.990806,"nan","nan","nan"
991,0.991807,"nan","nan","nan"
992,0.992808,"nan","nan","nan"
993,0.993807,"nan","nan","nan"
994,0.994808,"nan","nan","nan"
995,0.995806,"nan","nan","nan"
996,0.996807,"nan","nan","nan"
997,0.997808,"nan","nan","nan"
998,0.998808,"nan","nan","nan"
999,0.999829,"nan","nan","nan"
1000,1.000817,"nan","nan","nan"
1001,1.001805,"nan","nan","nan"
1002,1.002817,"nan","nan","nan"
1003,1.003818,"nan","nan","nan"
1004,1.004806,"nan","nan","nan"
1005,1.005805,"nan","nan","nan"
1006,1.006805,"nan","nan","nan"
1007,1.007818,"nan","nan","nan"
1008,1.008806,"nan","nan","nan"
1009,1.009810,"nan","nan","nan"
1010,1.010825,"nan","nan","nan"
1011,1.011813,"nan","nan","nan"
1012,1.012821,"nan","nan","nan"
1013,1.013809,"nan","nan","nan"
1014,1.014810,"nan","nan","nan"
1015,1.015810,"nan","nan","nan"
1016,1.016811,"nan","nan","nan"
1017,1.017811,"nan","nan","nan"
1018,1.018812,"nan","nan","nan"
1019,1.019815,"nan","nan","nan"
1020,1.020823,"nan","nan","nan"
1021,1.021811,"nan","nan","nan"
1022,1.022812,"nan","nan","nan"
1023,1.023813,"nan","nan","nan"
1024,1.024813,"nan","nan","nan"
1025,1.025813,"nan","nan","nan"
1026,1.026814,"nan","nan","nan"
1027,1.027814,"nan","nan","nan"
1028,1.028815,"nan","nan","nan"
1029,1.029805,"nan","nan","nan"
1030,1.030807,"nan","nan","nan"
1031,1.031829,"nan","nan","nan"
1032,1.032817,"nan","nan","nan"
1033,1.033804,"nan","nan","nan"
1034,1.034806,"nan","nan","nan"
1035,1.035807,"nan","nan","nan"
1036,1.036807,"nan","nan","nan"
1037,1.037808,"nan","nan","nan"
1038,1.038806,"nan","nan","nan"
1039,1.039810,"nan","nan","nan"
1040,1.040810,"nan","nan","nan"
1041,1.041851,"nan","nan","nan"
1042,1.042813,"nan","nan","nan"
1043,1.043814,"nan","nan","nan"
1044,1.044812,"nan","nan","nan"
1045,1.045813,"nan","nan","nan"
1046,1.046813,"nan","nan","nan"
1047,1.047813,"nan","nan","nan"
1048,1.048813,"nan","nan","nan"
1049,1.049815,"nan","nan","nan"
1050,1.050816,"nan","nan","nan"
1051,1.051816,"nan","nan","nan"
1052,1.052824,"nan","nan","nan"
1053,1.053811,"nan","nan","nan"
1054,1.054812,"nan","nan","nan"
1055,1.055812,"nan","nan","nan"
1056,1.056812,"nan","nan","nan"
1057,1.057812,"nan","nan","nan"
1058,1.058811,"nan","nan","nan"
1059,1.059815,"nan","nan","nan"
1060,1.060815,"nan","nan","nan"
1061,1.061815,"nan","nan","nan"
1062,1.062832,"nan","nan","nan"
1063,1.063807,"nan","nan","nan"
1064,1.064808,"nan","nan","nan"
1065,1.065808,"nan","nan","nan"
1066,1.066808,"nan","nan","nan"
1067,1.067807,"nan","nan","nan"
1068,1.068808,"nan","nan","nan"
1069,1.069812,"nan","nan","nan"
1070,1.070812,"nan","nan","nan"
1071,1.071831,"nan","nan","nan"
1072,1.072806,"nan","nan","nan"
1073,1.073823,"nan","nan","nan"
1074,1.074812,"nan","nan","nan"
1075,1.075812,"nan","nan","nan"
1076,1.076813,"nan","nan","nan"
1077,1.077812,"nan","nan","nan"
1078,1.078814,"nan","nan","nan"
1079,1.079817,"nan","nan","nan"
1080,1.080806,"nan","nan","nan"
1081,1.081805,"nan","nan","nan"
1082,1.082807,"nan","nan","nan"
1083,1.083853,"nan","nan","nan"
1084,1.084816,"nan","nan","nan"
1085,1.085806,"nan","nan","nan"
1086,1.086806,"nan","nan","nan"
1087,1.087807,"nan","nan","nan"
1088,1.088807,"nan","nan","nan"
1089,1.089811,"nan","nan","nan"
1090,1.090812,"nan","nan","nan"
1091,1.091813,"nan","nan","nan"
1092,1.092813,"nan","nan","nan"
1093,1.093814,"nan","nan","nan"
1094,1.094831,"nan","nan","nan"
1095,1.095808,"nan","nan","nan"
1096,1.096808,"nan","nan","nan"
1097,1.097809,"nan","nan","nan"
1098,1.098809,"nan","nan","nan"
1099,1.099813,"nan","nan","nan"
1100,1.100813,"nan","nan","nan"
1101,1.101813,"nan","nan","nan"
1102,1.102814,"nan","nan","nan"
1103,1.103815,"nan","nan","nan"
1104,1.104831,"nan","nan","nan"
1105,1.105805,"nan","nan","nan"
1106,1.106806,"nan","nan","nan"
1107,1.107806,"nan","nan","nan"
1108,1.108806,"nan","nan","nan"
1109,1.109809,"nan","nan","nan"
1110,1.110808,"nan","nan","nan"
1111,1.111809,"nan","nan","nan"
1112,1.112809,"nan","nan","nan"
1113,1.113809,"nan","nan","nan"
1114,1.114809,"nan","nan","nan"
1115,1.115821,"nan","nan","nan"
1116,1.116809,"nan","nan","nan"
1117,1.117809,"nan","nan","nan"
1118,1.118809,"nan","nan","nan"
1119,1.119812,"nan","nan","nan"
1120,1.120811,"nan","nan","nan"
1121,1.121812,"nan","nan","nan"
1122,1.122812,"nan","nan","nan"
1123,1.123812,"nan","nan","nan"
1124,1.124812,"nan","nan","nan"
1125,1.125829,"nan","nan","nan"
1126,1.126816,"nan","nan","nan"
1127,1.127817,"nan","nan","nan"
1128,1.128816,"nan","nan","nan"
1129,1.129806,"nan","nan","nan"
1130,1.130807,"nan","nan","nan"
1131,1.131826,"nan","nan","nan"
1132,1.132814,"nan","nan","nan"
1133,1.133814,"nan","nan","nan"
1134,1.134814,"nan","nan","nan"
1135,1.135813,"nan","nan","nan"
1136,1.136822,"nan","nan","nan"
1137,1.137810,"nan","nan","nan"
1138,1.138810,"nan","nan","nan"
1139,1.139814,"nan","nan","nan"
1140,1.140814,"nan","nan","nan"
1141,1.141815,"nan","nan","nan"
1142,1.142815,"nan","nan","nan"
1143,1.143816,"nan","nan","nan"
1144,1.144816,"nan","nan","nan"
1145,1.145816,"nan","nan","nan"
1146,1.146821,"nan","nan","nan"
1147,1.147809,"nan","nan","nan"
1148,1.148811,"nan","nan","nan"
1149,1.149813,"nan","nan","nan"
1150,1.150815,"nan","nan","nan"
1151,1.151815,"nan","nan","nan"
1152,1.152816,"nan","nan","nan"
1153,1.153816,"nan","nan","nan"
1154,1.154804,"nan","nan","nan"
1155,1.155817,"nan","nan","nan"
1156,1.156806,"nan","nan","nan"
1157,1.157826,"nan","nan","nan"
1158,1.158815,"nan","nan","nan"
1159,1.159806,"nan","nan","nan"
1160,1.160807,"nan","nan","nan"
1161,1.161808,"nan","nan","nan"
1162,1.162808,"nan","nan","nan"
1163,1.163808,"nan","nan","nan"
1164,1.164809,"nan","nan","nan"
1165,1.165809,"nan","nan","nan"
1166,1.166810,"nan","nan","nan"
1167,1.167860,"nan","nan","nan"
1168,1.168810,"nan","nan","nan"
1169,1.169814,"nan","nan","nan"
1170,1.170813,"nan","nan","nan"
1171,1.171813,"nan","nan","nan"
1172,1.172813,"nan","nan","nan"
1173,1.173812,"nan","nan","nan"
1174,1.174813,"nan","nan","nan"
1175,1.175813,"nan","nan","nan"
1176,1.176813,"nan","nan","nan"
1177,1.177813,"nan","nan","nan"
1178,1.178826,"nan","nan","nan"
1179,1.179817,"nan","nan","nan"
1180,1.180816,"nan","nan","nan"
1181,1.181817,"nan","nan","nan"
1182,1.182816,"nan","nan","nan"
1183,1.183832,"nan","nan","nan"
1184,1.184807,"nan","nan","nan"
1185,1.185807,"nan","nan","nan"
1186,1.186806,"nan","nan","nan"
1187,1.187807,"nan","nan","nan"
1188,1.188832,"nan","nan","nan"
1189,1.189809,"nan","nan","nan"
1190,1.190810,"nan","nan","nan"
1191,1.191810,"nan","nan","nan"
1192,1.192810,"nan","nan","nan"
1193,1.193810,"nan","nan","nan"
1194,1.194810,"nan","nan","nan"
1195,1.195810,"nan","nan","nan"
1196,1.196809,"nan","nan","nan"
1197,1.197810,"nan","nan","nan"
1198,1.198811,"nan","nan","nan"
1199,1.199828,"nan","nan","nan"
1200,1.200817,"nan","nan","nan"
1201,1.201817,"nan","nan","nan"
1202,1.202816,"nan","nan","nan"
1203,1.203817,"nan","nan","nan"
1204,1.204817,"nan","nan","nan"
1205,1.205805,"nan","nan","nan"
1206,1.206806,"nan","nan","nan"
1207,1.207807,"nan","nan","nan"
1208,1.208807,"nan","nan","nan"
1209,1.209830,"nan","nan","nan"
1210,1.210805,"nan","nan","nan"
1211,1.211807,"nan","nan","nan"
1212,1.212808,"nan","nan","nan"
1213,1.213809,"nan","nan","nan"
1214,1.214810,"nan","nan","nan"
1215,1.215811,"nan","nan","nan"
1216,1.216811,"nan","nan","nan"
1217,1.217812,"nan","nan","nan"
1218,1.218812,"nan","nan","nan"
1219,1.219816,"nan","nan","nan"
1220,1.220831,"nan","nan","nan"
1221,1.221807,"nan","nan","nan"
1222,1.222808,"nan","nan","nan"
1223,1.223809,"nan","nan","nan"
1224,1.224809,"nan","nan","nan"
1225,1.225809,"nan","nan","nan"
1226,1.226811,"nan","nan","nan"
1227,1.227812,"nan","nan","nan"
1228,1.228812,"nan","nan","nan"
1229,1.229815,"nan","nan","nan"
1230,1.230821,"nan","nan","nan"
1231,1.231809,"nan","nan","nan"
1232,1.232810,"nan","nan","nan"
1233,1.233811,"nan","nan","nan"
1234,1.235006,"nan","nan","nan"
1235,1.235806,"nan","nan","nan"
1236,1.236807,"nan","nan","nan"
1237,1.237806,"nan","nan","nan"
1238,1.238807,"nan","nan","nan"
1239,1.239808,"nan","nan","nan"
1240,1.240810,"nan","nan","nan"
1241,1.241827,"nan","nan","nan"
1242,1.242815,"nan","nan","nan"
1243,1.243815,"nan","nan","nan"
1244,1.244815,"nan","nan","nan"
1245,1.245814,"nan","nan","nan"
1246,1.246815,"nan","nan","nan"
1247,1.247814,"nan","nan","nan"
1248,1.248815,"nan","nan","nan"
1249,1.249805,"nan","nan","nan"
1250,1.250817,"nan","nan","nan"
1251,1.251831,"nan","nan","nan"
1252,1.252806,"nan","nan","nan"
1253,1.253805,"nan","nan","nan"
1254,1.254806,"nan","nan","nan"
1255,1.255806,"nan","nan","nan"
1256,1.256806,"nan","nan","nan"
1257,1.257806,"nan","nan","nan"
1258,1.258805,"nan","nan","nan"
1259,1.259809,"nan","nan","nan"
1260,1.260809,"nan","nan","nan"
1261,1.261809,"nan","nan","nan"
1262,1.262824,"nan","nan","nan"
1263,1.263813,"nan","nan","nan"
1264,1.264812,"nan","nan","nan"
1265,1.265813,"nan","nan","nan"
1266,1.266812,"nan","nan","nan"
1267,1.267813,"nan","nan","nan"
1268,1.268811,"nan","nan","nan"
1269,1.269815,"nan","nan","nan"
1270,1.270816,"nan","nan","nan"
1271,1.271817,"nan","nan","nan"
1272,1.272832,"nan","nan","nan"
1273,1.273807,"nan","nan","nan"
1274,1.274808,"nan","nan","nan"
1275,1.275808,"nan","nan","nan"
1276,1.276810,"nan","nan","nan"
1277,1.277810,"nan","nan","nan"
1278,1.278810,"nan","nan","nan"
1279,1.279814,"nan","nan","nan"
1280,1.280815,"nan","nan","nan"
1281,1.281815,"nan","nan","nan"
1282,1.282816,"nan","nan","nan"
1283,1.283820,"nan","nan","nan"
1284,1.284809,"nan","nan","nan"
1285,1.285810,"nan","nan","nan"
1286,1.286811,"nan","nan","nan"
1287,1.287810,"nan","nan","nan"
1288,1.288812,"nan","nan","nan"
1289,1.289815,"nan","nan","nan"
1290,1.290816,"nan","nan","nan"
1291,1.291816,"nan","nan","nan"
1292,1.292817,"nan","nan","nan"
1293,1.293831,"nan","nan","nan"
1294,1.294818,"nan","nan","nan"
1295,1.295831,"nan","nan","nan"
1296,1.296809,"nan","nan","nan"
1297,1.297809,"nan","nan","nan"
1298,1.298810,"nan","nan","nan"
1299,1.299814,"nan","nan","nan"
1300,1.300814,"nan","nan","nan"
1301,1.301813,"nan","nan","nan"
1302,1.302812,"nan","nan","nan"
1303,1.303812,"nan","nan","nan"
1304,1.304824,"nan","nan","nan"
1305,1.305812,"nan","nan","nan"
1306,1.306812,"nan","nan","nan"
1307,1.307812,"nan","nan","nan"
1308,1.308812,"nan","nan","nan"
1309,1.309816,"nan","nan","nan"
1310,1.310815,"nan","nan","nan"
1311,1.311815,"nan","nan","nan"
1312,1.312814,"nan","nan","nan"
1313,1.313815,"nan","nan","nan"
1314,1.314824,"nan","nan","nan"
1315,1.315811,"nan","nan","nan"
1316,1.316811,"nan","nan","nan"
1317,1.317812,"nan","nan","nan"
1318,1.318812,"nan","nan","nan"
1319,1.319815,"nan","nan","nan"
1320,1.320815,"nan","nan","nan"
1321,1.321813,"nan","nan","nan"
1322,1.322814,"nan","nan","nan"
1323,1.323814,"nan","nan","nan"
1324,1.324814,"nan","nan","nan"
1325,1.325832,"nan","nan","nan"
1326,1.326808,"nan","nan","nan"
1327,1.327808,"nan","nan","nan"
1328,1.328808,"nan","nan","nan"
1329,1.329811,"nan","nan","nan"
1330,1.330810,"nan","nan","nan"
1331,1.331810,"nan","nan","nan"
1332,1.332811,"nan","nan","nan"
1333,1.333811,"nan","nan","nan"
1334,1.334811,"nan","nan","nan"
1335,1.335822,"nan","nan","nan"
1336,1.336810,"nan","nan","nan"
1337,1.337812,"nan","nan","nan"
1338,1.338812,"nan","nan","nan"
1339,1.339815,"nan","nan","nan"
1340,1.340816,"nan","nan","nan"
1341,1.341816,"nan","nan","nan"
1342,1.342817,"nan","nan","nan"
1343,1.343806,"nan","nan","nan"
1344,1.344805,"nan","nan","nan"
1345,1.345807,"nan","nan","nan"
1346,1.346833,"nan","nan","nan"
1347,1.347826,"nan","nan","nan"
1348,1.348815,"nan","nan","nan"
1349,1.349806,"nan","nan","nan"
1350,1.350808,"nan","nan","nan"
1351,1.351808,"nan","nan","nan"
1352,1.352809,"nan","nan","nan"
1353,1.353809,"nan","nan","nan"
1354,1.354809,"nan","nan","nan"
1355,1.355810,"nan","nan","nan"
1356,1.356831,"nan","nan","nan"
1357,1.357806,"nan","nan","nan"
1358,1.358808,"nan","nan","nan"
1359,1.359810,"nan","nan","nan"
1360,1.360812,"nan","nan","nan"
1361,1.361813,"nan","nan","nan"
1362,1.362813,"nan","nan","nan"
1363,1.363814,"nan","nan","nan"
1364,1.364813,"nan","nan","nan"
1365,1.365815,"nan","nan","nan"
1366,1.366815,"nan","nan","nan"
1367,1.367830,"nan","nan","nan"
1368,1.368806,"nan","nan","nan"
1369,1.369810,"nan","nan","nan"
1370,1.370810,"nan","nan","nan"
1371,1.371810,"nan","nan","nan"
1372,1.372810,"nan","nan","nan"
1373,1.373809,"nan","nan","nan"
1374,1.374810,"nan","nan","nan"
1375,1.375811,"nan","nan","nan"
1376,1.376810,"nan","nan","nan"
1377,1.377823,"nan","nan","nan"
1378,1.378810,"nan","nan","nan"
1379,1.379814,"nan","nan","nan"
1380,1.380814,"nan","nan","nan"
1381,1.381814,"nan","nan","nan"
1382,1.382814,"nan","nan","nan"
1383,1.383813,"nan","nan","nan"
1384,1.384813,"nan","nan","nan"
1385,1.385814,"nan","nan","nan"
1386,1.386814,"nan","nan","nan"
1387,1.387814,"nan","nan","nan"
1388,1.388831,"nan","nan","nan"
1389,1.389810,"nan","nan","nan"
1390,1.390810,"nan","nan","nan"
1391,1.391811,"nan","nan","nan"
1392,1.392809,"nan","nan","nan"
1393,1.393811,"nan","nan","nan"
1394,1.394811,"nan","nan","nan"
1395,1.395811,"nan","nan","nan"
1396,1.396811,"nan","nan","nan"
1397,1.397810,"nan","nan","nan"
1398,1.398849,"nan","nan","nan"
1399,1.399815,"nan","nan","nan"
1400,1.400815,"nan","nan","nan"
1401,1.401816,"nan","nan","nan"
1402,1.402817,"nan","nan","nan"
1403,1.403816,"nan","nan","nan"
1404,1.404817,"nan","nan","nan"
1405,1.405823,"nan","nan","nan"
1406,1.406812,"nan","nan","nan"
1407,1.407812,"nan","nan","nan"
1408,1.408813,"nan","nan","nan"
1409,1.409831,"nan","nan","nan"
1410,1.410808,"nan","nan","nan"
1411,1.411807,"nan","nan","nan"
1412,1.412808,"nan","nan","nan"
1413,1.413809,"nan","nan","nan"
1414,1.414810,"nan","nan","nan"
1415,1.415810,"nan","nan","nan"
1416,1.416810,"nan","nan","nan"
1417,1.417811,"nan","nan","nan"
1418,1.418812,"nan","nan","nan"
1419,1.419856,"nan","nan","nan"
1420,1.420807,"nan","nan","nan"
1421,1.421808,"nan","nan","nan"
1422,1.422809,"nan","nan","nan"
1423,1.423810,"nan","nan","nan"
1424,1.424810,"nan","nan","nan"
1425,1.425811,"nan","nan","nan"
1426,1.426811,"nan","nan","nan"
1427,1.427812,"nan","nan","nan"
1428,1.428813,"nan","nan","nan"
1429,1.429817,"nan","nan","nan"
1430,1.430822,"nan","nan","nan"
1431,1.431810,"nan","nan","nan"
1432,1.432810,"nan","nan","nan"
1433,1.433809,"nan","nan","nan"
1434,1.434810,"nan","nan","nan"
1435,1.435808,"nan","nan","nan"
1436,1.436809,"nan","nan","nan"
1437,1.437810,"nan","nan","nan"
1438,1.438810,"nan","nan","nan"
1439,1.439813,"nan","nan","nan"
1440,1.440854,"nan","nan","nan"
1441,1.441816,"nan","nan","nan"
1442,1.442817,"nan","nan","nan"
1443,1.443817,"nan","nan","nan"
1444,1.444804,"nan","nan","nan"
1445,1.445805,"nan","nan","nan"
1446,1.446817,"nan","nan","nan"
1447,1.447818,"nan","nan","nan"
1448,1.448806,"nan","nan","nan"
1449,1.449809,"nan","nan","nan"
1450,1.450809,"nan","nan","nan"
1451,1.451825,"nan","nan","nan"
1452,1.452812,"nan","nan","nan"
1453,1.453812,"nan","nan","nan"
1454,1.454812,"nan","nan","nan"
1455,1.455812,"nan","nan","nan"
1456,1.456812,"nan","nan","nan"
1457,1.457985,"nan","nan","nan"
1458,1.458811,"nan","nan","nan"
1459,1.459815,"nan","nan","nan"
1460,1.460813,"nan","nan","nan"
1461,1.461828,"nan","nan","nan"
1462,1.462814,"nan","nan","nan"
1463,1.463815,"nan","nan","nan"
1464,1.464815,"nan","nan","nan"
1465,1.465814,"nan","nan","nan"
1466,1.466815,"nan","nan","nan"
1467,1.467815,"nan","nan","nan"
1468,1.468816,"nan","nan","nan"
1469,1.469807,"nan","nan","nan"
1470,1.470807,"nan","nan","nan"
1471,1.471808,"nan","nan","nan"
1472,1.472822,"nan","nan","nan"
1473,1.473811,"nan","nan","nan"
1474,1.474811,"nan","nan","nan"
1475,1.475812,"nan","nan","nan"
1476,1.476812,"nan","nan","nan"
1477,1.477813,"nan","nan","nan"
1478,1.478813,"nan","nan","nan"
1479,1.479805,"nan","nan","nan"
1480,1.480817,"nan","nan","nan"
1481,1.481805,"nan","nan","nan"
1482,1.482825,"nan","nan","nan"
1483,1.483814,"nan","nan","nan"
1484,1.484814,"nan","nan","nan"
1485,1.485815,"nan","nan","nan"
1486,1.486815,"nan","nan","nan"
1487,1.487816,"nan","nan","nan"
1488,1.488816,"nan","nan","nan"
1489,1.489807,"nan","nan","nan"
1490,1.490808,"nan","nan","nan"
1491,1.491809,"nan","nan","nan"
1492,1.492809,"nan","nan","nan"
1493,1.493823,"nan","nan","nan"
1494,1.494811,"nan","nan","nan"
1495,1.495812,"nan","nan","nan"
1496,1.496813,"nan","nan","nan"
1497,1.497812,"nan","nan","nan"
1498,1.498811,"nan","nan","nan"
1499,1.499814,"nan","nan","nan"
1500,1.500814,"nan","nan","nan"
1501,1.501814,"nan","nan","nan"
1502,1.502814,"nan","nan","nan"
1503,1.503865,"nan","nan","nan"
1504,1.504815,"nan","nan","nan"
1505,1.505816,"nan","nan","nan"
1506,1.506816,"nan","nan","nan"
1507,1.507816,"nan","nan","nan"
1508,1.508815,"nan","nan","nan"
1509,1.509806,"nan","nan","nan"
1510,1.510806,"nan","nan","nan"
1511,1.511804,"nan","nan","nan"
1512,1.512805,"nan","nan","nan"
1513,1.513817,"nan","nan","nan"
1514,1.514832,"nan","nan","nan"
1515,1.515807,"nan","nan","nan"
1516,1.516807,"nan","nan","nan"
1517,1.517808,"nan","nan","nan"
1518,1.518809,"nan","nan","nan"
1519,1.519812,"nan","nan","nan"
1520,1.520812,"nan","nan","nan"
1521,1.521812,"nan","nan","nan"
1522,1.522811,"nan","nan","nan"
1523,1.523812,"nan","nan","nan"
1524,1.524827,"nan","nan","nan"
1525,1.525815,"nan","nan","nan"
1526,1.526815,"nan","nan","nan"
1527,1.527814,"nan","nan","nan"
1528,1.528815,"nan","nan","nan"
1529,1.529806,"nan","nan","nan"
1530,1.530805,"nan","nan","nan"
1531,1.531806,"nan","nan","nan"
1532,1.532807,"nan","nan","nan"
1533,1.533807,"nan","nan","nan"
1534,1.534808,"nan","nan","nan"
1535,1.535827,"nan","nan","nan"
1536,1.536816,"nan","nan","nan"
1537,1.537816,"nan","nan","nan"
1538,1.538817,"nan","nan","nan"
1539,1.539809,"nan","nan","nan"
1540,1.540808,"nan","nan","nan"
1541,1.541810,"nan","nan","nan"
1542,1.542811,"nan","nan","nan"
1543,1.543811,"nan","nan","nan"
1544,1.544812,"nan","nan","nan"
1545,1.545823,"nan","nan","nan"
1546,1.546811,"nan","nan","nan"
1547,1.547812,"nan","nan","nan"
1548,1.548812,"nan","nan","nan"
1549,1.549816,"nan","nan","nan"
1550,1.550817,"nan","nan","nan"
1551,1.551816,"nan","nan","nan"
1552,1.552818,"nan","nan","nan"
1553,1.553806,"nan","nan","nan"
1554,1.554805,"nan","nan","nan"
1555,1.555807,"nan","nan","nan"
1556,1.556825,"nan","nan","nan"
1557,1.557814,"nan","nan","nan"
1558,1.558814,"nan","nan","nan"
1559,1.559805,"nan","nan","nan"
1560,1.560806,"nan","nan","nan"
1561,1.561808,"nan","nan","nan"
1562,1.562808,"nan","nan","nan"
1563,1.563807,"nan","nan","nan"
1564,1.564806,"nan","nan","nan"
1565,1.565808,"nan","nan","nan"
1566,1.566836,"nan","nan","nan"
1567,1.567810,"nan","nan","nan"
1568,1.568811,"nan","nan","nan"
1569,1.569813,"nan","nan","nan"
1570,1.570813,"nan","nan","nan"
1571,1.571813,"nan","nan","nan"
1572,1.572813,"nan","nan","nan"
1573,1.573813,"nan","nan","nan"
1574,1.574890,"nan","nan","nan"
1575,1.575815,"nan","nan","nan"
1576,1.576816,"nan","nan","nan"
1577,1.577830,"nan","nan","nan"
1578,1.578805,"nan","nan","nan"
1579,1.579809,"nan","nan","nan"
1580,1.580809,"nan","nan","nan"
1581,1.581809,"nan","nan","nan"
1582,1.582810,"nan","nan","nan"
1583,1.583808,"nan","nan","nan"
1584,1.584810,"nan","nan","nan"
1585,1.585810,"nan","nan","nan"
1586,1.586810,"nan","nan","nan"
1587,1.587824,"nan","nan","nan"
1588,1.588812,"nan","nan","nan"
1589,1.589815,"nan","nan","nan"
1590,1.590815,"nan","nan","nan"
1591,1.591816,"nan","nan","nan"
1592,1.592815,"nan","nan","nan"
1593,1.593815,"nan","nan","nan"
1594,1.594814,"nan","nan","nan"
1595,1.595815,"nan","nan","nan"
1596,1.596815,"nan","nan","nan"
1597,1.597815,"nan","nan","nan"
1598,1.598831,"nan","nan","nan"
1599,1.599811,"nan","nan","nan"
1600,1.600812,"nan","nan","nan"
1601,1.601812,"nan","nan","nan"
1602,1.602813,"nan","nan","nan"
1603,1.603812,"nan","nan","nan"
1604,1.604814,"nan","nan","nan"
1605,1.605815,"nan","nan","nan"
1606,1.606815,"nan","nan","nan"
1607,1.607816,"nan","nan","nan"
1608,1.608894,"nan","nan","nan"
1609,1.609810,"nan","nan","nan"
1610,1.610811,"nan","nan","nan"
1611,1.611812,"nan","nan","nan"
1612,1.612813,"nan","nan","nan"
1613,1.613813,"nan","nan","nan"
1614,1.614814,"nan","nan","nan"
1615,1.615814,"nan","nan","nan"
1616,1.616815,"nan","nan","nan"
1617,1.617815,"nan","nan","nan"
1618,1.618815,"nan","nan","nan"
1619,1.619821,"nan","nan","nan"
1620,1.620809,"nan","nan","nan"
1621,1.621810,"nan","nan","nan"
1622,1.622810,"nan","nan","nan"
1623,1.623811,"nan","nan","nan"
1624,1.624812,"nan","nan","nan"
1625,1.625812,"nan","nan","nan"
1626,1.626813,"nan","nan","nan"
1627,1.627812,"nan","nan","nan"
1628,1.628812,"nan","nan","nan"
1629,1.629828,"nan","nan","nan"
1630,1.630816,"nan","nan","nan"
1631,1.631816,"nan","nan","nan"
1632,1.632815,"nan","nan","nan"
1633,1.633997,"nan","nan","nan"
1634,1.634811,"nan","nan","nan"
1635,1.635812,"nan","nan","nan"
1636,1.636810,"nan","nan","nan"
1637,1.637811,"nan","nan","nan"
1638,1.638812,"nan","nan","nan"
1639,1.639815,"nan","nan","nan"
1640,1.640832,"nan","nan","nan"
1641,1.641808,"nan","nan","nan"
1642,1.642808,"nan","nan","nan"
1643,1.643808,"nan","nan","nan"
1644,1.644809,"nan","nan","nan"
1645,1.645809,"nan","nan","nan"
1646,1.646809,"nan","nan","nan"
1647,1.647809,"nan","nan","nan"
1648,1.648809,"nan","nan","nan"
1649,1.649812,"nan","nan","nan"
1650,1.650828,"nan","nan","nan"
1651,1.651815,"nan","nan","nan"
1652,1.652816,"nan","nan","nan"
1653,1.653816,"nan","nan","nan"
1654,1.654817,"nan","nan","nan"
1655,1.655816,"nan","nan","nan"
1656,1.656816,"nan","nan","nan"
1657,1.657816,"nan","nan","nan"
1658,1.658817,"nan","nan","nan"
1659,1.659807,"nan","nan","nan"
1660,1.660807,"nan","nan","nan"
1661,1.661826,"nan","nan","nan"
1662,1.662814,"nan","nan","nan"
1663,1.663814,"nan","nan","nan"
1664,1.664815,"nan","nan","nan"
1665,1.665816,"nan","nan","nan"
1666,1.666816,"nan","nan","nan"
1667,1.667816,"nan","nan","nan"
1668,1.668805,"nan","nan","nan"
1669,1.669808,"nan","nan","nan"
1670,1.670810,"nan","nan","nan"
1671,1.671829,"nan","nan","nan"
1672,1.672817,"nan","nan","nan"
1673,1.673807,"nan","nan","nan"
1674,1.674806,"nan","nan","nan"
1675,1.675808,"nan","nan","nan"
1676,1.676808,"nan","nan","nan"
1677,1.677809,"nan","nan","nan"
1678,1.678810,"nan","nan","nan"
1679,1.679814,"nan","nan","nan"
1680,1.680813,"nan","nan","nan"
1681,1.681814,"nan","nan","nan"
1682,1.682827,"nan","nan","nan"
1683,1.683816,"nan","nan","nan"
1684,1.685031,"nan","nan","nan"
1685,1.685807,"nan","nan","nan"
1686,1.686808,"nan","nan","nan"
1687,1.687809,"nan","nan","nan"
1688,1.688810,"nan","nan","nan"
1689,1.689812,"nan","nan","nan"
1690,1.690813,"nan","nan","nan"
1691,1.691814,"nan","nan","nan"
1692,1.692827,"nan","nan","nan"
1693,1.693815,"nan","nan","nan"
1694,1.694814,"nan","nan","nan"
1695,1.695815,"nan","nan","nan"
1696,1.696815,"nan","nan","nan"
1697,1.697814,"nan","nan","nan"
1698,1.698815,"nan","nan","nan"
1699,1.699805,"nan","nan","nan"
1700,1.700818,"nan","nan","nan"
1701,1.701806,"nan","nan","nan"
1702,1.702805,"nan","nan","nan"
1703,1.703826,"nan","nan","nan"
1704,1.704813,"nan","nan","nan"
1705,1.705814,"nan","nan","nan"
1706,1.706814,"nan","nan","nan"
1707,1.707814,"nan","nan","nan"
1708,1.708813,"nan","nan","nan"
1709,1.709817,"nan","nan","nan"
1710,1.710817,"nan","nan","nan"
1711,1.711817,"nan","nan","nan"
1712,1.712817,"nan","nan","nan"
1713,1.713897,"nan","nan","nan"
1714,1.714812,"nan","nan","nan"
1715,1.715812,"nan","nan","nan"
1716,1.716812,"nan","nan","nan"
1717,1.717813,"nan","nan","nan"
1718,1.718812,"nan","nan","nan"
1719,1.719816,"nan","nan","nan"
1720,1.720816,"nan","nan","nan"
1721,1.721816,"nan","nan","nan"
1722,1.722815,"nan","nan","nan"
1723,1.723815,"nan","nan","nan"
1724,1.724833,"nan","nan","nan"
1725,1.725808,"nan","nan","nan"
1726,1.726808,"nan","nan","nan"
1727,1.727807,"nan","nan","nan"
1728,1.728808,"nan","nan","nan"
1729,1.729811,"nan","nan","nan"
1730,1.730812,"nan","nan","nan"
1731,1.731812,"nan","nan","nan"
1732,1.732812,"nan","nan","nan"
1733,1.733813,"nan","nan","nan"
1734,1.734814,"nan","nan","nan"
1735,1.735828,"nan","nan","nan"
1736,1.736804,"nan","nan","nan"
1737,1.737805,"nan","nan","nan"
1738,1.738805,"nan","nan","nan"
1739,1.739809,"nan","nan","nan"
1740,1.740810,"nan","nan","nan"
1741,1.741931,"nan","nan","nan"
1742,1.742807,"nan","nan","nan"
1743,1.743809,"nan","nan","nan"
1744,1.744809,"nan","nan","nan"
1745,1.745830,"nan","nan","nan"
1746,1.746805,"nan","nan","nan"
1747,1.747806,"nan","nan","nan"
1748,1.748807,"nan","nan","nan"
1749,1.749811,"nan","nan","nan"
1750,1.750811,"nan","nan","nan"
1751,1.751811,"nan","nan","nan"
1752,1.752812,"nan","nan","nan"
1753,1.753813,"nan","nan","nan"
1754,1.754813,"nan","nan","nan"
1755,1.755814,"nan","nan","nan"
1756,1.756821,"nan","nan","nan"
1757,1.757810,"nan","nan","nan"
1758,1.758810,"nan","nan","nan"
1759,1.759813,"nan","nan","nan"
1760,1.760812,"nan","nan","nan"
1761,1.761811,"nan","nan","nan"
1762,1.762811,"nan","nan","nan"
1763,1.763811,"nan","nan","nan"
1764,1.764811,"nan","nan","nan"
1765,1.765811,"nan","nan","nan"
1766,1.766886,"nan","nan","nan"
1767,1.767812,"nan","nan","nan"
1768,1.768813,"nan","nan","nan"
1769,1.769816,"nan","nan","nan"
1770,1.770816,"nan","nan","nan"
1771,1.771815,"nan","nan","nan"
1772,1.772816,"nan","nan","nan"
1773,1.773816,"nan","nan","nan"
1774,1.774816,"nan","nan","nan"
1775,1.775816,"nan","nan","nan"
1776,1.776816,"nan","nan","nan"
1777,1.777821,"nan","nan","nan"
1778,1.778810,"nan","nan","nan"
1779,1.779813,"nan","nan","nan"
1780,1.780812,"nan","nan","nan"
1781,1.781813,"nan","nan","nan"
1782,1.782813,"nan","nan","nan"
1783,1.783812,"nan","nan","nan"
1784,1.784812,"nan","nan","nan"
1785,1.785812,"nan","nan","nan"
1786,1.786812,"nan","nan","nan"
1787,1.787853,"nan","nan","nan"
1788,1.788816,"nan","nan","nan"
1789,1.789807,"nan","nan","nan"
1790,1.790807,"nan","nan","nan"
1791,1.791807,"nan","nan","nan"
1792,1.792807,"nan","nan","nan"
1793,1.793826,"nan","nan","nan"
1794,1.794815,"nan","nan","nan"
1795,1.795815,"nan","nan","nan"
1796,1.796816,"nan","nan","nan"
1797,1.797817,"nan","nan","nan"
1798,1.798825,"nan","nan","nan"
1799,1.799805,"nan","nan","nan"
1800,1.800817,"nan","nan","nan"
1801,1.801806,"nan","nan","nan"
1802,1.802806,"nan","nan","nan"
1803,1.803806,"nan","nan","nan"
1804,1.804807,"nan","nan","nan"
1805,1.805808,"nan","nan","nan"
1806,1.806809,"nan","nan","nan"
1807,1.807809,"nan","nan","nan"
1808,1.808864,"nan","nan","nan"
1809,1.809806,"nan","nan","nan"
1810,1.810807,"nan","nan","nan"
1811,1.811807,"nan","nan","nan"
1812,1.812808,"nan","nan","nan"
1813,1.813807,"nan","nan","nan"
1814,1.814809,"nan","nan","nan"
1815,1.815809,"nan","nan","nan"
1816,1.816810,"nan","nan","nan"
1817,1.817810,"nan","nan","nan"
1818,1.818810,"nan","nan","nan"
1819,1.819832,"nan","nan","nan"
1820,1.820808,"nan","nan","nan"
1821,1.821808,"nan","nan","nan"
1822,1.822808,"nan","nan","nan"
1823,1.823809,"nan","nan","nan"
1824,1.824810,"nan","nan","nan"
1825,1.825809,"nan","nan","nan"
1826,1.826809,"nan","nan","nan"
1827,1.827808,"nan","nan","nan"
1828,1.828809,"nan","nan","nan"
1829,1.829827,"nan","nan","nan"
1830,1.830813,"nan","nan","nan"
1831,1.831814,"nan","nan","nan"
1832,1.832814,"nan","nan","nan"
1833,1.833813,"nan","nan","nan"
1834,1.834813,"nan","nan","nan"
1835,1.835814,"nan","nan","nan"
1836,1.836814,"nan","nan","nan"
1837,1.837813,"nan","nan","nan"
1838,1.838813,"nan","nan","nan"
1839,1.839817,"nan","nan","nan"
1840,1.840829,"nan","nan","nan"
1841,1.841804,"nan","nan","nan"
1842,1.842805,"nan","nan","nan"
1843,1.843805,"nan","nan","nan"
1844,1.844805,"nan","nan","nan"
1845,1.845805,"nan","nan","nan"
1846,1.846805,"nan","nan","nan"
1847,1.847805,"nan","nan","nan"
1848,1.848818,"nan","nan","nan"
1849,1.849809,"nan","nan","nan"
1850,1.850867,"nan","nan","nan"
1851,1.851820,"nan","nan","nan"
1852,1.852808,"nan","nan","nan"
1853,1.853808,"nan","nan","nan"
1854,1.854808,"nan","nan","nan"
1855,1.855808,"nan","nan","nan"
1856,1.856808,"nan","nan","nan"
1857,1.857808,"nan","nan","nan"
1858,1.858808,"nan","nan","nan"
1859,1.859811,"nan","nan","nan"
1860,1.860812,"nan","nan","nan"
1861,1.861826,"nan","nan","nan"
1862,1.862814,"nan","nan","nan"
1863,1.863815,"nan","nan","nan"
1864,1.864815,"nan","nan","nan"
1865,1.865816,"nan","nan","nan"
1866,1.866816,"nan","nan","nan"
1867,1.867817,"nan","nan","nan"
1868,1.868818,"nan","nan","nan"
1869,1.869809,"nan","nan","nan"
1870,1.870809,"nan","nan","nan"
1871,1.871850,"nan","nan","nan"
1872,1.872814,"nan","nan","nan"
1873,1.873815,"nan","nan","nan"
1874,1.874815,"nan","nan","nan"
1875,1.875816,"nan","nan","nan"
1876,1.876815,"nan","nan","nan"
1877,1.877817,"nan","nan","nan"
1878,1.878806,"nan","nan","nan"
1879,1.879809,"nan","nan","nan"
1880,1.880809,"nan","nan","nan"
1881,1.881810,"nan","nan","nan"
1882,1.882830,"nan","nan","nan"
1883,1.883806,"nan","nan","nan"
1884,1.884805,"nan","nan","nan"
1885,1.885807,"nan","nan","nan"
1886,1.886808,"nan","nan","nan"
1887,1.887808,"nan","nan","nan"
1888,1.888809,"nan","nan","nan"
1889,1.889813,"nan","nan","nan"
1890,1.890811,"nan","nan","nan"
1891,1.891811,"nan","nan","nan"
1892,1.892925,"nan","nan","nan"
1893,1.893813,"nan","nan","nan"
1894,1.894813,"nan","nan","nan"
1895,1.895812,"nan","nan","nan"
1896,1.896813,"nan","nan","nan"
1897,1.897812,"nan","nan","nan"
1898,1.898813,"nan","nan","nan"
1899,1.899816,"nan","nan","nan"
1900,1.900815,"nan","nan","nan"
1901,1.901816,"nan","nan","nan"
1902,1.902816,"nan","nan","nan"
1903,1.903825,"nan","nan","nan"
1904,1.904812,"nan","nan","nan"
1905,1.905813,"nan","nan","nan"
1906,1.906821,"nan","nan","nan"
1907,1.907810,"nan","nan","nan"
1908,1.908808,"nan","nan","nan"
1909,1.909812,"nan","nan","nan"
1910,1.910813,"nan","nan","nan"
1911,1.911813,"nan","nan","nan"
1912,1.912813,"nan","nan","nan"
1913,1.913918,"nan","nan","nan"
1914,1.914806,"nan","nan","nan"
1915,1.915806,"nan","nan","nan"
1916,1.916806,"nan","nan","nan"
1917,1.917807,"nan","nan","nan"
1918,1.918805,"nan","nan","nan"
1919,1.919809,"nan","nan","nan"
1920,1.920809,"nan","nan","nan"
1921,1.921809,"nan","nan","nan"
1922,1.922809,"nan","nan","nan"
1923,1.923809,"nan","nan","nan"
1924,1.924830,"nan","nan","nan"
1925,1.925807,"nan","nan","nan"
1926,1.926807,"nan","nan","nan"
1927,1.927806,"nan","nan","nan"
1928,1.928808,"nan","nan","nan"
1929,1.929812,"nan","nan","nan"
1930,1.930812,"nan","nan","nan"
1931,1.931813,"nan","nan","nan"
1932,1.932813,"nan","nan","nan"
1933,1.933813,"nan","nan","nan"
1934,1.934826,"nan","nan","nan"
1935,1.935813,"nan","nan","nan"
1936,1.936815,"nan","nan","nan"
1937,1.937815,"nan","nan","nan"
1938,1.938815,"nan","nan","nan"
1939,1.939806,"nan","nan","nan"
1940,1.940807,"nan","nan","nan"
1941,1.941808,"nan","nan","nan"
1942,1.942808,"nan","nan","nan"
1943,1.943808,"nan","nan","nan"
1944,1.944809,"nan","nan","nan"
1945,1.945825,"nan","nan","nan"
1946,1.946814,"nan","nan","nan"
1947,1.947812,"nan","nan","nan"
1948,1.948814,"nan","nan","nan"
1949,1.949805,"nan","nan","nan"
1950,1.950806,"nan","nan","nan"
1951,1.951806,"nan","nan","nan"
1952,1.952808,"nan","nan","nan"
1953,1.953808,"nan","nan","nan"
1954,1.954809,"nan","nan","nan"
1955,1.955832,"nan","nan","nan"
1956,1.956806,"nan","nan","nan"
1957,1.957807,"nan","nan","nan"
1958,1.958807,"nan","nan","nan"
1959,1.959810,"nan","nan","nan"
1960,1.960810,"nan","nan","nan"
1961,1.961809,"nan","nan","nan"
1962,1.962810,"nan","nan","nan"
1963,1.963810,"nan","nan","nan"
1964,1.964825,"nan","nan","nan"
1965,1.965814,"nan","nan","nan"
1966,1.966820,"nan","nan","nan"
1967,1.967808,"nan","nan","nan"
1968,1.968808,"nan","nan","nan"
1969,1.969811,"nan","nan","nan"
1970,1.970811,"nan","nan","nan"
1971,1.971811,"nan","nan","nan"
1972,1.972811,"nan","nan","nan"
1973,1.973811,"nan","nan","nan"
1974,1.974811,"nan","nan","nan"
1975,1.975811,"nan","nan","nan"
1976,1.976860,"nan","nan","nan"
1977,1.977810,"nan","nan","nan"
1978,1.978810,"nan","nan","nan"
1979,1.979813,"nan","nan","nan"
1980,1.980814,"nan","nan","nan"
1981,1.981813,"nan","nan","nan"
1982,1.982814,"nan","nan","nan"
1983,1.983813,"nan","nan","nan"
1984,1.984814,"nan","nan","nan"
1985,1.985814,"nan","nan","nan"
1986,1.986813,"nan","nan","nan"
1987,1.987832,"nan","nan","nan"
1988,1.988808,"nan","nan","nan"
1989,1.989811,"nan","nan","nan"
1990,1.990811,"nan","nan","nan"
1991,1.991812,"nan","nan","nan"
1992,1.992813,"nan","nan","nan"
1993,1.993813,"nan","nan","nan"
1994,1.994814,"nan","nan","nan"
1995,1.995813,"nan","nan","nan"
1996,1.996815,"nan","nan","nan"
1997,1.997843,"nan","nan","nan"
1998,1.998806,"nan","nan","nan"
1999,1.999809,"nan","nan","nan"
2000,2.000810,"nan","nan","nan"
2001,2.001811,"nan","nan","nan"
2002,2.002811,"nan","nan","nan"
2003,2.003812,"nan","nan","nan"
2004,2.004813,"nan","nan","nan"
2005,2.005813,"nan","nan","nan"
2006,2.006814,"nan","nan","nan"
2007,2.007814,"nan","nan","nan"
2008,2.008832,"nan","nan","nan"
2009,2.009810,"nan","nan","nan"
2010,2.010812,"nan","nan","nan"
2011,2.011813,"nan","nan","nan"
2012,2.012813,"nan","nan","nan"
2013,2.013814,"nan","nan","nan"
2014,2.014813,"nan","nan","nan"
2015,2.015815,"nan","nan","nan"
2016,2.016815,"nan","nan","nan"
2017,2.017816,"nan","nan","nan"
2018,2.018822,"nan","nan","nan"
2019,2.019813,"nan","nan","nan"
2020,2.020815,"nan","nan","nan"
2021,2.021814,"nan","nan","nan"
2022,2.023029,"nan","nan","nan"
2023,2.023805,"nan","nan","nan"
2024,2.024806,"nan","nan","nan"
2025,2.025818,"nan","nan","nan"
2026,2.026806,"nan","nan","nan"
2027,2.027804,"nan","nan","nan"
2028,2.028805,"nan","nan","nan"
2029,2.029824,"nan","nan","nan"
2030,2.030812,"nan","nan","nan"
2031,2.031811,"nan","nan","nan"
2032,2.032811,"nan","nan","nan"
2033,2.033810,"nan","nan","nan"
2034,2.034811,"nan","nan","nan"
2035,2.035811,"nan","nan","nan"
2036,2.036811,"nan","nan","nan"
2037,2.037811,"nan","nan","nan"
2038,2.038811,"nan","nan","nan"
2039,2.039833,"nan","nan","nan"
2040,2.040807,"nan","nan","nan"
2041,2.041807,"nan","nan","nan"
2042,2.042806,"nan","nan","nan"
2043,2.043807,"nan","nan","nan"
2044,2.044807,"nan","nan","nan"
2045,2.045807,"nan","nan","nan"
2046,2.046807,"nan","nan","nan"
2047,2.047807,"nan","nan","nan"
2048,2.048807,"nan","nan","nan"
2049,2.049810,"nan","nan","nan"
2050,2.050829,"nan","nan","nan"
2051,2.051804,"nan","nan","nan"
2052,2.052805,"nan","nan","nan"
2053,2.053817,"nan","nan","nan"
2054,2.054805,"nan","nan","nan"
2055,2.055806,"nan","nan","nan"
2056,2.056805,"nan","nan","nan"
2057,2.057806,"nan","nan","nan"
2058,2.058807,"nan","nan","nan"
2059,2.059810,"nan","nan","nan"
2060,2.060829,"nan","nan","nan"
2061,2.061804,"nan","nan","nan"
2062,2.062806,"nan","nan","nan"
2063,2.063806,"nan","nan","nan"
2064,2.064807,"nan","nan","nan"
2065,2.065807,"nan","nan","nan"
2066,2.066807,"nan","nan","nan"
2067,2.067809,"nan","nan","nan"
2068,2.068810,"nan","nan","nan"
2069,2.069814,"nan","nan","nan"
2070,2.070815,"nan","nan","nan"
2071,2.071831,"nan","nan","nan"
2072,2.072808,"nan","nan","nan"
2073,2.073808,"nan","nan","nan"
2074,2.074827,"nan","nan","nan"
2075,2.075816,"nan","nan","nan"
2076,2.076817,"nan","nan","nan"
2077,2.077817,"nan","nan","nan"
2078,2.078818,"nan","nan","nan"
2079,2.079810,"nan","nan","nan"
2080,2.080810,"nan","nan","nan"
2081,2.081844,"nan","nan","nan"
2082,2.082807,"nan","nan","nan"
2083,2.083808,"nan","nan","nan"
2084,2.084809,"nan","nan","nan"
2085,2.085809,"nan","nan","nan"
2086,2.086810,"nan","nan","nan"
2087,2.087810,"nan","nan","nan"
2088,2.088809,"nan","nan","nan"
2089,2.089812,"nan","nan","nan"
2090,2.090811,"nan","nan","nan"
2091,2.091812,"nan","nan","nan"
2092,2.092825,"nan","nan","nan"
2093,2.093814,"nan","nan","nan"
2094,2.094814,"nan","nan","nan"
2095,2.095814,"nan","nan","nan"
2096,2.096814,"nan","nan","nan"
2097,2.097814,"nan","nan","nan"
2098,2.098814,"nan","nan","nan"
2099,2.099804,"nan","nan","nan"
2100,2.100805,"nan","nan","nan"
2101,2.101817,"nan","nan","nan"
2102,2.102855,"nan","nan","nan"
2103,2.103806,"nan","nan","nan"
2104,2.104806,"nan","nan","nan"
2105,2.105806,"nan","nan","nan"
2106,2.106806,"nan","nan","nan"
2107,2.107806,"nan","nan","nan"
2108,2.108806,"nan","nan","nan"
2109,2.109808,"nan","nan","nan"
2110,2.110810,"nan","nan","nan"
2111,2.111810,"nan","nan","nan"
2112,2.112810,"nan","nan","nan"
2113,2.113830,"nan","nan","nan"
2114,2.114806,"nan","nan","nan"
2115,2.115806,"nan","nan","nan"
2116,2.116806,"nan","nan","nan"
2117,2.117806,"nan","nan","nan"
2118,2.118804,"nan","nan","nan"
2119,2.119808,"nan","nan","nan"
2120,2.120809,"nan","nan","nan"
2121,2.121808,"nan","nan","nan"
2122,2.122809,"nan","nan","nan"
2123,2.123868,"nan","nan","nan"
2124,2.124806,"nan","nan","nan"
2125,2.125809,"nan","nan","nan"
2126,2.126809,"nan","nan","nan"
2127,2.127810,"nan","nan","nan"
2128,2.128809,"nan","nan","nan"
2129,2.129814,"nan","nan","nan"
2130,2.130815,"nan","nan","nan"
2131,2.131816,"nan","nan","nan"
2132,2.132825,"nan","nan","nan"
2133,2.133813,"nan","nan","nan"
2134,2.134830,"nan","nan","nan"
2135,2.135818,"nan","nan","nan"
2136,2.136806,"nan","nan","nan"
2137,2.137805,"nan","nan","nan"
2138,2.138806,"nan","nan","nan"
2139,2.139811,"nan","nan","nan"
2140,2.140811,"nan","nan","nan"
2141,2.141812,"nan","nan","nan"
2142,2.142813,"nan","nan","nan"
2143,2.143812,"nan","nan","nan"
2144,2.144832,"nan","nan","nan"
2145,2.145807,"nan","nan","nan"
2146,2.146808,"nan","nan","nan"
2147,2.147808,"nan","nan","nan"
2148,2.148810,"nan","nan","nan"
2149,2.149813,"nan","nan","nan"
2150,2.150814,"nan","nan","nan"
2151,2.151814,"nan","nan","nan"
2152,2.152814,"nan","nan","nan"
2153,2.153813,"nan","nan","nan"
2154,2.154813,"nan","nan","nan"
2155,2.155827,"nan","nan","nan"
2156,2.156815,"nan","nan","nan"
2157,2.157815,"nan","nan","nan"
2158,2.158815,"nan","nan","nan"
2159,2.159806,"nan","nan","nan"
2160,2.160806,"nan","nan","nan"
2161,2.161804,"nan","nan","nan"
2162,2.162805,"nan","nan","nan"
2163,2.163817,"nan","nan","nan"
2164,2.164806,"nan","nan","nan"
2165,2.165845,"nan","nan","nan"
2166,2.166814,"nan","nan","nan"
2167,2.167813,"nan","nan","nan"
2168,2.168814,"nan","nan","nan"
2169,2.169817,"nan","nan","nan"
2170,2.170806,"nan","nan","nan"
2171,2.171805,"nan","nan","nan"
2172,2.172805,"nan","nan","nan"
2173,2.173806,"nan","nan","nan"
2174,2.174806,"nan","nan","nan"
2175,2.175806,"nan","nan","nan"
2176,2.176821,"nan","nan","nan"
2177,2.177811,"nan","nan","nan"
2178,2.178811,"nan","nan","nan"
2179,2.179814,"nan","nan","nan"
2180,2.180814,"nan","nan","nan"
2181,2.181814,"nan","nan","nan"
2182,2.182814,"nan","nan","nan"
2183,2.183814,"nan","nan","nan"
2184,2.184814,"nan","nan","nan"
2185,2.185814,"nan","nan","nan"
2186,2.186839,"nan","nan","nan"
2187,2.187827,"nan","nan","nan"
2188,2.188825,"nan","nan","nan"
2189,2.189817,"nan","nan","nan"
2190,2.190805,"nan","nan","nan"
2191,2.191806,"nan","nan","nan"
2192,2.192806,"nan","nan","nan"
2193,2.193807,"nan","nan","nan"
2194,2.194807,"nan","nan","nan"
2195,2.195807,"nan","nan","nan"
2196,2.196808,"nan","nan","nan"
2197,2.197849,"nan","nan","nan"
2198,2.198818,"nan","nan","nan"
2199,2.199810,"nan","nan","nan"
2200,2.200810,"nan","nan","nan"
2201,2.201811,"nan","nan","nan"
2202,2.202812,"nan","nan","nan"
2203,2.203813,"nan","nan","nan"
2204,2.204813,"nan","nan","nan"
2205,2.205813,"nan","nan","nan"
2206,2.206814,"nan","nan","nan"
2207,2.207815,"nan","nan","nan"
2208,2.208824,"nan","nan","nan"
2209,2.209815,"nan","nan","nan"
2210,2.210817,"nan","nan","nan"
2211,2.211817,"nan","nan","nan"
2212,2.212818,"nan","nan","nan"
2213,2.213806,"nan","nan","nan"
2214,2.214806,"nan","nan","nan"
2215,2.215807,"nan","nan","nan"
2216,2.216809,"nan","nan","nan"
2217,2.217809,"nan","nan","nan"
2218,2.218834,"nan","nan","nan"
2219,2.219827,"nan","nan","nan"
2220,2.220815,"nan","nan","nan"
2221,2.221816,"nan","nan","nan"
2222,2.222817,"nan","nan","nan"
2223,2.223816,"nan","nan","nan"
2224,2.224816,"nan","nan","nan"
2225,2.225815,"nan","nan","nan"
2226,2.226816,"nan","nan","nan"
2227,2.227815,"nan","nan","nan"
2228,2.228816,"nan","nan","nan"
2229,2.229838,"nan","nan","nan"
2230,2.230813,"nan","nan","nan"
2231,2.231814,"nan","nan","nan"
2232,2.232813,"nan","nan","nan"
2233,2.233814,"nan","nan","nan"
2234,2.234813,"nan","nan","nan"
2235,2.235814,"nan","nan","nan"
2236,2.236814,"nan","nan","nan"
2237,2.237814,"nan","nan","nan"
2238,2.238814,"nan","nan","nan"
2239,2.239805,"nan","nan","nan"
2240,2.240831,"nan","nan","nan"
2241,2.241806,"nan","nan","nan"
2242,2.242806,"nan","nan","nan"
2243,2.243805,"nan","nan","nan"
2244,2.244806,"nan","nan","nan"
2245,2.245806,"nan","nan","nan"
2246,2.246806,"nan","nan","nan"
2247,2.247805,"nan","nan","nan"
2248,2.248806,"nan","nan","nan"
2249,2.249809,"nan","nan","nan"
2250,2.250889,"nan","nan","nan"
2251,2.251813,"nan","nan","nan"
2252,2.252814,"nan","nan","nan"
2253,2.253813,"nan","nan","nan"
2254,2.254815,"nan","nan","nan"
2255,2.255815,"nan","nan","nan"
2256,2.256816,"nan","nan","nan"
2257,2.257816,"nan","nan","nan"
2258,2.258805,"nan","nan","nan"
2259,2.259809,"nan","nan","nan"
2260,2.260809,"nan","nan","nan"
2261,2.261828,"nan","nan","nan"
2262,2.262817,"nan","nan","nan"
2263,2.263805,"nan","nan","nan"
2264,2.264805,"nan","nan","nan"
2265,2.265806,"nan","nan","nan"
2266,2.266807,"nan","nan","nan"
2267,2.267807,"nan","nan","nan"
2268,2.268808,"nan","nan","nan"
2269,2.269812,"nan","nan","nan"
2270,2.270812,"nan","nan","nan"
2271,2.271924,"nan","nan","nan"
2272,2.272811,"nan","nan","nan"
2273,2.273813,"nan","nan","nan"
2274,2.274814,"nan","nan","nan"
2275,2.275814,"nan","nan","nan"
2276,2.276815,"nan","nan","nan"
2277,2.277815,"nan","nan","nan"
2278,2.278816,"nan","nan","nan"
2279,2.279807,"nan","nan","nan"
2280,2.280807,"nan","nan","nan"
2281,2.281807,"nan","nan","nan"
2282,2.282820,"nan","nan","nan"
2283,2.283808,"nan","nan","nan"
2284,2.284807,"nan","nan","nan"
2285,2.285807,"nan","nan","nan"
2286,2.286806,"nan","nan","nan"
2287,2.287807,"nan","nan","nan"
2288,2.288806,"nan","nan","nan"
2289,2.289810,"nan","nan","nan"
2290,2.290810,"nan","nan","nan"
2291,2.291809,"nan","nan","nan"
2292,2.292836,"nan","nan","nan"
2293,2.293823,"nan","nan","nan"
2294,2.294811,"nan","nan","nan"
2295,2.295811,"nan","nan","nan"
2296,2.296810,"nan","nan","nan"
2297,2.297811,"nan","nan","nan"
2298,2.298810,"nan","nan","nan"
2299,2.299814,"nan","nan","nan"
2300,2.300813,"nan","nan","nan"
2301,2.301813,"nan","nan","nan"
2302,2.302814,"nan","nan","nan"
2303,2.303830,"nan","nan","nan"
2304,2.304806,"nan","nan","nan"
2305,2.305806,"nan","nan","nan"
2306,2.306806,"nan","nan","nan"
2307,2.307806,"nan","nan","nan"
2308,2.308806,"nan","nan","nan"
2309,2.309810,"nan","nan","nan"
2310,2.310809,"nan","nan","nan"
2311,2.311810,"nan","nan","nan"
2312,2.312810,"nan","nan","nan"
2313,2.313899,"nan","nan","nan"
2314,2.314805,"nan","nan","nan"
2315,2.315806,"nan","nan","nan"
2316,2.316806,"nan","nan","nan"
2317,2.317807,"nan","nan","nan"
2318,2.318807,"nan","nan","nan"
2319,2.319811,"nan","nan","nan"
2320,2.320811,"nan","nan","nan"
2321,2.321812,"nan","nan","nan"
2322,2.322812,"nan","nan","nan"
2323,2.323813,"nan","nan","nan"
2324,2.324829,"nan","nan","nan"
2325,2.325804,"nan","nan","nan"
2326,2.326805,"nan","nan","nan"
2327,2.327806,"nan","nan","nan"
2328,2.328807,"nan","nan","nan"
2329,2.329809,"nan","nan","nan"
2330,2.330811,"nan","nan","nan"
2331,2.331812,"nan","nan","nan"
2332,2.332812,"nan","nan","nan"
2333,2.333813,"nan","nan","nan"
2334,2.334839,"nan","nan","nan"
2335,2.335831,"nan","nan","nan"
2336,2.336807,"nan","nan","nan"
2337,2.337808,"nan","nan","nan"
2338,2.338809,"nan","nan","nan"
2339,2.339811,"nan","nan","nan"
2340,2.340813,"nan","nan","nan"
2341,2.341814,"nan","nan","nan"
2342,2.342815,"nan","nan","nan"
2343,2.343815,"nan","nan","nan"
2344,2.344815,"nan","nan","nan"
2345,2.345871,"nan","nan","nan"
2346,2.346809,"nan","nan","nan"
2347,2.347810,"nan","nan","nan"
2348,2.348810,"nan","nan","nan"
2349,2.349813,"nan","nan","nan"
2350,2.350813,"nan","nan","nan"
2351,2.351813,"nan","nan","nan"
2352,2.352813,"nan","nan","nan"
2353,2.353832,"nan","nan","nan"
2354,2.354808,"nan","nan","nan"
2355,2.355808,"nan","nan","nan"
2356,2.356823,"nan","nan","nan"
2357,2.357812,"nan","nan","nan"
2358,2.358811,"nan","nan","nan"
2359,2.359815,"nan","nan","nan"
2360,2.360815,"nan","nan","nan"
2361,2.361815,"nan","nan","nan"
2362,2.362815,"nan","nan","nan"
2363,2.363813,"nan","nan","nan"
2364,2.364814,"nan","nan","nan"
2365,2.365814,"nan","nan","nan"
2366,2.366895,"nan","nan","nan"
2367,2.367807,"nan","nan","nan"
2368,2.368808,"nan","nan","nan"
2369,2.369812,"nan","nan","nan"
2370,2.370812,"nan","nan","nan"
2371,2.371812,"nan","nan","nan"
2372,2.372813,"nan","nan","nan"
2373,2.373812,"nan","nan","nan"
2374,2.374813,"nan","nan","nan"
2375,2.375812,"nan","nan","nan"
2376,2.376813,"nan","nan","nan"
2377,2.377828,"nan","nan","nan"
2378,2.378816,"nan","nan","nan"
2379,2.379807,"nan","nan","nan"
2380,2.380807,"nan","nan","nan"
2381,2.381806,"nan","nan","nan"
2382,2.382807,"nan","nan","nan"
2383,2.383807,"nan","nan","nan"
2384,2.384808,"nan","nan","nan"
2385,2.385809,"nan","nan","nan"
2386,2.386808,"nan","nan","nan"
2387,2.387833,"nan","nan","nan"
2388,2.388809,"nan","nan","nan"
2389,2.389814,"nan","nan","nan"
2390,2.390814,"nan","nan","nan"
2391,2.391815,"nan","nan","nan"
2392,2.392814,"nan","nan","nan"
2393,2.393816,"nan","nan","nan"
2394,2.394816,"nan","nan","nan"
2395,2.395804,"nan","nan","nan"
2396,2.396805,"nan","nan","nan"
2397,2.397807,"nan","nan","nan"
2398,2.398825,"nan","nan","nan"
2399,2.399806,"nan","nan","nan"
2400,2.400805,"nan","nan","nan"
2401,2.401806,"nan","nan","nan"
2402,2.402807,"nan","nan","nan"
2403,2.403807,"nan","nan","nan"
2404,2.404808,"nan","nan","nan"
2405,2.405825,"nan","nan","nan"
2406,2.406812,"nan","nan","nan"
2407,2.407814,"nan","nan","nan"
2408,2.408832,"nan","nan","nan"
2409,2.409810,"nan","nan","nan"
2410,2.410811,"nan","nan","nan"
2411,2.411811,"nan","nan","nan"
2412,2.412812,"nan","nan","nan"
2413,2.413812,"nan","nan","nan"
2414,2.414813,"nan","nan","nan"
2415,2.415811,"nan","nan","nan"
2416,2.416812,"nan","nan","nan"
2417,2.417812,"nan","nan","nan"
2418,2.418812,"nan","nan","nan"
2419,2.419826,"nan","nan","nan"
2420,2.420815,"nan","nan","nan"
2421,2.421814,"nan","nan","nan"
2422,2.422815,"nan","nan","nan"
2423,2.423815,"nan","nan","nan"
2424,2.424815,"nan","nan","nan"
2425,2.425814,"nan","nan","nan"
2426,2.426815,"nan","nan","nan"
2427,2.427815,"nan","nan","nan"
2428,2.428815,"nan","nan","nan"
2429,2.429862,"nan","nan","nan"
2430,2.430811,"nan","nan","nan"
2431,2.431812,"nan","nan","nan"
2432,2.432812,"nan","nan","nan"
2433,2.433812,"nan","nan","nan"
2434,2.434812,"nan","nan","nan"
2435,2.435811,"nan","nan","nan"
2436,2.436811,"nan","nan","nan"
2437,2.437811,"nan","nan","nan"
2438,2.438811,"nan","nan","nan"
2439,2.439815,"nan","nan","nan"
2440,2.440828,"nan","nan","nan"
2441,2.441816,"nan","nan","nan"
2442,2.442815,"nan","nan","nan"
2443,2.443815,"nan","nan","nan"
2444,2.444815,"nan","nan","nan"
2445,2.445815,"nan","nan","nan"
2446,2.446815,"nan","nan","nan"
2447,2.447814,"nan","nan","nan"
2448,2.448814,"nan","nan","nan"
2449,2.449805,"nan","nan","nan"
2450,2.450849,"nan","nan","nan"
2451,2.451811,"nan","nan","nan"
2452,2.452813,"nan","nan","nan"
2453,2.453813,"nan","nan","nan"
2454,2.454813,"nan","nan","nan"
2455,2.455814,"nan","nan","nan"
2456,2.456815,"nan","nan","nan"
2457,2.457815,"nan","nan","nan"
2458,2.458816,"nan","nan","nan"
2459,2.459807,"nan","nan","nan"
2460,2.460807,"nan","nan","nan"
2461,2.461950,"nan","nan","nan"
2462,2.462814,"nan","nan","nan"
2463,2.463815,"nan","nan","nan"
2464,2.464814,"nan","nan","nan"
2465,2.465815,"nan","nan","nan"
2466,2.466815,"nan","nan","nan"
2467,2.467816,"nan","nan","nan"
2468,2.468816,"nan","nan","nan"
2469,2.469808,"nan","nan","nan"
2470,2.470808,"nan","nan","nan"
2471,2.471845,"nan","nan","nan"
2472,2.472807,"nan","nan","nan"
2473,2.473809,"nan","nan","nan"
2474,2.474810,"nan","nan","nan"
2475,2.475810,"nan","nan","nan"
2476,2.476811,"nan","nan","nan"
2477,2.477812,"nan","nan","nan"
2478,2.478812,"nan","nan","nan"
2479,2.479816,"nan","nan","nan"
2480,2.480815,"nan","nan","nan"
2481,2.481815,"nan","nan","nan"
2482,2.482825,"nan","nan","nan"
2483,2.483813,"nan","nan","nan"
2484,2.484813,"nan","nan","nan"
2485,2.485813,"nan","nan","nan"
2486,2.486813,"nan","nan","nan"
2487,2.487812,"nan","nan","nan"
2488,2.488813,"nan","nan","nan"
2489,2.489817,"nan","nan","nan"
2490,2.490816,"nan","nan","nan"
2491,2.491817,"nan","nan","nan"
2492,2.492882,"nan","nan","nan"
2493,2.493808,"nan","nan","nan"
2494,2.494809,"nan","nan","nan"
2495,2.495809,"nan","nan","nan"
2496,2.496807,"nan","nan","nan"
2497,2.497808,"nan","nan","nan"
2498,2.498809,"nan","nan","nan"
2499,2.499811,"nan","nan","nan"
2500,2.500812,"nan","nan","nan"
2501,2.501812,"nan","nan","nan"
2502,2.502812,"nan","nan","nan"
2503,2.503823,"nan","nan","nan"
2504,2.504812,"nan","nan","nan"
2505,2.505812,"nan","nan","nan"
2506,2.506811,"nan","nan","nan"
2507,2.507811,"nan","nan","nan"
2508,2.508812,"nan","nan","nan"
2509,2.509814,"nan","nan","nan"
2510,2.510815,"nan","nan","nan"
2511,2.511813,"nan","nan","nan"
2512,2.512815,"nan","nan","nan"
2513,2.513856,"nan","nan","nan"
2514,2.514848,"nan","nan","nan"
2515,2.515811,"nan","nan","nan"
2516,2.516811,"nan","nan","nan"
2517,2.517812,"nan","nan","nan"
2518,2.518813,"nan","nan","nan"
2519,2.519816,"nan","nan","nan"
2520,2.520817,"nan","nan","nan"
2521,2.521816,"nan","nan","nan"
2522,2.522817,"nan","nan","nan"
2523,2.523818,"nan","nan","nan"
2524,2.524830,"nan","nan","nan"
2525,2.525807,"nan","nan","nan"
2526,2.526807,"nan","nan","nan"
2527,2.527808,"nan","nan","nan"
2528,2.528808,"nan","nan","nan"
2529,2.529812,"nan","nan","nan"
2530,2.530811,"nan","nan","nan"
2531,2.531813,"nan","nan","nan"
2532,2.532813,"nan","nan","nan"
2533,2.533814,"nan","nan","nan"
2534,2.534841,"nan","nan","nan"
2535,2.535805,"nan","nan","nan"
2536,2.536806,"nan","nan","nan"
2537,2.537806,"nan","nan","nan"
2538,2.538807,"nan","nan","nan"
2539,2.539811,"nan","nan","nan"
2540,2.540811,"nan","nan","nan"
2541,2.541812,"nan","nan","nan"
2542,2.542812,"nan","nan","nan"
2543,2.543812,"nan","nan","nan"
2544,2.544813,"nan","nan","nan"
2545,2.545828,"nan","nan","nan"
2546,2.546815,"nan","nan","nan"
2547,2.547814,"nan","nan","nan"
2548,2.548815,"nan","nan","nan"
2549,2.549804,"nan","nan","nan"
2550,2.550817,"nan","nan","nan"
2551,2.551817,"nan","nan","nan"
2552,2.552817,"nan","nan","nan"
2553,2.553804,"nan","nan","nan"
2554,2.554805,"nan","nan","nan"
2555,2.555843,"nan","nan","nan"
2556,2.556807,"nan","nan","nan"
2557,2.557808,"nan","nan","nan"
2558,2.558806,"nan","nan","nan"
2559,2.559810,"nan","nan","nan"
2560,2.560811,"nan","nan","nan"
2561,2.561811,"nan","nan","nan"
2562,2.562811,"nan","nan","nan"
2563,2.563812,"nan","nan","nan"
2564,2.564810,"nan","nan","nan"
2565,2.565811,"nan","nan","nan"
2566,2.566825,"nan","nan","nan"
2567,2.567813,"nan","nan","nan"
2568,2.568826,"nan","nan","nan"
2569,2.569805,"nan","nan","nan"
2570,2.570817,"nan","nan","nan"
2571,2.571817,"nan","nan","nan"
2572,2.572817,"nan","nan","nan"
2573,2.573817,"nan","nan","nan"
2574,2.574816,"nan","nan","nan"
2575,2.575817,"nan","nan","nan"
2576,2.576843,"nan","nan","nan"
2577,2.577831,"nan","nan","nan"
2578,2.578807,"nan","nan","nan"
2579,2.579810,"nan","nan","nan"
2580,2.580810,"nan","nan","nan"
2581,2.581811,"nan","nan","nan"
2582,2.582812,"nan","nan","nan"
2583,2.583811,"nan","nan","nan"
2584,2.584813,"nan","nan","nan"
2585,2.585812,"nan","nan","nan"
2586,2.586813,"nan","nan","nan"
2587,2.587934,"nan","nan","nan"
2588,2.588810,"nan","nan","nan"
2589,2.589814,"nan","nan","nan"
2590,2.590814,"nan","nan","nan"
2591,2.591815,"nan","nan","nan"
2592,2.592815,"nan","nan","nan"
2593,2.593815,"nan","nan","nan"
2594,2.594816,"nan","nan","nan"
2595,2.595817,"nan","nan","nan"
2596,2.596804,"nan","nan","nan"
2597,2.597806,"nan","nan","nan"
2598,2.598824,"nan","nan","nan"
2599,2.599815,"nan","nan","nan"
2600,2.600815,"nan","nan","nan"
2601,2.601816,"nan","nan","nan"
2602,2.602817,"nan","nan","nan"
2603,2.603817,"nan","nan","nan"
2604,2.604818,"nan","nan","nan"
2605,2.605807,"nan","nan","nan"
2606,2.606806,"nan","nan","nan"
2607,2.607808,"nan","nan","nan"
2608,2.608922,"nan","nan","nan"
2609,2.609813,"nan","nan","nan"
2610,2.610814,"nan","nan","nan"
2611,2.611813,"nan","nan","nan"
2612,2.612812,"nan","nan","nan"
2613,2.613812,"nan","nan","nan"
2614,2.614812,"nan","nan","nan"
2615,2.615812,"nan","nan","nan"
2616,2.616811,"nan","nan","nan"
2617,2.617812,"nan","nan","nan"
2618,2.618812,"nan","nan","nan"
2619,2.619828,"nan","nan","nan"
2620,2.620815,"nan","nan","nan"
2621,2.621816,"nan","nan","nan"
2622,2.622815,"nan","nan","nan"
2623,2.623816,"nan","nan","nan"
2624,2.624815,"nan","nan","nan"
2625,2.625816,"nan","nan","nan"
2626,2.626814,"nan","nan","nan"
2627,2.627815,"nan","nan","nan"
2628,2.628815,"nan","nan","nan"
2629,2.629853,"nan","nan","nan"
2630,2.630816,"nan","nan","nan"
2631,2.631804,"nan","nan","nan"
2632,2.632817,"nan","nan","nan"
2633,2.633817,"nan","nan","nan"
2634,2.634804,"nan","nan","nan"
2635,2.635805,"nan","nan","nan"
2636,2.636817,"nan","nan","nan"
2637,2.637818,"nan","nan","nan"
2638,2.638805,"nan","nan","nan"
2639,2.639809,"nan","nan","nan"
2640,2.640823,"nan","nan","nan"
2641,2.641812,"nan","nan","nan"
2642,2.642811,"nan","nan","nan"
2643,2.643811,"nan","nan","nan"
2644,2.644811,"nan","nan","nan"
2645,2.645811,"nan","nan","nan"
2646,2.646812,"nan","nan","nan"
2647,2.647812,"nan","nan","nan"
2648,2.648812,"nan","nan","nan"
2649,2.649816,"nan","nan","nan"
2650,2.650943,"nan","nan","nan"
2651,2.651805,"nan","nan","nan"
2652,2.652807,"nan","nan","nan"
2653,2.653808,"nan","nan","nan"
2654,2.654808,"nan","nan","nan"
2655,2.655809,"nan","nan","nan"
2656,2.656810,"nan","nan","nan"
2657,2.657810,"nan","nan","nan"
2658,2.658811,"nan","nan","nan"
2659,2.659815,"nan","nan","nan"
2660,2.660814,"nan","nan","nan"
2661,2.661966,"nan","nan","nan"
2662,2.662806,"nan","nan","nan"
2663,2.663806,"nan","nan","nan"
2664,2.664807,"nan","nan","nan"
2665,2.665808,"nan","nan","nan"
2666,2.666808,"nan","nan","nan"
2667,2.667809,"nan","nan","nan"
2668,2.668808,"nan","nan","nan"
2669,2.669813,"nan","nan","nan"
2670,2.670814,"nan","nan","nan"
2671,2.671815,"nan","nan","nan"
2672,2.672826,"nan","nan","nan"
2673,2.673814,"nan","nan","nan"
2674,2.674814,"nan","nan","nan"
2675,2.675816,"nan","nan","nan"
2676,2.676825,"nan","nan","nan"
2677,2.677814,"nan","nan","nan"
2678,2.678812,"nan","nan","nan"
2679,2.679816,"nan","nan","nan"
2680,2.680816,"nan","nan","nan"
2681,2.681816,"nan","nan","nan"
2682,2.682841,"nan","nan","nan"
2683,2.683820,"nan","nan","nan"
2684,2.684808,"nan","nan","nan"
2685,2.685808,"nan","nan","nan"
2686,2.686809,"nan","nan","nan"
2687,2.687809,"nan","nan","nan"
2688,2.688809,"nan","nan","nan"
2689,2.689812,"nan","nan","nan"
2690,2.690812,"nan","nan","nan"
2691,2.691812,"nan","nan","nan"
2692,2.692812,"nan","nan","nan"
2693,2.693850,"nan","nan","nan"
2694,2.694817,"nan","nan","nan"
2695,2.695806,"nan","nan","nan"
2696,2.696806,"nan","nan","nan"
2697,2.697805,"nan","nan","nan"
2698,2.698805,"nan","nan","nan"
2699,2.699808,"nan","nan","nan"
2700,2.700808,"nan","nan","nan"
2701,2.701809,"nan","nan","nan"
2702,2.702808,"nan","nan","nan"
2703,2.703808,"nan","nan","nan"
2704,2.704823,"nan","nan","nan"
2705,2.705810,"nan","nan","nan"
2706,2.706811,"nan","nan","nan"
2707,2.707810,"nan","nan","nan"
2708,2.708811,"nan","nan","nan"
2709,2.709815,"nan","nan","nan"
2710,2.710814,"nan","nan","nan"
2711,2.711815,"nan","nan","nan"
2712,2.712814,"nan","nan","nan"
2713,2.713815,"nan","nan","nan"
2714,2.714817,"nan","nan","nan"
2715,2.715828,"nan","nan","nan"
2716,2.716816,"nan","nan","nan"
2717,2.717805,"nan","nan","nan"
2718,2.718805,"nan","nan","nan"
2719,2.719810,"nan","nan","nan"
2720,2.720810,"nan","nan","nan"
2721,2.721810,"nan","nan","nan"
2722,2.722811,"nan","nan","nan"
2723,2.723812,"nan","nan","nan"
2724,2.724812,"nan","nan","nan"
2725,2.725878,"nan","nan","nan"
2726,2.726815,"nan","nan","nan"
2727,2.727815,"nan","nan","nan"
2728,2.728816,"nan","nan","nan"
2729,2.729808,"nan","nan","nan"
2730,2.730807,"nan","nan","nan"
2731,2.731809,"nan","nan","nan"
2732,2.732809,"nan","nan","nan"
2733,2.733810,"nan","nan","nan"
2734,2.734830,"nan","nan","nan"
2735,2.735805,"nan","nan","nan"
2736,2.736820,"nan","nan","nan"
2737,2.737808,"nan","nan","nan"
2738,2.738809,"nan","nan","nan"
2739,2.739812,"nan","nan","nan"
2740,2.740813,"nan","nan","nan"
2741,2.741813,"nan","nan","nan"
2742,2.742813,"nan","nan","nan"
2743,2.743811,"nan","nan","nan"
2744,2.744812,"nan","nan","nan"
2745,2.745810,"nan","nan","nan"
2746,2.746838,"nan","nan","nan"
2747,2.747824,"nan","nan","nan"
2748,2.748812,"nan","nan","nan"
2749,2.749815,"nan","nan","nan"
2750,2.750816,"nan","nan","nan"
2751,2.751815,"nan","nan","nan"
2752,2.752815,"nan","nan","nan"
2753,2.753815,"nan","nan","nan"
2754,2.754815,"nan","nan","nan"
2755,2.755814,"nan","nan","nan"
2756,2.756815,"nan","nan","nan"
2757,2.757879,"nan","nan","nan"
2758,2.758817,"nan","nan","nan"
2759,2.759807,"nan","nan","nan"
2760,2.760808,"nan","nan","nan"
2761,2.761809,"nan","nan","nan"
2762,2.762808,"nan","nan","nan"
2763,2.763808,"nan","nan","nan"
2764,2.764807,"nan","nan","nan"
2765,2.765808,"nan","nan","nan"
2766,2.766807,"nan","nan","nan"
2767,2.767808,"nan","nan","nan"
2768,2.768827,"nan","nan","nan"
2769,2.769806,"nan","nan","nan"
2770,2.770806,"nan","nan","nan"
2771,2.771806,"nan","nan","nan"
2772,2.772806,"nan","nan","nan"
2773,2.773805,"nan","nan","nan"
2774,2.774806,"nan","nan","nan"
2775,2.775806,"nan","nan","nan"
2776,2.776806,"nan","nan","nan"
2777,2.777807,"nan","nan","nan"
2778,2.778852,"nan","nan","nan"
2779,2.779805,"nan","nan","nan"
2780,2.780807,"nan","nan","nan"
2781,2.781807,"nan","nan","nan"
2782,2.782808,"nan","nan","nan"
2783,2.783808,"nan","nan","nan"
2784,2.784809,"nan","nan","nan"
2785,2.785810,"nan","nan","nan"
2786,2.786831,"nan","nan","nan"
2787,2.787808,"nan","nan","nan"
2788,2.788808,"nan","nan","nan"
2789,2.789827,"nan","nan","nan"
2790,2.790816,"nan","nan","nan"
2791,2.791816,"nan","nan","nan"
2792,2.792817,"nan","nan","nan"
2793,2.793817,"nan","nan","nan"
2794,2.794817,"nan","nan","nan"
2795,2.795818,"nan","nan","nan"
2796,2.796807,"nan","nan","nan"
2797,2.797806,"nan","nan","nan"
2798,2.798808,"nan","nan","nan"
2799,2.799832,"nan","nan","nan"
2800,2.800807,"nan","nan","nan"
2801,2.801808,"nan","nan","nan"
2802,2.802807,"nan","nan","nan"
2803,2.803809,"nan","nan","nan"
2804,2.804810,"nan","nan","nan"
2805,2.805810,"nan","nan","nan"
2806,2.806811,"nan","nan","nan"
2807,2.807810,"nan","nan","nan"
2808,2.808810,"nan","nan","nan"
2809,2.809813,"nan","nan","nan"
2810,2.810827,"nan","nan","nan"
2811,2.811815,"nan","nan","nan"
2812,2.812815,"nan","nan","nan"
2813,2.813815,"nan","nan","nan"
2814,2.814815,"nan","nan","nan"
2815,2.815815,"nan","nan","nan"
2816,2.816815,"nan","nan","nan"
2817,2.817814,"nan","nan","nan"
2818,2.818815,"nan","nan","nan"
2819,2.819806,"nan","nan","nan"
2820,2.820855,"nan","nan","nan"
2821,2.821805,"nan","nan","nan"
2822,2.822806,"nan","nan","nan"
2823,2.823818,"nan","nan","nan"
2824,2.824818,"nan","nan","nan"
2825,2.825806,"nan","nan","nan"
2826,2.826805,"nan","nan","nan"
2827,2.827805,"nan","nan","nan"
2828,2.828818,"nan","nan","nan"
2829,2.829808,"nan","nan","nan"
2830,2.830808,"nan","nan","nan"
2831,2.831827,"nan","nan","nan"
2832,2.832815,"nan","nan","nan"
2833,2.833815,"nan","nan","nan"
2834,2.834815,"nan","nan","nan"
2835,2.835815,"nan","nan","nan"
2836,2.836816,"nan","nan","nan"
2837,2.837815,"nan","nan","nan"
2838,2.838815,"nan","nan","nan"
2839,2.839823,"nan","nan","nan"
2840,2.840811,"nan","nan","nan"
2841,2.841892,"nan","nan","nan"
2842,2.842816,"nan","nan","nan"
2843,2.843805,"nan","nan","nan"
2844,2.844806,"nan","nan","nan"
2845,2.845806,"nan","nan","nan"
2846,2.846807,"nan","nan","nan"
2847,2.847808,"nan","nan","nan"
2848,2.848809,"nan","nan","nan"
2849,2.849812,"nan","nan","nan"
2850,2.850813,"nan","nan","nan"
2851,2.851813,"nan","nan","nan"
2852,2.852833,"nan","nan","nan"
2853,2.853809,"nan","nan","nan"
2854,2.854810,"nan","nan","nan"
2855,2.855810,"nan","nan","nan"
2856,2.856811,"nan","nan","nan"
2857,2.857812,"nan","nan","nan"
2858,2.858812,"nan","nan","nan"
2859,2.859816,"nan","nan","nan"
2860,2.860816,"nan","nan","nan"
2861,2.861817,"nan","nan","nan"
2862,2.862870,"nan","nan","nan"
2863,2.863806,"nan","nan","nan"
2864,2.864806,"nan","nan","nan"
2865,2.865807,"nan","nan","nan"
2866,2.866809,"nan","nan","nan"
2867,2.867809,"nan","nan","nan"
2868,2.868810,"nan","nan","nan"
2869,2.869814,"nan","nan","nan"
2870,2.870814,"nan","nan","nan"
2871,2.871815,"nan","nan","nan"
2872,2.872816,"nan","nan","nan"
2873,2.873899,"nan","nan","nan"
2874,2.874810,"nan","nan","nan"
2875,2.875811,"nan","nan","nan"
2876,2.876812,"nan","nan","nan"
2877,2.877812,"nan","nan","nan"
2878,2.878812,"nan","nan","nan"
2879,2.879815,"nan","nan","nan"
2880,2.880814,"nan","nan","nan"
2881,2.881815,"nan","nan","nan"
2882,2.882815,"nan","nan","nan"
2883,2.883815,"nan","nan","nan"
2884,2.884831,"nan","nan","nan"
2885,2.885807,"nan","nan","nan"
2886,2.886806,"nan","nan","nan"
2887,2.887807,"nan","nan","nan"
2888,2.888806,"nan","nan","nan"
2889,2.889809,"nan","nan","nan"
2890,2.890810,"nan","nan","nan"
2891,2.891810,"nan","nan","nan"
2892,2.892810,"nan","nan","nan"
2893,2.893809,"nan","nan","nan"
2894,2.894875,"nan","nan","nan"
2895,2.895806,"nan","nan","nan"
2896,2.896807,"nan","nan","nan"
2897,2.897832,"nan","nan","nan"
2898,2.898807,"nan","nan","nan"
2899,2.899811,"nan","nan","nan"
2900,2.900811,"nan","nan","nan"
2901,2.901811,"nan","nan","nan"
2902,2.902811,"nan","nan","nan"
2903,2.903810,"nan","nan","nan"
2904,2.904811,"nan","nan","nan"
2905,2.905826,"nan","nan","nan"
2906,2.906814,"nan","nan","nan"
2907,2.907815,"nan","nan","nan"
2908,2.908814,"nan","nan","nan"
2909,2.909806,"nan","nan","nan"
2910,2.910807,"nan","nan","nan"
2911,2.911807,"nan","nan","nan"
2912,2.912807,"nan","nan","nan"
2913,2.913808,"nan","nan","nan"
2914,2.914809,"nan","nan","nan"
2915,2.915810,"nan","nan","nan"
2916,2.916828,"nan","nan","nan"
2917,2.917805,"nan","nan","nan"
2918,2.918816,"nan","nan","nan"
2919,2.919808,"nan","nan","nan"
2920,2.920809,"nan","nan","nan"
2921,2.921809,"nan","nan","nan"
2922,2.922809,"nan","nan","nan"
2923,2.923810,"nan","nan","nan"
2924,2.924811,"nan","nan","nan"
2925,2.925811,"nan","nan","nan"
2926,2.926820,"nan","nan","nan"
2927,2.927808,"nan","nan","nan"
2928,2.928809,"nan","nan","nan"
2929,2.929813,"nan","nan","nan"
2930,2.930814,"nan","nan","nan"
2931,2.931814,"nan","nan","nan"
2932,2.932814,"nan","nan","nan"
2933,2.933815,"nan","nan","nan"
2934,2.934816,"nan","nan","nan"
2935,2.935816,"nan","nan","nan"
2936,2.936817,"nan","nan","nan"
2937,2.937826,"nan","nan","nan"
2938,2.938814,"nan","nan","nan"
2939,2.939817,"nan","nan","nan"
2940,2.940816,"nan","nan","nan"
2941,2.941816,"nan","nan","nan"
2942,2.942816,"nan","nan","nan"
2943,2.943816,"nan","nan","nan"
2944,2.944816,"nan","nan","nan"
2945,2.945816,"nan","nan","nan"
2946,2.946816,"nan","nan","nan"
2947,2.947911,"nan","nan","nan"
2948,2.948812,"nan","nan","nan"
2949,2.949815,"nan","nan","nan"
2950,2.950833,"nan","nan","nan"
2951,2.951807,"nan","nan","nan"
2952,2.952809,"nan","nan","nan"
2953,2.953808,"nan","nan","nan"
2954,2.954809,"nan","nan","nan"
2955,2.955807,"nan","nan","nan"
2956,2.956809,"nan","nan","nan"
2957,2.957809,"nan","nan","nan"
2958,2.958823,"nan","nan","nan"
2959,2.959814,"nan","nan","nan"
2960,2.960814,"nan","nan","nan"
2961,2.961813,"nan","nan","nan"
2962,2.962813,"nan","nan","nan"
2963,2.963813,"nan","nan","nan"
2964,2.964813,"nan","nan","nan"
2965,2.965813,"nan","nan","nan"
2966,2.966813,"nan","nan","nan"
2967,2.967814,"nan","nan","nan"
2968,2.968919,"nan","nan","nan"
2969,2.969810,"nan","nan","nan"
2970,2.970810,"nan","nan","nan"
2971,2.971811,"nan","nan","nan"
2972,2.972810,"nan","nan","nan"
2973,2.973811,"nan","nan","nan"
2974,2.974812,"nan","nan","nan"
2975,2.975811,"nan","nan","nan"
2976,2.976812,"nan","nan","nan"
2977,2.977813,"nan","nan","nan"
2978,2.978814,"nan","nan","nan"
2979,2.979832,"nan","nan","nan"
2980,2.980808,"nan","nan","nan"
2981,2.981809,"nan","nan","nan"
2982,2.982810,"nan","nan","nan"
2983,2.983810,"nan","nan","nan"
2984,2.984810,"nan","nan","nan"
2985,2.985811,"nan","nan","nan"
2986,2.986812,"nan","nan","nan"
2987,2.987812,"nan","nan","nan"
2988,2.988813,"nan","nan","nan"
2989,2.989880,"nan","nan","nan"
2990,2.990813,"nan","nan","nan"
2991,2.991815,"nan","nan","nan"
2992,2.992815,"nan","nan","nan"
2993,2.993815,"nan","nan","nan"
2994,2.994814,"nan","nan","nan"
2995,2.995816,"nan","nan","nan"
2996,2.996817,"nan","nan","nan"
2997,2.997806,"nan","nan","nan"
2998,2.998806,"nan","nan","nan"
2999,2.999810,"nan","nan","nan"
3000,3.000830,"nan","nan","nan"
3001,3.001806,"nan","nan","nan"
3002,3.002807,"nan","nan","nan"
3003,3.003807,"nan","nan","nan"
3004,3.004807,"nan","nan","nan"
3005,3.005807,"nan","nan","nan"
3006,3.006807,"nan","nan","nan"
3007,3.007806,"nan","nan","nan"
3008,3.008807,"nan","nan","nan"
3009,3.009826,"nan","nan","nan"
3010,3.010840,"nan","nan","nan"
3011,3.011823,"nan","nan","nan"
3012,3.012811,"nan","nan","nan"
3013,3.013811,"nan","nan","nan"
3014,3.014811,"nan","nan","nan"
3015,3.015811,"nan","nan","nan"
3016,3.016811,"nan","nan","nan"
3017,3.017811,"nan","nan","nan"
3018,3.018811,"nan","nan","nan"
3019,3.019813,"nan","nan","nan"
3020,3.020813,"nan","nan","nan"
3021,3.021851,"nan","nan","nan"
3022,3.022814,"nan","nan","nan"
3023,3.023813,"nan","nan","nan"
3024,3.024813,"nan","nan","nan"
3025,3.025813,"nan","nan","nan"
3026,3.026813,"nan","nan","nan"
3027,3.027814,"nan","nan","nan"
3028,3.028813,"nan","nan","nan"
3029,3.029817,"nan","nan","nan"
3030,3.030816,"nan","nan","nan"
3031,3.031817,"nan","nan","nan"
3032,3.032821,"nan","nan","nan"
3033,3.033809,"nan","nan","nan"
3034,3.034808,"nan","nan","nan"
3035,3.035809,"nan","nan","nan"
3036,3.036808,"nan","nan","nan"
3037,3.037809,"nan","nan","nan"
3038,3.038809,"nan","nan","nan"
3039,3.039813,"nan","nan","nan"
3040,3.040813,"nan","nan","nan"
3041,3.041814,"nan","nan","nan"
3042,3.042829,"nan","nan","nan"
3043,3.043816,"nan","nan","nan"
3044,3.044818,"nan","nan","nan"
3045,3.045806,"nan","nan","nan"
3046,3.046807,"nan","nan","nan"
3047,3.047807,"nan","nan","nan"
3048,3.048808,"nan","nan","nan"
3049,3.049811,"nan","nan","nan"
3050,3.050812,"nan","nan","nan"
3051,3.051811,"nan","nan","nan"
3052,3.052813,"nan","nan","nan"
3053,3.053830,"nan","nan","nan"
3054,3.054806,"nan","nan","nan"
3055,3.055805,"nan","nan","nan"
3056,3.056807,"nan","nan","nan"
3057,3.057807,"nan","nan","nan"
3058,3.058808,"nan","nan","nan"
3059,3.059811,"nan","nan","nan"
3060,3.060812,"nan","nan","nan"
3061,3.061829,"nan","nan","nan"
3062,3.062816,"nan","nan","nan"
3063,3.063859,"nan","nan","nan"
3064,3.064810,"nan","nan","nan"
3065,3.065812,"nan","nan","nan"
3066,3.066812,"nan","nan","nan"
3067,3.067813,"nan","nan","nan"
3068,3.068813,"nan","nan","nan"
3069,3.069817,"nan","nan","nan"
3070,3.070816,"nan","nan","nan"
3071,3.071815,"nan","nan","nan"
3072,3.072815,"nan","nan","nan"
3073,3.073815,"nan","nan","nan"
3074,3.074822,"nan","nan","nan"
3075,3.075810,"nan","nan","nan"
3076,3.076810,"nan","nan","nan"
3077,3.077810,"nan","nan","nan"
3078,3.078810,"nan","nan","nan"
3079,3.079814,"nan","nan","nan"
3080,3.080813,"nan","nan","nan"
3081,3.081814,"nan","nan","nan"
3082,3.082813,"nan","nan","nan"
3083,3.083813,"nan","nan","nan"
3084,3.084895,"nan","nan","nan"
3085,3.085808,"nan","nan","nan"
3086,3.086809,"nan","nan","nan"
3087,3.087809,"nan","nan","nan"
3088,3.088809,"nan","nan","nan"
3089,3.089810,"nan","nan","nan"
3090,3.090812,"nan","nan","nan"
3091,3.091812,"nan","nan","nan"
3092,3.092812,"nan","nan","nan"
3093,3.093812,"nan","nan","nan"
3094,3.094811,"nan","nan","nan"
3095,3.095832,"nan","nan","nan"
3096,3.096807,"nan","nan","nan"
3097,3.097807,"nan","nan","nan"
3098,3.098806,"nan","nan","nan"
3099,3.099810,"nan","nan","nan"
3100,3.100811,"nan","nan","nan"
3101,3.101810,"nan","nan","nan"
3102,3.102811,"nan","nan","nan"
3103,3.103811,"nan","nan","nan"
3104,3.104810,"nan","nan","nan"
3105,3.105902,"nan","nan","nan"
3106,3.106814,"nan","nan","nan"
3107,3.107815,"nan","nan","nan"
3108,3.108816,"nan","nan","nan"
3109,3.109807,"nan","nan","nan"
3110,3.110807,"nan","nan","nan"
3111,3.111808,"nan","nan","nan"
3112,3.112809,"nan","nan","nan"
3113,3.113809,"nan","nan","nan"
3114,3.114829,"nan","nan","nan"
3115,3.115818,"nan","nan","nan"
3116,3.116825,"nan","nan","nan"
3117,3.117815,"nan","nan","nan"
3118,3.118815,"nan","nan","nan"
3119,3.119807,"nan","nan","nan"
3120,3.120807,"nan","nan","nan"
3121,3.121808,"nan","nan","nan"
3122,3.122806,"nan","nan","nan"
3123,3.123808,"nan","nan","nan"
3124,3.124809,"nan","nan","nan"
3125,3.125810,"nan","nan","nan"
3126,3.126860,"nan","nan","nan"
3127,3.127811,"nan","nan","nan"
3128,3.128812,"nan","nan","nan"
3129,3.129815,"nan","nan","nan"
3130,3.130817,"nan","nan","nan"
3131,3.131817,"nan","nan","nan"
3132,3.132805,"nan","nan","nan"
3133,3.133806,"nan","nan","nan"
3134,3.134807,"nan","nan","nan"
3135,3.135807,"nan","nan","nan"
3136,3.136805,"nan","nan","nan"
3137,3.137820,"nan","nan","nan"
3138,3.138808,"nan","nan","nan"
3139,3.139811,"nan","nan","nan"
3140,3.140811,"nan","nan","nan"
3141,3.141811,"nan","nan","nan"
3142,3.142811,"nan","nan","nan"
3143,3.143811,"nan","nan","nan"
3144,3.144812,"nan","nan","nan"
3145,3.145811,"nan","nan","nan"
3146,3.146812,"nan","nan","nan"
3147,3.147842,"nan","nan","nan"
3148,3.148817,"nan","nan","nan"
3149,3.149808,"nan","nan","nan"
3150,3.150808,"nan","nan","nan"
3151,3.151807,"nan","nan","nan"
3152,3.152808,"nan","nan","nan"
3153,3.153809,"nan","nan","nan"
3154,3.154808,"nan","nan","nan"
3155,3.155809,"nan","nan","nan"
3156,3.156808,"nan","nan","nan"
3157,3.157809,"nan","nan","nan"
3158,3.158822,"nan","nan","nan"
3159,3.159813,"nan","nan","nan"
3160,3.160813,"nan","nan","nan"
3161,3.161812,"nan","nan","nan"
3162,3.162812,"nan","nan","nan"
3163,3.163813,"nan","nan","nan"
3164,3.164812,"nan","nan","nan"
3165,3.165813,"nan","nan","nan"
3166,3.166812,"nan","nan","nan"
3167,3.167813,"nan","nan","nan"
3168,3.168824,"nan","nan","nan"
3169,3.169814,"nan","nan","nan"
3170,3.170815,"nan","nan","nan"
3171,3.171814,"nan","nan","nan"
3172,3.172816,"nan","nan","nan"
3173,3.173881,"nan","nan","nan"
3174,3.174808,"nan","nan","nan"
3175,3.175808,"nan","nan","nan"
3176,3.176809,"nan","nan","nan"
3177,3.177811,"nan","nan","nan"
3178,3.178811,"nan","nan","nan"
3179,3.179829,"nan","nan","nan"
3180,3.180805,"nan","nan","nan"
3181,3.181806,"nan","nan","nan"
3182,3.182807,"nan","nan","nan"
3183,3.183808,"nan","nan","nan"
3184,3.184809,"nan","nan","nan"
3185,3.185809,"nan","nan","nan"
3186,3.186810,"nan","nan","nan"
3187,3.187810,"nan","nan","nan"
3188,3.188811,"nan","nan","nan"
3189,3.189830,"nan","nan","nan"
3190,3.190805,"nan","nan","nan"
3191,3.191807,"nan","nan","nan"
3192,3.192807,"nan","nan","nan"
3193,3.193808,"nan","nan","nan"
3194,3.194807,"nan","nan","nan"
3195,3.195809,"nan","nan","nan"
3196,3.196810,"nan","nan","nan"
3197,3.197811,"nan","nan","nan"
3198,3.198811,"nan","nan","nan"
3199,3.199815,"nan","nan","nan"
3200,3.200831,"nan","nan","nan"
3201,3.201805,"nan","nan","nan"
3202,3.202817,"nan","nan","nan"
3203,3.203804,"nan","nan","nan"
3204,3.204805,"nan","nan","nan"
3205,3.205817,"nan","nan","nan"
3206,3.206818,"nan","nan","nan"
3207,3.207806,"nan","nan","nan"
3208,3.208805,"nan","nan","nan"
3209,3.209809,"nan","nan","nan"
3210,3.210850,"nan","nan","nan"
3211,3.211812,"nan","nan","nan"
3212,3.212813,"nan","nan","nan"
3213,3.213813,"nan","nan","nan"
3214,3.214812,"nan","nan","nan"
3215,3.215813,"nan","nan","nan"
3216,3.216812,"nan","nan","nan"
3217,3.217813,"nan","nan","nan"
3218,3.218813,"nan","nan","nan"
3219,3.219815,"nan","nan","nan"
3220,3.220816,"nan","nan","nan"
3221,3.221830,"nan","nan","nan"
3222,3.222809,"nan","nan","nan"
3223,3.223809,"nan","nan","nan"
3224,3.224810,"nan","nan","nan"
3225,3.225810,"nan","nan","nan"
3226,3.226810,"nan","nan","nan"
3227,3.227810,"nan","nan","nan"
3228,3.228809,"nan","nan","nan"
3229,3.229821,"nan","nan","nan"
3230,3.230809,"nan","nan","nan"
3231,3.231822,"nan","nan","nan"
3232,3.232829,"nan","nan","nan"
3233,3.233804,"nan","nan","nan"
3234,3.234817,"nan","nan","nan"
3235,3.235817,"nan","nan","nan"
3236,3.236806,"nan","nan","nan"
3237,3.237806,"nan","nan","nan"
3238,3.238807,"nan","nan","nan"
3239,3.239811,"nan","nan","nan"
3240,3.240811,"nan","nan","nan"
3241,3.241812,"nan","nan","nan"
3242,3.242825,"nan","nan","nan"
3243,3.243813,"nan","nan","nan"
3244,3.244814,"nan","nan","nan"
3245,3.245815,"nan","nan","nan"
3246,3.246816,"nan","nan","nan"
3247,3.247816,"nan","nan","nan"
3248,3.248815,"nan","nan","nan"
3249,3.249806,"nan","nan","nan"
3250,3.250807,"nan","nan","nan"
3251,3.251806,"nan","nan","nan"
3252,3.252808,"nan","nan","nan"
3253,3.253832,"nan","nan","nan"
3254,3.254807,"nan","nan","nan"
3255,3.255808,"nan","nan","nan"
3256,3.256807,"nan","nan","nan"
3257,3.257809,"nan","nan","nan"
3258,3.258810,"nan","nan","nan"
3259,3.259813,"nan","nan","nan"
3260,3.260814,"nan","nan","nan"
3261,3.261815,"nan","nan","nan"
3262,3.262815,"nan","nan","nan"
3263,3.263821,"nan","nan","nan"
3264,3.264809,"nan","nan","nan"
3265,3.265810,"nan","nan","nan"
3266,3.266809,"nan","nan","nan"
3267,3.267809,"nan","nan","nan"
3268,3.268808,"nan","nan","nan"
3269,3.269812,"nan","nan","nan"
3270,3.270812,"nan","nan","nan"
3271,3.271811,"nan","nan","nan"
3272,3.272812,"nan","nan","nan"
3273,3.273812,"nan","nan","nan"
3274,3.274830,"nan","nan","nan"
3275,3.275805,"nan","nan","nan"
3276,3.276806,"nan","nan","nan"
3277,3.277807,"nan","nan","nan"
3278,3.278806,"nan","nan","nan"
3279,3.279810,"nan","nan","nan"
3280,3.280808,"nan","nan","nan"
3281,3.281830,"nan","nan","nan"
3282,3.282817,"nan","nan","nan"
3283,3.283818,"nan","nan","nan"
3284,3.284823,"nan","nan","nan"
3285,3.285809,"nan","nan","nan"
3286,3.286811,"nan","nan","nan"
3287,3.287811,"nan","nan","nan"
3288,3.288811,"nan","nan","nan"
3289,3.289814,"nan","nan","nan"
3290,3.290815,"nan","nan","nan"
3291,3.291814,"nan","nan","nan"
3292,3.292815,"nan","nan","nan"
3293,3.293814,"nan","nan","nan"
3294,3.294840,"nan","nan","nan"
3295,3.295821,"nan","nan","nan"
3296,3.296809,"nan","nan","nan"
3297,3.297809,"nan","nan","nan"
3298,3.298810,"nan","nan","nan"
3299,3.299813,"nan","nan","nan"
3300,3.300812,"nan","nan","nan"
3301,3.301813,"nan","nan","nan"
3302,3.302814,"nan","nan","nan"
3303,3.303814,"nan","nan","nan"
3304,3.304815,"nan","nan","nan"
3305,3.305856,"nan","nan","nan"
3306,3.306806,"nan","nan","nan"
3307,3.307808,"nan","nan","nan"
3308,3.308808,"nan","nan","nan"
3309,3.309811,"nan","nan","nan"
3310,3.310812,"nan","nan","nan"
3311,3.311813,"nan","nan","nan"
3312,3.312813,"nan","nan","nan"
3313,3.313814,"nan","nan","nan"
3314,3.314813,"nan","nan","nan"
3315,3.315815,"nan","nan","nan"
3316,3.316821,"nan","nan","nan"
3317,3.317810,"nan","nan","nan"
3318,3.318810,"nan","nan","nan"
3319,3.319813,"nan","nan","nan"
3320,3.320814,"nan","nan","nan"
3321,3.321815,"nan","nan","nan"
3322,3.322815,"nan","nan","nan"
3323,3.323816,"nan","nan","nan"
3324,3.324815,"nan","nan","nan"
3325,3.325817,"nan","nan","nan"
3326,3.326824,"nan","nan","nan"
3327,3.327812,"nan","nan","nan"
3328,3.328814,"nan","nan","nan"
3329,3.329816,"nan","nan","nan"
3330,3.330818,"nan","nan","nan"
3331,3.331806,"nan","nan","nan"
3332,3.332804,"nan","nan","nan"
3333,3.333817,"nan","nan","nan"
3334,3.334816,"nan","nan","nan"
3335,3.335817,"nan","nan","nan"
3336,3.336817,"nan","nan","nan"
3337,3.337826,"nan","nan","nan"
3338,3.338813,"nan","nan","nan"
3339,3.339817,"nan","nan","nan"
3340,3.340824,"nan","nan","nan"
3341,3.341813,"nan","nan","nan"
3342,3.342812,"nan","nan","nan"
3343,3.343812,"nan","nan","nan"
3344,3.344812,"nan","nan","nan"
3345,3.345812,"nan","nan","nan"
3346,3.346812,"nan","nan","nan"
3347,3.347855,"nan","nan","nan"
3348,3.348805,"nan","nan","nan"
3349,3.349809,"nan","nan","nan"
3350,3.350809,"nan","nan","nan"
3351,3.351809,"nan","nan","nan"
3352,3.352808,"nan","nan","nan"
3353,3.353809,"nan","nan","nan"
3354,3.354808,"nan","nan","nan"
3355,3.355809,"nan","nan","nan"
3356,3.356808,"nan","nan","nan"
3357,3.357808,"nan","nan","nan"
3358,3.358826,"nan","nan","nan"
3359,3.359817,"nan","nan","nan"
3360,3.360816,"nan","nan","nan"
3361,3.361817,"nan","nan","nan"
3362,3.362817,"nan","nan","nan"
3363,3.363816,"nan","nan","nan"
3364,3.364817,"nan","nan","nan"
3365,3.365805,"nan","nan","nan"
3366,3.366805,"nan","nan","nan"
3367,3.367806,"nan","nan","nan"
3368,3.368897,"nan","nan","nan"
3369,3.369812,"nan","nan","nan"
3370,3.370814,"nan","nan","nan"
3371,3.371814,"nan","nan","nan"
3372,3.372814,"nan","nan","nan"
3373,3.373814,"nan","nan","nan"
3374,3.374815,"nan","nan","nan"
3375,3.375815,"nan","nan","nan"
3376,3.376816,"nan","nan","nan"
3377,3.377816,"nan","nan","nan"
3378,3.378817,"nan","nan","nan"
3379,3.379831,"nan","nan","nan"
3380,3.380809,"nan","nan","nan"
3381,3.381809,"nan","nan","nan"
3382,3.382810,"nan","nan","nan"
3383,3.383810,"nan","nan","nan"
3384,3.384811,"nan","nan","nan"
3385,3.385811,"nan","nan","nan"
3386,3.386811,"nan","nan","nan"
3387,3.387812,"nan","nan","nan"
3388,3.388812,"nan","nan","nan"
3389,3.389905,"nan","nan","nan"
3390,3.390809,"nan","nan","nan"
3391,3.391811,"nan","nan","nan"
3392,3.392812,"nan","nan","nan"
3393,3.393812,"nan","nan","nan"
3394,3.394813,"nan","nan","nan"
3395,3.395814,"nan","nan","nan"
3396,3.396814,"nan","nan","nan"
3397,3.397814,"nan","nan","nan"
3398,3.398813,"nan","nan","nan"
3399,3.399843,"nan","nan","nan"
3400,3.400912,"nan","nan","nan"
3401,3.401812,"nan","nan","nan"
3402,3.402813,"nan","nan","nan"
3403,3.403813,"nan","nan","nan"
3404,3.404813,"nan","nan","nan"
3405,3.405812,"nan","nan","nan"
3406,3.406813,"nan","nan","nan"
3407,3.407812,"nan","nan","nan"
3408,3.408812,"nan","nan","nan"
3409,3.409815,"nan","nan","nan"
3410,3.410814,"nan","nan","nan"
3411,3.411822,"nan","nan","nan"
3412,3.412811,"nan","nan","nan"
3413,3.413811,"nan","nan","nan"
3414,3.414810,"nan","nan","nan"
3415,3.415811,"nan","nan","nan"
3416,3.416812,"nan","nan","nan"
3417,3.417811,"nan","nan","nan"
3418,3.418812,"nan","nan","nan"
3419,3.419815,"nan","nan","nan"
3420,3.420814,"nan","nan","nan"
3421,3.421854,"nan","nan","nan"
3422,3.422808,"nan","nan","nan"
3423,3.423809,"nan","nan","nan"
3424,3.424808,"nan","nan","nan"
3425,3.425809,"nan","nan","nan"
3426,3.426808,"nan","nan","nan"
3427,3.427809,"nan","nan","nan"
3428,3.428807,"nan","nan","nan"
3429,3.429812,"nan","nan","nan"
3430,3.430812,"nan","nan","nan"
3431,3.431812,"nan","nan","nan"
3432,3.432824,"nan","nan","nan"
3433,3.433812,"nan","nan","nan"
3434,3.434813,"nan","nan","nan"
3435,3.435813,"nan","nan","nan"
3436,3.436814,"nan","nan","nan"
3437,3.437815,"nan","nan","nan"
3438,3.438815,"nan","nan","nan"
3439,3.439806,"nan","nan","nan"
3440,3.440806,"nan","nan","nan"
3441,3.441807,"nan","nan","nan"
3442,3.442808,"nan","nan","nan"
3443,3.443832,"nan","nan","nan"
3444,3.444808,"nan","nan","nan"
3445,3.445809,"nan","nan","nan"
3446,3.446810,"nan","nan","nan"
3447,3.447810,"nan","nan","nan"
3448,3.448811,"nan","nan","nan"
3449,3.449814,"nan","nan","nan"
3450,3.450815,"nan","nan","nan"
3451,3.451816,"nan","nan","nan"
3452,3.452816,"nan","nan","nan"
3453,3.453869,"nan","nan","nan"
3454,3.454807,"nan","nan","nan"
3455,3.455808,"nan","nan","nan"
3456,3.456808,"nan","nan","nan"
3457,3.457808,"nan","nan","nan"
3458,3.458809,"nan","nan","nan"
3459,3.459833,"nan","nan","nan"
3460,3.460809,"nan","nan","nan"
3461,3.461810,"nan","nan","nan"
3462,3.462809,"nan","nan","nan"
3463,3.463810,"nan","nan","nan"
3464,3.464906,"nan","nan","nan"
3465,3.465807,"nan","nan","nan"
3466,3.466806,"nan","nan","nan"
3467,3.467807,"nan","nan","nan"
3468,3.468808,"nan","nan","nan"
3469,3.469811,"nan","nan","nan"
3470,3.470811,"nan","nan","nan"
3471,3.471811,"nan","nan","nan"
3472,3.472810,"nan","nan","nan"
3473,3.473810,"nan","nan","nan"
3474,3.474810,"nan","nan","nan"
3475,3.475824,"nan","nan","nan"
3476,3.476812,"nan","nan","nan"
3477,3.477812,"nan","nan","nan"
3478,3.478812,"nan","nan","nan"
3479,3.479815,"nan","nan","nan"
3480,3.480815,"nan","nan","nan"
3481,3.481815,"nan","nan","nan"
3482,3.482814,"nan","nan","nan"
3483,3.483814,"nan","nan","nan"
3484,3.484814,"nan","nan","nan"
3485,3.485940,"nan","nan","nan"
3486,3.486817,"nan","nan","nan"
3487,3.487817,"nan","nan","nan"
3488,3.488817,"nan","nan","nan"
3489,3.489808,"nan","nan","nan"
3490,3.490807,"nan","nan","nan"
3491,3.491808,"nan","nan","nan"
3492,3.492808,"nan","nan","nan"
3493,3.493808,"nan","nan","nan"
3494,3.494808,"nan","nan","nan"
3495,3.495807,"nan","nan","nan"
3496,3.496929,"nan","nan","nan"
3497,3.497816,"nan","nan","nan"
3498,3.498817,"nan","nan","nan"
3499,3.499809,"nan","nan","nan"
3500,3.500808,"nan","nan","nan"
3501,3.501810,"nan","nan","nan"
3502,3.502811,"nan","nan","nan"
3503,3.503811,"nan","nan","nan"
3504,3.504812,"nan","nan","nan"
3505,3.505811,"nan","nan","nan"
3506,3.506812,"nan","nan","nan"
3507,3.507821,"nan","nan","nan"
3508,3.508810,"nan","nan","nan"
3509,3.509848,"nan","nan","nan"
3510,3.510810,"nan","nan","nan"
3511,3.511812,"nan","nan","nan"
3512,3.512812,"nan","nan","nan"
3513,3.513813,"nan","nan","nan"
3514,3.514813,"nan","nan","nan"
3515,3.515813,"nan","nan","nan"
3516,3.516814,"nan","nan","nan"
3517,3.517881,"nan","nan","nan"
3518,3.518809,"nan","nan","nan"
3519,3.519814,"nan","nan","nan"
3520,3.520813,"nan","nan","nan"
3521,3.521815,"nan","nan","nan"
3522,3.522815,"nan","nan","nan"
3523,3.523815,"nan","nan","nan"
3524,3.524815,"nan","nan","nan"
3525,3.525816,"nan","nan","nan"
3526,3.526817,"nan","nan","nan"
3527,3.527805,"nan","nan","nan"
3528,3.528832,"nan","nan","nan"
3529,3.529809,"nan","nan","nan"
3530,3.530810,"nan","nan","nan"
3531,3.531809,"nan","nan","nan"
3532,3.532809,"nan","nan","nan"
3533,3.533809,"nan","nan","nan"
3534,3.534809,"nan","nan","nan"
3535,3.535809,"nan","nan","nan"
3536,3.536810,"nan","nan","nan"
3537,3.537810,"nan","nan","nan"
3538,3.538811,"nan","nan","nan"
3539,3.539825,"nan","nan","nan"
3540,3.540813,"nan","nan","nan"
3541,3.541813,"nan","nan","nan"
3542,3.542813,"nan","nan","nan"
3543,3.543813,"nan","nan","nan"
3544,3.544812,"nan","nan","nan"
3545,3.545813,"nan","nan","nan"
3546,3.546813,"nan","nan","nan"
3547,3.547813,"nan","nan","nan"
3548,3.548812,"nan","nan","nan"
3549,3.549867,"nan","nan","nan"
3550,3.550817,"nan","nan","nan"
3551,3.551805,"nan","nan","nan"
3552,3.552804,"nan","nan","nan"
3553,3.553805,"nan","nan","nan"
3554,3.554817,"nan","nan","nan"
3555,3.555818,"nan","nan","nan"
3556,3.556806,"nan","nan","nan"
3557,3.557805,"nan","nan","nan"
3558,3.558806,"nan","nan","nan"
3559,3.559810,"nan","nan","nan"
3560,3.560828,"nan","nan","nan"
3561,3.561816,"nan","nan","nan"
3562,3.562817,"nan","nan","nan"
3563,3.563815,"nan","nan","nan"
3564,3.564817,"nan","nan","nan"
3565,3.565805,"nan","nan","nan"
3566,3.566828,"nan","nan","nan"
3567,3.567817,"nan","nan","nan"
3568,3.568805,"nan","nan","nan"
3569,3.569809,"nan","nan","nan"
3570,3.570809,"nan","nan","nan"
3571,3.571828,"nan","nan","nan"
3572,3.572805,"nan","nan","nan"
3573,3.573817,"nan","nan","nan"
3574,3.574806,"nan","nan","nan"
3575,3.575807,"nan","nan","nan"
3576,3.576806,"nan","nan","nan"
3577,3.577807,"nan","nan","nan"
3578,3.578808,"nan","nan","nan"
3579,3.579812,"nan","nan","nan"
3580,3.580813,"nan","nan","nan"
3581,3.581877,"nan","nan","nan"
3582,3.582815,"nan","nan","nan"
3583,3.583817,"nan","nan","nan"
3584,3.584806,"nan","nan","nan"
3585,3.585807,"nan","nan","nan"
3586,3.586806,"nan","nan","nan"
3587,3.587808,"nan","nan","nan"
3588,3.588808,"nan","nan","nan"
3589,3.589812,"nan","nan","nan"
3590,3.590812,"nan","nan","nan"
3591,3.591811,"nan","nan","nan"
3592,3.592827,"nan","nan","nan"
3593,3.593814,"nan","nan","nan"
3594,3.594814,"nan","nan","nan"
3595,3.595814,"nan","nan","nan"
3596,3.596813,"nan","nan","nan"
3597,3.597814,"nan","nan","nan"
3598,3.598814,"nan","nan","nan"
3599,3.599805,"nan","nan","nan"
3600,3.600805,"nan","nan","nan"
3601,3.601805,"nan","nan","nan"
3602,3.602806,"nan","nan","nan"
3603,3.603833,"nan","nan","nan"
3604,3.604809,"nan","nan","nan"
3605,3.605808,"nan","nan","nan"
3606,3.606809,"nan","nan","nan"
3607,3.607809,"nan","nan","nan"
3608,3.608809,"nan","nan","nan"
3609,3.609812,"nan","nan","nan"
3610,3.610813,"nan","nan","nan"
3611,3.611812,"nan","nan","nan"
3612,3.612813,"nan","nan","nan"
3613,3.613876,"nan","nan","nan"
3614,3.614805,"nan","nan","nan"
3615,3.615807,"nan","nan","nan"
3616,3.616807,"nan","nan","nan"
3617,3.617807,"nan","nan","nan"
3618,3.618807,"nan","nan","nan"
3619,3.619810,"nan","nan","nan"
3620,3.620834,"nan","nan","nan"
3621,3.621826,"nan","nan","nan"
3622,3.622814,"nan","nan","nan"
3623,3.623813,"nan","nan","nan"
3624,3.624831,"nan","nan","nan"
3625,3.625806,"nan","nan","nan"
3626,3.626806,"nan","nan","nan"
3627,3.627806,"nan","nan","nan"
3628,3.628806,"nan","nan","nan"
3629,3.629808,"nan","nan","nan"
3630,3.630810,"nan","nan","nan"
3631,3.631811,"nan","nan","nan"
3632,3.632811,"nan","nan","nan"
3633,3.633812,"nan","nan","nan"
3634,3.634811,"nan","nan","nan"
3635,3.635823,"nan","nan","nan"
3636,3.636811,"nan","nan","nan"
3637,3.637812,"nan","nan","nan"
3638,3.638812,"nan","nan","nan"
3639,3.639816,"nan","nan","nan"
3640,3.640816,"nan","nan","nan"
3641,3.641817,"nan","nan","nan"
3642,3.642805,"nan","nan","nan"
3643,3.643805,"nan","nan","nan"
3644,3.644807,"nan","nan","nan"
3645,3.645935,"nan","nan","nan"
3646,3.646815,"nan","nan","nan"
3647,3.647816,"nan","nan","nan"
3648,3.648817,"nan","nan","nan"
3649,3.649808,"nan","nan","nan"
3650,3.650809,"nan","nan","nan"
3651,3.651810,"nan","nan","nan"
3652,3.652810,"nan","nan","nan"
3653,3.653810,"nan","nan","nan"
3654,3.654811,"nan","nan","nan"
3655,3.655812,"nan","nan","nan"
3656,3.656901,"nan","nan","nan"
3657,3.657815,"nan","nan","nan"
3658,3.658817,"nan","nan","nan"
3659,3.659807,"nan","nan","nan"
3660,3.660806,"nan","nan","nan"
3661,3.661806,"nan","nan","nan"
3662,3.662805,"nan","nan","nan"
3663,3.663806,"nan","nan","nan"
3664,3.664806,"nan","nan","nan"
3665,3.665806,"nan","nan","nan"
3666,3.666806,"nan","nan","nan"
3667,3.667821,"nan","nan","nan"
3668,3.668808,"nan","nan","nan"
3669,3.669812,"nan","nan","nan"
3670,3.670812,"nan","nan","nan"
3671,3.671812,"nan","nan","nan"
3672,3.672812,"nan","nan","nan"
3673,3.673812,"nan","nan","nan"
3674,3.674812,"nan","nan","nan"
3675,3.675812,"nan","nan","nan"
3676,3.676812,"nan","nan","nan"
3677,3.677838,"nan","nan","nan"
3678,3.678829,"nan","nan","nan"
3679,3.679830,"nan","nan","nan"
3680,3.680817,"nan","nan","nan"
3681,3.681817,"nan","nan","nan"
3682,3.682804,"nan","nan","nan"
3683,3.683816,"nan","nan","nan"
3684,3.684817,"nan","nan","nan"
3685,3.685817,"nan","nan","nan"
3686,3.686817,"nan","nan","nan"
3687,3.687817,"nan","nan","nan"
3688,3.688868,"nan","nan","nan"
3689,3.689808,"nan","nan","nan"
3690,3.690809,"nan","nan","nan"
3691,3.691808,"nan","nan","nan"
3692,3.692810,"nan","nan","nan"
3693,3.693810,"nan","nan","nan"
3694,3.694810,"nan","nan","nan"
3695,3.695810,"nan","nan","nan"
3696,3.696810,"nan","nan","nan"
3697,3.697811,"nan","nan","nan"
3698,3.698812,"nan","nan","nan"
3699,3.699848,"nan","nan","nan"
3700,3.700812,"nan","nan","nan"
3701,3.701812,"nan","nan","nan"
3702,3.702813,"nan","nan","nan"
3703,3.703814,"nan","nan","nan"
3704,3.704814,"nan","nan","nan"
3705,3.705815,"nan","nan","nan"
3706,3.706816,"nan","nan","nan"
3707,3.707816,"nan","nan","nan"
3708,3.708817,"nan","nan","nan"
3709,3.709809,"nan","nan","nan"
3710,3.710822,"nan","nan","nan"
3711,3.711810,"nan","nan","nan"
3712,3.712811,"nan","nan","nan"
3713,3.713811,"nan","nan","nan"
3714,3.714812,"nan","nan","nan"
3715,3.715813,"nan","nan","nan"
3716,3.716812,"nan","nan","nan"
3717,3.717813,"nan","nan","nan"
3718,3.718813,"nan","nan","nan"
3719,3.719817,"nan","nan","nan"
3720,3.720843,"nan","nan","nan"
3721,3.721809,"nan","nan","nan"
3722,3.722811,"nan","nan","nan"
3723,3.723811,"nan","nan","nan"
3724,3.724812,"nan","nan","nan"
3725,3.725811,"nan","nan","nan"
3726,3.726811,"nan","nan","nan"
3727,3.727811,"nan","nan","nan"
3728,3.728811,"nan","nan","nan"
3729,3.729814,"nan","nan","nan"
3730,3.730813,"nan","nan","nan"
3731,3.731827,"nan","nan","nan"
3732,3.732812,"nan","nan","nan"
3733,3.733813,"nan","nan","nan"
3734,3.734813,"nan","nan","nan"
3735,3.735830,"nan","nan","nan"
3736,3.736817,"nan","nan","nan"
3737,3.737806,"nan","nan","nan"
3738,3.738806,"nan","nan","nan"
3739,3.739808,"nan","nan","nan"
3740,3.740809,"nan","nan","nan"
3741,3.741810,"nan","nan","nan"
3742,3.742893,"nan","nan","nan"
3743,3.743804,"nan","nan","nan"
3744,3.744806,"nan","nan","nan"
3745,3.745806,"nan","nan","nan"
3746,3.746806,"nan","nan","nan"
3747,3.747806,"nan","nan","nan"
3748,3.748805,"nan","nan","nan"
3749,3.749809,"nan","nan","nan"
3750,3.750810,"nan","nan","nan"
3751,3.751809,"nan","nan","nan"
3752,3.752810,"nan","nan","nan"
3753,3.753825,"nan","nan","nan"
3754,3.754812,"nan","nan","nan"
3755,3.755813,"nan","nan","nan"
3756,3.756813,"nan","nan","nan"
3757,3.757813,"nan","nan","nan"
3758,3.758813,"nan","nan","nan"
3759,3.759815,"nan","nan","nan"
3760,3.760817,"nan","nan","nan"
3761,3.761817,"nan","nan","nan"
3762,3.762806,"nan","nan","nan"
3763,3.763945,"nan","nan","nan"
3764,3.764811,"nan","nan","nan"
3765,3.765812,"nan","nan","nan"
3766,3.766813,"nan","nan","nan"
3767,3.767813,"nan","nan","nan"
3768,3.768812,"nan","nan","nan"
3769,3.769817,"nan","nan","nan"
3770,3.770805,"nan","nan","nan"
3771,3.771806,"nan","nan","nan"
3772,3.772805,"nan","nan","nan"
3773,3.773808,"nan","nan","nan"
3774,3.774913,"nan","nan","nan"
3775,3.775814,"nan","nan","nan"
3776,3.776815,"nan","nan","nan"
3777,3.777816,"nan","nan","nan"
3778,3.778815,"nan","nan","nan"
3779,3.779807,"nan","nan","nan"
3780,3.780808,"nan","nan","nan"
3781,3.781808,"nan","nan","nan"
3782,3.782808,"nan","nan","nan"
3783,3.783809,"nan","nan","nan"
3784,3.784811,"nan","nan","nan"
3785,3.785826,"nan","nan","nan"
3786,3.786832,"nan","nan","nan"
3787,3.787808,"nan","nan","nan"
3788,3.788809,"nan","nan","nan"
3789,3.789813,"nan","nan","nan"
3790,3.790813,"nan","nan","nan"
3791,3.791813,"nan","nan","nan"
3792,3.792811,"nan","nan","nan"
3793,3.793812,"nan","nan","nan"
3794,3.794812,"nan","nan","nan"
3795,3.795938,"nan","nan","nan"
3796,3.796817,"nan","nan","nan"
3797,3.797805,"nan","nan","nan"
3798,3.798817,"nan","nan","nan"
3799,3.799808,"nan","nan","nan"
3800,3.800807,"nan","nan","nan"
3801,3.801807,"nan","nan","nan"
3802,3.802807,"nan","nan","nan"
3803,3.803807,"nan","nan","nan"
3804,3.804807,"nan","nan","nan"
3805,3.805807,"nan","nan","nan"
3806,3.806831,"nan","nan","nan"
3807,3.807821,"nan","nan","nan"
3808,3.808809,"nan","nan","nan"
3809,3.809812,"nan","nan","nan"
3810,3.810812,"nan","nan","nan"
3811,3.811810,"nan","nan","nan"
3812,3.812812,"nan","nan","nan"
3813,3.813812,"nan","nan","nan"
3814,3.814812,"nan","nan","nan"
3815,3.815811,"nan","nan","nan"
3816,3.816810,"nan","nan","nan"
3817,3.817876,"nan","nan","nan"
3818,3.818817,"nan","nan","nan"
3819,3.819808,"nan","nan","nan"
3820,3.820806,"nan","nan","nan"
3821,3.821808,"nan","nan","nan"
3822,3.822808,"nan","nan","nan"
3823,3.823808,"nan","nan","nan"
3824,3.824807,"nan","nan","nan"
3825,3.825807,"nan","nan","nan"
3826,3.826808,"nan","nan","nan"
3827,3.827809,"nan","nan","nan"
3828,3.828934,"nan","nan","nan"
3829,3.829814,"nan","nan","nan"
3830,3.830815,"nan","nan","nan"
3831,3.831815,"nan","nan","nan"
3832,3.832816,"nan","nan","nan"
3833,3.833816,"nan","nan","nan"
3834,3.834817,"nan","nan","nan"
3835,3.835817,"nan","nan","nan"
3836,3.836817,"nan","nan","nan"
3837,3.837805,"nan","nan","nan"
3838,3.838806,"nan","nan","nan"
3839,3.839820,"nan","nan","nan"
3840,3.840924,"nan","nan","nan"
3841,3.841812,"nan","nan","nan"
3842,3.842813,"nan","nan","nan"
3843,3.843814,"nan","nan","nan"
3844,3.844814,"nan","nan","nan"
3845,3.845814,"nan","nan","nan"
3846,3.846815,"nan","nan","nan"
3847,3.847816,"nan","nan","nan"
3848,3.848816,"nan","nan","nan"
3849,3.849833,"nan","nan","nan"
3850,3.850825,"nan","nan","nan"
3851,3.851814,"nan","nan","nan"
3852,3.852814,"nan","nan","nan"
3853,3.853815,"nan","nan","nan"
3854,3.854815,"nan","nan","nan"
3855,3.855815,"nan","nan","nan"
3856,3.856814,"nan","nan","nan"
3857,3.857814,"nan","nan","nan"
3858,3.858814,"nan","nan","nan"
3859,3.859817,"nan","nan","nan"
3860,3.860959,"nan","nan","nan"
3861,3.861810,"nan","nan","nan"
3862,3.862810,"nan","nan","nan"
3863,3.863811,"nan","nan","nan"
3864,3.864810,"nan","nan","nan"
3865,3.865810,"nan","nan","nan"
3866,3.866810,"nan","nan","nan"
3867,3.867810,"nan","nan","nan"
3868,3.868810,"nan","nan","nan"
3869,3.869814,"nan","nan","nan"
3870,3.870814,"nan","nan","nan"
3871,3.871825,"nan","nan","nan"
3872,3.872813,"nan","nan","nan"
3873,3.873814,"nan","nan","nan"
3874,3.874813,"nan","nan","nan"
3875,3.875813,"nan","nan","nan"
3876,3.876813,"nan","nan","nan"
3877,3.877813,"nan","nan","nan"
3878,3.878812,"nan","nan","nan"
3879,3.879816,"nan","nan","nan"
3880,3.880816,"nan","nan","nan"
3881,3.881842,"nan","nan","nan"
3882,3.882827,"nan","nan","nan"
3883,3.883814,"nan","nan","nan"
3884,3.884815,"nan","nan","nan"
3885,3.885816,"nan","nan","nan"
3886,3.886816,"nan","nan","nan"
3887,3.887816,"nan","nan","nan"
3888,3.888814,"nan","nan","nan"
3889,3.889806,"nan","nan","nan"
3890,3.890806,"nan","nan","nan"
3891,3.891806,"nan","nan","nan"
3892,3.892842,"nan","nan","nan"
3893,3.893810,"nan","nan","nan"
3894,3.894811,"nan","nan","nan"
3895,3.895812,"nan","nan","nan"
3896,3.896812,"nan","nan","nan"
3897,3.897811,"nan","nan","nan"
3898,3.898813,"nan","nan","nan"
3899,3.899817,"nan","nan","nan"
3900,3.900806,"nan","nan","nan"
3901,3.901805,"nan","nan","nan"
3902,3.902807,"nan","nan","nan"
3903,3.903823,"nan","nan","nan"
3904,3.904810,"nan","nan","nan"
3905,3.905812,"nan","nan","nan"
3906,3.906812,"nan","nan","nan"
3907,3.907812,"nan","nan","nan"
3908,3.908813,"nan","nan","nan"
3909,3.909817,"nan","nan","nan"
3910,3.910806,"nan","nan","nan"
3911,3.911806,"nan","nan","nan"
3912,3.912806,"nan","nan","nan"
3913,3.913807,"nan","nan","nan"
3914,3.914829,"nan","nan","nan"
3915,3.915806,"nan","nan","nan"
3916,3.916806,"nan","nan","nan"
3917,3.917807,"nan","nan","nan"
3918,3.918807,"nan","nan","nan"
3919,3.919811,"nan","nan","nan"
3920,3.920812,"nan","nan","nan"
3921,3.921811,"nan","nan","nan"
3922,3.922811,"nan","nan","nan"
3923,3.923811,"nan","nan","nan"
3924,3.924837,"nan","nan","nan"
3925,3.925812,"nan","nan","nan"
3926,3.926812,"nan","nan","nan"
3927,3.927813,"nan","nan","nan"
3928,3.928813,"nan","nan","nan"
3929,3.929816,"nan","nan","nan"
3930,3.930816,"nan","nan","nan"
3931,3.931814,"nan","nan","nan"
3932,3.932816,"nan","nan","nan"
3933,3.933816,"nan","nan","nan"
3934,3.934816,"nan","nan","nan"
3935,3.935822,"nan","nan","nan"
3936,3.936809,"nan","nan","nan"
3937,3.937810,"nan","nan","nan"
3938,3.938810,"nan","nan","nan"
3939,3.939813,"nan","nan","nan"
3940,3.940812,"nan","nan","nan"
3941,3.941813,"nan","nan","nan"
3942,3.942813,"nan","nan","nan"
3943,3.943813,"nan","nan","nan"
3944,3.944814,"nan","nan","nan"
3945,3.945812,"nan","nan","nan"
3946,3.946833,"nan","nan","nan"
3947,3.947808,"nan","nan","nan"
3948,3.948808,"nan","nan","nan"
3949,3.949812,"nan","nan","nan"
3950,3.950837,"nan","nan","nan"
3951,3.951832,"nan","nan","nan"
3952,3.952807,"nan","nan","nan"
3953,3.953807,"nan","nan","nan"
3954,3.954806,"nan","nan","nan"
3955,3.955807,"nan","nan","nan"
3956,3.956871,"nan","nan","nan"
3957,3.957815,"nan","nan","nan"
3958,3.958817,"nan","nan","nan"
3959,3.959807,"nan","nan","nan"
3960,3.960808,"nan","nan","nan"
3961,3.961808,"nan","nan","nan"
3962,3.962809,"nan","nan","nan"
3963,3.963809,"nan","nan","nan"
3964,3.964810,"nan","nan","nan"
3965,3.965811,"nan","nan","nan"
3966,3.966812,"nan","nan","nan"
3967,3.967827,"nan","nan","nan"
3968,3.968815,"nan","nan","nan"
3969,3.969806,"nan","nan","nan"
3970,3.970807,"nan","nan","nan"
3971,3.971808,"nan","nan","nan"
3972,3.972809,"nan","nan","nan"
3973,3.973809,"nan","nan","nan"
3974,3.974810,"nan","nan","nan"
3975,3.975811,"nan","nan","nan"
3976,3.976811,"nan","nan","nan"
3977,3.977812,"nan","nan","nan"
3978,3.978828,"nan","nan","nan"
3979,3.979808,"nan","nan","nan"
3980,3.980808,"nan","nan","nan"
3981,3.981809,"nan","nan","nan"
3982,3.982810,"nan","nan","nan"
3983,3.983810,"nan","nan","nan"
3984,3.984811,"nan","nan","nan"
3985,3.985812,"nan","nan","nan"
3986,3.986812,"nan","nan","nan"
3987,3.987812,"nan","nan","nan"
3988,3.988854,"nan","nan","nan"
3989,3.989808,"nan","nan","nan"
3990,3.990808,"nan","nan","nan"
3991,3.991808,"nan","nan","nan"
3992,3.992807,"nan","nan","nan"
3993,3.993808,"nan","nan","nan"
3994,3.994808,"nan","nan","nan"
3995,3.995808,"nan","nan","nan"
3996,3.996809,"nan","nan","nan"
3997,3.997808,"nan","nan","nan"
3998,3.998809,"nan","nan","nan"
3999,3.999827,"nan","nan","nan"
4000,4.000813,"nan","nan","nan"
4001,4.001814,"nan","nan","nan"
4002,4.002814,"nan","nan","nan"
4003,4.003813,"nan","nan","nan"
4004,4.004813,"nan","nan","nan"
4005,4.005821,"nan","nan","nan"
4006,4.006809,"nan","nan","nan"
4007,4.007809,"nan","nan","nan"
4008,4.008809,"nan","nan","nan"
4009,4.009941,"nan","nan","nan"
4010,4.010815,"nan","nan","nan"
4011,4.011816,"nan","nan","nan"
4012,4.012814,"nan","nan","nan"
4013,4.013816,"nan","nan","nan"
4014,4.014816,"nan","nan","nan"
4015,4.015816,"nan","nan","nan"
4016,4.016816,"nan","nan","nan"
4017,4.017815,"nan","nan","nan"
4018,4.018815,"nan","nan","nan"
4019,4.019806,"nan","nan","nan"
4020,4.020832,"nan","nan","nan"
4021,4.021809,"nan","nan","nan"
4022,4.022811,"nan","nan","nan"
4023,4.023812,"nan","nan","nan"
4024,4.024812,"nan","nan","nan"
4025,4.025813,"nan","nan","nan"
4026,4.026812,"nan","nan","nan"
4027,4.027813,"nan","nan","nan"
4028,4.028814,"nan","nan","nan"
4029,4.029806,"nan","nan","nan"
4030,4.030832,"nan","nan","nan"
4031,4.031832,"nan","nan","nan"
4032,4.032809,"nan","nan","nan"
4033,4.033809,"nan","nan","nan"
4034,4.034810,"nan","nan","nan"
4035,4.035810,"nan","nan","nan"
4036,4.036811,"nan","nan","nan"
4037,4.037812,"nan","nan","nan"
4038,4.038812,"nan","nan","nan"
4039,4.039815,"nan","nan","nan"
4040,4.040816,"nan","nan","nan"
4041,4.041881,"nan","nan","nan"
4042,4.042806,"nan","nan","nan"
4043,4.043808,"nan","nan","nan"
4044,4.044808,"nan","nan","nan"
4045,4.045808,"nan","nan","nan"
4046,4.046809,"nan","nan","nan"
4047,4.047810,"nan","nan","nan"
4048,4.048810,"nan","nan","nan"
4049,4.049814,"nan","nan","nan"
4050,4.050815,"nan","nan","nan"
4051,4.051815,"nan","nan","nan"
4052,4.052832,"nan","nan","nan"
4053,4.053807,"nan","nan","nan"
4054,4.054805,"nan","nan","nan"
4055,4.055807,"nan","nan","nan"
4056,4.056807,"nan","nan","nan"
4057,4.057807,"nan","nan","nan"
4058,4.058806,"nan","nan","nan"
4059,4.059808,"nan","nan","nan"
4060,4.060809,"nan","nan","nan"
4061,4.061810,"nan","nan","nan"
4062,4.062905,"nan","nan","nan"
4063,4.063828,"nan","nan","nan"
4064,4.064817,"nan","nan","nan"
4065,4.065815,"nan","nan","nan"
4066,4.066816,"nan","nan","nan"
4067,4.067816,"nan","nan","nan"
4068,4.068816,"nan","nan","nan"
4069,4.069806,"nan","nan","nan"
4070,4.070807,"nan","nan","nan"
4071,4.071806,"nan","nan","nan"
4072,4.072807,"nan","nan","nan"
4073,4.073830,"nan","nan","nan"
4074,4.074806,"nan","nan","nan"
4075,4.075806,"nan","nan","nan"
4076,4.076807,"nan","nan","nan"
4077,4.077807,"nan","nan","nan"
4078,4.078806,"nan","nan","nan"
4079,4.079810,"nan","nan","nan"
4080,4.080810,"nan","nan","nan"
4081,4.081810,"nan","nan","nan"
4082,4.082810,"nan","nan","nan"
4083,4.083931,"nan","nan","nan"
4084,4.084806,"nan","nan","nan"
4085,4.085807,"nan","nan","nan"
4086,4.086807,"nan","nan","nan"
4087,4.087807,"nan","nan","nan"
4088,4.088807,"nan","nan","nan"
4089,4.089811,"nan","nan","nan"
4090,4.090811,"nan","nan","nan"
4091,4.091812,"nan","nan","nan"
4092,4.092812,"nan","nan","nan"
4093,4.093812,"nan","nan","nan"
4094,4.094822,"nan","nan","nan"
4095,4.095810,"nan","nan","nan"
4096,4.096811,"nan","nan","nan"
4097,4.097811,"nan","nan","nan"
4098,4.098811,"nan","nan","nan"
4099,4.099815,"nan","nan","nan"
4100,4.100816,"nan","nan","nan"
4101,4.101817,"nan","nan","nan"
4102,4.102805,"nan","nan","nan"
4103,4.103806,"nan","nan","nan"
4104,4.104899,"nan","nan","nan"
4105,4.105814,"nan","nan","nan"
4106,4.106814,"nan","nan","nan"
4107,4.107815,"nan","nan","nan"
4108,4.108815,"nan","nan","nan"
4109,4.109806,"nan","nan","nan"
4110,4.110807,"nan","nan","nan"
4111,4.111808,"nan","nan","nan"
4112,4.112808,"nan","nan","nan"
4113,4.113808,"nan","nan","nan"
4114,4.114809,"nan","nan","nan"
4115,4.115896,"nan","nan","nan"
4116,4.116810,"nan","nan","nan"
4117,4.117810,"nan","nan","nan"
4118,4.118810,"nan","nan","nan"
4119,4.119813,"nan","nan","nan"
4120,4.120812,"nan","nan","nan"
4121,4.121812,"nan","nan","nan"
4122,4.122811,"nan","nan","nan"
4123,4.123812,"nan","nan","nan"
4124,4.124812,"nan","nan","nan"
4125,4.125812,"nan","nan","nan"
4126,4.126822,"nan","nan","nan"
4127,4.127810,"nan","nan","nan"
4128,4.128810,"nan","nan","nan"
4129,4.129813,"nan","nan","nan"
4130,4.130813,"nan","nan","nan"
4131,4.131813,"nan","nan","nan"
4132,4.132812,"nan","nan","nan"
4133,4.133813,"nan","nan","nan"
4134,4.134812,"nan","nan","nan"
4135,4.135813,"nan","nan","nan"
4136,4.136864,"nan","nan","nan"
4137,4.137816,"nan","nan","nan"
4138,4.138818,"nan","nan","nan"
4139,4.139808,"nan","nan","nan"
4140,4.140809,"nan","nan","nan"
4141,4.141808,"nan","nan","nan"
4142,4.142809,"nan","nan","nan"
4143,4.143808,"nan","nan","nan"
4144,4.144809,"nan","nan","nan"
4145,4.145807,"nan","nan","nan"
4146,4.146809,"nan","nan","nan"
4147,4.147833,"nan","nan","nan"
4148,4.148807,"nan","nan","nan"
4149,4.149811,"nan","nan","nan"
4150,4.150810,"nan","nan","nan"
4151,4.151811,"nan","nan","nan"
4152,4.152811,"nan","nan","nan"
4153,4.153812,"nan","nan","nan"
4154,4.154812,"nan","nan","nan"
4155,4.155811,"nan","nan","nan"
4156,4.156813,"nan","nan","nan"
4157,4.157814,"nan","nan","nan"
4158,4.158821,"nan","nan","nan"
4159,4.159812,"nan","nan","nan"
4160,4.160812,"nan","nan","nan"
4161,4.161814,"nan","nan","nan"
4162,4.162815,"nan","nan","nan"
4163,4.163815,"nan","nan","nan"
4164,4.164815,"nan","nan","nan"
4165,4.165815,"nan","nan","nan"
4166,4.166816,"nan","nan","nan"
4167,4.167817,"nan","nan","nan"
4168,4.168908,"nan","nan","nan"
4169,4.169827,"nan","nan","nan"
4170,4.170815,"nan","nan","nan"
4171,4.171806,"nan","nan","nan"
4172,4.172807,"nan","nan","nan"
4173,4.173808,"nan","nan","nan"
4174,4.174808,"nan","nan","nan"
4175,4.175809,"nan","nan","nan"
4176,4.176810,"nan","nan","nan"
4177,4.177810,"nan","nan","nan"
4178,4.178811,"nan","nan","nan"
4179,4.179860,"nan","nan","nan"
4180,4.180810,"nan","nan","nan"
4181,4.181811,"nan","nan","nan"
4182,4.182811,"nan","nan","nan"
4183,4.183812,"nan","nan","nan"
4184,4.184811,"nan","nan","nan"
4185,4.185811,"nan","nan","nan"
4186,4.186811,"nan","nan","nan"
4187,4.187811,"nan","nan","nan"
4188,4.188811,"nan","nan","nan"
4189,4.189813,"nan","nan","nan"
4190,4.190832,"nan","nan","nan"
4191,4.191808,"nan","nan","nan"
4192,4.192807,"nan","nan","nan"
4193,4.193807,"nan","nan","nan"
4194,4.194807,"nan","nan","nan"
4195,4.195807,"nan","nan","nan"
4196,4.196807,"nan","nan","nan"
4197,4.197808,"nan","nan","nan"
4198,4.198807,"nan","nan","nan"
4199,4.199810,"nan","nan","nan"
4200,4.200913,"nan","nan","nan"
4201,4.201806,"nan","nan","nan"
4202,4.202806,"nan","nan","nan"
4203,4.203807,"nan","nan","nan"
4204,4.204808,"nan","nan","nan"
4205,4.205808,"nan","nan","nan"
4206,4.206808,"nan","nan","nan"
4207,4.207807,"nan","nan","nan"
4208,4.208808,"nan","nan","nan"
4209,4.209811,"nan","nan","nan"
4210,4.210811,"nan","nan","nan"
4211,4.211822,"nan","nan","nan"
4212,4.212808,"nan","nan","nan"
4213,4.213810,"nan","nan","nan"
4214,4.214810,"nan","nan","nan"
4215,4.215810,"nan","nan","nan"
4216,4.216810,"nan","nan","nan"
4217,4.217809,"nan","nan","nan"
4218,4.218810,"nan","nan","nan"
4219,4.219814,"nan","nan","nan"
4220,4.220814,"nan","nan","nan"
4221,4.221815,"nan","nan","nan"
4222,4.222833,"nan","nan","nan"
4223,4.223809,"nan","nan","nan"
4224,4.224809,"nan","nan","nan"
4225,4.225810,"nan","nan","nan"
4226,4.226820,"nan","nan","nan"
4227,4.227808,"nan","nan","nan"
4228,4.228809,"nan","nan","nan"
4229,4.229814,"nan","nan","nan"
4230,4.230814,"nan","nan","nan"
4231,4.231815,"nan","nan","nan"
4232,4.232879,"nan","nan","nan"
4233,4.233812,"nan","nan","nan"
4234,4.234813,"nan","nan","nan"
4235,4.235813,"nan","nan","nan"
4236,4.236814,"nan","nan","nan"
4237,4.237814,"nan","nan","nan"
4238,4.238815,"nan","nan","nan"
4239,4.239806,"nan","nan","nan"
4240,4.240807,"nan","nan","nan"
4241,4.241806,"nan","nan","nan"
4242,4.242808,"nan","nan","nan"
4243,4.243828,"nan","nan","nan"
4244,4.244815,"nan","nan","nan"
4245,4.245817,"nan","nan","nan"
4246,4.246804,"nan","nan","nan"
4247,4.247817,"nan","nan","nan"
4248,4.248805,"nan","nan","nan"
4249,4.249809,"nan","nan","nan"
4250,4.250806,"nan","nan","nan"
4251,4.251807,"nan","nan","nan"
4252,4.252807,"nan","nan","nan"
4253,4.253807,"nan","nan","nan"
4254,4.254822,"nan","nan","nan"
4255,4.255809,"nan","nan","nan"
4256,4.256810,"nan","nan","nan"
4257,4.257811,"nan","nan","nan"
4258,4.258810,"nan","nan","nan"
4259,4.259814,"nan","nan","nan"
4260,4.260814,"nan","nan","nan"
4261,4.261813,"nan","nan","nan"
4262,4.262813,"nan","nan","nan"
4263,4.263814,"nan","nan","nan"
4264,4.264904,"nan","nan","nan"
4265,4.265817,"nan","nan","nan"
4266,4.266817,"nan","nan","nan"
4267,4.267805,"nan","nan","nan"
4268,4.268806,"nan","nan","nan"
4269,4.269809,"nan","nan","nan"
4270,4.270808,"nan","nan","nan"
4271,4.271809,"nan","nan","nan"
4272,4.272809,"nan","nan","nan"
4273,4.273809,"nan","nan","nan"
4274,4.274810,"nan","nan","nan"
4275,4.275826,"nan","nan","nan"
4276,4.276813,"nan","nan","nan"
4277,4.277814,"nan","nan","nan"
4278,4.278821,"nan","nan","nan"
4279,4.279812,"nan","nan","nan"
4280,4.280811,"nan","nan","nan"
4281,4.281811,"nan","nan","nan"
4282,4.282811,"nan","nan","nan"
4283,4.283812,"nan","nan","nan"
4284,4.284811,"nan","nan","nan"
4285,4.285940,"nan","nan","nan"
4286,4.286807,"nan","nan","nan"
4287,4.287808,"nan","nan","nan"
4288,4.288808,"nan","nan","nan"
4289,4.289811,"nan","nan","nan"
4290,4.290812,"nan","nan","nan"
4291,4.291813,"nan","nan","nan"
4292,4.292813,"nan","nan","nan"
4293,4.293814,"nan","nan","nan"
4294,4.294813,"nan","nan","nan"
4295,4.295815,"nan","nan","nan"
4296,4.296930,"nan","nan","nan"
4297,4.297806,"nan","nan","nan"
4298,4.298807,"nan","nan","nan"
4299,4.299811,"nan","nan","nan"
4300,4.300812,"nan","nan","nan"
4301,4.301812,"nan","nan","nan"
4302,4.302813,"nan","nan","nan"
4303,4.303813,"nan","nan","nan"
4304,4.304813,"nan","nan","nan"
4305,4.305813,"nan","nan","nan"
4306,4.306814,"nan","nan","nan"
4307,4.307826,"nan","nan","nan"
4308,4.308815,"nan","nan","nan"
4309,4.309807,"nan","nan","nan"
4310,4.310807,"nan","nan","nan"
4311,4.311808,"nan","nan","nan"
4312,4.312809,"nan","nan","nan"
4313,4.313808,"nan","nan","nan"
4314,4.314809,"nan","nan","nan"
4315,4.315808,"nan","nan","nan"
4316,4.316808,"nan","nan","nan"
4317,4.317934,"nan","nan","nan"
4318,4.318812,"nan","nan","nan"
4319,4.319816,"nan","nan","nan"
4320,4.320816,"nan","nan","nan"
4321,4.321816,"nan","nan","nan"
4322,4.322816,"nan","nan","nan"
4323,4.323815,"nan","nan","nan"
4324,4.324815,"nan","nan","nan"
4325,4.325816,"nan","nan","nan"
4326,4.326815,"nan","nan","nan"
4327,4.327816,"nan","nan","nan"
4328,4.328829,"nan","nan","nan"
4329,4.329830,"nan","nan","nan"
4330,4.330806,"nan","nan","nan"
4331,4.331805,"nan","nan","nan"
4332,4.332806,"nan","nan","nan"
4333,4.333806,"nan","nan","nan"
4334,4.334806,"nan","nan","nan"
4335,4.335806,"nan","nan","nan"
4336,4.336805,"nan","nan","nan"
4337,4.337806,"nan","nan","nan"
4338,4.338806,"nan","nan","nan"
4339,4.339824,"nan","nan","nan"
4340,4.340812,"nan","nan","nan"
4341,4.341812,"nan","nan","nan"
4342,4.342811,"nan","nan","nan"
4343,4.343811,"nan","nan","nan"
4344,4.344811,"nan","nan","nan"
4345,4.345811,"nan","nan","nan"
4346,4.346810,"nan","nan","nan"
4347,4.347811,"nan","nan","nan"
4348,4.348811,"nan","nan","nan"
4349,4.349879,"nan","nan","nan"
4350,4.350809,"nan","nan","nan"
4351,4.351810,"nan","nan","nan"
4352,4.352811,"nan","nan","nan"
4353,4.353812,"nan","nan","nan"
4354,4.354812,"nan","nan","nan"
4355,4.355813,"nan","nan","nan"
4356,4.356812,"nan","nan","nan"
4357,4.357814,"nan","nan","nan"
4358,4.358815,"nan","nan","nan"
4359,4.359807,"nan","nan","nan"
4360,4.360825,"nan","nan","nan"
4361,4.361813,"nan","nan","nan"
4362,4.362815,"nan","nan","nan"
4363,4.363815,"nan","nan","nan"
4364,4.364816,"nan","nan","nan"
4365,4.365816,"nan","nan","nan"
4366,4.366805,"nan","nan","nan"
4367,4.367817,"nan","nan","nan"
4368,4.368806,"nan","nan","nan"
4369,4.369809,"nan","nan","nan"
4370,4.370809,"nan","nan","nan"
4371,4.371827,"nan","nan","nan"
4372,4.372816,"nan","nan","nan"
4373,4.373816,"nan","nan","nan"
4374,4.374817,"nan","nan","nan"
4375,4.375817,"nan","nan","nan"
4376,4.376817,"nan","nan","nan"
4377,4.377805,"nan","nan","nan"
4378,4.378806,"nan","nan","nan"
4379,4.379810,"nan","nan","nan"
4380,4.380809,"nan","nan","nan"
4381,4.381848,"nan","nan","nan"
4382,4.382809,"nan","nan","nan"
4383,4.383810,"nan","nan","nan"
4384,4.384811,"nan","nan","nan"
4385,4.385826,"nan","nan","nan"
4386,4.386813,"nan","nan","nan"
4387,4.387814,"nan","nan","nan"
4388,4.388813,"nan","nan","nan"
4389,4.389817,"nan","nan","nan"
4390,4.390815,"nan","nan","nan"
4391,4.391816,"nan","nan","nan"
4392,4.392824,"nan","nan","nan"
4393,4.393812,"nan","nan","nan"
4394,4.394811,"nan","nan","nan"
4395,4.395812,"nan","nan","nan"
4396,4.396812,"nan","nan","nan"
4397,4.397812,"nan","nan","nan"
4398,4.398813,"nan","nan","nan"
4399,4.399816,"nan","nan","nan"
4400,4.400815,"nan","nan","nan"
4401,4.401815,"nan","nan","nan"
4402,4.402841,"nan","nan","nan"
4403,4.403830,"nan","nan","nan"
4404,4.404806,"nan","nan","nan"
4405,4.405818,"nan","nan","nan"
4406,4.406806,"nan","nan","nan"
4407,4.407805,"nan","nan","nan"
4408,4.408805,"nan","nan","nan"
4409,4.409808,"nan","nan","nan"
4410,4.410809,"nan","nan","nan"
4411,4.411809,"nan","nan","nan"
4412,4.412809,"nan","nan","nan"
4413,4.413873,"nan","nan","nan"
4414,4.414813,"nan","nan","nan"
4415,4.415814,"nan","nan","nan"
4416,4.416814,"nan","nan","nan"
4417,4.417815,"nan","nan","nan"
4418,4.418815,"nan","nan","nan"
4419,4.419806,"nan","nan","nan"
4420,4.420806,"nan","nan","nan"
4421,4.421807,"nan","nan","nan"
4422,4.422806,"nan","nan","nan"
4423,4.423808,"nan","nan","nan"
4424,4.424830,"nan","nan","nan"
4425,4.425805,"nan","nan","nan"
4426,4.426807,"nan","nan","nan"
4427,4.427806,"nan","nan","nan"
4428,4.428808,"nan","nan","nan"
4429,4.429812,"nan","nan","nan"
4430,4.430812,"nan","nan","nan"
4431,4.431813,"nan","nan","nan"
4432,4.432814,"nan","nan","nan"
4433,4.433813,"nan","nan","nan"
4434,4.434814,"nan","nan","nan"
4435,4.435832,"nan","nan","nan"
4436,4.436810,"nan","nan","nan"
4437,4.437809,"nan","nan","nan"
4438,4.438811,"nan","nan","nan"
4439,4.439815,"nan","nan","nan"
4440,4.440830,"nan","nan","nan"
4441,4.441805,"nan","nan","nan"
4442,4.442808,"nan","nan","nan"
4443,4.443809,"nan","nan","nan"
4444,4.444809,"nan","nan","nan"
4445,4.445887,"nan","nan","nan"
4446,4.446816,"nan","nan","nan"
4447,4.447815,"nan","nan","nan"
4448,4.448815,"nan","nan","nan"
4449,4.449806,"nan","nan","nan"
4450,4.450806,"nan","nan","nan"
4451,4.451805,"nan","nan","nan"
4452,4.452806,"nan","nan","nan"
4453,4.453806,"nan","nan","nan"
4454,4.454806,"nan","nan","nan"
4455,4.455807,"nan","nan","nan"
4456,4.456898,"nan","nan","nan"
4457,4.457811,"nan","nan","nan"
4458,4.458812,"nan","nan","nan"
4459,4.459814,"nan","nan","nan"
4460,4.460815,"nan","nan","nan"
4461,4.461815,"nan","nan","nan"
4462,4.462814,"nan","nan","nan"
4463,4.463814,"nan","nan","nan"
4464,4.464814,"nan","nan","nan"
4465,4.465814,"nan","nan","nan"
4466,4.466813,"nan","nan","nan"
4467,4.467828,"nan","nan","nan"
4468,4.468815,"nan","nan","nan"
4469,4.469807,"nan","nan","nan"
4470,4.470806,"nan","nan","nan"
4471,4.471808,"nan","nan","nan"
4472,4.472807,"nan","nan","nan"
4473,4.473807,"nan","nan","nan"
4474,4.474807,"nan","nan","nan"
4475,4.475806,"nan","nan","nan"
4476,4.476807,"nan","nan","nan"
4477,4.477872,"nan","nan","nan"
4478,4.478818,"nan","nan","nan"
4479,4.479809,"nan","nan","nan"
4480,4.480808,"nan","nan","nan"
4481,4.481810,"nan","nan","nan"
4482,4.482811,"nan","nan","nan"
4483,4.483811,"nan","nan","nan"
4484,4.484812,"nan","nan","nan"
4485,4.485811,"nan","nan","nan"
4486,4.486813,"nan","nan","nan"
4487,4.487814,"nan","nan","nan"
4488,4.488891,"nan","nan","nan"
4489,4.489806,"nan","nan","nan"
4490,4.490808,"nan","nan","nan"
4491,4.491829,"nan","nan","nan"
4492,4.492817,"nan","nan","nan"
4493,4.493806,"nan","nan","nan"
4494,4.494806,"nan","nan","nan"
4495,4.495807,"nan","nan","nan"
4496,4.496808,"nan","nan","nan"
4497,4.497808,"nan","nan","nan"
4498,4.498809,"nan","nan","nan"
4499,4.499830,"nan","nan","nan"
4500,4.500805,"nan","nan","nan"
4501,4.501807,"nan","nan","nan"
4502,4.502807,"nan","nan","nan"
4503,4.503808,"nan","nan","nan"
4504,4.504807,"nan","nan","nan"
4505,4.505808,"nan","nan","nan"
4506,4.506808,"nan","nan","nan"
4507,4.507809,"nan","nan","nan"
4508,4.508810,"nan","nan","nan"
4509,4.509839,"nan","nan","nan"
4510,4.510831,"nan","nan","nan"
4511,4.511806,"nan","nan","nan"
4512,4.512817,"nan","nan","nan"
4513,4.513817,"nan","nan","nan"
4514,4.514815,"nan","nan","nan"
4515,4.515817,"nan","nan","nan"
4516,4.516817,"nan","nan","nan"
4517,4.517817,"nan","nan","nan"
4518,4.518817,"nan","nan","nan"
4519,4.519807,"nan","nan","nan"
4520,4.520872,"nan","nan","nan"
4521,4.521808,"nan","nan","nan"
4522,4.522809,"nan","nan","nan"
4523,4.523808,"nan","nan","nan"
4524,4.524809,"nan","nan","nan"
4525,4.525809,"nan","nan","nan"
4526,4.526809,"nan","nan","nan"
4527,4.527809,"nan","nan","nan"
4528,4.528809,"nan","nan","nan"
4529,4.529812,"nan","nan","nan"
4530,4.530813,"nan","nan","nan"
4531,4.531934,"nan","nan","nan"
4532,4.532810,"nan","nan","nan"
4533,4.533810,"nan","nan","nan"
4534,4.534811,"nan","nan","nan"
4535,4.535810,"nan","nan","nan"
4536,4.536811,"nan","nan","nan"
4537,4.537811,"nan","nan","nan"
4538,4.538810,"nan","nan","nan"
4539,4.539814,"nan","nan","nan"
4540,4.540813,"nan","nan","nan"
4541,4.541813,"nan","nan","nan"
4542,4.542822,"nan","nan","nan"
4543,4.543809,"nan","nan","nan"
4544,4.544810,"nan","nan","nan"
4545,4.545810,"nan","nan","nan"
4546,4.546810,"nan","nan","nan"
4547,4.547810,"nan","nan","nan"
4548,4.548892,"nan","nan","nan"
4549,4.549808,"nan","nan","nan"
4550,4.550809,"nan","nan","nan"
4551,4.551810,"nan","nan","nan"
4552,4.552836,"nan","nan","nan"
4553,4.553825,"nan","nan","nan"
4554,4.554814,"nan","nan","nan"
4555,4.555814,"nan","nan","nan"
4556,4.556815,"nan","nan","nan"
4557,4.557814,"nan","nan","nan"
4558,4.558816,"nan","nan","nan"
4559,4.559806,"nan","nan","nan"
4560,4.560807,"nan","nan","nan"
4561,4.561807,"nan","nan","nan"
4562,4.562809,"nan","nan","nan"
4563,4.563885,"nan","nan","nan"
4564,4.564812,"nan","nan","nan"
4565,4.565813,"nan","nan","nan"
4566,4.566814,"nan","nan","nan"
4567,4.567814,"nan","nan","nan"
4568,4.568814,"nan","nan","nan"
4569,4.569806,"nan","nan","nan"
4570,4.570805,"nan","nan","nan"
4571,4.571807,"nan","nan","nan"
4572,4.572808,"nan","nan","nan"
4573,4.573808,"nan","nan","nan"
4574,4.574919,"nan","nan","nan"
4575,4.575806,"nan","nan","nan"
4576,4.576808,"nan","nan","nan"
4577,4.577808,"nan","nan","nan"
4578,4.578807,"nan","nan","nan"
4579,4.579810,"nan","nan","nan"
4580,4.580811,"nan","nan","nan"
4581,4.581810,"nan","nan","nan"
4582,4.582811,"nan","nan","nan"
4583,4.583810,"nan","nan","nan"
4584,4.584811,"nan","nan","nan"
4585,4.585822,"nan","nan","nan"
4586,4.586809,"nan","nan","nan"
4587,4.587810,"nan","nan","nan"
4588,4.588810,"nan","nan","nan"
4589,4.589813,"nan","nan","nan"
4590,4.590812,"nan","nan","nan"
4591,4.591813,"nan","nan","nan"
4592,4.592813,"nan","nan","nan"
4593,4.593813,"nan","nan","nan"
4594,4.594813,"nan","nan","nan"
4595,4.595838,"nan","nan","nan"
4596,4.596832,"nan","nan","nan"
4597,4.597808,"nan","nan","nan"
4598,4.598808,"nan","nan","nan"
4599,4.599811,"nan","nan","nan"
4600,4.600810,"nan","nan","nan"
4601,4.601811,"nan","nan","nan"
4602,4.602811,"nan","nan","nan"
4603,4.603811,"nan","nan","nan"
4604,4.604811,"nan","nan","nan"
4605,4.605811,"nan","nan","nan"
4606,4.606879,"nan","nan","nan"
4607,4.607831,"nan","nan","nan"
4608,4.608810,"nan","nan","nan"
4609,4.609813,"nan","nan","nan"
4610,4.610812,"nan","nan","nan"
4611,4.611813,"nan","nan","nan"
4612,4.612813,"nan","nan","nan"
4613,4.613814,"nan","nan","nan"
4614,4.614815,"nan","nan","nan"
4615,4.615815,"nan","nan","nan"
4616,4.616815,"nan","nan","nan"
4617,4.617823,"nan","nan","nan"
4618,4.618812,"nan","nan","nan"
4619,4.619816,"nan","nan","nan"
4620,4.620816,"nan","nan","nan"
4621,4.621818,"nan","nan","nan"
4622,4.622806,"nan","nan","nan"
4623,4.623806,"nan","nan","nan"
4624,4.624807,"nan","nan","nan"
4625,4.625809,"nan","nan","nan"
4626,4.626809,"nan","nan","nan"
4627,4.627810,"nan","nan","nan"
4628,4.628825,"nan","nan","nan"
4629,4.629805,"nan","nan","nan"
4630,4.630805,"nan","nan","nan"
4631,4.631806,"nan","nan","nan"
4632,4.632807,"nan","nan","nan"
4633,4.633807,"nan","nan","nan"
4634,4.634807,"nan","nan","nan"
4635,4.635808,"nan","nan","nan"
4636,4.636808,"nan","nan","nan"
4637,4.637809,"nan","nan","nan"
4638,4.638874,"nan","nan","nan"
4639,4.639810,"nan","nan","nan"
4640,4.640811,"nan","nan","nan"
4641,4.641811,"nan","nan","nan"
4642,4.642811,"nan","nan","nan"
4643,4.643810,"nan","nan","nan"
4644,4.644810,"nan","nan","nan"
4645,4.645810,"nan","nan","nan"
4646,4.646811,"nan","nan","nan"
4647,4.647809,"nan","nan","nan"
4648,4.648811,"nan","nan","nan"
4649,4.649821,"nan","nan","nan"
4650,4.650809,"nan","nan","nan"
4651,4.651810,"nan","nan","nan"
4652,4.652809,"nan","nan","nan"
4653,4.653810,"nan","nan","nan"
4654,4.654810,"nan","nan","nan"
4655,4.655810,"nan","nan","nan"
4656,4.656810,"nan","nan","nan"
4657,4.657810,"nan","nan","nan"
4658,4.658811,"nan","nan","nan"
4659,4.659814,"nan","nan","nan"
4660,4.660864,"nan","nan","nan"
4661,4.661815,"nan","nan","nan"
4662,4.662816,"nan","nan","nan"
4663,4.663815,"nan","nan","nan"
4664,4.664816,"nan","nan","nan"
4665,4.665816,"nan","nan","nan"
4666,4.666816,"nan","nan","nan"
4667,4.667815,"nan","nan","nan"
4668,4.668816,"nan","nan","nan"
4669,4.669807,"nan","nan","nan"
4670,4.670858,"nan","nan","nan"
4671,4.671808,"nan","nan","nan"
4672,4.672809,"nan","nan","nan"
4673,4.673810,"nan","nan","nan"
4674,4.674810,"nan","nan","nan"
4675,4.675810,"nan","nan","nan"
4676,4.676809,"nan","nan","nan"
4677,4.677811,"nan","nan","nan"
4678,4.678811,"nan","nan","nan"
4679,4.679815,"nan","nan","nan"
4680,4.680816,"nan","nan","nan"
4681,4.681824,"nan","nan","nan"
4682,4.682812,"nan","nan","nan"
4683,4.683813,"nan","nan","nan"
4684,4.684814,"nan","nan","nan"
4685,4.685815,"nan","nan","nan"
4686,4.686814,"nan","nan","nan"
4687,4.687816,"nan","nan","nan"
4688,4.688816,"nan","nan","nan"
4689,4.689808,"nan","nan","nan"
4690,4.690807,"nan","nan","nan"
4691,4.691873,"nan","nan","nan"
4692,4.692811,"nan","nan","nan"
4693,4.693812,"nan","nan","nan"
4694,4.694813,"nan","nan","nan"
4695,4.695814,"nan","nan","nan"
4696,4.696813,"nan","nan","nan"
4697,4.697814,"nan","nan","nan"
4698,4.698814,"nan","nan","nan"
4699,4.699805,"nan","nan","nan"
4700,4.700806,"nan","nan","nan"
4701,4.701808,"nan","nan","nan"
4702,4.702825,"nan","nan","nan"
4703,4.703815,"nan","nan","nan"
4704,4.704815,"nan","nan","nan"
4705,4.705816,"nan","nan","nan"
4706,4.706816,"nan","nan","nan"
4707,4.707817,"nan","nan","nan"
4708,4.708817,"nan","nan","nan"
4709,4.709806,"nan","nan","nan"
4710,4.710807,"nan","nan","nan"
4711,4.711807,"nan","nan","nan"
4712,4.712839,"nan","nan","nan"
4713,4.713830,"nan","nan","nan"
4714,4.714805,"nan","nan","nan"
4715,4.715805,"nan","nan","nan"
4716,4.716818,"nan","nan","nan"
4717,4.717806,"nan","nan","nan"
4718,4.718806,"nan","nan","nan"
4719,4.719808,"nan","nan","nan"
4720,4.720809,"nan","nan","nan"
4721,4.721808,"nan","nan","nan"
4722,4.722809,"nan","nan","nan"
4723,4.723825,"nan","nan","nan"
4724,4.724813,"nan","nan","nan"
4725,4.725814,"nan","nan","nan"
4726,4.726814,"nan","nan","nan"
4727,4.727814,"nan","nan","nan"
4728,4.728814,"nan","nan","nan"
4729,4.729817,"nan","nan","nan"
4730,4.730817,"nan","nan","nan"
4731,4.731817,"nan","nan","nan"
4732,4.732817,"nan","nan","nan"
4733,4.733827,"nan","nan","nan"
4734,4.734814,"nan","nan","nan"
4735,4.735815,"nan","nan","nan"
4736,4.736815,"nan","nan","nan"
4737,4.737815,"nan","nan","nan"
4738,4.738815,"nan","nan","nan"
4739,4.739805,"nan","nan","nan"
4740,4.740818,"nan","nan","nan"
4741,4.741806,"nan","nan","nan"
4742,4.742805,"nan","nan","nan"
4743,4.743807,"nan","nan","nan"
4744,4.744822,"nan","nan","nan"
4745,4.745809,"nan","nan","nan"
4746,4.746810,"nan","nan","nan"
4747,4.747811,"nan","nan","nan"
4748,4.748811,"nan","nan","nan"
4749,4.749815,"nan","nan","nan"
4750,4.750816,"nan","nan","nan"
4751,4.751816,"nan","nan","nan"
4752,4.752804,"nan","nan","nan"
4753,4.753805,"nan","nan","nan"
4754,4.754871,"nan","nan","nan"
4755,4.755814,"nan","nan","nan"
4756,4.756815,"nan","nan","nan"
4757,4.757816,"nan","nan","nan"
4758,4.758815,"nan","nan","nan"
4759,4.759807,"nan","nan","nan"
4760,4.760808,"nan","nan","nan"
4761,4.761809,"nan","nan","nan"
4762,4.762808,"nan","nan","nan"
4763,4.763810,"nan","nan","nan"
4764,4.764811,"nan","nan","nan"
4765,4.765826,"nan","nan","nan"
4766,4.766814,"nan","nan","nan"
4767,4.767816,"nan","nan","nan"
4768,4.768815,"nan","nan","nan"
4769,4.769806,"nan","nan","nan"
4770,4.770807,"nan","nan","nan"
4771,4.771806,"nan","nan","nan"
4772,4.772826,"nan","nan","nan"
4773,4.773814,"nan","nan","nan"
4774,4.774814,"nan","nan","nan"
4775,4.775839,"nan","nan","nan"
4776,4.776827,"nan","nan","nan"
4777,4.777815,"nan","nan","nan"
4778,4.778815,"nan","nan","nan"
4779,4.779806,"nan","nan","nan"
4780,4.780806,"nan","nan","nan"
4781,4.781806,"nan","nan","nan"
4782,4.782806,"nan","nan","nan"
4783,4.783806,"nan","nan","nan"
4784,4.784806,"nan","nan","nan"
4785,4.785805,"nan","nan","nan"
4786,4.786829,"nan","nan","nan"
4787,4.787808,"nan","nan","nan"
4788,4.788808,"nan","nan","nan"
4789,4.789811,"nan","nan","nan"
4790,4.790811,"nan","nan","nan"
4791,4.791810,"nan","nan","nan"
4792,4.792811,"nan","nan","nan"
4793,4.793810,"nan","nan","nan"
4794,4.794810,"nan","nan","nan"
4795,4.795810,"nan","nan","nan"
4796,4.796810,"nan","nan","nan"
4797,4.797829,"nan","nan","nan"
4798,4.798817,"nan","nan","nan"
4799,4.799808,"nan","nan","nan"
4800,4.800807,"nan","nan","nan"
4801,4.801808,"nan","nan","nan"
4802,4.802808,"nan","nan","nan"
4803,4.803808,"nan","nan","nan"
4804,4.804808,"nan","nan","nan"
4805,4.805807,"nan","nan","nan"
4806,4.806808,"nan","nan","nan"
4807,4.807847,"nan","nan","nan"
4808,4.808810,"nan","nan","nan"
4809,4.809814,"nan","nan","nan"
4810,4.810813,"nan","nan","nan"
4811,4.811815,"nan","nan","nan"
4812,4.812816,"nan","nan","nan"
4813,4.813816,"nan","nan","nan"
4814,4.814817,"nan","nan","nan"
4815,4.815805,"nan","nan","nan"
4816,4.816817,"nan","nan","nan"
4817,4.817805,"nan","nan","nan"
4818,4.818829,"nan","nan","nan"
4819,4.819807,"nan","nan","nan"
4820,4.820809,"nan","nan","nan"
4821,4.821810,"nan","nan","nan"
4822,4.822811,"nan","nan","nan"
4823,4.823812,"nan","nan","nan"
4824,4.824823,"nan","nan","nan"
4825,4.825811,"nan","nan","nan"
4826,4.826811,"nan","nan","nan"
4827,4.827812,"nan","nan","nan"
4828,4.828842,"nan","nan","nan"
4829,4.829807,"nan","nan","nan"
4830,4.830809,"nan","nan","nan"
4831,4.831809,"nan","nan","nan"
4832,4.832810,"nan","nan","nan"
4833,4.833810,"nan","nan","nan"
4834,4.834810,"nan","nan","nan"
4835,4.835811,"nan","nan","nan"
4836,4.836811,"nan","nan","nan"
4837,4.837812,"nan","nan","nan"
4838,4.838813,"nan","nan","nan"
4839,4.839826,"nan","nan","nan"
4840,4.840814,"nan","nan","nan"
4841,4.841813,"nan","nan","nan"
4842,4.842813,"nan","nan","nan"
4843,4.843813,"nan","nan","nan"
4844,4.844813,"nan","nan","nan"
4845,4.845813,"nan","nan","nan"
4846,4.846813,"nan","nan","nan"
4847,4.847813,"nan","nan","nan"
4848,4.848813,"nan","nan","nan"
4849,4.849843,"nan","nan","nan"
4850,4.850817,"nan","nan","nan"
4851,4.851806,"nan","nan","nan"
4852,4.852805,"nan","nan","nan"
4853,4.853806,"nan","nan","nan"
4854,4.854806,"nan","nan","nan"
4855,4.855806,"nan","nan","nan"
4856,4.856806,"nan","nan","nan"
4857,4.857805,"nan","nan","nan"
4858,4.858806,"nan","nan","nan"
4859,4.859810,"nan","nan","nan"
4860,4.860832,"nan","nan","nan"
4861,4.861808,"nan","nan","nan"
4862,4.862806,"nan","nan","nan"
4863,4.863808,"nan","nan","nan"
4864,4.864807,"nan","nan","nan"
4865,4.865807,"nan","nan","nan"
4866,4.866807,"nan","nan","nan"
4867,4.867807,"nan","nan","nan"
4868,4.868808,"nan","nan","nan"
4869,4.869811,"nan","nan","nan"
4870,4.870824,"nan","nan","nan"
4871,4.871812,"nan","nan","nan"
4872,4.872811,"nan","nan","nan"
4873,4.873812,"nan","nan","nan"
4874,4.874813,"nan","nan","nan"
4875,4.875826,"nan","nan","nan"
4876,4.876814,"nan","nan","nan"
4877,4.877815,"nan","nan","nan"
4878,4.878815,"nan","nan","nan"
4879,4.879806,"nan","nan","nan"
4880,4.880807,"nan","nan","nan"
4881,4.881824,"nan","nan","nan"
4882,4.882812,"nan","nan","nan"
4883,4.883814,"nan","nan","nan"
4884,4.884815,"nan","nan","nan"
4885,4.885815,"nan","nan","nan"
4886,4.886816,"nan","nan","nan"
4887,4.887815,"nan","nan","nan"
4888,4.888817,"nan","nan","nan"
4889,4.889808,"nan","nan","nan"
4890,4.890809,"nan","nan","nan"
4891,4.891864,"nan","nan","nan"
4892,4.892814,"nan","nan","nan"
4893,4.893816,"nan","nan","nan"
4894,4.894817,"nan","nan","nan"
4895,4.895804,"nan","nan","nan"
4896,4.896805,"nan","nan","nan"
4897,4.897806,"nan","nan","nan"
4898,4.898806,"nan","nan","nan"
4899,4.899810,"nan","nan","nan"
4900,4.900811,"nan","nan","nan"
4901,4.901811,"nan","nan","nan"
4902,4.902825,"nan","nan","nan"
4903,4.903814,"nan","nan","nan"
4904,4.904814,"nan","nan","nan"
4905,4.905813,"nan","nan","nan"
4906,4.906811,"nan","nan","nan"
4907,4.907812,"nan","nan","nan"
4908,4.908812,"nan","nan","nan"
4909,4.909815,"nan","nan","nan"
4910,4.910815,"nan","nan","nan"
4911,4.911814,"nan","nan","nan"
4912,4.912853,"nan","nan","nan"
4913,4.913814,"nan","nan","nan"
4914,4.914815,"nan","nan","nan"
4915,4.915814,"nan","nan","nan"
4916,4.916814,"nan","nan","nan"
4917,4.917814,"nan","nan","nan"
4918,4.918814,"nan","nan","nan"
4919,4.919804,"nan","nan","nan"
4920,4.920805,"nan","nan","nan"
4921,4.921817,"nan","nan","nan"
4922,4.922817,"nan","nan","nan"
4923,4.923822,"nan","nan","nan"
4924,4.924810,"nan","nan","nan"
4925,4.925810,"nan","nan","nan"
4926,4.926811,"nan","nan","nan"
4927,4.927811,"nan","nan","nan"
4928,4.928811,"nan","nan","nan"
4929,4.929814,"nan","nan","nan"
4930,4.930813,"nan","nan","nan"
4931,4.931814,"nan","nan","nan"
4932,4.932814,"nan","nan","nan"
4933,4.933841,"nan","nan","nan"
4934,4.934831,"nan","nan","nan"
4935,4.935807,"nan","nan","nan"
4936,4.936808,"nan","nan","nan"
4937,4.937808,"nan","nan","nan"
4938,4.938808,"nan","nan","nan"
4939,4.939810,"nan","nan","nan"
4940,4.940812,"nan","nan","nan"
4941,4.941813,"nan","nan","nan"
4942,4.942813,"nan","nan","nan"
4943,4.943814,"nan","nan","nan"
4944,4.944828,"nan","nan","nan"
4945,4.945815,"nan","nan","nan"
4946,4.946817,"nan","nan","nan"
4947,4.947805,"nan","nan","nan"
4948,4.948805,"nan","nan","nan"
4949,4.949810,"nan","nan","nan"
4950,4.950811,"nan","nan","nan"
4951,4.951811,"nan","nan","nan"
4952,4.952812,"nan","nan","nan"
4953,4.953812,"nan","nan","nan"
4954,4.954838,"nan","nan","nan"
4955,4.955828,"nan","nan","nan"
4956,4.956817,"nan","nan","nan"
4957,4.957804,"nan","nan","nan"
4958,4.958806,"nan","nan","nan"
4959,4.959809,"nan","nan","nan"
4960,4.960810,"nan","nan","nan"
4961,4.961810,"nan","nan","nan"
4962,4.962811,"nan","nan","nan"
4963,4.963811,"nan","nan","nan"
4964,4.964813,"nan","nan","nan"
4965,4.965833,"nan","nan","nan"
4966,4.966808,"nan","nan","nan"
4967,4.967809,"nan","nan","nan"
4968,4.968809,"nan","nan","nan"
4969,4.969813,"nan","nan","nan"
4970,4.970813,"nan","nan","nan"
4971,4.971813,"nan","nan","nan"
4972,4.972812,"nan","nan","nan"
4973,4.973812,"nan","nan","nan"
4974,4.974812,"nan","nan","nan"
4975,4.975812,"nan","nan","nan"
4976,4.976826,"nan","nan","nan"
4977,4.977815,"nan","nan","nan"
4978,4.978814,"nan","nan","nan"
4979,4.979818,"nan","nan","nan"
4980,4.980806,"nan","nan","nan"
4981,4.981805,"nan","nan","nan"
4982,4.982806,"nan","nan","nan"
4983,4.983807,"nan","nan","nan"
4984,4.984806,"nan","nan","nan"
4985,4.985807,"nan","nan","nan"
4986,4.986830,"nan","nan","nan"
4987,4.987805,"nan","nan","nan"
4988,4.988818,"nan","nan","nan"
4989,4.989808,"nan","nan","nan"
4990,4.990809,"nan","nan","nan"
4991,4.991808,"nan","nan","nan"
4992,4.992809,"nan","nan","nan"
4993,4.993809,"nan","nan","nan"
4994,4.994826,"nan","nan","nan"
4995,4.995814,"nan","nan","nan"
4996,4.996814,"nan","nan","nan"
4997,4.997827,"nan","nan","nan"
4998,4.998814,"nan","nan","nan"
4999,4.999817,"nan","nan","nan"
5000,5.000806,"nan","nan","nan"
5001,5.001805,"nan","nan","nan"
5002,5.002806,"nan","nan","nan"
5003,5.003805,"nan","nan","nan"
5004,5.004806,"nan","nan","nan"
5005,5.005805,"nan","nan","nan"
5006,5.006807,"nan","nan","nan"
5007,5.007825,"nan","nan","nan"
5008,5.008816,"nan","nan","nan"
5009,5.009808,"nan","nan","nan"
5010,5.010807,"nan","nan","nan"
5011,5.011809,"nan","nan","nan"
5012,5.012810,"nan","nan","nan"
5013,5.013810,"nan","nan","nan"
5014,5.014811,"nan","nan","nan"
5015,5.015812,"nan","nan","nan"
5016,5.016811,"nan","nan","nan"
5017,5.017813,"nan","nan","nan"
5018,5.018833,"nan","nan","nan"
5019,5.019812,"nan","nan","nan"
5020,5.020813,"nan","nan","nan"
5021,5.021813,"nan","nan","nan"
5022,5.022814,"nan","nan","nan"
5023,5.023814,"nan","nan","nan"
5024,5.024814,"nan","nan","nan"
5025,5.025815,"nan","nan","nan"
5026,5.026814,"nan","nan","nan"
5027,5.027815,"nan","nan","nan"
5028,5.028832,"nan","nan","nan"
5029,5.029812,"nan","nan","nan"
5030,5.030812,"nan","nan","nan"
5031,5.031813,"nan","nan","nan"
5032,5.032814,"nan","nan","nan"
5033,5.033814,"nan","nan","nan"
5034,5.034815,"nan","nan","nan"
5035,5.035814,"nan","nan","nan"
5036,5.036814,"nan","nan","nan"
5037,5.037814,"nan","nan","nan"
5038,5.038814,"nan","nan","nan"
5039,5.039821,"nan","nan","nan"
5040,5.040809,"nan","nan","nan"
5041,5.041810,"nan","nan","nan"
5042,5.042810,"nan","nan","nan"
5043,5.043810,"nan","nan","nan"
5044,5.044809,"nan","nan","nan"
5045,5.045810,"nan","nan","nan"
5046,5.046811,"nan","nan","nan"
5047,5.047811,"nan","nan","nan"
5048,5.048811,"nan","nan","nan"
5049,5.049845,"nan","nan","nan"
5050,5.050809,"nan","nan","nan"
5051,5.051810,"nan","nan","nan"
5052,5.052835,"nan","nan","nan"
5053,5.053832,"nan","nan","nan"
5054,5.054808,"nan","nan","nan"
5055,5.055808,"nan","nan","nan"
5056,5.056808,"nan","nan","nan"
5057,5.057808,"nan","nan","nan"
5058,5.058807,"nan","nan","nan"
5059,5.059810,"nan","nan","nan"
5060,5.060826,"nan","nan","nan"
5061,5.061813,"nan","nan","nan"
5062,5.062813,"nan","nan","nan"
5063,5.063813,"nan","nan","nan"
5064,5.064812,"nan","nan","nan"
5065,5.065812,"nan","nan","nan"
5066,5.066812,"nan","nan","nan"
5067,5.067812,"nan","nan","nan"
5068,5.068811,"nan","nan","nan"
5069,5.069815,"nan","nan","nan"
5070,5.070829,"nan","nan","nan"
5071,5.071816,"nan","nan","nan"
5072,5.072804,"nan","nan","nan"
5073,5.073805,"nan","nan","nan"
5074,5.074807,"nan","nan","nan"
5075,5.075807,"nan","nan","nan"
5076,5.076808,"nan","nan","nan"
5077,5.077807,"nan","nan","nan"
5078,5.078809,"nan","nan","nan"
5079,5.079812,"nan","nan","nan"
5080,5.080813,"nan","nan","nan"
5081,5.081827,"nan","nan","nan"
5082,5.082816,"nan","nan","nan"
5083,5.083815,"nan","nan","nan"
5084,5.084816,"nan","nan","nan"
5085,5.085817,"nan","nan","nan"
5086,5.086806,"nan","nan","nan"
5087,5.087806,"nan","nan","nan"
5088,5.088807,"nan","nan","nan"
5089,5.089811,"nan","nan","nan"
5090,5.090811,"nan","nan","nan"
5091,5.091885,"nan","nan","nan"
5092,5.092810,"nan","nan","nan"
5093,5.093812,"nan","nan","nan"
5094,5.094813,"nan","nan","nan"
5095,5.095814,"nan","nan","nan"
5096,5.096814,"nan","nan","nan"
5097,5.097814,"nan","nan","nan"
5098,5.098815,"nan","nan","nan"
5099,5.099806,"nan","nan","nan"
5100,5.100806,"nan","nan","nan"
5101,5.101806,"nan","nan","nan"
5102,5.102825,"nan","nan","nan"
5103,5.103812,"nan","nan","nan"
5104,5.104812,"nan","nan","nan"
5105,5.105812,"nan","nan","nan"
5106,5.106812,"nan","nan","nan"
5107,5.107829,"nan","nan","nan"
5108,5.108817,"nan","nan","nan"
5109,5.109808,"nan","nan","nan"
5110,5.110808,"nan","nan","nan"
5111,5.111807,"nan","nan","nan"
5112,5.112844,"nan","nan","nan"
5113,5.113806,"nan","nan","nan"
5114,5.114807,"nan","nan","nan"
5115,5.115806,"nan","nan","nan"
5116,5.116808,"nan","nan","nan"
5117,5.117808,"nan","nan","nan"
5118,5.118808,"nan","nan","nan"
5119,5.119811,"nan","nan","nan"
5120,5.120811,"nan","nan","nan"
5121,5.121810,"nan","nan","nan"
5122,5.122811,"nan","nan","nan"
5123,5.123832,"nan","nan","nan"
5124,5.124807,"nan","nan","nan"
5125,5.125807,"nan","nan","nan"
5126,5.126808,"nan","nan","nan"
5127,5.127807,"nan","nan","nan"
5128,5.128808,"nan","nan","nan"
5129,5.129810,"nan","nan","nan"
5130,5.130809,"nan","nan","nan"
5131,5.131810,"nan","nan","nan"
5132,5.132811,"nan","nan","nan"
5133,5.133842,"nan","nan","nan"
5134,5.134816,"nan","nan","nan"
5135,5.135817,"nan","nan","nan"
5136,5.136816,"nan","nan","nan"
5137,5.137817,"nan","nan","nan"
5138,5.138806,"nan","nan","nan"
5139,5.139809,"nan","nan","nan"
5140,5.140809,"nan","nan","nan"
5141,5.141810,"nan","nan","nan"
5142,5.142811,"nan","nan","nan"
5143,5.143812,"nan","nan","nan"
5144,5.144827,"nan","nan","nan"
5145,5.145815,"nan","nan","nan"
5146,5.146817,"nan","nan","nan"
5147,5.147818,"nan","nan","nan"
5148,5.148806,"nan","nan","nan"
5149,5.149809,"nan","nan","nan"
5150,5.150811,"nan","nan","nan"
5151,5.151811,"nan","nan","nan"
5152,5.152812,"nan","nan","nan"
5153,5.153813,"nan","nan","nan"
5154,5.154839,"nan","nan","nan"
5155,5.155815,"nan","nan","nan"
5156,5.156816,"nan","nan","nan"
5157,5.157816,"nan","nan","nan"
5158,5.158817,"nan","nan","nan"
5159,5.159807,"nan","nan","nan"
5160,5.160808,"nan","nan","nan"
5161,5.161808,"nan","nan","nan"
5162,5.162809,"nan","nan","nan"
5163,5.163810,"nan","nan","nan"
5164,5.164810,"nan","nan","nan"
5165,5.165988,"nan","nan","nan"
5166,5.166814,"nan","nan","nan"
5167,5.167814,"nan","nan","nan"
5168,5.168813,"nan","nan","nan"
5169,5.169815,"nan","nan","nan"
5170,5.170816,"nan","nan","nan"
5171,5.171816,"nan","nan","nan"
5172,5.172815,"nan","nan","nan"
5173,5.173816,"nan","nan","nan"
5174,5.174815,"nan","nan","nan"
5175,5.175856,"nan","nan","nan"
5176,5.176807,"nan","nan","nan"
5177,5.177808,"nan","nan","nan"
5178,5.178807,"nan","nan","nan"
5179,5.179811,"nan","nan","nan"
5180,5.180810,"nan","nan","nan"
5181,5.181811,"nan","nan","nan"
5182,5.182811,"nan","nan","nan"
5183,5.183810,"nan","nan","nan"
5184,5.184811,"nan","nan","nan"
5185,5.185811,"nan","nan","nan"
5186,5.186827,"nan","nan","nan"
5187,5.187816,"nan","nan","nan"
5188,5.188814,"nan","nan","nan"
5189,5.189806,"nan","nan","nan"
5190,5.190806,"nan","nan","nan"
5191,5.191806,"nan","nan","nan"
5192,5.192805,"nan","nan","nan"
5193,5.193805,"nan","nan","nan"
5194,5.194818,"nan","nan","nan"
5195,5.195806,"nan","nan","nan"
5196,5.196845,"nan","nan","nan"
5197,5.197814,"nan","nan","nan"
5198,5.198814,"nan","nan","nan"
5199,5.199817,"nan","nan","nan"
5200,5.200817,"nan","nan","nan"
5201,5.201817,"nan","nan","nan"
5202,5.202804,"nan","nan","nan"
5203,5.203817,"nan","nan","nan"
5204,5.204806,"nan","nan","nan"
5205,5.205806,"nan","nan","nan"
5206,5.206806,"nan","nan","nan"
5207,5.207825,"nan","nan","nan"
5208,5.208812,"nan","nan","nan"
5209,5.209817,"nan","nan","nan"
5210,5.210805,"nan","nan","nan"
5211,5.211805,"nan","nan","nan"
5212,5.212806,"nan","nan","nan"
5213,5.213807,"nan","nan","nan"
5214,5.214807,"nan","nan","nan"
5215,5.215808,"nan","nan","nan"
5216,5.216807,"nan","nan","nan"
5217,5.217809,"nan","nan","nan"
5218,5.218830,"nan","nan","nan"
5219,5.219808,"nan","nan","nan"
5220,5.220809,"nan","nan","nan"
5221,5.221809,"nan","nan","nan"
5222,5.222827,"nan","nan","nan"
5223,5.223815,"nan","nan","nan"
5224,5.224816,"nan","nan","nan"
5225,5.225816,"nan","nan","nan"
5226,5.226817,"nan","nan","nan"
5227,5.227817,"nan","nan","nan"
5228,5.228857,"nan","nan","nan"
5229,5.229808,"nan","nan","nan"
5230,5.230808,"nan","nan","nan"
5231,5.231809,"nan","nan","nan"
5232,5.232810,"nan","nan","nan"
5233,5.233809,"nan","nan","nan"
5234,5.234809,"nan","nan","nan"
5235,5.235808,"nan","nan","nan"
5236,5.236809,"nan","nan","nan"
5237,5.237809,"nan","nan","nan"
5238,5.238809,"nan","nan","nan"
5239,5.239830,"nan","nan","nan"
5240,5.240805,"nan","nan","nan"
5241,5.241806,"nan","nan","nan"
5242,5.242805,"nan","nan","nan"
5243,5.243806,"nan","nan","nan"
5244,5.244804,"nan","nan","nan"
5245,5.245806,"nan","nan","nan"
5246,5.246817,"nan","nan","nan"
5247,5.247806,"nan","nan","nan"
5248,5.248805,"nan","nan","nan"
5249,5.249808,"nan","nan","nan"
5250,5.250823,"nan","nan","nan"
5251,5.251811,"nan","nan","nan"
5252,5.252811,"nan","nan","nan"
5253,5.253811,"nan","nan","nan"
5254,5.254811,"nan","nan","nan"
5255,5.255811,"nan","nan","nan"
5256,5.256811,"nan","nan","nan"
5257,5.257811,"nan","nan","nan"
5258,5.258811,"nan","nan","nan"
5259,5.259815,"nan","nan","nan"
5260,5.260884,"nan","nan","nan"
5261,5.261810,"nan","nan","nan"
5262,5.262810,"nan","nan","nan"
5263,5.263810,"nan","nan","nan"
5264,5.264810,"nan","nan","nan"
5265,5.265811,"nan","nan","nan"
5266,5.266811,"nan","nan","nan"
5267,5.267811,"nan","nan","nan"
5268,5.268812,"nan","nan","nan"
5269,5.269816,"nan","nan","nan"
5270,5.270816,"nan","nan","nan"
5271,5.271828,"nan","nan","nan"
5272,5.272817,"nan","nan","nan"
5273,5.273805,"nan","nan","nan"
5274,5.274807,"nan","nan","nan"
5275,5.275808,"nan","nan","nan"
5276,5.276808,"nan","nan","nan"
5277,5.277830,"nan","nan","nan"
5278,5.278808,"nan","nan","nan"
5279,5.279812,"nan","nan","nan"
5280,5.280813,"nan","nan","nan"
5281,5.281878,"nan","nan","nan"
5282,5.282806,"nan","nan","nan"
5283,5.283807,"nan","nan","nan"
5284,5.284808,"nan","nan","nan"
5285,5.285808,"nan","nan","nan"
5286,5.286809,"nan","nan","nan"
5287,5.287809,"nan","nan","nan"
5288,5.288809,"nan","nan","nan"
5289,5.289813,"nan","nan","nan"
5290,5.290814,"nan","nan","nan"
5291,5.291814,"nan","nan","nan"
5292,5.292826,"nan","nan","nan"
5293,5.293813,"nan","nan","nan"
5294,5.294816,"nan","nan","nan"
5295,5.295816,"nan","nan","nan"
5296,5.296805,"nan","nan","nan"
5297,5.297805,"nan","nan","nan"
5298,5.298805,"nan","nan","nan"
5299,5.299808,"nan","nan","nan"
5300,5.300808,"nan","nan","nan"
5301,5.301808,"nan","nan","nan"
5302,5.302834,"nan","nan","nan"
5303,5.303827,"nan","nan","nan"
5304,5.304815,"nan","nan","nan"
5305,5.305815,"nan","nan","nan"
5306,5.306815,"nan","nan","nan"
5307,5.307814,"nan","nan","nan"
5308,5.308814,"nan","nan","nan"
5309,5.309817,"nan","nan","nan"
5310,5.310805,"nan","nan","nan"
5311,5.311804,"nan","nan","nan"
5312,5.312805,"nan","nan","nan"
5313,5.313836,"nan","nan","nan"
5314,5.314810,"nan","nan","nan"
5315,5.315811,"nan","nan","nan"
5316,5.316811,"nan","nan","nan"
5317,5.317811,"nan","nan","nan"
5318,5.318811,"nan","nan","nan"
5319,5.319814,"nan","nan","nan"
5320,5.320814,"nan","nan","nan"
5321,5.321814,"nan","nan","nan"
5322,5.322813,"nan","nan","nan"
5323,5.323813,"nan","nan","nan"
5324,5.324825,"nan","nan","nan"
5325,5.325813,"nan","nan","nan"
5326,5.326813,"nan","nan","nan"
5327,5.327813,"nan","nan","nan"
5328,5.328813,"nan","nan","nan"
5329,5.329816,"nan","nan","nan"
5330,5.330816,"nan","nan","nan"
5331,5.331816,"nan","nan","nan"
5332,5.332815,"nan","nan","nan"
5333,5.333817,"nan","nan","nan"
5334,5.334856,"nan","nan","nan"
5335,5.335825,"nan","nan","nan"
5336,5.336812,"nan","nan","nan"
5337,5.337814,"nan","nan","nan"
5338,5.338814,"nan","nan","nan"
5339,5.339806,"nan","nan","nan"
5340,5.340806,"nan","nan","nan"
5341,5.341808,"nan","nan","nan"
5342,5.342809,"nan","nan","nan"
5343,5.343809,"nan","nan","nan"
5344,5.344810,"nan","nan","nan"
5345,5.345827,"nan","nan","nan"
5346,5.346815,"nan","nan","nan"
5347,5.347817,"nan","nan","nan"
5348,5.348818,"nan","nan","nan"
5349,5.349810,"nan","nan","nan"
5350,5.350810,"nan","nan","nan"
5351,5.351812,"nan","nan","nan"
5352,5.352812,"nan","nan","nan"
5353,5.353813,"nan","nan","nan"
5354,5.354813,"nan","nan","nan"
5355,5.355915,"nan","nan","nan"
5356,5.356811,"nan","nan","nan"
5357,5.357812,"nan","nan","nan"
5358,5.358812,"nan","nan","nan"
5359,5.359816,"nan","nan","nan"
5360,5.360815,"nan","nan","nan"
5361,5.361816,"nan","nan","nan"
5362,5.362817,"nan","nan","nan"
5363,5.363806,"nan","nan","nan"
5364,5.364804,"nan","nan","nan"
5365,5.365805,"nan","nan","nan"
5366,5.366833,"nan","nan","nan"
5367,5.367808,"nan","nan","nan"
5368,5.368808,"nan","nan","nan"
5369,5.369810,"nan","nan","nan"
5370,5.370811,"nan","nan","nan"
5371,5.371811,"nan","nan","nan"
5372,5.372811,"nan","nan","nan"
5373,5.373811,"nan","nan","nan"
5374,5.374810,"nan","nan","nan"
5375,5.375811,"nan","nan","nan"
5376,5.376811,"nan","nan","nan"
5377,5.377824,"nan","nan","nan"
5378,5.378812,"nan","nan","nan"
5379,5.379814,"nan","nan","nan"
5380,5.380815,"nan","nan","nan"
5381,5.381816,"nan","nan","nan"
5382,5.382816,"nan","nan","nan"
5383,5.383816,"nan","nan","nan"
5384,5.384815,"nan","nan","nan"
5385,5.385815,"nan","nan","nan"
5386,5.386815,"nan","nan","nan"
5387,5.387853,"nan","nan","nan"
5388,5.388806,"nan","nan","nan"
5389,5.389811,"nan","nan","nan"
5390,5.390811,"nan","nan","nan"
5391,5.391811,"nan","nan","nan"
5392,5.392820,"nan","nan","nan"
5393,5.393808,"nan","nan","nan"
5394,5.394808,"nan","nan","nan"
5395,5.395808,"nan","nan","nan"
5396,5.396808,"nan","nan","nan"
5397,5.397809,"nan","nan","nan"
5398,5.398822,"nan","nan","nan"
5399,5.399813,"nan","nan","nan"
5400,5.400815,"nan","nan","nan"
5401,5.401815,"nan","nan","nan"
5402,5.402816,"nan","nan","nan"
5403,5.403815,"nan","nan","nan"
5404,5.404816,"nan","nan","nan"
5405,5.405817,"nan","nan","nan"
5406,5.406806,"nan","nan","nan"
5407,5.407805,"nan","nan","nan"
5408,5.408832,"nan","nan","nan"
5409,5.409829,"nan","nan","nan"
5410,5.410806,"nan","nan","nan"
5411,5.411806,"nan","nan","nan"
5412,5.412806,"nan","nan","nan"
5413,5.413807,"nan","nan","nan"
5414,5.414808,"nan","nan","nan"
5415,5.415808,"nan","nan","nan"
5416,5.416809,"nan","nan","nan"
5417,5.417809,"nan","nan","nan"
5418,5.418810,"nan","nan","nan"
5419,5.419843,"nan","nan","nan"
5420,5.420807,"nan","nan","nan"
5421,5.421807,"nan","nan","nan"
5422,5.422808,"nan","nan","nan"
5423,5.423809,"nan","nan","nan"
5424,5.424809,"nan","nan","nan"
5425,5.425810,"nan","nan","nan"
5426,5.426811,"nan","nan","nan"
5427,5.427811,"nan","nan","nan"
5428,5.428812,"nan","nan","nan"
5429,5.429815,"nan","nan","nan"
5430,5.430821,"nan","nan","nan"
5431,5.431808,"nan","nan","nan"
5432,5.432809,"nan","nan","nan"
5433,5.433810,"nan","nan","nan"
5434,5.434809,"nan","nan","nan"
5435,5.435810,"nan","nan","nan"
5436,5.436809,"nan","nan","nan"
5437,5.437810,"nan","nan","nan"
5438,5.438810,"nan","nan","nan"
5439,5.439813,"nan","nan","nan"
5440,5.440920,"nan","nan","nan"
5441,5.441807,"nan","nan","nan"
5442,5.442808,"nan","nan","nan"
5443,5.443824,"nan","nan","nan"
5444,5.444813,"nan","nan","nan"
5445,5.445813,"nan","nan","nan"
5446,5.446812,"nan","nan","nan"
5447,5.447813,"nan","nan","nan"
5448,5.448813,"nan","nan","nan"
5449,5.449815,"nan","nan","nan"
5450,5.450815,"nan","nan","nan"
5451,5.451829,"nan","nan","nan"
5452,5.452817,"nan","nan","nan"
5453,5.453818,"nan","nan","nan"
5454,5.454806,"nan","nan","nan"
5455,5.455805,"nan","nan","nan"
5456,5.456805,"nan","nan","nan"
5457,5.457818,"nan","nan","nan"
5458,5.458806,"nan","nan","nan"
5459,5.459809,"nan","nan","nan"
5460,5.460809,"nan","nan","nan"
5461,5.461859,"nan","nan","nan"
5462,5.462808,"nan","nan","nan"
5463,5.463809,"nan","nan","nan"
5464,5.464810,"nan","nan","nan"
5465,5.465810,"nan","nan","nan"
5466,5.466811,"nan","nan","nan"
5467,5.467811,"nan","nan","nan"
5468,5.468811,"nan","nan","nan"
5469,5.469815,"nan","nan","nan"
5470,5.470814,"nan","nan","nan"
5471,5.471816,"nan","nan","nan"
5472,5.472828,"nan","nan","nan"
5473,5.473806,"nan","nan","nan"
5474,5.474806,"nan","nan","nan"
5475,5.475807,"nan","nan","nan"
5476,5.476807,"nan","nan","nan"
5477,5.477808,"nan","nan","nan"
5478,5.478809,"nan","nan","nan"
5479,5.479811,"nan","nan","nan"
5480,5.480812,"nan","nan","nan"
5481,5.481814,"nan","nan","nan"
5482,5.482833,"nan","nan","nan"
5483,5.483810,"nan","nan","nan"
5484,5.484810,"nan","nan","nan"
5485,5.485812,"nan","nan","nan"
5486,5.486813,"nan","nan","nan"
5487,5.487814,"nan","nan","nan"
5488,5.488814,"nan","nan","nan"
5489,5.489805,"nan","nan","nan"
5490,5.490806,"nan","nan","nan"
5491,5.491806,"nan","nan","nan"
5492,5.492807,"nan","nan","nan"
5493,5.493821,"nan","nan","nan"
5494,5.494809,"nan","nan","nan"
5495,5.495808,"nan","nan","nan"
5496,5.496808,"nan","nan","nan"
5497,5.497808,"nan","nan","nan"
5498,5.498807,"nan","nan","nan"
5499,5.499827,"nan","nan","nan"
5500,5.500815,"nan","nan","nan"
5501,5.501814,"nan","nan","nan"
5502,5.502815,"nan","nan","nan"
5503,5.503821,"nan","nan","nan"
5504,5.504808,"nan","nan","nan"
5505,5.505808,"nan","nan","nan"
5506,5.506808,"nan","nan","nan"
5507,5.507809,"nan","nan","nan"
5508,5.508808,"nan","nan","nan"
5509,5.509812,"nan","nan","nan"
5510,5.510811,"nan","nan","nan"
5511,5.511812,"nan","nan","nan"
5512,5.512811,"nan","nan","nan"
5513,5.513837,"nan","nan","nan"
5514,5.514821,"nan","nan","nan"
5515,5.515809,"nan","nan","nan"
5516,5.516809,"nan","nan","nan"
5517,5.517809,"nan","nan","nan"
5518,5.518809,"nan","nan","nan"
5519,5.519813,"nan","nan","nan"
5520,5.520813,"nan","nan","nan"
5521,5.521813,"nan","nan","nan"
5522,5.522813,"nan","nan","nan"
5523,5.523813,"nan","nan","nan"
5524,5.524824,"nan","nan","nan"
5525,5.525817,"nan","nan","nan"
5526,5.526804,"nan","nan","nan"
5527,5.527805,"nan","nan","nan"
5528,5.528817,"nan","nan","nan"
5529,5.529808,"nan","nan","nan"
5530,5.530809,"nan","nan","nan"
5531,5.531810,"nan","nan","nan"
5532,5.532810,"nan","nan","nan"
5533,5.533811,"nan","nan","nan"
5534,5.534811,"nan","nan","nan"
5535,5.535822,"nan","nan","nan"
5536,5.536814,"nan","nan","nan"
5537,5.537814,"nan","nan","nan"
5538,5.538815,"nan","nan","nan"
5539,5.539806,"nan","nan","nan"
5540,5.540807,"nan","nan","nan"
5541,5.541807,"nan","nan","nan"
5542,5.542808,"nan","nan","nan"
5543,5.543809,"nan","nan","nan"
5544,5.544809,"nan","nan","nan"
5545,5.545874,"nan","nan","nan"
5546,5.546816,"nan","nan","nan"
5547,5.547817,"nan","nan","nan"
5548,5.548818,"nan","nan","nan"
5549,5.549810,"nan","nan","nan"
5550,5.550810,"nan","nan","nan"
5551,5.551810,"nan","nan","nan"
5552,5.552811,"nan","nan","nan"
5553,5.553812,"nan","nan","nan"
5554,5.554812,"nan","nan","nan"
5555,5.555813,"nan","nan","nan"
5556,5.556824,"nan","nan","nan"
5557,5.557820,"nan","nan","nan"
5558,5.558809,"nan","nan","nan"
5559,5.559813,"nan","nan","nan"
5560,5.560812,"nan","nan","nan"
5561,5.561811,"nan","nan","nan"
5562,5.562811,"nan","nan","nan"
5563,5.563811,"nan","nan","nan"
5564,5.564811,"nan","nan","nan"
5565,5.565810,"nan","nan","nan"
5566,5.566811,"nan","nan","nan"
5567,5.567830,"nan","nan","nan"
5568,5.568817,"nan","nan","nan"
5569,5.569808,"nan","nan","nan"
5570,5.570808,"nan","nan","nan"
5571,5.571808,"nan","nan","nan"
5572,5.572808,"nan","nan","nan"
5573,5.573809,"nan","nan","nan"
5574,5.574809,"nan","nan","nan"
5575,5.575809,"nan","nan","nan"
5576,5.576809,"nan","nan","nan"
5577,5.577827,"nan","nan","nan"
5578,5.578814,"nan","nan","nan"
5579,5.579805,"nan","nan","nan"
5580,5.580806,"nan","nan","nan"
5581,5.581806,"nan","nan","nan"
5582,5.582806,"nan","nan","nan"
5583,5.583807,"nan","nan","nan"
5584,5.584806,"nan","nan","nan"
5585,5.585806,"nan","nan","nan"
5586,5.586806,"nan","nan","nan"
5587,5.587832,"nan","nan","nan"
5588,5.588827,"nan","nan","nan"
5589,5.589806,"nan","nan","nan"
5590,5.590817,"nan","nan","nan"
5591,5.591805,"nan","nan","nan"
5592,5.592805,"nan","nan","nan"
5593,5.593804,"nan","nan","nan"
5594,5.594805,"nan","nan","nan"
5595,5.595818,"nan","nan","nan"
5596,5.596806,"nan","nan","nan"
5597,5.597807,"nan","nan","nan"
5598,5.598829,"nan","nan","nan"
5599,5.599807,"nan","nan","nan"
5600,5.600809,"nan","nan","nan"
5601,5.601809,"nan","nan","nan"
5602,5.602810,"nan","nan","nan"
5603,5.603809,"nan","nan","nan"
5604,5.604811,"nan","nan","nan"
5605,5.605812,"nan","nan","nan"
5606,5.606812,"nan","nan","nan"
5607,5.607813,"nan","nan","nan"
5608,5.608814,"nan","nan","nan"
5609,5.609822,"nan","nan","nan"
5610,5.610809,"nan","nan","nan"
5611,5.611810,"nan","nan","nan"
5612,5.612810,"nan","nan","nan"
5613,5.613810,"nan","nan","nan"
5614,5.614812,"nan","nan","nan"
5615,5.615813,"nan","nan","nan"
5616,5.616813,"nan","nan","nan"
5617,5.617813,"nan","nan","nan"
5618,5.618813,"nan","nan","nan"
5619,5.619824,"nan","nan","nan"
5620,5.620811,"nan","nan","nan"
5621,5.621813,"nan","nan","nan"
5622,5.622813,"nan","nan","nan"
5623,5.623813,"nan","nan","nan"
5624,5.624814,"nan","nan","nan"
5625,5.625814,"nan","nan","nan"
5626,5.626814,"nan","nan","nan"
5627,5.627814,"nan","nan","nan"
5628,5.628812,"nan","nan","nan"
5629,5.629816,"nan","nan","nan"
5630,5.630824,"nan","nan","nan"
5631,5.631813,"nan","nan","nan"
5632,5.632811,"nan","nan","nan"
5633,5.633813,"nan","nan","nan"
5634,5.634813,"nan","nan","nan"
5635,5.635813,"nan","nan","nan"
5636,5.636813,"nan","nan","nan"
5637,5.637812,"nan","nan","nan"
5638,5.638813,"nan","nan","nan"
5639,5.639816,"nan","nan","nan"
5640,5.640832,"nan","nan","nan"
5641,5.641806,"nan","nan","nan"
5642,5.642808,"nan","nan","nan"
5643,5.643808,"nan","nan","nan"
5644,5.644808,"nan","nan","nan"
5645,5.645808,"nan","nan","nan"
5646,5.646807,"nan","nan","nan"
5647,5.647808,"nan","nan","nan"
5648,5.648809,"nan","nan","nan"
5649,5.649811,"nan","nan","nan"
5650,5.650812,"nan","nan","nan"
5651,5.651826,"nan","nan","nan"
5652,5.652814,"nan","nan","nan"
5653,5.653815,"nan","nan","nan"
5654,5.654814,"nan","nan","nan"
5655,5.655814,"nan","nan","nan"
5656,5.656815,"nan","nan","nan"
5657,5.657814,"nan","nan","nan"
5658,5.658814,"nan","nan","nan"
5659,5.659805,"nan","nan","nan"
5660,5.660805,"nan","nan","nan"
5661,5.661838,"nan","nan","nan"
5662,5.662814,"nan","nan","nan"
5663,5.663815,"nan","nan","nan"
5664,5.664815,"nan","nan","nan"
5665,5.665831,"nan","nan","nan"
5666,5.666807,"nan","nan","nan"
5667,5.667808,"nan","nan","nan"
5668,5.668808,"nan","nan","nan"
5669,5.669812,"nan","nan","nan"
5670,5.670813,"nan","nan","nan"
5671,5.671813,"nan","nan","nan"
5672,5.672827,"nan","nan","nan"
5673,5.673815,"nan","nan","nan"
5674,5.674815,"nan","nan","nan"
5675,5.675816,"nan","nan","nan"
5676,5.676816,"nan","nan","nan"
5677,5.677818,"nan","nan","nan"
5678,5.678806,"nan","nan","nan"
5679,5.679810,"nan","nan","nan"
5680,5.680810,"nan","nan","nan"
5681,5.681811,"nan","nan","nan"
5682,5.682824,"nan","nan","nan"
5683,5.683812,"nan","nan","nan"
5684,5.684813,"nan","nan","nan"
5685,5.685813,"nan","nan","nan"
5686,5.686814,"nan","nan","nan"
5687,5.687815,"nan","nan","nan"
5688,5.688816,"nan","nan","nan"
5689,5.689806,"nan","nan","nan"
5690,5.690808,"nan","nan","nan"
5691,5.691807,"nan","nan","nan"
5692,5.692807,"nan","nan","nan"
5693,5.693822,"nan","nan","nan"
5694,5.694809,"nan","nan","nan"
5695,5.695810,"nan","nan","nan"
5696,5.696810,"nan","nan","nan"
5697,5.697810,"nan","nan","nan"
5698,5.698810,"nan","nan","nan"
5699,5.699812,"nan","nan","nan"
5700,5.700813,"nan","nan","nan"
5701,5.701814,"nan","nan","nan"
5702,5.702814,"nan","nan","nan"
5703,5.703827,"nan","nan","nan"
5704,5.704814,"nan","nan","nan"
5705,5.705815,"nan","nan","nan"
5706,5.706815,"nan","nan","nan"
5707,5.707815,"nan","nan","nan"
5708,5.708815,"nan","nan","nan"
5709,5.709806,"nan","nan","nan"
5710,5.710806,"nan","nan","nan"
5711,5.711806,"nan","nan","nan"
5712,5.712806,"nan","nan","nan"
5713,5.713806,"nan","nan","nan"
5714,5.714827,"nan","nan","nan"
5715,5.715814,"nan","nan","nan"
5716,5.716814,"nan","nan","nan"
5717,5.717814,"nan","nan","nan"
5718,5.718814,"nan","nan","nan"
5719,5.719825,"nan","nan","nan"
5720,5.720813,"nan","nan","nan"
5721,5.721813,"nan","nan","nan"
5722,5.722813,"nan","nan","nan"
5723,5.723811,"nan","nan","nan"
5724,5.724829,"nan","nan","nan"
5725,5.725816,"nan","nan","nan"
5726,5.726805,"nan","nan","nan"
5727,5.727805,"nan","nan","nan"
5728,5.728807,"nan","nan","nan"
5729,5.729811,"nan","nan","nan"
5730,5.730811,"nan","nan","nan"
5731,5.731812,"nan","nan","nan"
5732,5.732812,"nan","nan","nan"
5733,5.733812,"nan","nan","nan"
5734,5.734838,"nan","nan","nan"
5735,5.735833,"nan","nan","nan"
5736,5.736810,"nan","nan","nan"
5737,5.737809,"nan","nan","nan"
5738,5.738811,"nan","nan","nan"
5739,5.739814,"nan","nan","nan"
5740,5.740815,"nan","nan","nan"
5741,5.741816,"nan","nan","nan"
5742,5.742816,"nan","nan","nan"
5743,5.743816,"nan","nan","nan"
5744,5.744817,"nan","nan","nan"
5745,5.745828,"nan","nan","nan"
5746,5.746816,"nan","nan","nan"
5747,5.747817,"nan","nan","nan"
5748,5.748817,"nan","nan","nan"
5749,5.749808,"nan","nan","nan"
5750,5.750809,"nan","nan","nan"
5751,5.751808,"nan","nan","nan"
5752,5.752810,"nan","nan","nan"
5753,5.753811,"nan","nan","nan"
5754,5.754811,"nan","nan","nan"
5755,5.755812,"nan","nan","nan"
5756,5.756822,"nan","nan","nan"
5757,5.757809,"nan","nan","nan"
5758,5.758809,"nan","nan","nan"
5759,5.759812,"nan","nan","nan"
5760,5.760812,"nan","nan","nan"
5761,5.761811,"nan","nan","nan"
5762,5.762812,"nan","nan","nan"
5763,5.763812,"nan","nan","nan"
5764,5.764812,"nan","nan","nan"
5765,5.765812,"nan","nan","nan"
5766,5.766927,"nan","nan","nan"
5767,5.767815,"nan","nan","nan"
5768,5.768816,"nan","nan","nan"
5769,5.769807,"nan","nan","nan"
5770,5.770806,"nan","nan","nan"
5771,5.771807,"nan","nan","nan"
5772,5.772808,"nan","nan","nan"
5773,5.773807,"nan","nan","nan"
5774,5.774808,"nan","nan","nan"
5775,5.775807,"nan","nan","nan"
5776,5.776808,"nan","nan","nan"
5777,5.777832,"nan","nan","nan"
5778,5.778806,"nan","nan","nan"
5779,5.779829,"nan","nan","nan"
5780,5.780805,"nan","nan","nan"
5781,5.781805,"nan","nan","nan"
5782,5.782805,"nan","nan","nan"
5783,5.783805,"nan","nan","nan"
5784,5.784805,"nan","nan","nan"
5785,5.785805,"nan","nan","nan"
5786,5.786806,"nan","nan","nan"
5787,5.787895,"nan","nan","nan"
5788,5.788811,"nan","nan","nan"
5789,5.789815,"nan","nan","nan"
5790,5.790813,"nan","nan","nan"
5791,5.791815,"nan","nan","nan"
5792,5.792815,"nan","nan","nan"
5793,5.793815,"nan","nan","nan"
5794,5.794816,"nan","nan","nan"
5795,5.795815,"nan","nan","nan"
5796,5.796817,"nan","nan","nan"
5797,5.797805,"nan","nan","nan"
5798,5.798831,"nan","nan","nan"
5799,5.799809,"nan","nan","nan"
5800,5.800812,"nan","nan","nan"
5801,5.801812,"nan","nan","nan"
5802,5.802813,0.499623686,0.499825358,0.500376344
5803,5.803814,0.499372333,0.499708712,0.500627697
5804,5.804814,0.49912262,0.499592811,0.50087738
5805,5.805814,0.498871058,0.499476075,0.501128972
5806,5.806815,0.498620152,0.499359608,0.501379848
5807,5.807815,0.49830392,0.499212861,0.50169611
5808,5.808840,0.498054177,0.49909693,0.501945794
5809,5.809823,0.497804791,0.498981178,0.502195179
5810,5.810811,0.497553945,0.4988648,0.502446055
5811,5.811812,0.497303069,0.498748362,0.502696931
5812,5.812812,0.497054487,0.498632967,0.502945483
5813,5.813813,0.49673602,0.498485178,0.50326395
5814,5.814812,0.496487707,0.498369932,0.503512263
5815,5.815814,0.496239781,0.498254865,0.503760219
5816,5.816815,0.495985955,0.498137087,0.504014075
5817,5.817815,0.495731771,0.498019129,0.504268289
5818,5.818816,0.495484203,0.497904211,0.504515767
5819,5.819874,0.495170623,0.497758687,0.504829407
5820,5.820812,0.49491176,0.497638524,0.50508821
5821,5.821813,0.494668901,0.497525841,0.505331099
5822,5.822813,0.494422376,0.4974114,0.505577564
5823,5.823813,0.494167179,0.497292995,0.505832851
5824,5.824811,0.493916303,0.497176558,0.506083727
5825,5.825812,0.493602723,0.497031003,0.506397247
5826,5.826812,0.493346691,0.496912211,0.506653368
5827,5.827812,0.493106425,0.496800691,0.506893575
5828,5.828810,0.492850184,0.49668175,0.507149816
5829,5.829815,0.492599368,0.496565372,0.507400692
5830,5.830823,0.492285818,0.496448904,0.507651448
5831,5.831812,0.4920412,0.4963063,0.50795877
5832,5.832812,0.491771251,0.496181011,0.508228719
5833,5.833811,0.491533339,0.496070594,0.508466661
5834,5.834812,0.491275728,0.495951056,0.508724272
5835,5.835813,0.491031766,0.495837837,0.508968294
5836,5.836812,0.490780979,0.49572143,0.50921905
5837,5.837821,0.490460038,0.495572478,0.509539962
5838,5.838808,0.490216762,0.495459586,0.509783268
5839,5.839812,0.489973843,0.495346844,0.510026157
5840,5.840851,0.489715278,0.49522683,0.510284722
5841,5.841806,0.489472806,0.495114326,0.510527194
5842,5.842806,0.489213854,0.494994134,0.510786116
5843,5.843806,0.48889184,0.494844705,0.511036813
5844,5.844806,0.488632053,0.494724125,0.511367977
5845,5.845807,0.488417357,0.494624466,0.511582613
5846,5.846807,0.488157868,0.494504035,0.511842132
5847,5.847806,0.487916917,0.494392216,0.512083054
5848,5.848806,0.4876571,0.494271636,0.51234287
5849,5.849809,0.487324357,0.49411723,0.512593269
5850,5.850809,0.487063497,0.493996143,0.512936473
5851,5.851833,0.486833274,0.493889302,0.513166726
5852,5.852807,0.486582845,0.493773073,0.513417184
5853,5.853808,0.486332417,0.493656844,0.513667583
5854,5.854808,0.486092925,0.493545711,0.513907075
5855,5.855809,0.485769123,0.493395418,0.514157236
5856,5.856809,0.485552788,0.493295014,0.514447212
5857,5.857809,0.485268593,0.493163139,0.514731407
5858,5.858810,0.485030144,0.493052483,0.514969885
5859,5.859814,0.484780163,0.492936462,0.515219867
5860,5.860814,0.484518111,0.492814809,0.51548183
5861,5.861815,0.484217912,0.492675513,0.515782058
5862,5.862828,0.483955562,0.492553741,0.516044378
5863,5.863816,0.48370564,0.49243775,0.51629436
5864,5.864817,0.483481646,0.4923338,0.516518354
5865,5.865806,0.483192801,0.492199749,0.516807199
5866,5.866805,0.482956201,0.492089927,0.517043769
5867,5.867806,0.482644111,0.491945088,0.517293453
5868,5.868806,0.48236692,0.491816461,0.51763308
5869,5.869810,0.482117027,0.49170047,0.517882943
5870,5.870811,0.481895596,0.491597712,0.518104374
5871,5.871810,0.48164627,0.491482019,0.51835376
5872,5.872830,0.481334656,0.491366297,0.518603027
5873,5.873817,0.481100321,0.49122864,0.518899679
5874,5.874807,0.480836451,0.491106182,0.519163549
5875,5.875806,0.480557054,0.490976512,0.519442976
5876,5.876808,0.480323195,0.490867972,0.519676805
5877,5.877809,0.480089843,0.490759671,0.519910157
5878,5.878809,0.479841232,0.490644306,0.520158827
5879,5.879813,0.479530573,0.490500122,0.520407319
5880,5.880813,0.479265898,0.490377247,0.520734072
5881,5.881813,0.479017437,0.490261942,0.520982504
5882,5.882815,0.478769124,0.490146726,0.521230936
5883,5.883830,0.478537709,0.490039319,0.521462262
5884,5.884807,0.478289872,0.489924312,0.521710157
5885,5.885807,0.477997422,0.489788562,0.521957874
5886,5.886809,0.47769773,0.489649475,0.52230227
5887,5.887810,0.47748524,0.489550859,0.52251476
5888,5.888809,0.477220148,0.489427835,0.522779822
5889,5.889811,0.476990938,0.48932147,0.523009062
5890,5.890811,0.476682305,0.489215314,0.523237824
5891,5.891822,0.476454049,0.489072293,0.52354598
5892,5.892810,0.476189107,0.488949329,0.523810923
5893,5.893837,0.475961566,0.488843709,0.524038374
5894,5.894812,0.475715637,0.488729596,0.524284363
5895,5.895811,0.475431442,0.488597691,0.524568558
5896,5.896812,0.475204915,0.488492548,0.524795055
5897,5.897812,0.47487843,0.488341063,0.525040567
5898,5.898811,0.474652797,0.488236308,0.525347173
5899,5.899814,0.474447787,0.488141179,0.525552213
5900,5.900813,0.4741427,0.487999588,0.52585727
5901,5.901814,0.473918438,0.487895519,0.526081622
5902,5.902814,0.473674089,0.487782121,0.526325941
5903,5.903814,0.473389864,0.487650186,0.526569963
5904,5.904831,0.473104239,0.487517625,0.526895761
5905,5.905807,0.472881854,0.487414449,0.527118206
5906,5.906807,0.472638607,0.487301528,0.527361393
5907,5.907807,0.472417295,0.48719883,0.527582705
5908,5.908807,0.472174883,0.487086326,0.527825117
5909,5.909809,0.471806079,0.486915171,0.528111279
5910,5.910810,0.471563756,0.486802697,0.528436244
5911,5.911811,0.471366644,0.486711204,0.528633356
5912,5.912811,0.471102715,0.486588717,0.528897285
5913,5.913811,0.470861584,0.486476809,0.529138386
5914,5.914827,0.470583677,0.486386389,0.529333234
5915,5.915814,0.4703435,0.486236364,0.529596508
5916,5.916815,0.470056772,0.486103296,0.529943228
5917,5.917815,0.469864249,0.486013949,0.530135751
5918,5.918815,0.469625205,0.485903025,0.530374825
5919,5.919805,0.469434381,0.485814452,0.530565619
5920,5.920817,0.469099849,0.485659182,0.530900121
5921,5.921818,0.468875349,0.485554993,0.531124651
5922,5.922806,0.468613654,0.485433549,0.531386375
5923,5.923805,0.468327135,0.485300571,0.531672835
5924,5.924807,0.4681153,0.485202253,0.53188467
5925,5.925820,0.46790427,0.485104322,0.53209573
5926,5.926810,0.46764338,0.484983236,0.53235662
5927,5.927811,0.467374951,0.484858662,0.532566369
5928,5.928812,0.467166185,0.484761775,0.532833815
5929,5.929814,0.46688059,0.484629214,0.53311938
5930,5.930816,0.466673106,0.484532952,0.533326924
5931,5.931817,0.466413856,0.48441264,0.533586204
5932,5.932806,0.466207743,0.484316945,0.533792257
5933,5.933806,0.465918005,0.484182477,0.53402406
5934,5.934807,0.465686858,0.484075218,0.534313142
5935,5.935823,0.465483338,0.483980775,0.534516692
5936,5.936812,0.465226233,0.483861417,0.534773707
5937,5.937813,0.464996874,0.483754992,0.535003126
5938,5.938812,0.464740485,0.483636022,0.535259545
5939,5.939817,0.464482933,0.483516484,0.535432398
5940,5.940818,0.464199513,0.483384937,0.535800517
5941,5.941807,0.464028805,0.483305693,0.535971165
5942,5.942806,0.463774413,0.483187646,0.536225557
5943,5.943808,0.46357739,0.483096212,0.53642261
5944,5.944830,0.463354021,0.482991904,0.53664726
5945,5.945805,0.463101715,0.482875437,0.536898255
5946,5.946823,0.462907851,0.482785493,0.537092209
5947,5.947812,0.462656587,0.482668877,0.537343442
5948,5.948811,0.462405741,0.482552439,0.537594259
5949,5.949816,0.462184936,0.482449979,0.537815094
5950,5.950816,0.461935043,0.482333988,0.538064957
5951,5.951817,0.461720884,0.482234597,0.53825438
5952,5.952817,0.46147266,0.482119411,0.538527369
5953,5.953804,0.461285532,0.482032537,0.538714409
5954,5.954816,0.461038649,0.481917977,0.538961351
5955,5.955816,0.46082297,0.481817901,0.53917706
5956,5.956842,0.46055451,0.481703818,0.53942275
5957,5.957816,0.460340828,0.481594115,0.539574862
5958,5.958816,0.460159183,0.481509805,0.539840817
5959,5.959807,0.459947497,0.481411576,0.540052533
5960,5.960808,0.459705174,0.481299102,0.540294826
5961,5.961806,0.459463477,0.481186926,0.540536523
5962,5.962808,0.459286213,0.481104672,0.540713787
5963,5.963808,0.459058493,0.480998993,0.54088974
5964,5.964808,0.458787382,0.480873168,0.541212618
5965,5.965809,0.458581567,0.480777651,0.541418433
5966,5.966807,0.458409339,0.480697721,0.541590691
5967,5.967823,0.458238482,0.480618417,0.541761518
5968,5.968811,0.458003342,0.480509281,0.541996717
5969,5.969815,0.457751781,0.480392545,0.542165041
5970,5.970815,0.457551807,0.480299711,0.542448163
5971,5.971814,0.457319558,0.480191916,0.542680383
5972,5.972814,0.457155377,0.480115741,0.542844594
5973,5.973814,0.456992567,0.480040163,0.543007374
5974,5.974814,0.456763655,0.479933947,0.543236375
5975,5.975814,0.456521332,0.479821473,0.543430328
5976,5.976814,0.456260353,0.479700357,0.543739617
5977,5.977828,0.456172049,0.479659379,0.543827951
5978,5.978815,0.455982327,0.479571342,0.544017673
5979,5.979807,0.455793887,0.479483873,0.544206142
5980,5.980805,0.455606788,0.479397029,0.544393182
5981,5.981807,0.455339909,0.47927317,0.544613838
5982,5.982807,0.4551557,0.479187697,0.54484427
5983,5.983807,0.454972953,0.47910288,0.545027018
5984,5.984807,0.454827011,0.479035139,0.545172989
5985,5.985806,0.454576105,0.478918701,0.545423925
5986,5.986807,0.454468906,0.478868932,0.545531034
5987,5.987808,0.454212308,0.478749871,0.545707941
5988,5.988823,0.454037219,0.4786686,0.545962811
5989,5.989815,0.45386368,0.478588045,0.54613632
5990,5.990815,0.453691691,0.478508234,0.546308279
5991,5.991815,0.453521281,0.478429139,0.546478689
5992,5.992816,0.453389049,0.478367776,0.546610951
5993,5.993817,0.453180552,0.478271037,0.54681462
5994,5.994817,0.45290494,0.478143096,0.54709506
5995,5.995805,0.452815324,0.478101492,0.547184646
5996,5.996806,0.452653706,0.478026509,0.547346294
5997,5.997807,0.452456474,0.477934986,0.547543526
5998,5.998846,0.452296138,0.47786057,0.54762727
5999,5.999814,0.452140152,0.47778818,0.547858536
6000,6.000815,0.452023536,0.477734029,0.547976434
6001,6.001815,0.451833636,0.477645934,0.548166394
6002,6.002816,0.451683074,0.477576017,0.548316896
6003,6.003816,0.45153448,0.477507055,0.54846549
6004,6.004832,0.451351374,0.477421343,0.548650324
6005,6.005808,0.451207012,0.477355093,0.548757017
6006,6.006809,0.451064676,0.477289051,0.548935354
6007,6.007809,0.450924367,0.477223933,0.549075663
6008,6.008810,0.450786054,0.477159739,0.549213946
6009,6.009831,0.450611055,0.477078527,0.549389005
6010,6.010806,0.450437903,0.47699815,0.549562097
6011,6.011808,0.450311691,0.476939559,0.549616635
6012,6.012809,0.450221092,0.476897538,0.549778938
6013,6.013810,0.450054705,0.47682032,0.549945354
6014,6.014809,0.449929416,0.476762146,0.550070584
6015,6.015811,0.449845731,0.476723343,0.550154328
6016,6.016812,0.449724942,0.476667255,0.550275028
6017,6.017812,0.449577242,0.47659871,0.550393462
6018,6.018813,0.449382395,0.47650829,0.550617576
6019,6.019879,0.449387968,0.476510853,0.550611973
6020,6.020809,0.44919765,0.476422548,0.55080235
6021,6.021811,0.44908908,0.476372153,0.55091095
6022,6.022810,0.44902283,0.476341397,0.550977111
6023,6.023810,0.448973536,0.476318538,0.551040888
6024,6.024809,0.448752791,0.476216078,0.55124718
6025,6.025810,0.448694825,0.476189166,0.551305115
6026,6.026810,0.448599368,0.47614488,0.551400602
6027,6.027810,0.448546529,0.476120383,0.551453531
6028,6.028810,0.448415816,0.476059705,0.551584184
6029,6.029812,0.448306501,0.476008981,0.551753044
6030,6.030833,0.448262513,0.475988537,0.551737428
6031,6.031807,0.448099434,0.475912869,0.551900506
6032,6.032808,0.448061049,0.475895047,0.551939011
6033,6.033806,0.447984606,0.475859582,0.552015424
6034,6.034808,0.447870165,0.475806445,0.552129805
6035,6.035807,0.447823018,0.47578457,0.552159786
6036,6.036807,0.447755784,0.475753367,0.552244186
6037,6.037807,0.447732389,0.475742519,0.552267671
6038,6.038806,0.447547734,0.475656807,0.552452207
6039,6.039810,0.447530299,0.475648731,0.552469671
6040,6.040913,0.447420001,0.475597531,0.552579999
6041,6.041818,0.447409302,0.475592554,0.552536845
6042,6.042807,0.447360575,0.475569963,0.552639425
6043,6.043806,0.447355926,0.475567788,0.552644014
6044,6.044806,0.447313309,0.475548029,0.552686691
6045,6.045806,0.44727394,0.47552976,0.55272609
6046,6.046807,0.447237521,0.475512862,0.552762508
6047,6.047805,0.447113752,0.475516617,0.552754402
6048,6.048807,0.447084516,0.475441843,0.552915454
6049,6.049810,0.447141498,0.475468278,0.552858472
6050,6.050810,0.447118908,0.475457788,0.552881062
6051,6.051823,0.44705835,0.475429714,0.55294168
6052,6.052811,0.447166502,0.475479871,0.552833438
6053,6.053811,0.447110176,0.475453764,0.552970111
6054,6.054812,0.447060436,0.475430667,0.552939594
6055,6.055813,0.447097182,0.475447714,0.552902818
6056,6.056813,0.447095871,0.475447118,0.552904129
6057,6.057814,0.447056681,0.475428909,0.552943289
6058,6.058813,0.447103947,0.475450873,0.552896082
6059,6.059805,0.447033405,0.475455225,0.552886665
6060,6.060806,0.447130084,0.475462973,0.552869916
6061,6.061933,0.447106391,0.475452006,0.552893639
6062,6.062825,0.447168946,0.475481004,0.552830994
6063,6.063813,0.447111338,0.475454301,0.552888691
6064,6.064814,0.447140127,0.475467652,0.552859902
6065,6.065814,0.447264105,0.4755252,0.552703321
6066,6.066815,0.447218865,0.47550419,0.552781105
6067,6.067815,0.447301477,0.475542545,0.552698553
6068,6.068815,0.447346538,0.475563467,0.552653491
6069,6.069806,0.447395831,0.475586325,0.552604198
6070,6.070807,0.44744879,0.475610912,0.55255121
6071,6.071806,0.447520792,0.475637376,0.552494168
6072,6.072825,0.447541773,0.475654066,0.552458286
6073,6.073813,0.447649002,0.475703806,0.552350998
6074,6.074814,0.447719157,0.47573638,0.552280843
6075,6.075814,0.447834611,0.475789964,0.552165389
6076,6.076815,0.447913021,0.475826353,0.552087009
6077,6.077814,0.4479765,0.475855827,0.552044988
6078,6.078816,0.448105127,0.475915492,0.551894844
6079,6.079807,0.448156834,0.475939482,0.551843107
6080,6.080808,0.448213011,0.475965559,0.551786959
6081,6.081807,0.448395103,0.476050079,0.551604867
6082,6.082924,0.448446691,0.47607401,0.551553249
6083,6.083809,0.44863829,0.476131201,0.551430166
6084,6.084810,0.448673368,0.476179242,0.551326632
6085,6.085809,0.448873401,0.476272076,0.551126659
6086,6.086808,0.448957622,0.476311147,0.551042378
6087,6.087809,0.449086666,0.47637102,0.550913274
6088,6.088809,0.449220002,0.47643292,0.550779998
6089,6.089812,0.4493936,0.476513505,0.550641775
6090,6.090812,0.449497759,0.476561815,0.550502181
6091,6.091811,0.449725389,0.476667464,0.550274611
6092,6.092812,0.449800074,0.476702154,0.550199986
6093,6.093822,0.450075567,0.476829976,0.549924374
6094,6.094810,0.450160205,0.476869285,0.549839795
6095,6.095810,0.45037058,0.476966918,0.549633265
6096,6.096809,0.450544268,0.477047503,0.549455702
6097,6.097810,0.450799912,0.477166176,0.549200118
6098,6.098809,0.450982988,0.477251142,0.549017072
6099,6.099813,0.451132983,0.477320731,0.548866987
6100,6.100812,0.451288074,0.477392733,0.548711956
6101,6.101812,0.451536953,0.477508217,0.548551559
6102,6.102812,0.451703668,0.477585584,0.548296332
6103,6.103943,0.451951236,0.477700472,0.548048735
6104,6.104808,0.45216617,0.47780025,0.54783386
6105,6.105808,0.45238623,0.477902353,0.54761374
6106,6.106808,0.452611238,0.47800678,0.547388732
6107,6.107808,0.452973485,0.478130877,0.547121346
6108,6.108808,0.453136772,0.478250682,0.546863198
6109,6.109812,0.453342319,0.478346109,0.546657681
6110,6.110810,0.453626245,0.478477865,0.546373785
6111,6.111811,0.453842819,0.478578389,0.546157181
6112,6.112811,0.454166353,0.478731573,0.545827091
6113,6.113832,0.454467177,0.478868157,0.545532823
6114,6.114822,0.454772621,0.479009897,0.545227349
6115,6.115810,0.455012619,0.479121298,0.54498744
6116,6.116811,0.455293834,0.479251802,0.544706166
6117,6.117810,0.455545425,0.479368538,0.544454515
6118,6.118811,0.455872208,0.479520231,0.544127822
6119,6.119814,0.456244975,0.479693234,0.543795943
6120,6.120814,0.456515431,0.479818732,0.543484569
6121,6.121815,0.456893086,0.479993999,0.543106914
6122,6.122816,0.457175016,0.480124861,0.542824984
6123,6.123816,0.457496196,0.480273902,0.542503774
6124,6.124842,0.457872897,0.480425656,0.542176843
6125,6.125825,0.458174318,0.480588615,0.541844249
6126,6.126813,0.458612084,0.480791807,0.541387916
6127,6.127813,0.458989263,0.480966836,0.541010678
6128,6.128814,0.45927608,0.481099963,0.54072392
6129,6.129805,0.459633261,0.481265724,0.540366709
6130,6.130805,0.459995955,0.481434047,0.540004015
6131,6.131806,0.460457593,0.481605142,0.53963536
6132,6.132807,0.460894853,0.48185122,0.539105117
6133,6.133808,0.461185008,0.481985897,0.538814962
6134,6.134808,0.461603135,0.48217994,0.538396835
6135,6.135887,0.462125659,0.482334912,0.538063049
6136,6.136814,0.462425649,0.482561678,0.537574351
6137,6.137815,0.462903827,0.482783616,0.537198186
6138,6.138816,0.463259399,0.482948631,0.536740601
6139,6.139807,0.463764161,0.483182877,0.536235809
6140,6.140807,0.464160681,0.483366907,0.535839319
6141,6.141808,0.464591503,0.48356685,0.535408497
6142,6.142809,0.465028495,0.483769655,0.534971476
6143,6.143808,0.465583235,0.483987749,0.534501672
6144,6.144809,0.466086745,0.484260798,0.533913255
6145,6.145810,0.466490149,0.484448045,0.53350991
6146,6.146825,0.466978878,0.484674841,0.533021152
6147,6.147813,0.467396289,0.484868556,0.532603681
6148,6.148814,0.46789673,0.485100806,0.53210324
6149,6.149805,0.468499213,0.485324174,0.531622052
6150,6.150817,0.468963593,0.485595942,0.531036377
6151,6.151817,0.469458699,0.485825747,0.530541301
6152,6.152816,0.470030844,0.486091256,0.529969156
6153,6.153816,0.470490992,0.48630482,0.529509008
6154,6.154815,0.471004546,0.486543179,0.528995454
6155,6.155816,0.471654922,0.486845016,0.528475761
6156,6.156964,0.472182304,0.487089753,0.527817667
6157,6.157815,0.472715914,0.48733741,0.527284086
6158,6.158816,0.473255664,0.487587899,0.526744306
6159,6.159806,0.473801494,0.487841249,0.526198506
6160,6.160807,0.474373698,0.488106787,0.525626302
6161,6.161807,0.475052595,0.488365769,0.525068343
6162,6.162806,0.475599855,0.488675833,0.524400115
6163,6.163806,0.476172745,0.488941729,0.523827255
6164,6.164807,0.476788282,0.489227414,0.523211718
6165,6.165806,0.477337033,0.489482075,0.522662997
6166,6.166807,0.477946103,0.48976475,0.522053897
6167,6.167831,0.478693664,0.490111679,0.521306276
6168,6.168806,0.479314804,0.490399957,0.520685196
6169,6.169811,0.479910284,0.490676343,0.520089746
6170,6.170810,0.480543077,0.490970016,0.519456923
6171,6.171810,0.481151581,0.491252422,0.518848419
6172,6.172809,0.481781691,0.491544843,0.518218279
6173,6.173820,0.482577711,0.491914302,0.517596126
6174,6.174807,0.483208656,0.49220711,0.516791344
6175,6.175808,0.483858973,0.492508948,0.516141057
6176,6.176807,0.484528184,0.492819518,0.515471876
6177,6.177871,0.485179007,0.493121535,0.514820933
6178,6.178810,0.485847861,0.493431985,0.514152169
6179,6.179814,0.486692935,0.493824184,0.51347661
6180,6.180814,0.487385899,0.494145781,0.512614131
6181,6.181814,0.488074183,0.494465202,0.511925817
6182,6.182813,0.488760293,0.49478364,0.511239707
6183,6.183814,0.489461243,0.495108932,0.510538697
6184,6.184814,0.49017632,0.495440811,0.50982368
6185,6.185814,0.491068602,0.495771676,0.509110749
6186,6.186815,0.491789013,0.496189266,0.508211017
6187,6.187814,0.492521197,0.496529073,0.507478833
6188,6.188828,0.493247509,0.496866167,0.506752491
6189,6.189809,0.493981302,0.497206718,0.506018698
6190,6.190810,0.494734317,0.49755618,0.505265653
6191,6.191809,0.495665312,0.497903943,0.504516304
6192,6.192811,0.496426195,0.498341382,0.503573775
6193,6.193812,0.497189581,0.498695701,0.502810478
6194,6.194812,0.497958899,0.499052733,0.502041101
6195,6.195813,0.498733938,0.499412417,0.501266062
6196,6.196814,0.499514937,0.499774873,0.500485063
6197,6.197814,0.500498772,0.500139773,0.499698907
6198,6.198841,0.501294732,0.500600874,0.498705238
6199,6.199821,0.502090216,0.500970066,0.497909814
6200,6.200810,0.50289458,0.501343369,0.49710542
6201,6.201810,0.503701687,0.501717985,0.496298313
6202,6.202811,0.504509449,0.502092838,0.495490551
6203,6.203811,0.505513012,0.502469003,0.494679987
6204,6.204811,0.50632596,0.502935886,0.49367407
6205,6.205812,0.507141232,0.503314257,0.492858738
6206,6.206812,0.507947028,0.503688216,0.492052943
6207,6.207813,0.508753181,0.504062355,0.491246819
6208,6.208814,0.509574354,0.504443467,0.490425617
6209,6.209845,0.510602295,0.504920542,0.489397734
6210,6.210808,0.511411011,0.505295873,0.488589019
6211,6.211810,0.512229145,0.505675554,0.487770855
6212,6.212811,0.513059139,0.506060779,0.486940891
6213,6.213811,0.513869405,0.506436825,0.486130595
6214,6.214812,0.51467973,0.506812871,0.48532024
6215,6.215811,0.515707016,0.507199883,0.48448652
6216,6.216811,0.516556084,0.507683694,0.483443886
6217,6.217812,0.51736784,0.508060455,0.48263216
6218,6.218811,0.518178999,0.508436918,0.48182103
6219,6.219814,0.519019186,0.508826852,0.480980814
6220,6.220826,0.519861877,0.509217918,0.480138123
6221,6.221813,0.520864129,0.509594679,0.479326278
6222,6.222814,0.52169162,0.510067105,0.47830838
6223,6.223813,0.522519529,0.510451376,0.477480501
6224,6.224813,0.523402512,0.510861158,0.476597548
6225,6.225812,0.524195373,0.511229098,0.475804627
6226,6.226813,0.525005162,0.511604965,0.474994868
6227,6.227813,0.526041329,0.511999011,0.47414571
6228,6.228813,0.52691257,0.512490153,0.4730874
6229,6.229816,0.527699828,0.51285553,0.472300142
6230,6.230931,0.528736413,0.513240457,0.471470863
6231,6.231833,0.529312491,0.513603985,0.470687509
6232,6.232823,0.53018713,0.514009893,0.46981287
6233,6.233811,0.53119874,0.514405787,0.468959808
6234,6.234810,0.532101572,0.514898419,0.467898458
6235,6.235811,0.53290534,0.515271425,0.46709469
6236,6.236811,0.533680677,0.515631258,0.466319323
6237,6.237811,0.534561098,0.516039848,0.465438902
6238,6.238811,0.535332739,0.516397953,0.464667261
6239,6.239815,0.536420763,0.516807139,0.463785648
6240,6.240814,0.537246287,0.517286062,0.462753713
6241,6.241829,0.538040698,0.517654717,0.461959273
6242,6.242815,0.538894117,0.51805079,0.461105853
6243,6.243816,0.539716601,0.518432558,0.460283428
6244,6.244816,0.540506363,0.518799067,0.459493637
6245,6.245815,0.541595995,0.519179523,0.458673894
6246,6.246816,0.542382002,0.519669533,0.457617998
6247,6.247816,0.543199539,0.520048976,0.456800461
6248,6.248816,0.544015646,0.520427704,0.455984294
6249,6.249806,0.544864893,0.520821869,0.455135107
6250,6.250807,0.545678318,0.521199405,0.454321712
6251,6.251833,0.546656489,0.521653354,0.453618586
6252,6.252822,0.547465503,0.522028804,0.452534467
6253,6.253812,0.548272491,0.522403359,0.451727569
6254,6.254811,0.549039304,0.522759199,0.450960666
6255,6.255812,0.549842,0.523131728,0.45015797
6256,6.256812,0.550682127,0.523521662,0.449317902
6257,6.257813,0.551680326,0.523911119,0.448478729
6258,6.258813,0.552558541,0.524392486,0.447441459
6259,6.259805,0.55322814,0.524703264,0.44677186
6260,6.260818,0.554018855,0.52507025,0.445981175
6261,6.261806,0.554806471,0.525435805,0.445193559
6262,6.262898,0.555831432,0.52591145,0.444168568
6263,6.263811,0.556658208,0.526204467,0.443537205
6264,6.264813,0.55739367,0.526636481,0.4426063
6265,6.265813,0.558170259,0.526996911,0.441829771
6266,6.266814,0.558943927,0.527355969,0.441056043
6267,6.267814,0.559714556,0.527713656,0.440285504
6268,6.268814,0.560434222,0.528047621,0.439565778
6269,6.269806,0.561388135,0.528446496,0.438706338
6270,6.270807,0.56229341,0.528910458,0.43770659
6271,6.271808,0.56295222,0.52921623,0.437047809
6272,6.272807,0.563754678,0.52958864,0.436245382
6273,6.273828,0.564504266,0.529936552,0.435495794
6274,6.274815,0.565198839,0.530258894,0.434801131
6275,6.275817,0.566021204,0.530578971,0.434111476
6276,6.276817,0.566860795,0.531030178,0.433139205
6277,6.277805,0.567593038,0.531370044,0.432406992
6278,6.278806,0.568374693,0.531732798,0.431625307
6279,6.279811,0.568990648,0.532018661,0.431009352
6280,6.280811,0.569818616,0.532402933,0.430181384
6281,6.281811,0.570656717,0.532709301,0.429521292
6282,6.282809,0.571309924,0.533095062,0.428690076
6283,6.283836,0.572069883,0.533447742,0.427930087
6284,6.284830,0.572826564,0.533798933,0.427173436
6285,6.285806,0.573292196,0.534015059,0.426707834
6286,6.286826,0.574153781,0.534414887,0.425846189
6287,6.287813,0.57500881,0.53473258,0.42516166
6288,6.288813,0.575746059,0.535153866,0.424253911
6289,6.289817,0.576419473,0.535466433,0.423580587
6290,6.290816,0.577026963,0.535748363,0.422973037
6291,6.291817,0.577688575,0.536055386,0.422311485
6292,6.292817,0.578344941,0.536360025,0.421655089
6293,6.293816,0.579219103,0.536633253,0.421066463
6294,6.294893,0.579925299,0.537093461,0.420074701
6295,6.295806,0.580374777,0.537302077,0.419625223
6296,6.296806,0.581132233,0.537653565,0.418867707
6297,6.297806,0.581693888,0.537914276,0.418306112
6298,6.298806,0.582248449,0.538171649,0.417751551
6299,6.299809,0.583077669,0.538485825,0.417074561
6300,6.300809,0.583747566,0.538867354,0.416252404
6301,6.301808,0.584346116,0.539145172,0.415653855
6302,6.302809,0.584871411,0.539388955,0.415128559
6303,6.303809,0.585456014,0.539660275,0.414544016
6304,6.304809,0.585966349,0.539897144,0.414033681
6305,6.305830,0.586746097,0.540259004,0.413395643
6306,6.306805,0.58730787,0.540519714,0.4126921
6307,6.307806,0.587931514,0.540809155,0.412068486
6308,6.308806,0.588340938,0.540999174,0.411659092
6309,6.309809,0.588950276,0.541281939,0.411049664
6310,6.310809,0.589482903,0.541529179,0.410517156
6311,6.311809,0.59020853,0.541772723,0.409992188
6312,6.312809,0.590724409,0.542105317,0.409275591
6313,6.313809,0.591018438,0.542241812,0.408981562
6314,6.314809,0.591588974,0.542506576,0.408411026
6315,6.315898,0.592274189,0.542734683,0.407919526
6316,6.316814,0.592708707,0.543026268,0.407291293
6317,6.317817,0.593229115,0.543213248,0.406888366
6318,6.318817,0.593621016,0.54344964,0.406378925
6319,6.319809,0.59415102,0.543695629,0.40584898
6320,6.320808,0.594599068,0.543903589,0.405400932
6321,6.321810,0.595038652,0.544107556,0.404961288
6322,6.322811,0.595469475,0.54430753,0.404530525
6323,6.323811,0.595920622,0.544503391,0.404108435
6324,6.324812,0.596482277,0.544777572,0.403517723
6325,6.325812,0.596884489,0.544964254,0.403115511
6326,6.326822,0.597125411,0.545076072,0.402874529
6327,6.327813,0.597584963,0.545289338,0.402415007
6328,6.328814,0.597882688,0.545427501,0.402117312
6329,6.329817,0.598337173,0.545596719,0.401752651
6330,6.330805,0.598844707,0.545874,0.401155293
6331,6.331817,0.599188447,0.546033502,0.400811553
6332,6.332806,0.599366665,0.546116233,0.400633305
6333,6.333807,0.599925041,0.546375394,0.400074959
6334,6.334806,0.600082755,0.546448588,0.399917245
6335,6.335807,0.600461543,0.546553314,0.399691522
6336,6.336808,0.600832164,0.546796381,0.399167836
6337,6.337828,0.601034701,0.546890378,0.398965329
6338,6.338817,0.601305962,0.547016263,0.398694098
6339,6.339808,0.601487339,0.547100425,0.398512661
6340,6.340809,0.601817369,0.547253609,0.398182631
6341,6.341811,0.60211581,0.54736501,0.397942603
6342,6.342811,0.602342606,0.547497392,0.397657394
6343,6.343811,0.602558672,0.547597647,0.397441357
6344,6.344811,0.602844477,0.547730267,0.397155493
6345,6.345812,0.602958441,0.547783136,0.397041529
6346,6.346813,0.603061318,0.547830939,0.396938741
6347,6.347851,0.60327512,0.547930121,0.39672485
6348,6.348808,0.603514671,0.548041344,0.396485358
6349,6.349810,0.603662133,0.54810977,0.396337867
6350,6.350811,0.60396111,0.548248529,0.39603889
6351,6.351811,0.603923261,0.548230946,0.396076739
6352,6.352811,0.603955269,0.548245788,0.396044701
6353,6.353811,0.604162335,0.548293114,0.395942777
6354,6.354810,0.604331553,0.548420429,0.395668447
6355,6.355811,0.604325652,0.548417687,0.395674288
6356,6.356810,0.604389846,0.54844749,0.395610124
6357,6.357811,0.604442239,0.548471808,0.395557761
6358,6.358868,0.604409218,0.54845649,0.395435363
6359,6.359809,0.604516625,0.548503876,0.39548865
6360,6.360810,0.604694188,0.548588753,0.395305842
6361,6.361809,0.604695737,0.548589468,0.395304292
6362,6.362809,0.604603112,0.548546493,0.395396918
6363,6.363808,0.604416549,0.548459888,0.395583451
6364,6.364809,0.604545116,0.548519552,0.395454854
6365,6.365810,0.604402184,0.548497558,0.395502269
6366,6.366810,0.604257762,0.548386216,0.395742267
6367,6.367810,0.604182541,0.548351288,0.395817459
6368,6.368809,0.604094803,0.548310578,0.395905197
6369,6.369830,0.604239345,0.548377633,0.395760626
6370,6.370818,0.603881955,0.548211813,0.396118104
6371,6.371805,0.603837729,0.548191249,0.396162331
6372,6.372804,0.603662968,0.548110127,0.396337032
6373,6.373805,0.60350883,0.548038602,0.39649117
6374,6.374817,0.60342294,0.547998726,0.39657703
6375,6.375805,0.603162169,0.547877729,0.396837771
6376,6.376817,0.602969587,0.547788382,0.397030443
6377,6.377817,0.602630258,0.547655702,0.397316396
6378,6.378817,0.602569222,0.547602534,0.397430778
6379,6.379871,0.602174163,0.54741919,0.397825867
6380,6.380807,0.601846874,0.547267318,0.398153156
6381,6.381808,0.601745665,0.547220349,0.398254365
6382,6.382807,0.601312935,0.547019482,0.398687035
6383,6.383809,0.60103178,0.546996772,0.398736
6384,6.384810,0.600807428,0.546784878,0.399192572
6385,6.385810,0.600333691,0.546565056,0.399666339
6386,6.386811,0.600004315,0.54641217,0.399995685
6387,6.387811,0.599817812,0.546325624,0.400182188
6388,6.388812,0.599539399,0.546196401,0.400460601
6389,6.389816,0.598997414,0.545952797,0.400985599
6390,6.390825,0.59876591,0.545837402,0.40123409
6391,6.391813,0.598211825,0.545580268,0.401788205
6392,6.392815,0.597875714,0.545424283,0.402124286
6393,6.393814,0.597296894,0.545155644,0.402703136
6394,6.394815,0.596933544,0.544987023,0.403066456
6395,6.395884,0.59621501,0.544653535,0.40378502
6396,6.396811,0.595971465,0.544540524,0.404028565
6397,6.397811,0.595413685,0.544281662,0.404586315
6398,6.398813,0.594917595,0.544051409,0.405082375
6399,6.399817,0.594482481,0.543849468,0.405517548
6400,6.400817,0.593885839,0.543572545,0.406114131
6401,6.401821,0.59314096,0.543323874,0.406650007
6402,6.402809,0.592588961,0.542970717,0.407411069
6403,6.403810,0.592095613,0.542741716,0.407904357
6404,6.404810,0.591516614,0.542473018,0.408483416
6405,6.405811,0.590924323,0.542198122,0.409075677
6406,6.406812,0.590318978,0.541917205,0.409681052
6407,6.407812,0.589543581,0.54163003,0.410299778
6408,6.408812,0.588978052,0.541294873,0.411021948
6409,6.409816,0.588260174,0.540961683,0.411739737
6410,6.410816,0.587461948,0.54059124,0.412538052
6411,6.411846,0.586924613,0.540341854,0.413075387
6412,6.412809,0.586304784,0.540054202,0.413695216
6413,6.413809,0.585493743,0.539697766,0.414463043
6414,6.414809,0.584709525,0.539313853,0.415290505
6415,6.415809,0.583848298,0.538914144,0.416151702
6416,6.416808,0.583171487,0.538600028,0.416828513
6417,6.417809,0.582351983,0.53821969,0.417648017
6418,6.418809,0.581648707,0.537893295,0.418351322
6419,6.419812,0.580671072,0.537531137,0.419131637
6420,6.420811,0.579874814,0.537070036,0.420125157
6421,6.421811,0.578942239,0.536637247,0.421057791
6422,6.422821,0.578306079,0.536341965,0.421693951
6423,6.423810,0.57728976,0.535870314,0.422710299
6424,6.424810,0.576624632,0.535561621,0.423375338
6425,6.425811,0.575647116,0.53510797,0.424352914
6426,6.426810,0.574733257,0.534683824,0.425266773
6427,6.427810,0.573787987,0.534245133,0.426212043
6428,6.428810,0.572946727,0.533854663,0.427053243
6429,6.429814,0.571866214,0.533353209,0.428133786
6430,6.430813,0.571000993,0.532951653,0.428999007
6431,6.431813,0.569777608,0.532492995,0.429987311
6432,6.432837,0.568884015,0.53196919,0.431115985
6433,6.433811,0.567924619,0.531523943,0.432075411
6434,6.434812,0.566953361,0.531073153,0.433046639
6435,6.435811,0.565970659,0.530617118,0.434029341
6436,6.436812,0.56497699,0.530155897,0.43502298
6437,6.437812,0.563669026,0.529712677,0.435978055
6438,6.438812,0.56265074,0.529076338,0.43734929
6439,6.439815,0.561573625,0.528576434,0.438426405
6440,6.440816,0.560629368,0.528138161,0.439370573
6441,6.441815,0.559531331,0.527628601,0.440468669
6442,6.442815,0.558516026,0.527157426,0.441484034
6443,6.443825,0.557173908,0.526659608,0.442556381
6444,6.444813,0.556176364,0.526071548,0.443823636
6445,6.445813,0.555036008,0.525542319,0.444964021
6446,6.446814,0.553887248,0.525009155,0.446112722
6447,6.447823,0.552771449,0.52449131,0.447228551
6448,6.448812,0.551645994,0.523968995,0.448353976
6449,6.449815,0.550186634,0.523423851,0.449528545
6450,6.450815,0.549040377,0.522759736,0.450959623
6451,6.451816,0.54792273,0.522240996,0.45207727
6452,6.452817,0.546757102,0.521700025,0.453242898
6453,6.453843,0.545582712,0.521155,0.454417288
6454,6.454806,0.544399023,0.520605683,0.455600977
6455,6.455807,0.543207109,0.520052493,0.456792891
6456,6.456808,0.541704595,0.519355178,0.458295405
6457,6.457809,0.540493667,0.518793166,0.459506333
6458,6.458809,0.539273977,0.5182271,0.460725993
6459,6.459812,0.53804642,0.517657399,0.46195358
6460,6.460813,0.536811054,0.517084062,0.463188916
6461,6.461814,0.535283744,0.516507268,0.464431822
6462,6.462814,0.534003615,0.515781164,0.465996444
6463,6.463815,0.532769322,0.515208304,0.467230707
6464,6.464826,0.531476974,0.514608502,0.468523026
6465,6.465814,0.530179441,0.514006317,0.469820529
6466,6.466814,0.52889961,0.513412356,0.47110039
6467,6.467815,0.527333736,0.512825489,0.472364932
6468,6.468815,0.52601701,0.51207453,0.47398302
6469,6.469807,0.524715662,0.511470556,0.475284308
6470,6.470807,0.52342695,0.510872483,0.47657308
6471,6.471808,0.522095442,0.510254502,0.477904528
6472,6.472808,0.520744324,0.509627461,0.479255676
6473,6.473808,0.519453049,0.509028196,0.480546951
6474,6.474887,0.517777085,0.508250356,0.482222915
6475,6.475814,0.516468644,0.507643104,0.483531356
6476,6.476815,0.515127778,0.507020831,0.484872192
6477,6.477815,0.513760686,0.50638634,0.486239284
6478,6.478815,0.512423217,0.505765617,0.487576783
6479,6.479816,0.510740459,0.50513792,0.488929302
6480,6.480817,0.509367287,0.504347384,0.490632713
6481,6.481817,0.508013785,0.503719211,0.491986215
6482,6.482817,0.506649911,0.503086209,0.493350089
6483,6.483816,0.505274534,0.502447903,0.494725466
6484,6.484816,0.503909528,0.501814425,0.496090472
6485,6.485826,0.502195001,0.501178801,0.497460008
6486,6.486814,0.500820339,0.500380754,0.499179691
6487,6.487814,0.499443799,0.499741852,0.500556171
6488,6.488813,0.498065531,0.499102205,0.501934469
6489,6.489816,0.49668321,0.49846068,0.50331682
6490,6.490817,0.495300889,0.497819126,0.504699111
6491,6.491816,0.493571371,0.497177005,0.506082714
6492,6.492817,0.492180854,0.49637112,0.507819176
6493,6.493816,0.490802169,0.495731264,0.509197831
6494,6.494817,0.489416748,0.495088309,0.510583282
6495,6.495862,0.488022089,0.494441032,0.511977911
6496,6.496812,0.486646503,0.493802607,0.513353467
6497,6.497813,0.485273302,0.493165314,0.514726698
6498,6.498812,0.483532012,0.492357165,0.516467929
6499,6.499815,0.482163668,0.491722137,0.517836332
6500,6.500815,0.480783314,0.491081506,0.519216657
6501,6.501815,0.479404569,0.49044162,0.520595431
6502,6.502815,0.477993399,0.489786685,0.522006571
6503,6.503815,0.476328254,0.48916474,0.523346782
6504,6.504815,0.474918365,0.488359571,0.525081635
6505,6.505849,0.473548442,0.487723798,0.526451588
6506,6.506829,0.472181141,0.487089217,0.527818859
6507,6.507805,0.470817685,0.486456454,0.529182315
6508,6.508817,0.46945715,0.485825002,0.53054285
6509,6.509808,0.468100846,0.485195547,0.531899154
6510,6.510809,0.46638447,0.484398961,0.53361547
6511,6.511807,0.465063959,0.483786106,0.534936011
6512,6.512808,0.463693261,0.483149976,0.536306739
6513,6.513809,0.462384433,0.482542574,0.537615597
6514,6.514809,0.461052567,0.481924444,0.538947463
6515,6.515810,0.459757388,0.481323332,0.540242612
6516,6.516866,0.45807597,0.480542988,0.541924
6517,6.517805,0.456762731,0.47993353,0.543237329
6518,6.518806,0.455456287,0.479327202,0.544543743
6519,6.519809,0.45415625,0.478723824,0.54584372
6520,6.520810,0.452863455,0.478123873,0.547136605
6521,6.521809,0.451653719,0.477562398,0.548346221
6522,6.522811,0.449903131,0.476749957,0.550096869
6523,6.523812,0.448592454,0.476141691,0.551407576
6524,6.524812,0.447453082,0.475612879,0.552546918
6525,6.525813,0.446243644,0.475051582,0.553756356
6526,6.526813,0.445044994,0.474495292,0.554955006
6527,6.527830,0.443418324,0.473882735,0.556274891
6528,6.528806,0.442196429,0.47317329,0.557454228
6529,6.529810,0.440937728,0.472589105,0.559062302
6530,6.530811,0.439781517,0.472052515,0.560218513
6531,6.531810,0.438589573,0.471499324,0.561410427
6532,6.532811,0.43740809,0.470950991,0.56259191
6533,6.533812,0.436187178,0.470384359,0.563812792
6534,6.534812,0.434738189,0.4697119,0.565261841
6535,6.535813,0.433643937,0.469204038,0.566356063
6536,6.536813,0.432562947,0.468702346,0.567437053
6537,6.537891,0.431496024,0.468207181,0.568503976
6538,6.538818,0.430333674,0.467667729,0.569666266
6539,6.539810,0.42918238,0.467133433,0.57081759
6540,6.540809,0.42777279,0.466479242,0.57222724
6541,6.541811,0.426761568,0.466009945,0.573238492
6542,6.542812,0.425707519,0.46552074,0.574292481
6543,6.543811,0.42472598,0.465065211,0.575273991
6544,6.544811,0.423580587,0.464533627,0.576419473
6545,6.545810,0.422628403,0.464091718,0.577371597
6546,6.546811,0.421444952,0.463542491,0.578555107
6547,6.547811,0.420404464,0.463059604,0.579595566
6548,6.548831,0.419440359,0.462612152,0.580559671
6549,6.549811,0.41855523,0.462201357,0.5814448
6550,6.550810,0.417429149,0.461678743,0.582570851
6551,6.551810,0.416576147,0.461282849,0.583423853
6552,6.552810,0.415517688,0.460791618,0.584482312
6553,6.553810,0.414503425,0.46032089,0.585496545
6554,6.554810,0.413773566,0.459982187,0.586226463
6555,6.555810,0.412994951,0.459620804,0.587005019
6556,6.556828,0.412097394,0.459204257,0.587902606
6557,6.557816,0.411354721,0.458859593,0.588645279
6558,6.558853,0.410365462,0.458400488,0.589634538
6559,6.559806,0.409523249,0.458009601,0.590476751
6560,6.560807,0.408769608,0.457659841,0.591230392
6561,6.561806,0.408106476,0.457352072,0.591893554
6562,6.562807,0.407317907,0.45698607,0.592682064
6563,6.563806,0.406547219,0.456628442,0.593452811
6564,6.564806,0.405701667,0.456236005,0.593984365
6565,6.565806,0.405047178,0.45593226,0.594952822
6566,6.566807,0.40441221,0.455637574,0.59558785
6567,6.567807,0.403947592,0.455421925,0.596052408
6568,6.568806,0.403277755,0.455111057,0.596722245
6569,6.569824,0.402639508,0.45487991,0.597220302
6570,6.570812,0.402091265,0.454560399,0.597908735
6571,6.571812,0.401486754,0.45427984,0.598513246
6572,6.572812,0.400902271,0.454008579,0.599097729
6573,6.573812,0.400494099,0.453819156,0.599505901
6574,6.574812,0.4000296,0.453603595,0.59997046
6575,6.575813,0.39950794,0.453361452,0.600492001
6576,6.576813,0.399142504,0.453191876,0.600857496
6577,6.577812,0.398669451,0.452972353,0.601330578
6578,6.578813,0.398297638,0.452799767,0.601702392
6579,6.579856,0.398027807,0.452674538,0.601972222
6580,6.580806,0.39754045,0.452448368,0.60245955
6581,6.581807,0.397315979,0.452344179,0.602684021
6582,6.582808,0.396967083,0.452182263,0.602885365
6583,6.583808,0.396713614,0.452064633,0.603286386
6584,6.584809,0.396483332,0.451957762,0.603516698
6585,6.585810,0.396276146,0.45186159,0.603723884
6586,6.586810,0.396092266,0.451776266,0.603907764
6587,6.587811,0.395850271,0.451663941,0.604149759
6588,6.588810,0.395927459,0.451699764,0.604072571
6589,6.589814,0.395575464,0.451536417,0.604424536
6590,6.590822,0.395573765,0.451535612,0.604426265
6591,6.591811,0.395677656,0.451583833,0.604322314
6592,6.592812,0.395478815,0.451491535,0.604521155
6593,6.593811,0.39546743,0.45148626,0.60453254
6594,6.594813,0.395487338,0.451495528,0.604512691
6595,6.595814,0.395530522,0.451515555,0.604469419
6596,6.596814,0.395598233,0.451546967,0.604401767
6597,6.597815,0.395690262,0.451589674,0.604309738
6598,6.598814,0.395806998,0.451643884,0.604193032
6599,6.599806,0.396029651,0.451747209,0.603970408
6600,6.600847,0.396077991,0.45176962,0.603922009
6601,6.601810,0.396356136,0.451898694,0.603643835
6602,6.602812,0.396496683,0.451963961,0.603503346
6603,6.603811,0.396904707,0.452153295,0.603095233
6604,6.604812,0.397014499,0.452204287,0.602985501
6605,6.605813,0.397471428,0.452416331,0.602528572
6606,6.606814,0.397796035,0.452566981,0.602203965
6607,6.607814,0.398307323,0.452804267,0.601692677
6608,6.608814,0.398445308,0.452868283,0.601554632
6609,6.609816,0.399005562,0.453128338,0.600994468
6610,6.610816,0.399353057,0.453289598,0.600646973
6611,6.611824,0.399921149,0.453426152,0.600352705
6612,6.612823,0.400403559,0.453777134,0.599596381
6613,6.613811,0.4008331,0.453976482,0.59916687
6614,6.614811,0.401442736,0.454259396,0.598557234
6615,6.615811,0.402152658,0.45458889,0.597847342
6616,6.616811,0.402656823,0.454822898,0.597343206
6617,6.617810,0.403186589,0.455068737,0.59681344
6618,6.618811,0.403978467,0.45543626,0.596021533
6619,6.619814,0.404639482,0.455743015,0.595360518
6620,6.620814,0.405398756,0.456095397,0.594601214
6621,6.621988,0.406215519,0.456474483,0.593784511
6622,6.622812,0.406841159,0.456764817,0.593158841
6623,6.623814,0.407598406,0.457116276,0.592401624
6624,6.624813,0.408578694,0.457571208,0.591421247
6625,6.625813,0.409318715,0.45791465,0.590681255
6626,6.626813,0.410083711,0.458269715,0.589916289
6627,6.627812,0.4109433,0.458668649,0.58905673
6628,6.628812,0.411826313,0.459078461,0.588173747
6629,6.629816,0.41273278,0.459499151,0.58726722
6630,6.630816,0.413830698,0.460008681,0.586169302
6631,6.631816,0.414923012,0.460515618,0.585076988
6632,6.632822,0.41590336,0.46097061,0.58409667
6633,6.633809,0.416906089,0.461435974,0.583093882
6634,6.634810,0.417931527,0.461911887,0.582068443
6635,6.635810,0.4191055,0.462456733,0.58089447
6636,6.636809,0.420256793,0.462991059,0.579951644
6637,6.637810,0.421415985,0.463529021,0.578584015
6638,6.638810,0.422594935,0.464076191,0.577405095
6639,6.639813,0.423793256,0.464632332,0.576206744
6640,6.640812,0.424775809,0.465088338,0.575224161
6641,6.641812,0.426016301,0.465664059,0.573983729
6642,6.642851,0.427522451,0.466363072,0.572477579
6643,6.643816,0.428861499,0.46698451,0.571138501
6644,6.644805,0.429997951,0.467511952,0.570002079
6645,6.645805,0.431265473,0.46810019,0.568734527
6646,6.646806,0.432605296,0.468722016,0.567394733
6647,6.647806,0.43385902,0.469303876,0.566141009
6648,6.648807,0.435569108,0.470097512,0.564866483
6649,6.649811,0.436768085,0.470653951,0.563231885
6650,6.650810,0.4382824,0.47135675,0.56171757
6651,6.651812,0.439666241,0.47199899,0.560333729
6652,6.652813,0.441067874,0.472649515,0.558932126
6653,6.653826,0.442754596,0.473308057,0.557513118
6654,6.654814,0.444240749,0.474122047,0.555759192
6655,6.655815,0.445655942,0.474778831,0.554344058
6656,6.656815,0.447172791,0.475482821,0.552827239
6657,6.657816,0.448662788,0.476174325,0.551337242
6658,6.658816,0.450246334,0.47690925,0.549753666
6659,6.659807,0.451688975,0.477578759,0.548310995
6660,6.660808,0.453574568,0.478453875,0.54681164
6661,6.661809,0.455129564,0.479175538,0.544870377
6662,6.662809,0.456698716,0.479903787,0.543301225
6663,6.663835,0.458313674,0.480653286,0.541686296
6664,6.664829,0.459908098,0.481393278,0.540091872
6665,6.665805,0.461545825,0.482153356,0.538454175
6666,6.666818,0.463485032,0.483053327,0.536514938
6667,6.667807,0.465203971,0.483851105,0.534796
6668,6.668807,0.466822594,0.484602302,0.533177376
6669,6.669810,0.46848008,0.48537153,0.53151989
6670,6.670811,0.47014755,0.486145437,0.52985245
6671,6.671812,0.471847475,0.486934364,0.528152525
6672,6.672829,0.473936647,0.487903953,0.526063323
6673,6.673807,0.4756549,0.488701403,0.5243451
6674,6.674887,0.477343678,0.489485174,0.522656322
6675,6.675811,0.479075938,0.490289092,0.520924032
6676,6.676811,0.480783612,0.491081655,0.519216418
6677,6.677811,0.482501239,0.491878808,0.517498791
6678,6.678811,0.484676689,0.492888421,0.515746951
6679,6.679813,0.48641333,0.493694425,0.5135867
6680,6.680814,0.488177121,0.494512975,0.511822879
6681,6.681814,0.489943296,0.495332658,0.510056674
6682,6.682814,0.491698802,0.496147394,0.508301198
6683,6.683814,0.493471473,0.496970117,0.506528556
6684,6.684813,0.495681196,0.497995645,0.504762173
6685,6.685832,0.497458458,0.498820484,0.502541542
6686,6.686807,0.499235421,0.499645174,0.500764608
6687,6.687807,0.501013994,0.500470579,0.498986006
6688,6.688806,0.502794266,0.501296818,0.497205704
6689,6.689809,0.50457561,0.502123535,0.49542439
6690,6.690810,0.506803453,0.503157496,0.493642241
6691,6.691810,0.508585572,0.503984571,0.491414458
6692,6.692810,0.510350823,0.504803836,0.489649177
6693,6.693809,0.512138069,0.505633295,0.487861931
6694,6.694810,0.513926327,0.50646323,0.486073673
6695,6.695866,0.516133904,0.507487774,0.483866096
6696,6.696815,0.517947972,0.50832969,0.482052058
6697,6.697816,0.519673824,0.509130657,0.480326176
6698,6.698815,0.52145505,0.509957314,0.47854495
6699,6.699806,0.523216546,0.510774851,0.476783454
6700,6.700806,0.524972439,0.511589766,0.475027561
6701,6.701806,0.526723087,0.512402236,0.473276913
6702,6.702805,0.52894789,0.513434768,0.471532166
6703,6.703806,0.530614913,0.514208436,0.469385087
6704,6.704806,0.532367766,0.51502192,0.467632234
6705,6.705806,0.534088314,0.515820444,0.465911657
6706,6.706821,0.535800695,0.516615152,0.464199305
6707,6.707808,0.537533283,0.517419219,0.462466657
6708,6.708809,0.539619625,0.518387556,0.460802197
6709,6.709813,0.541268289,0.519152701,0.458731711
6710,6.710813,0.542971015,0.519942939,0.457029015
6711,6.711814,0.544594646,0.520696461,0.455405354
6712,6.712814,0.546349049,0.521510661,0.453650951
6713,6.713814,0.54798609,0.522270441,0.45201391
6714,6.714815,0.549974859,0.523193419,0.450467288
6715,6.715815,0.551540256,0.52391994,0.448459774
6716,6.716899,0.553172052,0.524677217,0.446827948
6717,6.717811,0.554706097,0.525389194,0.445293903
6718,6.718813,0.556178153,0.526072383,0.443821877
6719,6.719817,0.557810545,0.526829958,0.442189425
6720,6.720806,0.559764564,0.527736843,0.440614969
6721,6.721804,0.561224699,0.528414488,0.438775301
6722,6.722806,0.562664449,0.529082656,0.437335551
6723,6.723830,0.564134419,0.529764891,0.435865611
6724,6.724818,0.565637052,0.530462265,0.434362948
6725,6.725806,0.567017734,0.531103015,0.432982236
6726,6.726806,0.568780363,0.531921089,0.431516051
6727,6.727827,0.570222497,0.532590389,0.429777533
6728,6.728815,0.571589947,0.533225,0.428410053
6729,6.729806,0.572936296,0.533849835,0.427063704
6730,6.730807,0.574202478,0.534437478,0.425797522
6731,6.731806,0.575503469,0.535041273,0.424496531
6732,6.732808,0.577158034,0.535809159,0.423158258
6733,6.733809,0.578408182,0.536389351,0.421591789
6734,6.734809,0.579696774,0.536987424,0.420303255
6735,6.735810,0.580836117,0.537516177,0.419163883
6736,6.736810,0.58201313,0.538062394,0.41798684
6737,6.737825,0.58316493,0.538596988,0.41683507
6738,6.738813,0.584634721,0.539279103,0.415642977
6739,6.739817,0.58566165,0.539755702,0.414338291
6740,6.740816,0.586728096,0.540250659,0.413271904
6741,6.741816,0.587698817,0.540701151,0.412301183
6742,6.742815,0.588709712,0.541170299,0.411290288
6743,6.743816,0.589763045,0.541659176,0.410236955
6744,6.744816,0.591023922,0.542244315,0.409210503
6745,6.745816,0.591871977,0.542637944,0.408128083
6746,6.746816,0.592689276,0.543017268,0.407310784
6747,6.747816,0.593695462,0.543484211,0.406304538
6748,6.748823,0.594378352,0.543801129,0.405621618
6749,6.749814,0.595251918,0.54420656,0.404748082
6750,6.750814,0.596359074,0.544720411,0.404129356
6751,6.751813,0.597013831,0.545024276,0.402986139
6752,6.752814,0.597712755,0.545348644,0.402287245
6753,6.753814,0.598302543,0.545622349,0.401697397
6754,6.754814,0.599014282,0.545952678,0.400985718
6755,6.755814,0.599460423,0.546159744,0.400539577
6756,6.756813,0.600322664,0.54655993,0.399814516
6757,6.757814,0.600771248,0.546768129,0.399228781
6758,6.758908,0.601265132,0.546997309,0.398734897
6759,6.759811,0.601724982,0.547210693,0.398275018
6760,6.760811,0.602150977,0.547408462,0.397849053
6761,6.761812,0.60254252,0.547590137,0.397457421
6762,6.762812,0.602983594,0.547794819,0.397019655
6763,6.763812,0.603297293,0.547940433,0.396702707
6764,6.764812,0.603494942,0.548032165,0.396505058
6765,6.765811,0.60381943,0.548182726,0.396180511
6766,6.766812,0.60402751,0.548279345,0.39597249
6767,6.767812,0.604281723,0.548397303,0.395718277
6768,6.768812,0.604447126,0.548474073,0.395499587
6769,6.769822,0.60445714,0.548478723,0.39554283
6770,6.770810,0.604594886,0.548542678,0.395405114
6771,6.771811,0.604614496,0.548551798,0.395385563
6772,6.772810,0.604597688,0.54854393,0.395402282
6773,6.773811,0.604626477,0.548557281,0.395373464
6774,6.774811,0.604426622,0.548464537,0.395708621
6775,6.775811,0.604127884,0.548325896,0.395872056
6776,6.776812,0.604200661,0.548359692,0.395799339
6777,6.777813,0.603991568,0.548262656,0.396008432
6778,6.778813,0.603583097,0.548073053,0.396416843
6779,6.779842,0.603063166,0.547979712,0.396618128
6780,6.780825,0.602896452,0.547754407,0.397103548
6781,6.781840,0.602531433,0.547585011,0.397468537
6782,6.782822,0.602129698,0.547398567,0.397870302
6783,6.783811,0.60153228,0.547121286,0.39846772
6784,6.784811,0.60129559,0.547011435,0.39870441
6785,6.785812,0.600625753,0.546700597,0.399374247
6786,6.786813,0.600013673,0.546416521,0.399686486
6787,6.787813,0.599419892,0.546140909,0.400580049
6788,6.788814,0.59878999,0.545848608,0.40121001
6789,6.789805,0.598047018,0.545503795,0.401952982
6790,6.790845,0.597345293,0.545178115,0.402654707
6791,6.791814,0.596683621,0.544871032,0.403316468
6792,6.792815,0.595860839,0.544489145,0.404090255
6793,6.793815,0.594966888,0.544074297,0.405033112
6794,6.794815,0.59396553,0.54360956,0.40603447
6795,6.795816,0.593150735,0.543231428,0.406849295
6796,6.796818,0.592155218,0.542769432,0.407844841
6797,6.797806,0.59134078,0.542391419,0.40865922
6798,6.798806,0.590023398,0.541779995,0.409723043
6799,6.799810,0.588988483,0.541299701,0.411011547
6800,6.800811,0.587851048,0.540771842,0.412148952
6801,6.801827,0.586749732,0.540260673,0.413250238
6802,6.802815,0.585682452,0.539765358,0.414317518
6803,6.803816,0.58451438,0.539223254,0.415485591
6804,6.804816,0.583008885,0.538524568,0.416620672
6805,6.805817,0.581704319,0.537919104,0.418295681
6806,6.806815,0.580495954,0.537358284,0.419504017
6807,6.807815,0.57919246,0.536753356,0.42080754
6808,6.808815,0.57785809,0.536134064,0.422141969
6809,6.809806,0.576493502,0.535500765,0.423506528
6810,6.810806,0.574745297,0.534689426,0.424901247
6811,6.811950,0.573313594,0.534024954,0.426686436
6812,6.812829,0.571853042,0.53334713,0.428147018
6813,6.813805,0.57036382,0.532655954,0.42963618
6814,6.814805,0.568954527,0.532001913,0.431045473
6815,6.815818,0.567302048,0.53123498,0.432697892
6816,6.816806,0.565333068,0.530321181,0.434372395
6817,6.817805,0.5637784,0.529599667,0.436221659
6818,6.818807,0.562097669,0.528819621,0.437902302
6819,6.819810,0.560441852,0.528051138,0.439558119
6820,6.820810,0.558761299,0.527271211,0.441238731
6821,6.821810,0.557056665,0.526480079,0.442943335
6822,6.822910,0.554849863,0.525455892,0.445150137
6823,6.823813,0.55313623,0.524660587,0.446863741
6824,6.824813,0.551357329,0.523835003,0.448642641
6825,6.825813,0.549595773,0.523017466,0.450404227
6826,6.826814,0.547735453,0.522154093,0.452264518
6827,6.827812,0.54596591,0.52133286,0.45403409
6828,6.828813,0.54349637,0.520186722,0.455966979
6829,6.829816,0.541712821,0.519358993,0.458287209
6830,6.830816,0.539746404,0.518446386,0.460253626
6831,6.831816,0.53782773,0.517555952,0.462172329
6832,6.832816,0.535949111,0.516684055,0.464050889
6833,6.833825,0.533941567,0.515752316,0.466058433
6834,6.834812,0.531555653,0.51464504,0.467999548
6835,6.835813,0.529520988,0.513700724,0.470479012
6836,6.836812,0.527499974,0.512762785,0.472499996
6837,6.837812,0.525490046,0.511829972,0.474509984
6838,6.838812,0.523485899,0.510899842,0.476514101
6839,6.839816,0.521451175,0.509955525,0.478548825
6840,6.840816,0.518907368,0.508774936,0.480579108
6841,6.841817,0.516808927,0.507801056,0.483191073
6842,6.842805,0.514769435,0.506854534,0.485230565
6843,6.843832,0.512695551,0.505892038,0.487304449
6844,6.844831,0.510614634,0.504926264,0.489385366
6845,6.845809,0.508520961,0.503954589,0.491479039
6846,6.846809,0.505911529,0.502743542,0.493569702
6847,6.847810,0.503813744,0.50176996,0.496186256
6848,6.848811,0.501712322,0.500794709,0.498287678
6849,6.849815,0.499608785,0.499818444,0.500391245
6850,6.850815,0.497504652,0.498841912,0.502495348
6851,6.851816,0.495396107,0.497863322,0.504603922
6852,6.852815,0.492762864,0.496641248,0.506710768
6853,6.853817,0.490657181,0.495663971,0.50934279
6854,6.854844,0.488553762,0.494687796,0.511446238
6855,6.855810,0.486452758,0.493712693,0.513547242
6856,6.856810,0.484355509,0.49273935,0.515644431
6857,6.857811,0.482262909,0.491768211,0.51773715
6858,6.858811,0.479654789,0.49055776,0.519808888
6859,6.859815,0.477575779,0.48959288,0.522424221
6860,6.860815,0.475503713,0.488631248,0.524496317
6861,6.861815,0.473440021,0.487673461,0.526559949
6862,6.862817,0.471385658,0.486720055,0.528614402
6863,6.863817,0.469341248,0.485771239,0.530658782
6864,6.864806,0.46677509,0.48482734,0.532692552
6865,6.865831,0.464755058,0.483642757,0.535244942
6866,6.866807,0.46277681,0.482724667,0.53722322
6867,6.867808,0.460815519,0.481814444,0.539184511
6868,6.868809,0.458807528,0.480882525,0.541192472
6869,6.869813,0.456879646,0.47998777,0.543120384
6870,6.870812,0.454381347,0.478828311,0.545134783
6871,6.871812,0.452530444,0.477969289,0.547469497
6872,6.872812,0.450588137,0.477067888,0.549411893
6873,6.873812,0.448661894,0.476173908,0.551338077
6874,6.874812,0.446877867,0.475345939,0.553122163
6875,6.875838,0.44457683,0.474450499,0.555051625
6876,6.876823,0.442716062,0.473414421,0.556787074
6877,6.877811,0.440874785,0.472559899,0.559125245
6878,6.878811,0.439197838,0.471781611,0.560802162
6879,6.879814,0.437452614,0.470971674,0.562547445
6880,6.880813,0.435682297,0.470150054,0.564317703
6881,6.881814,0.4339872,0.469363362,0.5660128
6882,6.882814,0.431852728,0.468372762,0.567681134
6883,6.883814,0.430272877,0.467639536,0.569727123
6884,6.884813,0.428723872,0.466920644,0.571276128
6885,6.885823,0.427092552,0.466163546,0.572907448
6886,6.886831,0.425547719,0.465446562,0.574452221
6887,6.887806,0.423974305,0.464716375,0.576025724
6888,6.888807,0.422246784,0.464056045,0.577448487
6889,6.889809,0.4207443,0.463217288,0.5792557
6890,6.890810,0.419399381,0.462593108,0.580600619
6891,6.891810,0.418026328,0.461955875,0.581973612
6892,6.892810,0.416688144,0.461334825,0.583311856
6893,6.893810,0.415318906,0.46069935,0.584681034
6894,6.894809,0.413604915,0.459903896,0.586016059
6895,6.895810,0.412587136,0.459431529,0.587412834
6896,6.896810,0.411265224,0.458818048,0.588734746
6897,6.897822,0.41011858,0.458285898,0.58988142
6898,6.898811,0.408939362,0.457738608,0.591060638
6899,6.899813,0.408014655,0.457309455,0.591985345
6900,6.900814,0.406590372,0.456648439,0.592939973
6901,6.901814,0.40575996,0.456263036,0.59424001
6902,6.902814,0.404824793,0.455829024,0.595175147
6903,6.903814,0.40393123,0.455414355,0.596068799
6904,6.904814,0.403079957,0.455019236,0.596920013
6905,6.905814,0.402271539,0.454644084,0.597728491
6906,6.906815,0.401167095,0.454131484,0.598493636
6907,6.907924,0.40061155,0.453873664,0.599388421
6908,6.908813,0.399866968,0.453528106,0.600133061
6909,6.909805,0.399245054,0.453239471,0.600754917
6910,6.910818,0.398826927,0.453045428,0.601173103
6911,6.911806,0.398216933,0.452762306,0.601783037
6912,6.912807,0.397617877,0.452500015,0.602348208
6913,6.913807,0.397110224,0.452248693,0.602889776
6914,6.914808,0.396648347,0.452034354,0.603351712
6915,6.915809,0.39655754,0.451992184,0.60344249
6916,6.916809,0.396190047,0.451821655,0.603810012
6917,6.917810,0.395950913,0.451710641,0.604049087
6918,6.918824,0.395719051,0.451603025,0.604158998
6919,6.919815,0.395587444,0.45154196,0.604412556
6920,6.920816,0.395503908,0.451503187,0.604496062
6921,6.921816,0.395468712,0.451486886,0.604531288
6922,6.922817,0.395563632,0.451530933,0.604436398
6923,6.923805,0.395379603,0.45144549,0.604620337
6924,6.924806,0.395525277,0.451572716,0.604346275
6925,6.925806,0.396022916,0.45174405,0.603977025
6926,6.926807,0.395998538,0.451732755,0.604001462
6927,6.927807,0.396267384,0.451857507,0.603732586
6928,6.928847,0.396665961,0.45204252,0.603334069
6929,6.929815,0.396951437,0.452174991,0.603048563
6930,6.930817,0.397397608,0.452382088,0.602633417
6931,6.931816,0.398033828,0.452677339,0.601966143
6932,6.932804,0.398557872,0.452920556,0.601442158
6933,6.933805,0.399130464,0.453186303,0.600869596
6934,6.934806,0.399829507,0.453510702,0.600170493
6935,6.935806,0.400341749,0.453748465,0.599658251
6936,6.936927,0.401168287,0.45413205,0.598831713
6937,6.937815,0.402175725,0.454599619,0.597824335
6938,6.938815,0.402922451,0.45494616,0.597077549
6939,6.939824,0.403792977,0.455350161,0.596207023
6940,6.940812,0.404710174,0.455775827,0.595289826
6941,6.941813,0.405673742,0.456223041,0.594326258
6942,6.942812,0.406797022,0.456744343,0.59338975
6943,6.943813,0.4080818,0.457340598,0.59191817
6944,6.944813,0.409121752,0.457823247,0.590878248
6945,6.945813,0.410418987,0.458425313,0.589581013
6946,6.946813,0.411410272,0.458885372,0.588589787
6947,6.947812,0.412792981,0.459527075,0.587207019
6948,6.948812,0.414207339,0.460183471,0.585919738
6949,6.949843,0.415617526,0.46083796,0.584382474
6950,6.950827,0.417002559,0.461480767,0.582997441
6951,6.951816,0.41855675,0.462202042,0.58144325
6952,6.952815,0.420022339,0.462882251,0.579977691
6953,6.953816,0.421589315,0.463609487,0.578410685
6954,6.954815,0.423465937,0.46448043,0.576926589
6955,6.955815,0.424942672,0.465165764,0.575057328
6956,6.956815,0.426577836,0.46592468,0.573422194
6957,6.957815,0.428362519,0.466752946,0.571637511
6958,6.958815,0.429959387,0.467494041,0.570040643
6959,6.959806,0.431758314,0.468328923,0.568241715
6960,6.960845,0.433987498,0.469363481,0.566012502
6961,6.961807,0.435809672,0.470209152,0.564190269
6962,6.962808,0.437713951,0.471092939,0.562286019
6963,6.963808,0.439553261,0.471946567,0.560446739
6964,6.964808,0.441426903,0.472816139,0.558573127
6965,6.965807,0.443378985,0.4737221,0.556621015
6966,6.966808,0.445946068,0.474642098,0.554638743
6967,6.967809,0.447920173,0.475829661,0.552079797
6968,6.968809,0.450003654,0.476796627,0.549996376
6969,6.969812,0.452035874,0.477739751,0.547964096
6970,6.970812,0.454168856,0.478729695,0.545831144
6971,6.971828,0.456255108,0.479697943,0.543744922
6972,6.972816,0.458940893,0.480944395,0.541599333
6973,6.973818,0.46114552,0.481967568,0.53885448
6974,6.974806,0.46331057,0.482972383,0.53668946
6975,6.975806,0.465526611,0.484000832,0.53447336
6976,6.976807,0.467737108,0.485026747,0.532262921
6977,6.977807,0.470062971,0.486106157,0.529937029
6978,6.978808,0.472814798,0.487138301,0.52771306
6979,6.979811,0.475128502,0.488457084,0.524871469
6980,6.980810,0.4774535,0.489536136,0.52254653
6981,6.981838,0.479772151,0.490612239,0.520227909
6982,6.982833,0.482103229,0.491694063,0.517896712
6983,6.983809,0.484421045,0.492769778,0.515578926
6984,6.984809,0.48738721,0.49387753,0.513192058
6985,6.985810,0.489750028,0.495242983,0.510249972
6986,6.986811,0.492125988,0.496345669,0.507874012
6987,6.987811,0.494491875,0.497443676,0.505508125
6988,6.988812,0.496874392,0.498549402,0.503125608
6989,6.989816,0.499261051,0.499657035,0.500738919
6990,6.990814,0.502246737,0.501042724,0.498354465
6991,6.991816,0.504633009,0.502150178,0.495366991
6992,6.992852,0.507020295,0.503258109,0.492979705
6993,6.993815,0.509405971,0.504365325,0.490594059
6994,6.994822,0.511797547,0.505475283,0.488202512
6995,6.995809,0.514155507,0.506569624,0.485844523
6996,6.996811,0.517131865,0.507670045,0.483473361
6997,6.997812,0.519495726,0.509047985,0.480504245
6998,6.998813,0.521834254,0.510133326,0.478165746
6999,6.999816,0.524178386,0.51122123,0.475821614
7000,7.000816,0.526511848,0.512304187,0.473488152
7001,7.001817,0.528877676,0.513402164,0.471122295
7002,7.002817,0.531764448,0.514741898,0.468235523
7003,7.003831,0.534003675,0.515781164,0.465996295
7004,7.004806,0.536248028,0.516822755,0.463751972
7005,7.005807,0.538561761,0.517896593,0.461438239
7006,7.006807,0.540799618,0.518935144,0.459200382
7007,7.007807,0.543017507,0.519964516,0.456982493
7008,7.008806,0.545723677,0.520967484,0.454821259
7009,7.009810,0.547927618,0.522243261,0.452072382
7010,7.010810,0.550032437,0.523220122,0.449967563
7011,7.011810,0.552149534,0.524202704,0.447850466
7012,7.012810,0.554324985,0.525212288,0.445675015
7013,7.013821,0.556390941,0.526171148,0.443609089
7014,7.014808,0.558932781,0.527116656,0.441571832
7015,7.015808,0.560836494,0.528234303,0.439163476
7016,7.016808,0.562801063,0.529146075,0.437198907
7017,7.017808,0.564733028,0.530042708,0.435266942
7018,7.018807,0.56678772,0.530996263,0.43321225
7019,7.019811,0.568494141,0.53178823,0.431505829
7020,7.020811,0.570938706,0.532636166,0.429678887
7021,7.021811,0.572666585,0.533724666,0.427333385
7022,7.022811,0.574411154,0.534534335,0.425588876
7023,7.023836,0.576116443,0.535325766,0.423883557
7024,7.024832,0.577598214,0.536013484,0.422401816
7025,7.025807,0.579341471,0.536822498,0.420658559
7026,7.026807,0.581435978,0.537555218,0.419079661
7027,7.027806,0.582897484,0.538472831,0.417102486
7028,7.028807,0.584246218,0.539098799,0.415753812
7029,7.029811,0.585745871,0.539794803,0.414254129
7030,7.030810,0.587133169,0.540438652,0.41286689
7031,7.031811,0.588403583,0.541028261,0.411596417
7032,7.032811,0.590079308,0.541594505,0.410376281
7033,7.033810,0.591237485,0.542343438,0.408762485
7034,7.034829,0.59241581,0.54289031,0.407584131
7035,7.035817,0.593543351,0.543413639,0.406456649
7036,7.036805,0.594619274,0.543912947,0.405380726
7037,7.037805,0.59571743,0.544422626,0.40428254
7038,7.038806,0.597074747,0.544873297,0.403311491
7039,7.039810,0.597902894,0.545436919,0.402097136
7040,7.040811,0.598675191,0.545795321,0.401324838
7041,7.041811,0.599468708,0.546163559,0.400531292
7042,7.042810,0.600206494,0.546505988,0.399793506
7043,7.043812,0.601045966,0.546895564,0.398954004
7044,7.044813,0.601659179,0.547180176,0.398340821
7045,7.045821,0.602211654,0.547436595,0.397788316
7046,7.046831,0.60278666,0.547703445,0.39721331
7047,7.047806,0.603061616,0.547831059,0.396938384
7048,7.048808,0.6036008,0.548081279,0.3963992
7049,7.049812,0.603837848,0.548191309,0.396162152
7050,7.050812,0.604315281,0.548235834,0.396066248
7051,7.051813,0.604254127,0.548384488,0.395745844
7052,7.052812,0.604377985,0.548442006,0.395622015
7053,7.053814,0.604605198,0.548547447,0.395394742
7054,7.054815,0.604526579,0.548510969,0.39547345
7055,7.055971,0.604445279,0.548473239,0.395554751
7056,7.056809,0.604475617,0.548391581,0.395730615
7057,7.057811,0.60411787,0.548321247,0.39588213
7058,7.058812,0.6037817,0.548165262,0.39621824
7059,7.059816,0.603547335,0.548056483,0.396452695
7060,7.060816,0.603170872,0.547881722,0.396829069
7061,7.061804,0.602814257,0.54771626,0.397185743
7062,7.062805,0.602182329,0.547336698,0.398003459
7063,7.063806,0.601529121,0.547119856,0.398470908
7064,7.064807,0.600974917,0.546862602,0.399025083
7065,7.065807,0.600359917,0.546577215,0.399640083
7066,7.066824,0.599449933,0.546154857,0.400550067
7067,7.067812,0.598560631,0.545742154,0.401439399
7068,7.068811,0.59746331,0.545338154,0.402309835
7069,7.069814,0.596519828,0.544795036,0.403480202
7070,7.070814,0.595592976,0.54436487,0.404407054
7071,7.071813,0.594533086,0.543872952,0.405466944
7072,7.072813,0.593415737,0.543354392,0.406584233
7073,7.073814,0.592242122,0.542809725,0.407757878
7074,7.074813,0.590696394,0.542206049,0.40905872
7075,7.075814,0.589467704,0.541522086,0.410532296
7076,7.076881,0.588044286,0.540861487,0.411955684
7077,7.077807,0.586637139,0.540208459,0.41336289
7078,7.078808,0.585176706,0.539530635,0.414823264
7079,7.079811,0.58366406,0.538828611,0.41633594
7080,7.080810,0.581764638,0.538132548,0.417835772
7081,7.081810,0.580073118,0.537162066,0.419926912
7082,7.082811,0.578395784,0.536383629,0.421604216
7083,7.083811,0.576609969,0.535554826,0.423390061
7084,7.084811,0.574954689,0.534786582,0.425045311
7085,7.085809,0.572960913,0.533861279,0.427039057
7086,7.086811,0.570790231,0.533022106,0.428847253
7087,7.087830,0.568812609,0.531936049,0.431187391
7088,7.088806,0.566846728,0.531023681,0.433153272
7089,7.089808,0.564940214,0.53013885,0.435059786
7090,7.090808,0.562838316,0.529163361,0.437161684
7091,7.091808,0.560699582,0.528170764,0.439300418
7092,7.092808,0.558078825,0.527182996,0.44142884
7093,7.093809,0.555770695,0.525883257,0.444229305
7094,7.094809,0.553604901,0.524878144,0.446395129
7095,7.095809,0.551400781,0.523855209,0.448599219
7096,7.096809,0.549198508,0.522833109,0.450801492
7097,7.097821,0.546809912,0.521724522,0.453190058
7098,7.098809,0.543877423,0.520637453,0.455532402
7099,7.099812,0.541498661,0.519259572,0.458501339
7100,7.100812,0.539092481,0.518142879,0.460907519
7101,7.101812,0.536660254,0.517014086,0.463339746
7102,7.102812,0.534202993,0.515873671,0.465796977
7103,7.103813,0.531722844,0.514722586,0.468277097
7104,7.104813,0.528614521,0.513561487,0.470778972
7105,7.105831,0.526085675,0.512106419,0.473914325
7106,7.106806,0.523520112,0.510915756,0.476479918
7107,7.107807,0.520958364,0.509726822,0.479041606
7108,7.108826,0.518366933,0.50852412,0.481633097
7109,7.109806,0.515803456,0.507334411,0.484196514
7110,7.110807,0.512546241,0.506120801,0.486811489
7111,7.111807,0.509929538,0.504608333,0.490070462
7112,7.112808,0.507298827,0.503387392,0.492701173
7113,7.113809,0.504665613,0.502165318,0.495334417
7114,7.114809,0.502036035,0.500944912,0.497963965
7115,7.115810,0.499397129,0.499720216,0.500602901
7116,7.116810,0.496097744,0.498496443,0.503239751
7117,7.117811,0.493459165,0.496964365,0.506540775
7118,7.118812,0.490822792,0.495740861,0.509177268
7119,7.119831,0.488180697,0.494514644,0.511819303
7120,7.120808,0.485563159,0.493299842,0.514436841
7121,7.121809,0.482930243,0.492077887,0.517069757
7122,7.122810,0.479698092,0.49086538,0.519682407
7123,7.123809,0.477103233,0.489373565,0.522896767
7124,7.124811,0.474481672,0.488156915,0.525518358
7125,7.125812,0.471932232,0.486973703,0.528067768
7126,7.126812,0.469379425,0.485788941,0.530620575
7127,7.127813,0.466844589,0.484612525,0.533155441
7128,7.128814,0.463703781,0.483470976,0.535615087
7129,7.129867,0.461215466,0.482000053,0.538784564
7130,7.130816,0.458718389,0.48084113,0.541281581
7131,7.131817,0.456310898,0.479723811,0.543689072
7132,7.132804,0.453934133,0.478620768,0.546065867
7133,7.133805,0.45151335,0.47749728,0.54848671
7134,7.134816,0.448575318,0.476404577,0.550841093
7135,7.135817,0.44626078,0.475059539,0.55373919
7136,7.136816,0.44402343,0.474021196,0.555976629
7137,7.137816,0.441734016,0.472958654,0.558265984
7138,7.138816,0.439524919,0.471933424,0.560475111
7139,7.139807,0.437354118,0.470925957,0.562645912
7140,7.140823,0.434748173,0.469716519,0.564776599
7141,7.141810,0.43261829,0.468728036,0.56738168
7142,7.142811,0.430637002,0.467808515,0.569362998
7143,7.143810,0.4285914,0.466859162,0.571408629
7144,7.144811,0.426646382,0.465956479,0.573353648
7145,7.145811,0.424807847,0.465103209,0.575192153
7146,7.146811,0.422445804,0.46427384,0.57697916
7147,7.147810,0.42065984,0.463178098,0.57934016
7148,7.148811,0.418925941,0.462373406,0.581074059
7149,7.149814,0.417115271,0.46153307,0.582884729
7150,7.150814,0.415684342,0.460868955,0.584315658
7151,7.151826,0.41404748,0.460109293,0.58595252
7152,7.152814,0.412094653,0.459438205,0.587398529
7153,7.153813,0.4107216,0.458565742,0.5892784
7154,7.154814,0.409267843,0.457891077,0.590732217
7155,7.155813,0.40794456,0.457276911,0.59205544
7156,7.156821,0.406755775,0.45672521,0.593244255
7157,7.157809,0.405630857,0.456203133,0.594369173
7158,7.158810,0.403997421,0.455607116,0.595653355
7159,7.159814,0.403092682,0.455025166,0.596907318
7160,7.160813,0.402102828,0.454565763,0.597897172
7161,7.161928,0.400958538,0.454172939,0.598743618
7162,7.162806,0.400165737,0.453666747,0.599834263
7163,7.163807,0.399453998,0.453336447,0.600546002
7164,7.164806,0.398811638,0.453038335,0.601188362
7165,7.165807,0.397847205,0.452590734,0.602152824
7166,7.166806,0.397441894,0.452402622,0.602558136
7167,7.167807,0.396865994,0.452135324,0.603133976
7168,7.168806,0.396522254,0.451975822,0.603477776
7169,7.169810,0.396087438,0.451774001,0.603912532
7170,7.170811,0.395664275,0.451680988,0.604113102
7171,7.171810,0.395717263,0.451602221,0.604282737
7172,7.172829,0.39551574,0.451508701,0.60448426
7173,7.173817,0.395304352,0.451410592,0.604695678
7174,7.174806,0.395575196,0.451536268,0.604424775
7175,7.175805,0.395754665,0.451619565,0.604245305
7176,7.176807,0.395762086,0.451623023,0.604237914
7177,7.177808,0.39607802,0.45176965,0.603922009
7178,7.178808,0.396412671,0.45192495,0.60358727
7179,7.179812,0.396739304,0.452076554,0.603260696
7180,7.180813,0.397300273,0.452336907,0.602699757
7181,7.181812,0.397692382,0.452518851,0.602307558
7182,7.182813,0.398644686,0.452846229,0.601602197
7183,7.183826,0.399359286,0.453292489,0.600640655
7184,7.184815,0.400145203,0.45365721,0.599854767
7185,7.185816,0.401079774,0.454090953,0.598920226
7186,7.186816,0.402006745,0.454521149,0.597993195
7187,7.187817,0.402851611,0.454913259,0.597148359
7188,7.188805,0.403994948,0.455443889,0.596005023
7189,7.189809,0.405351698,0.456073552,0.594648242
7190,7.190809,0.4067204,0.456708789,0.5932796
7191,7.191810,0.407863975,0.457239538,0.592136085
7192,7.192811,0.409291327,0.457901984,0.590708733
7193,7.193877,0.411077708,0.458731025,0.589287698
7194,7.194807,0.412129521,0.459219187,0.587870479
7195,7.195807,0.414078146,0.460123539,0.585921884
7196,7.196808,0.41577369,0.460910439,0.58422631
7197,7.197809,0.41746369,0.461694777,0.58253634
7198,7.198809,0.41927734,0.462536484,0.58072263
7199,7.199812,0.421023905,0.463347077,0.578976095
7200,7.200810,0.423368037,0.464214176,0.577107847
7201,7.201812,0.425307095,0.465334892,0.574692905
7202,7.202811,0.427358657,0.466287017,0.572641313
7203,7.203811,0.429460853,0.467262685,0.570539176
7204,7.204823,0.431505263,0.468211502,0.568494797
7205,7.205810,0.433656156,0.469209701,0.566343784
7206,7.206811,0.436364561,0.470160991,0.564294159
7207,7.207811,0.438723058,0.471561253,0.561276913
7208,7.208811,0.441028237,0.472631097,0.558971763
7209,7.209814,0.44320035,0.47363919,0.55679965
7210,7.210814,0.445728362,0.474812448,0.554271638
7211,7.211827,0.448083311,0.475905389,0.551916718
7212,7.212815,0.451150537,0.477056265,0.549436867
7213,7.213815,0.453715831,0.47851944,0.546284139
7214,7.214815,0.456278831,0.47970894,0.543721199
7215,7.215825,0.458907574,0.480928957,0.541092455
7216,7.216813,0.461534262,0.482147992,0.538465738
7217,7.217813,0.464191377,0.483381152,0.535808623
7218,7.218813,0.467552274,0.484639436,0.533097386
7219,7.219816,0.470293492,0.486213148,0.529706478
7220,7.220816,0.473054379,0.487494498,0.526945591
7221,7.221816,0.475813746,0.488775104,0.524186194
7222,7.222816,0.478576541,0.490057319,0.521423399
7223,7.223816,0.48136124,0.491349727,0.51863879
7224,7.224816,0.484884828,0.492657244,0.515821457
7225,7.225986,0.487719327,0.494300544,0.512280703
7226,7.226811,0.490571976,0.495624453,0.509428024
7227,7.227812,0.493424118,0.496948123,0.506575882
7228,7.228812,0.496279806,0.498273462,0.503720224
7229,7.229814,0.49914521,0.499603301,0.50085479
7230,7.230814,0.502729595,0.500934958,0.497985482
7231,7.231815,0.505604565,0.502601087,0.494395435
7232,7.232814,0.508472979,0.503932297,0.491526991
7233,7.233815,0.511328101,0.505257368,0.488671869
7234,7.234814,0.514172494,0.506577492,0.485827535
7235,7.235816,0.517016649,0.507897437,0.482983321
7236,7.236821,0.520572066,0.509219408,0.480134904
7237,7.237810,0.523371994,0.510846972,0.476628006
7238,7.238810,0.526193082,0.512156248,0.473806947
7239,7.239814,0.528954685,0.513437927,0.471045315
7240,7.240815,0.5317415,0.514731288,0.4682585
7241,7.241815,0.53442955,0.515978813,0.46557045
7242,7.242816,0.537875831,0.517251313,0.462828636
7243,7.243816,0.540495992,0.518794239,0.459504008
7244,7.244816,0.543213308,0.520055354,0.456786692
7245,7.245817,0.54583621,0.521272659,0.45416382
7246,7.246895,0.549105644,0.522456646,0.451612711
7247,7.247814,0.551018596,0.523677826,0.448981434
7248,7.248815,0.554117382,0.524826884,0.446505487
7249,7.249807,0.556583405,0.526260436,0.443416595
7250,7.250807,0.559053421,0.527406752,0.440946549
7251,7.251808,0.561434925,0.528512061,0.438565075
7252,7.252807,0.563720524,0.529572785,0.436279446
7253,7.253809,0.565954328,0.530609488,0.434045643
7254,7.254810,0.568295121,0.531695843,0.431704849
7255,7.255810,0.570963562,0.532934308,0.429036468
7256,7.256811,0.573080361,0.533916712,0.426919609
7257,7.257937,0.575766683,0.534845948,0.4249174
7258,7.258813,0.577145159,0.535803199,0.422854841
7259,7.259817,0.579027712,0.536676884,0.420972288
7260,7.260806,0.580973506,0.537579954,0.419026464
7261,7.261805,0.583240211,0.538631916,0.416759759
7262,7.262807,0.584915161,0.53940928,0.415084869
7263,7.263808,0.586656988,0.540217638,0.413343012
7264,7.264807,0.588265181,0.540964007,0.411734849
7265,7.265807,0.58980453,0.541678429,0.41019547
7266,7.266805,0.591345251,0.542393446,0.40865469
7267,7.267807,0.592864752,0.543098688,0.407135248
7268,7.268826,0.594317198,0.543772757,0.405682802
7269,7.269817,0.595550179,0.544345021,0.40444985
7270,7.270805,0.596708179,0.544882417,0.403291851
7271,7.271827,0.597789526,0.545384288,0.402210504
7272,7.272814,0.5990327,0.545886278,0.401128829
7273,7.273815,0.599860668,0.546345472,0.400139332
7274,7.274815,0.600844741,0.546802163,0.399155229
7275,7.275814,0.601433158,0.547075272,0.398566842
7276,7.276814,0.602178335,0.547421098,0.397821605
7277,7.277814,0.602682054,0.547654867,0.397317886
7278,7.278933,0.603377044,0.547977448,0.396622956
7279,7.279811,0.603775322,0.548162282,0.396224678
7280,7.280811,0.604171753,0.548346281,0.395828247
7281,7.281810,0.604484797,0.548491597,0.395515233
7282,7.282811,0.604467928,0.548483729,0.395532042
7283,7.283811,0.604530215,0.548512638,0.395469785
7284,7.284811,0.604671776,0.548578322,0.395328224
7285,7.285811,0.604360521,0.5484339,0.395639509
7286,7.286811,0.604228675,0.548372686,0.395771354
7287,7.287812,0.603848696,0.548196375,0.396151334
7288,7.288812,0.603465438,0.548018456,0.396534532
7289,7.289829,0.602997601,0.547801375,0.397002459
7290,7.290805,0.602445185,0.547544956,0.397554815
7291,7.291805,0.601795793,0.547243595,0.398204207
7292,7.292817,0.600974083,0.546862245,0.399025917
7293,7.293818,0.600148916,0.546479285,0.399851084
7294,7.294806,0.599162996,0.5460217,0.400836974
7295,7.295805,0.598096728,0.545526862,0.401903301
7296,7.296806,0.597102463,0.545065403,0.402897537
7297,7.297805,0.595650196,0.544391394,0.404349804
7298,7.298806,0.594398499,0.543810487,0.405601501
7299,7.299843,0.593067944,0.543192983,0.406932086
7300,7.300806,0.591587663,0.54250598,0.408412337
7301,7.301807,0.5901739,0.541849852,0.40982613
7302,7.302808,0.588612556,0.541125238,0.411387473
7303,7.303808,0.586488187,0.540139318,0.413511872
7304,7.304809,0.584828138,0.539368868,0.415171862
7305,7.305809,0.582898855,0.538473487,0.417101115
7306,7.306810,0.581222236,0.537695348,0.418777734
7307,7.307810,0.579157531,0.536737144,0.420842469
7308,7.308810,0.577212989,0.53583467,0.422787011
7309,7.309815,0.574729264,0.534681976,0.425270706
7310,7.310826,0.572459221,0.533628464,0.427540839
7311,7.311814,0.570299327,0.532626033,0.429700702
7312,7.312815,0.568021774,0.531569004,0.431978196
7313,7.313816,0.565685689,0.530484855,0.434314311
7314,7.314816,0.562685668,0.529328287,0.436806381
7315,7.315816,0.560223937,0.527950048,0.439776093
7316,7.316817,0.557709873,0.526783228,0.442290127
7317,7.317806,0.55510205,0.525572956,0.44489795
7318,7.318806,0.552450359,0.524342299,0.447549641
7319,7.319809,0.549834073,0.523128092,0.450165957
7320,7.320843,0.546560287,0.52160871,0.452830404
7321,7.321806,0.543697834,0.520280242,0.456302196
7322,7.322807,0.540905356,0.518984258,0.459094673
7323,7.323808,0.538016975,0.51764375,0.461983055
7324,7.324808,0.535268486,0.516368151,0.464731514
7325,7.325809,0.532318115,0.514998913,0.467681885
7326,7.326810,0.529370189,0.513630748,0.470629781
7327,7.327810,0.525699735,0.511927307,0.474300236
7328,7.328811,0.522699654,0.510534942,0.477300346
7329,7.329813,0.519713998,0.509149313,0.480286002
7330,7.330813,0.516691566,0.507746577,0.483308405
7331,7.331825,0.513642192,0.506331384,0.486357838
7332,7.332813,0.510592043,0.504915774,0.489407957
7333,7.333814,0.506763935,0.503139138,0.493236065
7334,7.334812,0.503695846,0.501715243,0.496304154
7335,7.335814,0.500616312,0.500286043,0.499383688
7336,7.336813,0.497535765,0.498856336,0.502464235
7337,7.337814,0.494450063,0.497424275,0.505549967
7338,7.338813,0.491383046,0.496000856,0.508616924
7339,7.339815,0.487536848,0.494215846,0.512463152
7340,7.340816,0.484475017,0.492794842,0.515524983
7341,7.341898,0.481439382,0.491385996,0.518560648
7342,7.342812,0.478389263,0.489970416,0.521610737
7343,7.343813,0.47538963,0.48857829,0.5246104
7344,7.344812,0.472371548,0.48717761,0.527628481
7345,7.345812,0.468654573,0.485452533,0.531345427
7346,7.346812,0.465683162,0.48407349,0.534316838
7347,7.347812,0.462793618,0.482732475,0.537206411
7348,7.348811,0.459876806,0.481378764,0.540123224
7349,7.349815,0.457022667,0.48005417,0.542977393
7350,7.350815,0.454276711,0.478779733,0.545723259
7351,7.351815,0.450853199,0.477190882,0.549146771
7352,7.352820,0.448051572,0.475890636,0.551948428
7353,7.353808,0.445328593,0.474626929,0.554671407
7354,7.354808,0.442782819,0.473445415,0.557217181
7355,7.355809,0.440153956,0.472225338,0.559845984
7356,7.356809,0.437621623,0.471050084,0.562378347
7357,7.357808,0.434584081,0.469640374,0.565415919
7358,7.358809,0.432125449,0.468499303,0.567874551
7359,7.359812,0.429887325,0.467460573,0.570112646
7360,7.360812,0.427434266,0.466322124,0.572565734
7361,7.361812,0.425209463,0.465289593,0.574790537
7362,7.362875,0.422521651,0.464042187,0.577478409
7363,7.363815,0.42038554,0.463050812,0.57961452
7364,7.364817,0.41850847,0.462179661,0.58149153
7365,7.365805,0.416513801,0.461253911,0.583486199
7366,7.366806,0.414590061,0.460361093,0.58540988
7367,7.367806,0.413012594,0.459628999,0.586987376
7368,7.368807,0.411173344,0.458775401,0.588826656
7369,7.369812,0.409227788,0.45787248,0.590772271
7370,7.370812,0.407707095,0.457166731,0.592292905
7371,7.371812,0.406269252,0.456499428,0.593730807
7372,7.372812,0.404916048,0.455871403,0.595083952
7373,7.373831,0.403723717,0.455318004,0.596276224
7374,7.374808,0.402544349,0.454770684,0.59745568
7375,7.375809,0.401116788,0.454108149,0.598883212
7376,7.376810,0.400058568,0.453617036,0.599941492
7377,7.377810,0.399089605,0.453167319,0.600910366
7378,7.378811,0.398450285,0.452870607,0.601549685
7379,7.379815,0.397745609,0.452543586,0.602254391
7380,7.380815,0.397134602,0.452259988,0.602865338
7381,7.381816,0.396422386,0.45192948,0.603577673
7382,7.382816,0.396024048,0.451744586,0.603975952
7383,7.383817,0.395721406,0.451604128,0.604278564
7384,7.384991,0.395560324,0.451529384,0.604439676
7385,7.385816,0.395405024,0.451457322,0.604595006
7386,7.386805,0.395392001,0.451451272,0.604608059
7387,7.387805,0.395429999,0.451468885,0.604524255
7388,7.388806,0.395635366,0.451564193,0.604364634
7389,7.389810,0.396263361,0.451855659,0.603736639
7390,7.390810,0.396499872,0.451965421,0.603500128
7391,7.391810,0.39707607,0.452232838,0.60292393
7392,7.392811,0.397587568,0.452470243,0.602412462
7393,7.393812,0.398462594,0.452876329,0.601537406
7394,7.394878,0.399348974,0.453287721,0.600651026
7395,7.395816,0.400250494,0.453706086,0.599749506
7396,7.396816,0.401091456,0.454096377,0.598908544
7397,7.397815,0.402182221,0.454602599,0.597817779
7398,7.398815,0.403441221,0.455186903,0.59655875
7399,7.399806,0.404899061,0.455863506,0.595359445
7400,7.400805,0.406435132,0.456576407,0.593564868
7401,7.401806,0.408055395,0.457328379,0.591944635
7402,7.402807,0.409475386,0.457987398,0.590524673
7403,7.403807,0.411195725,0.458785772,0.588804245
7404,7.404807,0.41293022,0.459590793,0.587069809
7405,7.405860,0.41514951,0.460620761,0.58485049
7406,7.406810,0.417006463,0.461482555,0.582993507
7407,7.407811,0.419009954,0.462412387,0.580990076
7408,7.408811,0.421153665,0.463407308,0.578846395
7409,7.409814,0.423310012,0.46440804,0.576689959
7410,7.410814,0.425482869,0.465416461,0.574517071
7411,7.411813,0.428487867,0.466811121,0.571512163
7412,7.412813,0.430822998,0.467894852,0.569177032
7413,7.413813,0.433334023,0.469060212,0.566665947
7414,7.414813,0.435806215,0.470207572,0.564193785
7415,7.415812,0.438345462,0.471386015,0.561654508
7416,7.416826,0.441713482,0.472658992,0.558911681
7417,7.417814,0.444434106,0.474211782,0.555565894
7418,7.418813,0.447210282,0.475500226,0.552789748
7419,7.419817,0.450038731,0.476812899,0.549961269
7420,7.420817,0.452917516,0.478148937,0.547082424
7421,7.421816,0.455843031,0.479506671,0.544156969
7422,7.422816,0.458813369,0.480885208,0.541186631
7423,7.423816,0.462643147,0.482662618,0.537356853
7424,7.424816,0.465644836,0.484055728,0.534355164
7425,7.425815,0.468764722,0.485503674,0.531235278
7426,7.426853,0.471867621,0.486943722,0.528132379
7427,7.427811,0.475004882,0.488399744,0.524995148
7428,7.428811,0.478207469,0.489886045,0.521792531
7429,7.429815,0.482218772,0.491747707,0.517781198
7430,7.430815,0.485449672,0.493247181,0.514550328
7431,7.431816,0.488687515,0.494749844,0.511312485
7432,7.432817,0.491956532,0.496267021,0.508043468
7433,7.433817,0.495230168,0.497786313,0.504769862
7434,7.434805,0.498502821,0.499305159,0.501497149
7435,7.435817,0.502604961,0.501208961,0.497395009
7436,7.436806,0.505882502,0.502730072,0.494117528
7437,7.437856,0.509158134,0.504250288,0.490841866
7438,7.438824,0.512426794,0.505767286,0.487573206
7439,7.439816,0.515684664,0.507279277,0.484315366
7440,7.440816,0.51891464,0.508778334,0.48108539
7441,7.441817,0.522925079,0.510639548,0.477074891
7442,7.442817,0.526162922,0.512142241,0.473837078
7443,7.443805,0.529340804,0.513617158,0.470659256
7444,7.444806,0.532465935,0.515067518,0.467534095
7445,7.445807,0.535555601,0.516501427,0.464444399
7446,7.446808,0.5386675,0.517945647,0.46133253
7447,7.447809,0.542503357,0.519725859,0.458252937
7448,7.448831,0.545502186,0.521117628,0.454497814
7449,7.449811,0.548419774,0.522471726,0.451580256
7450,7.450812,0.551406205,0.523857713,0.448593765
7451,7.451812,0.554182112,0.525146008,0.445817918
7452,7.452813,0.556985617,0.526447117,0.443014383
7453,7.453814,0.560411096,0.528036892,0.439588875
7454,7.454813,0.56313473,0.529300928,0.43686527
7455,7.455814,0.565852165,0.530562103,0.434147835
7456,7.456814,0.568298161,0.531697273,0.431701839
7457,7.457815,0.5707798,0.532849014,0.429220259
7458,7.458856,0.573840618,0.534269571,0.426159382
7459,7.459810,0.576103091,0.535319567,0.424410969
7460,7.460811,0.578347266,0.536361098,0.421652704
7461,7.461810,0.580576122,0.537395477,0.419423848
7462,7.462810,0.582728028,0.538394213,0.417271972
7463,7.463809,0.584667087,0.539294124,0.415332913
7464,7.464810,0.58658582,0.540184617,0.41341418
7465,7.465809,0.588861346,0.541240692,0.41165188
7466,7.466810,0.590510011,0.542005837,0.409489989
7467,7.467809,0.592064619,0.542727351,0.407935381
7468,7.468810,0.593670011,0.543472409,0.406330019
7469,7.469823,0.595107853,0.544139743,0.404892206
7470,7.470814,0.596524715,0.544797301,0.403475285
7471,7.471814,0.597986817,0.545475841,0.402013153
7472,7.472813,0.599182308,0.546030641,0.400817662
7473,7.473813,0.600121021,0.546466351,0.399878979
7474,7.474813,0.600955546,0.546853662,0.399044484
7475,7.475813,0.601844192,0.547266066,0.398155808
7476,7.476813,0.602549076,0.547593176,0.397450924
7477,7.477814,0.603200436,0.547895491,0.39669013
7478,7.478813,0.603746951,0.548149109,0.39625302
7479,7.479817,0.604105234,0.548315406,0.395894766
7480,7.480829,0.604192317,0.548355818,0.395807683
7481,7.481804,0.604497433,0.548497438,0.395502597
7482,7.482805,0.604530454,0.548512757,0.395469487
7483,7.483817,0.604255259,0.548385024,0.395744771
7484,7.484818,0.604206324,0.548362315,0.395793736
7485,7.485806,0.603884995,0.548213184,0.396115005
7486,7.486805,0.603454649,0.548013449,0.396545321
7487,7.487806,0.603077173,0.547838271,0.396922827
7488,7.488805,0.602188647,0.547425926,0.397811353
7489,7.489808,0.601387501,0.547054052,0.398486376
7490,7.490872,0.600419283,0.546604753,0.399580687
7491,7.491815,0.599424243,0.546142936,0.400575727
7492,7.492814,0.598400772,0.545667946,0.401599199
7493,7.493815,0.597118974,0.545073092,0.402881026
7494,7.494816,0.595810771,0.544465899,0.404189199
7495,7.495815,0.594032347,0.543640554,0.405967653
7496,7.496874,0.592568874,0.542961359,0.407431096
7497,7.497812,0.590719402,0.542103052,0.409280628
7498,7.498814,0.58912909,0.541364968,0.41087085
7499,7.499818,0.587232888,0.540484905,0.412767053
7500,7.500805,0.585379124,0.539624572,0.414620847
7501,7.501824,0.582847714,0.538449764,0.417152315
7502,7.502811,0.580595315,0.537404418,0.419404685
7503,7.503813,0.57850796,0.536435664,0.42149204
7504,7.504813,0.576268673,0.535396397,0.423731297
7505,7.505814,0.573827326,0.534263372,0.426172644
7506,7.506813,0.571309268,0.533094764,0.428690732
7507,7.507815,0.568178177,0.531641603,0.431174815
7508,7.508815,0.565647364,0.530467033,0.434352636
7509,7.509807,0.562887788,0.529186308,0.437112212
7510,7.510806,0.560016572,0.527853787,0.439983428
7511,7.511808,0.557222307,0.526556969,0.442777723
7512,7.512821,0.554317892,0.52520901,0.445682108
7513,7.513810,0.550642312,0.523503184,0.448727518
7514,7.514810,0.547566652,0.522075772,0.452433318
7515,7.515810,0.544477284,0.520641983,0.455522716
7516,7.516811,0.541273713,0.519155204,0.458726317
7517,7.517813,0.538122714,0.517692804,0.461877286
7518,7.518813,0.534896255,0.516195416,0.465103745
7519,7.519817,0.530831814,0.514309108,0.469168216
7520,7.520817,0.52753967,0.512781203,0.47246033
7521,7.521817,0.524172902,0.511218667,0.475827068
7522,7.522831,0.5207991,0.509652913,0.4792009
7523,7.523807,0.517400503,0.508075595,0.482599497
7524,7.524808,0.51399219,0.506493807,0.48600781
7525,7.525808,0.509683549,0.504494131,0.489446938
7526,7.526808,0.506230772,0.502891719,0.493769228
7527,7.527807,0.502771378,0.501286209,0.497228652
7528,7.528807,0.499302626,0.499676347,0.500697374
7529,7.529810,0.495831907,0.498065561,0.504168034
7530,7.530810,0.49236992,0.496458888,0.50763011
7531,7.531810,0.488048524,0.494453311,0.51108855
7532,7.532837,0.484615266,0.49285993,0.515384793
7533,7.533824,0.481188059,0.49126935,0.518811941
7534,7.534812,0.477745324,0.489671588,0.522254705
7535,7.535811,0.474394441,0.488116413,0.525605559
7536,7.536811,0.471058011,0.486567974,0.528941989
7537,7.537811,0.466880023,0.484628975,0.532394528
7538,7.538811,0.463565767,0.483090818,0.536434233
7539,7.539814,0.460347623,0.481597275,0.539652407
7540,7.540814,0.457143247,0.480110109,0.542856693
7541,7.541814,0.453948915,0.478627622,0.546051085
7542,7.542814,0.450799316,0.477165878,0.549200654
7543,7.543847,0.447065949,0.47543323,0.552934051
7544,7.544809,0.443994284,0.474007666,0.556005716
7545,7.545810,0.441113055,0.472670466,0.558886945
7546,7.546810,0.438300759,0.471365273,0.561699212
7547,7.547810,0.435459644,0.470046729,0.564540386
7548,7.548810,0.432632416,0.468734592,0.567367554
7549,7.549812,0.429329932,0.467201918,0.569909632
7550,7.550813,0.426947445,0.466096193,0.573052526
7551,7.551813,0.424361914,0.464896262,0.575638115
7552,7.552839,0.422036201,0.463816881,0.577963829
7553,7.553829,0.419611901,0.462691754,0.580388069
7554,7.554826,0.417529345,0.461725235,0.582470655
7555,7.555814,0.414832294,0.460473537,0.584520519
7556,7.556813,0.41290167,0.459577531,0.58709836
7557,7.557814,0.411002338,0.458696038,0.588997662
7558,7.558813,0.409203291,0.457861125,0.590796709
7559,7.559815,0.407506734,0.457073718,0.592493296
7560,7.560816,0.405914575,0.4563348,0.594085455
7561,7.561817,0.404224724,0.455550551,0.595495939
7562,7.562817,0.402725041,0.454854548,0.597274959
7563,7.563805,0.401408762,0.45424366,0.598591268
7564,7.564864,0.400281072,0.453720301,0.599718988
7565,7.565814,0.399424672,0.453322828,0.600575328
7566,7.566815,0.398447841,0.452869475,0.601552129
7567,7.567816,0.397488803,0.452424377,0.602334201
7568,7.568816,0.396853656,0.452129602,0.603146315
7569,7.569807,0.396337122,0.451889873,0.603662848
7570,7.570808,0.395939887,0.451705515,0.604060054
7571,7.571808,0.395580918,0.45153895,0.604419112
7572,7.572807,0.395587564,0.45154202,0.604412436
7573,7.573809,0.395479888,0.451492041,0.604448378
7574,7.574810,0.395595282,0.451545596,0.604404688
7575,7.575822,0.395831943,0.451655447,0.604168057
7576,7.576811,0.396270931,0.451859176,0.60372901
7577,7.577811,0.396668345,0.452043593,0.603331625
7578,7.578812,0.39726761,0.452321738,0.60273242
7579,7.579815,0.398185194,0.452747583,0.60209322
7580,7.580816,0.399053514,0.45315057,0.600946486
7581,7.581817,0.40011847,0.453644812,0.59988153
7582,7.582805,0.400989294,0.454048961,0.599010646
7583,7.583806,0.402517438,0.454758167,0.597482562
7584,7.584806,0.403700292,0.455307156,0.596299708
7585,7.585912,0.405381143,0.456087232,0.594618797
7586,7.586812,0.406972945,0.456826001,0.593027055
7587,7.587812,0.408889055,0.457715243,0.591110885
7588,7.588813,0.410555214,0.458488524,0.589444757
7589,7.589818,0.412538975,0.459409177,0.587460995
7590,7.590806,0.414557099,0.460345805,0.585442901
7591,7.591805,0.417157739,0.461552769,0.583257735
7592,7.592805,0.419466913,0.46262446,0.580533087
7593,7.593817,0.42168498,0.463653862,0.57831502
7594,7.594817,0.424301296,0.464868128,0.575698733
7595,7.595806,0.426825434,0.466039568,0.573174596
7596,7.596821,0.429382116,0.467226118,0.570617855
7597,7.597810,0.432716668,0.468773693,0.567918539
7598,7.598810,0.435469985,0.470051497,0.564529955
7599,7.599813,0.438451469,0.471435219,0.561548471
7600,7.600813,0.441360414,0.472785264,0.558639526
7601,7.601813,0.444433123,0.474211335,0.555566907
7602,7.602812,0.447486788,0.475628525,0.552513182
7603,7.603812,0.451486439,0.477484763,0.549236
7604,7.604812,0.45475626,0.479002327,0.5452438
7605,7.605813,0.45801127,0.480512947,0.541988671
7606,7.606845,0.461444706,0.482106417,0.538555264
7607,7.607824,0.464689761,0.483612448,0.535310209
7608,7.608812,0.468180299,0.485232413,0.531819701
7609,7.609815,0.472508818,0.487241298,0.528344274
7610,7.610815,0.476050049,0.488884777,0.523949921
7611,7.611815,0.479616761,0.490540117,0.520383239
7612,7.612815,0.483177781,0.492192775,0.516822219
7613,7.613815,0.486777037,0.493863195,0.513222933
7614,7.614815,0.490401745,0.495545417,0.509598196
7615,7.615815,0.494934678,0.497649163,0.50597018
7616,7.616814,0.498577327,0.49933973,0.501422703
7617,7.617853,0.502219677,0.501030147,0.497780293
7618,7.618809,0.50586611,0.502722442,0.49413386
7619,7.619813,0.509505212,0.504411399,0.490494788
7620,7.620813,0.513134718,0.506095827,0.486865252
7621,7.621813,0.51765132,0.508192003,0.483262897
7622,7.622813,0.521226406,0.509851217,0.478773564
7623,7.623813,0.524810553,0.511514604,0.475189447
7624,7.624813,0.528327465,0.513146818,0.471672535
7625,7.625813,0.531855464,0.514784157,0.468144506
7626,7.626812,0.535351992,0.516406894,0.464647949
7627,7.627813,0.539601505,0.518379092,0.461248517
7628,7.628827,0.54293704,0.519927144,0.457062989
7629,7.629805,0.546324849,0.521499395,0.453675091
7630,7.630807,0.549551368,0.522996902,0.450448692
7631,7.631808,0.552713394,0.524464369,0.447286636
7632,7.632808,0.555894136,0.525940537,0.444105864
7633,7.633809,0.559676647,0.527696013,0.441033632
7634,7.634810,0.562705874,0.529101908,0.437294155
7635,7.635809,0.565560579,0.5304268,0.434439451
7636,7.636810,0.568491817,0.531787157,0.431508183
7637,7.637811,0.57118082,0.5330351,0.42881915
7638,7.638811,0.573836446,0.534267604,0.426163554
7639,7.639820,0.577028036,0.535748839,0.423658252
7640,7.640809,0.579413056,0.536855698,0.420586884
7641,7.641809,0.581952691,0.538034379,0.418047279
7642,7.642810,0.584006906,0.538987756,0.415993124
7643,7.643810,0.586284518,0.540044785,0.413715482
7644,7.644810,0.588323593,0.540991127,0.411676407
7645,7.645812,0.590646803,0.542069316,0.409817725
7646,7.646813,0.592579126,0.542966127,0.407420903
7647,7.647813,0.594179869,0.54370904,0.405820161
7648,7.648814,0.595735729,0.54443109,0.404264271
7649,7.649972,0.597435594,0.545220017,0.402564436
7650,7.650810,0.598486304,0.545707643,0.401513696
7651,7.651812,0.599798918,0.546316862,0.400400996
7652,7.652812,0.600910306,0.546832621,0.399089694
7653,7.653813,0.601816595,0.547253251,0.398183435
7654,7.654812,0.602755189,0.547688842,0.397244841
7655,7.655814,0.603000522,0.547802687,0.396999449
7656,7.656815,0.603760064,0.548155189,0.396239936
7657,7.657814,0.604385614,0.548445523,0.395772219
7658,7.658828,0.604442775,0.548472047,0.395557165
7659,7.659806,0.604612768,0.548550963,0.395387232
7660,7.660833,0.60448575,0.548492014,0.39551425
7661,7.661808,0.604307353,0.548409224,0.395692706
7662,7.662808,0.603995621,0.548264503,0.396004319
7663,7.663807,0.603419065,0.547996998,0.396529973
7664,7.664808,0.602808595,0.547713637,0.397191435
7665,7.665808,0.601986229,0.547331989,0.3980138
7666,7.666808,0.601034164,0.54689014,0.398965895
7667,7.667808,0.600188375,0.546497583,0.399811625
7668,7.668807,0.598977506,0.545935631,0.401022494
7669,7.669811,0.597382426,0.545195341,0.402282804
7670,7.670850,0.596039295,0.544571996,0.403960675
7671,7.671806,0.594495773,0.543855667,0.405504286
7672,7.672807,0.59275651,0.543048441,0.40724349
7673,7.673806,0.591041923,0.54225266,0.408958048
7674,7.674807,0.589205861,0.541400552,0.410794139
7675,7.675806,0.58659023,0.540461302,0.412817955
7676,7.676807,0.584425867,0.539182186,0.415574163
7677,7.677805,0.582151175,0.538126469,0.417848796
7678,7.678807,0.57976824,0.537020564,0.42023173
7679,7.679810,0.577220261,0.535838068,0.422779769
7680,7.680810,0.574749768,0.534691453,0.425250202
7681,7.681830,0.571204305,0.533046007,0.428795666
7682,7.682817,0.568509221,0.531795263,0.431490779
7683,7.683805,0.565611899,0.530450583,0.434388101
7684,7.684817,0.562578022,0.529042542,0.437421948
7685,7.685818,0.55955869,0.527641296,0.44044131
7686,7.686806,0.556366742,0.526159883,0.443633229
7687,7.687805,0.552329361,0.524665058,0.446854264
7688,7.688805,0.549019992,0.522750258,0.450980008
7689,7.689809,0.545680285,0.521200299,0.454319715
7690,7.690809,0.542273283,0.519619107,0.457726747
7691,7.691809,0.5387429,0.517980635,0.4612571
7692,7.692825,0.535192609,0.516332924,0.464807391
7693,7.693813,0.530663729,0.514231086,0.468405575
7694,7.694814,0.527056813,0.512557149,0.472943217
7695,7.695815,0.523327768,0.510826468,0.476672262
7696,7.696815,0.519623518,0.509107292,0.480376482
7697,7.697816,0.515885532,0.507372499,0.484114438
7698,7.698815,0.512099683,0.505615473,0.487900347
7699,7.699806,0.507358432,0.503852844,0.491698295
7700,7.700807,0.503554285,0.501649559,0.496445686
7701,7.701806,0.499738276,0.499878526,0.500261724
7702,7.702983,0.494973689,0.497667283,0.505026281
7703,7.703809,0.492111862,0.496339113,0.507888198
7704,7.704810,0.488300055,0.494570047,0.511699975
7705,7.705811,0.483575374,0.492377311,0.515479982
7706,7.706812,0.479810536,0.490630031,0.520189464
7707,7.707812,0.47607097,0.488894522,0.52392906
7708,7.708813,0.472361535,0.487172931,0.527638435
7709,7.709817,0.468711853,0.485479116,0.531288147
7710,7.710805,0.465025663,0.483768344,0.534974337
7711,7.711805,0.460574538,0.482115477,0.538535833
7712,7.712806,0.457049012,0.480066389,0.542950988
7713,7.713823,0.453579873,0.478456348,0.546420097
7714,7.714812,0.450171173,0.476874381,0.549828887
7715,7.715813,0.446828008,0.475322783,0.553171992
7716,7.716839,0.442658871,0.473804027,0.556444466
7717,7.717823,0.439617485,0.471976399,0.559689522
7718,7.718811,0.436521262,0.470539421,0.563478768
7719,7.719814,0.433457702,0.469117612,0.566542268
7720,7.720815,0.430478454,0.467734933,0.569521546
7721,7.721816,0.427700758,0.466445804,0.572299242
7722,7.722816,0.42496562,0.465176433,0.57503438
7723,7.723854,0.421750486,0.463684291,0.578249574
7724,7.724809,0.419186115,0.462494165,0.580813944
7725,7.725810,0.416792125,0.461383104,0.583207905
7726,7.726809,0.414577335,0.460355192,0.585422635
7727,7.727810,0.412344635,0.459318995,0.587655365
7728,7.728810,0.410227418,0.458336383,0.589772522
7729,7.729813,0.407910824,0.457261264,0.591699123
7730,7.730813,0.406068444,0.456406206,0.593931556
7731,7.731812,0.404501289,0.45567888,0.595498681
7732,7.732813,0.402991056,0.454977989,0.597008944
7733,7.733813,0.401459098,0.454266995,0.598540843
7734,7.734828,0.400370657,0.453761846,0.599629283
7735,7.735816,0.398930639,0.453093529,0.60065645
7736,7.736816,0.39799726,0.452660352,0.60200274
7737,7.737817,0.39720428,0.452292353,0.60279572
7738,7.738817,0.396634102,0.452027708,0.603365839
7739,7.739808,0.396126181,0.451792002,0.603873849
7740,7.740807,0.395762086,0.451623023,0.604237914
7741,7.741808,0.395345986,0.451483011,0.604539573
7742,7.742808,0.395553201,0.451526076,0.604446769
7743,7.743808,0.395659834,0.451575577,0.604340196
7744,7.744922,0.395916045,0.451654702,0.604169667
7745,7.745812,0.396146357,0.45180136,0.603853583
7746,7.746814,0.396769971,0.4520908,0.603230059
7747,7.747813,0.397570431,0.452462256,0.60262382
7748,7.748813,0.398596019,0.452938259,0.601404011
7749,7.749816,0.399446249,0.453332841,0.600553751
7750,7.750815,0.400829762,0.453974932,0.599170208
7751,7.751816,0.401963919,0.454501301,0.598036051
7752,7.752816,0.40346694,0.455198854,0.59653306
7753,7.753816,0.405515313,0.456149489,0.595119357
7754,7.754816,0.407098711,0.456884384,0.592901349
7755,7.755830,0.408961803,0.457749039,0.591038227
7756,7.756817,0.410954118,0.458673686,0.589045942
7757,7.757806,0.412936658,0.459593773,0.587063372
7758,7.758807,0.415315658,0.46069786,0.584684372
7759,7.759809,0.418416142,0.461764783,0.58238554
7760,7.760811,0.420860142,0.463271081,0.579139888
7761,7.761812,0.423361182,0.464431792,0.576638818
7762,7.762812,0.426154554,0.465728194,0.573845387
7763,7.763813,0.428993732,0.467045873,0.571006238
7764,7.764812,0.431881875,0.468386263,0.568118155
7765,7.765929,0.435698897,0.470157743,0.564301074
7766,7.766817,0.438953847,0.471668392,0.561046183
7767,7.767806,0.442150831,0.473152101,0.557849169
7768,7.768805,0.445480257,0.474697292,0.554519713
7769,7.769810,0.448888808,0.476279199,0.551111162
7770,7.770810,0.452334851,0.477878511,0.547665119
7771,7.771811,0.456789911,0.479544729,0.544074893
7772,7.772812,0.460457146,0.481648117,0.539542913
7773,7.773812,0.464120984,0.483348489,0.535879016
7774,7.774812,0.467893988,0.485099554,0.532106042
7775,7.775813,0.471687287,0.486860037,0.528312743
7776,7.776935,0.476469278,0.489079356,0.523530722
7777,7.777811,0.480368704,0.49044472,0.520588756
7778,7.778813,0.484267533,0.49269852,0.515732467
7779,7.779815,0.488215685,0.494530886,0.511784315
7780,7.780817,0.492170304,0.496366203,0.507829666
7781,7.781806,0.496138424,0.498207837,0.503861606
7782,7.782805,0.500113606,0.50005275,0.499886423
7783,7.783806,0.505088806,0.501897037,0.495912492
7784,7.784808,0.509063125,0.50420624,0.490936905
7785,7.785807,0.513016045,0.506040752,0.486983955
7786,7.786809,0.516945899,0.507864594,0.483054072
7787,7.787832,0.520863354,0.509682715,0.479136676
7788,7.788806,0.52475208,0.511487484,0.475247949
7789,7.789810,0.529587626,0.513276517,0.471393049
7790,7.790810,0.533420503,0.515510499,0.466579497
7791,7.791810,0.537183702,0.517257035,0.462816328
7792,7.792810,0.540862024,0.518964112,0.459137946
7793,7.793810,0.544476807,0.520641744,0.455523193
7794,7.794810,0.54809761,0.522322178,0.45190239
7795,7.795810,0.552483141,0.523954749,0.448384821
7796,7.796810,0.555906951,0.525946498,0.444093049
7797,7.797938,0.559250474,0.527498245,0.440749496
7798,7.798807,0.562459946,0.528987765,0.437540054
7799,7.799811,0.565727949,0.530504465,0.434272081
7800,7.800811,0.568748951,0.531906486,0.431251019
7801,7.801811,0.572391272,0.533286035,0.428278565
7802,7.802809,0.57528758,0.534941077,0.42471242
7803,7.803811,0.578016162,0.536207438,0.421983868
7804,7.804811,0.580629468,0.537420273,0.419370562
7805,7.805811,0.583189249,0.538608253,0.416810751
7806,7.806810,0.585429311,0.539647877,0.414570719
7807,7.807810,0.58828342,0.540753186,0.412189096
7808,7.808827,0.590296507,0.541906774,0.409703463
7809,7.809817,0.592245638,0.542811334,0.407754362
7810,7.810805,0.594132245,0.543686926,0.405867755
7811,7.811804,0.595808029,0.544464707,0.40419203
7812,7.812806,0.597266078,0.545141339,0.402733922
7813,7.813805,0.599058211,0.545858145,0.401189476
7814,7.814806,0.600266695,0.546533942,0.399733275
7815,7.815805,0.601486564,0.547100067,0.398513436
7816,7.816805,0.602399409,0.547523737,0.397600591
7817,7.817805,0.602919102,0.547764897,0.397080898
7818,7.818931,0.603899598,0.548219979,0.396100402
7819,7.819809,0.604154587,0.548258781,0.396016866
7820,7.820810,0.604418755,0.548460901,0.395581216
7821,7.821809,0.60461098,0.548550129,0.39538905
7822,7.822810,0.604403377,0.548453748,0.395596594
7823,7.823811,0.604205608,0.548361957,0.395794362
7824,7.824811,0.603772998,0.548161209,0.396227062
7825,7.825811,0.60319972,0.548002303,0.396569431
7826,7.826810,0.602424622,0.547535419,0.397575319
7827,7.827812,0.601738513,0.547217011,0.398261517
7828,7.828832,0.600741804,0.54675442,0.399258196
7829,7.829825,0.59959662,0.546222925,0.400403321
7830,7.830813,0.598458827,0.545694888,0.401541173
7831,7.831813,0.596486151,0.544991612,0.403056473
7832,7.832814,0.594796777,0.543995321,0.405203253
7833,7.833815,0.593115985,0.543215275,0.406884044
7834,7.834815,0.591223776,0.54233712,0.408776224
7835,7.835816,0.58919704,0.541396499,0.41080299
7836,7.836815,0.587038755,0.540394843,0.412961245
7837,7.837817,0.584160805,0.539059162,0.415181518
7838,7.838818,0.581718683,0.53792578,0.418281406
7839,7.839950,0.579093874,0.53670758,0.420906126
7840,7.840806,0.576416492,0.535465002,0.423583508
7841,7.841808,0.573684096,0.534196913,0.426315933
7842,7.842809,0.570783257,0.532850623,0.429216713
7843,7.843809,0.567011178,0.531431317,0.432274967
7844,7.844809,0.563831627,0.529624343,0.436168343
7845,7.845809,0.560658038,0.528151512,0.439341992
7846,7.846811,0.55730015,0.526593089,0.442699879
7847,7.847812,0.553989708,0.52505672,0.446010321
7848,7.848812,0.550430954,0.523405075,0.449569017
7849,7.849815,0.546019971,0.521792233,0.453044295
7850,7.850830,0.542416275,0.519685447,0.457583696
7851,7.851818,0.538683295,0.517952979,0.461316705
7852,7.852807,0.534954011,0.516222239,0.465045989
7853,7.853808,0.53114289,0.514453471,0.46885708
7854,7.854807,0.527264178,0.512653351,0.472735852
7855,7.855807,0.522390783,0.510846138,0.476629883
7856,7.856807,0.518439829,0.508557975,0.481560171
7857,7.857807,0.514490724,0.506725192,0.485509276
7858,7.858807,0.510505974,0.504875839,0.489494056
7859,7.859809,0.506499887,0.503016591,0.493500084
7860,7.860810,0.502493024,0.501156986,0.497506946
7861,7.861826,0.497477978,0.498829514,0.501518786
7862,7.862813,0.493467927,0.496968448,0.506532073
7863,7.863813,0.489467531,0.495111853,0.510532439
7864,7.864813,0.485493869,0.493267685,0.514506102
7865,7.865812,0.48150453,0.491416216,0.51849544
7866,7.866813,0.477600247,0.489604235,0.522399724
7867,7.867812,0.472688317,0.487794191,0.526299834
7868,7.868813,0.468855888,0.485545963,0.531144142
7869,7.869816,0.465020865,0.483766139,0.534979165
7870,7.870815,0.461291879,0.482035488,0.538708091
7871,7.871835,0.457625657,0.480333984,0.542374313
7872,7.872810,0.45395571,0.478630751,0.54604423
7873,7.873810,0.449505776,0.476956397,0.54965198
7874,7.874810,0.446029335,0.474952132,0.553970635
7875,7.875810,0.442632318,0.473375589,0.557367742
7876,7.876810,0.439367354,0.47186029,0.560632646
7877,7.877810,0.436146885,0.470365644,0.563853085
7878,7.878810,0.432967991,0.468890339,0.56703198
7879,7.879813,0.429196745,0.467509598,0.570007086
7880,7.880813,0.426296592,0.465794146,0.573703408
7881,7.881813,0.42356503,0.464526415,0.57643497
7882,7.882831,0.420826495,0.463255435,0.579173446
7883,7.883834,0.418264568,0.462066442,0.581735373
7884,7.884828,0.41575712,0.460902721,0.584242821
7885,7.885817,0.412878066,0.45982638,0.586562097
7886,7.886817,0.410648942,0.458532006,0.589350998
7887,7.887817,0.408762991,0.457656771,0.591237068
7888,7.888817,0.406871557,0.456778944,0.593128443
7889,7.889808,0.405117452,0.455964863,0.594882488
7890,7.890808,0.403578818,0.45525077,0.596421182
7891,7.891809,0.401531786,0.454497039,0.598045349
7892,7.892858,0.400238633,0.453700572,0.599761307
7893,7.893809,0.399171889,0.453205496,0.600828052
7894,7.894810,0.398255169,0.452780068,0.601744831
7895,7.895811,0.397409558,0.452387601,0.602590442
7896,7.896811,0.396715194,0.452065349,0.603284776
7897,7.897812,0.39606151,0.451776028,0.6039083
7898,7.898811,0.39554733,0.451523334,0.60445261
7899,7.899815,0.395514011,0.451507866,0.604485989
7900,7.900817,0.395471245,0.451488048,0.604528785
7901,7.901805,0.395582557,0.451539695,0.604417443
7902,7.902805,0.395766228,0.45162493,0.604233742
7903,7.903828,0.396314085,0.451879203,0.603652179
7904,7.904816,0.397005111,0.452199906,0.602994919
7905,7.905817,0.397846848,0.452590555,0.602153182
7906,7.906817,0.398599863,0.452940047,0.601400137
7907,7.907805,0.399662495,0.453433186,0.600337446
7908,7.908806,0.400873244,0.453995109,0.599126756
7909,7.909809,0.402744234,0.454624772,0.597770035
7910,7.910810,0.404278398,0.455575466,0.595721602
7911,7.911810,0.405806363,0.456284583,0.594193578
7912,7.912810,0.407623112,0.45712775,0.592376947
7913,7.913868,0.409646928,0.458067,0.590353072
7914,7.914805,0.41173166,0.459034532,0.58826834
7915,7.915807,0.414653867,0.460062504,0.586053371
7916,7.916806,0.416893065,0.461429954,0.583106995
7917,7.917808,0.419325292,0.462558746,0.580674708
7918,7.918809,0.421941847,0.463773072,0.578058124
7919,7.919812,0.424732268,0.465068132,0.575267732
7920,7.920812,0.427515686,0.466359913,0.572484314
7921,7.921811,0.431218535,0.467728704,0.569534957
7922,7.922811,0.434346855,0.469530255,0.565653086
7923,7.923812,0.43751803,0.471002012,0.562481999
7924,7.924826,0.440781355,0.472516537,0.559218645
7925,7.925815,0.444132209,0.474071681,0.555867791
7926,7.926814,0.447565138,0.475664884,0.552434802
7927,7.927814,0.451926649,0.477329552,0.548847973
7928,7.928814,0.455564171,0.47937727,0.544435859
7929,7.929805,0.459293127,0.481107891,0.540706873
7930,7.930804,0.462925643,0.482793748,0.537074387
7931,7.931805,0.466734499,0.484561414,0.533265471
7932,7.932805,0.470540524,0.486327797,0.529459476
7933,7.933805,0.475410253,0.488135636,0.525564075
7934,7.934864,0.479344845,0.490413904,0.520655155
7935,7.935814,0.483277738,0.492239177,0.516722262
7936,7.936815,0.487261415,0.494088024,0.512738645
7937,7.937814,0.491243929,0.495936304,0.508756101
7938,7.938815,0.49525699,0.497798771,0.50474298
7939,7.939817,0.500265539,0.499657452,0.500738084
7940,7.940804,0.504278362,0.50198561,0.495721638
7941,7.941872,0.508278608,0.503842115,0.491721392
7942,7.942810,0.512289047,0.50570339,0.487710983
7943,7.943811,0.516268373,0.50755018,0.483731598
7944,7.944811,0.520207942,0.509378552,0.479792088
7945,7.945821,0.525086045,0.511198819,0.475869805
7946,7.946809,0.529005408,0.513461471,0.470994592
7947,7.947809,0.532817125,0.515230477,0.467182904
7948,7.948809,0.536603093,0.516987562,0.463396907
7949,7.949813,0.540303528,0.518704951,0.459696501
7950,7.950813,0.543973207,0.520408034,0.456026793
7951,7.951812,0.548468471,0.522115707,0.452347279
7952,7.952812,0.551984787,0.524126232,0.448015243
7953,7.953812,0.555424571,0.525722623,0.444575429
7954,7.954813,0.558828235,0.527302265,0.441171706
7955,7.955826,0.562150896,0.528844357,0.437849134
7956,7.956813,0.565233469,0.530274987,0.434766531
7957,7.957815,0.569072306,0.53173095,0.43162939
7958,7.958815,0.572085857,0.533455133,0.427914113
7959,7.959805,0.574939072,0.53477931,0.425060898
7960,7.960807,0.577681661,0.536052167,0.422318369
7961,7.961808,0.580309689,0.537271857,0.419690311
7962,7.962808,0.582819223,0.538436532,0.417180777
7963,7.963809,0.585649848,0.539544582,0.414793253
7964,7.964808,0.587876379,0.540783584,0.412123621
7965,7.965836,0.590114295,0.541822195,0.409885705
7966,7.966831,0.592081606,0.542735219,0.407918394
7967,7.967807,0.593839765,0.543551207,0.406160235
7968,7.968807,0.595606208,0.544371009,0.404393792
7969,7.969812,0.597447872,0.545091391,0.402841568
7970,7.970812,0.598819673,0.545862377,0.401180327
7971,7.971812,0.600123882,0.546467662,0.399876088
7972,7.972812,0.601124108,0.546931863,0.398875892
7973,7.973813,0.602053463,0.547363162,0.397946507
7974,7.974814,0.602912903,0.547762036,0.397087038
7975,7.975813,0.603673935,0.547978282,0.396621168
7976,7.976828,0.604029357,0.54828018,0.395970643
7977,7.977815,0.604476035,0.548487484,0.395523965
7978,7.978816,0.604523659,0.548509598,0.395476341
7979,7.979807,0.604498982,0.548498154,0.395500988
7980,7.980808,0.604320288,0.548415184,0.395679682
7981,7.981808,0.603718281,0.548298717,0.395930707
7982,7.982809,0.603275836,0.547930479,0.396724164
7983,7.983810,0.602519631,0.547579527,0.397480369
7984,7.984810,0.601852477,0.547269881,0.398147523
7985,7.985810,0.600874424,0.546815991,0.399125576
7986,7.986835,0.599669635,0.54625684,0.400330365
7987,7.987825,0.59813273,0.545543551,0.401371658
7988,7.988814,0.596602142,0.544833183,0.403397828
7989,7.989815,0.595080316,0.544126928,0.404919684
7990,7.990817,0.593415737,0.543354392,0.406584233
7991,7.991817,0.59146744,0.54245019,0.40853256
7992,7.993038,0.588864446,0.541242123,0.411135554
7993,7.993814,0.586623788,0.540523171,0.412684709
7994,7.994814,0.584457099,0.53919667,0.415542901
7995,7.995814,0.582030177,0.538070321,0.417969793
7996,7.996814,0.57942003,0.536858976,0.42057997
7997,7.997823,0.576817214,0.535650969,0.423182756
7998,7.998810,0.573980927,0.53433466,0.426019073
7999,7.999814,0.570412993,0.532995582,0.428904414
8000,8.000814,0.567395151,0.531278193,0.432604879
8001,8.001814,0.564227462,0.529808044,0.435772508
8002,8.002814,0.561065495,0.528340578,0.438934505
8003,8.003813,0.557763457,0.526808143,0.442236573
8004,8.004814,0.554333568,0.525216281,0.445666432
8005,8.005815,0.550029933,0.523626924,0.449090987
8006,8.006814,0.546505868,0.521583438,0.453494132
8007,8.007815,0.542874336,0.519898057,0.457125664
8008,8.008823,0.539148748,0.518168986,0.460851252
8009,8.009815,0.535370946,0.516415715,0.464629054
8010,8.010815,0.531571984,0.51465261,0.468428016
8011,8.011815,0.526757956,0.512887895,0.472230494
8012,8.012814,0.522880077,0.510618687,0.477119893
8013,8.013814,0.518932641,0.508786678,0.481067389
8014,8.014815,0.515010417,0.506966352,0.484989554
8015,8.015815,0.511004448,0.505107164,0.488995552
8016,8.016815,0.507005513,0.503251255,0.492994487
8017,8.017815,0.501993001,0.501390636,0.497003585
8018,8.018828,0.497980714,0.499062866,0.502019346
8019,8.019814,0.493972927,0.497202814,0.506027043
8020,8.020816,0.489982069,0.495350659,0.510017931
8021,8.021816,0.485968202,0.493487835,0.514031827
8022,8.022804,0.48201257,0.491652012,0.51798743
8023,8.023817,0.477092683,0.489831597,0.521909833
8024,8.024806,0.473194033,0.487559319,0.526805997
8025,8.025806,0.469334751,0.485768199,0.530665219
8026,8.026806,0.465521008,0.483998239,0.534478962
8027,8.027807,0.461727977,0.482237875,0.538272023
8028,8.028808,0.458051145,0.480531484,0.541948855
8029,8.029829,0.453505576,0.478421867,0.545522451
8030,8.030806,0.449906349,0.476751477,0.55009371
8031,8.031806,0.446501136,0.475171089,0.553498864
8032,8.032807,0.44300741,0.473549664,0.55699259
8033,8.033809,0.439728737,0.472027987,0.560271204
8034,8.034809,0.436544031,0.470550001,0.563455999
8035,8.035810,0.433353424,0.469069213,0.566646576
8036,8.036809,0.42951113,0.467285991,0.57048887
8037,8.037811,0.426710308,0.465986133,0.573289692
8038,8.038812,0.423847497,0.464657485,0.576152503
8039,8.039892,0.420499265,0.463436425,0.578783631
8040,8.040807,0.418705285,0.462271005,0.581294715
8041,8.041807,0.416121215,0.46107173,0.583878815
8042,8.042808,0.413224757,0.459727466,0.586775243
8043,8.043809,0.411051124,0.458718687,0.588948846
8044,8.044810,0.40907988,0.457803845,0.59092015
8045,8.045811,0.407173038,0.456918865,0.592826962
8046,8.046811,0.405328959,0.456063032,0.594671071
8047,8.047812,0.40338704,0.455340683,0.596227407
8048,8.048813,0.401780516,0.454416156,0.598219454
8049,8.049817,0.40054822,0.453844249,0.59945178
8050,8.050828,0.399385631,0.453304708,0.600614369
8051,8.051825,0.398291677,0.452796996,0.601708293
8052,8.052815,0.397587121,0.452470005,0.60241282
8053,8.053816,0.396638989,0.452101737,0.603206396
8054,8.054815,0.396197319,0.451824993,0.603802621
8055,8.055815,0.395746291,0.451615691,0.604253709
8056,8.056814,0.39569357,0.451591223,0.6043064
8057,8.057815,0.395549983,0.451524585,0.604450047
8058,8.058815,0.395641863,0.451567233,0.604358137
8059,8.059806,0.395724714,0.451605678,0.604275346
8060,8.060944,0.396248549,0.451848805,0.603751481
8061,8.061810,0.396839857,0.452123225,0.603160143
8062,8.062811,0.397663474,0.452505469,0.602336526
8063,8.063811,0.398477614,0.452883303,0.601522386
8064,8.064811,0.399600416,0.453404397,0.600399554
8065,8.065810,0.40071398,0.453921199,0.599286079
8066,8.066811,0.402409971,0.454708308,0.597590029
8067,8.067811,0.404078931,0.45548287,0.59592104
8068,8.068811,0.405663073,0.456218094,0.594336927
8069,8.069814,0.407461256,0.457052648,0.592538774
8070,8.070813,0.409253836,0.45788458,0.590746224
8071,8.071863,0.411932826,0.459127903,0.588067174
8072,8.072813,0.414299756,0.460226357,0.585700214
8073,8.073813,0.416589975,0.461289257,0.583409965
8074,8.074813,0.419070333,0.462440401,0.580929637
8075,8.075813,0.421608806,0.463618517,0.578391194
8076,8.076814,0.424266696,0.464852065,0.575733304
8077,8.077814,0.427879095,0.46616593,0.572902381
8078,8.078814,0.430895537,0.467928499,0.569104433
8079,8.079817,0.433957517,0.469349563,0.566042423
8080,8.080815,0.437116861,0.470815837,0.562883139
8081,8.081816,0.44032222,0.47230345,0.55967772
8082,8.082830,0.443620622,0.473834246,0.556379378
8083,8.083807,0.44713214,0.475463927,0.55286783
8084,8.084806,0.451557606,0.477517813,0.548442364
8085,8.085807,0.455110759,0.479166836,0.544889212
8086,8.086807,0.458768308,0.480864316,0.541231751
8087,8.087808,0.462486327,0.482589841,0.537513673
8088,8.088809,0.466286153,0.484353364,0.533713877
8089,8.089811,0.470059514,0.486104578,0.529940486
8090,8.090812,0.474923372,0.488361895,0.525076628
8091,8.091813,0.478821188,0.490170866,0.521178782
8092,8.092854,0.482769638,0.492003351,0.517230332
8093,8.093805,0.486764431,0.493857354,0.513235569
8094,8.094807,0.490744531,0.495704532,0.509255469
8095,8.095808,0.494748652,0.497562855,0.505251408
8096,8.096808,0.499764353,0.499890625,0.500235617
8097,8.097809,0.503780484,0.501754522,0.496219516
8098,8.098808,0.507785201,0.503613114,0.492214829
8099,8.099813,0.511781514,0.505467832,0.488218486
8100,8.100814,0.515760303,0.507314384,0.484239638
8101,8.101814,0.520700276,0.509142995,0.480299532
8102,8.102815,0.524618745,0.511425614,0.475381255
8103,8.103829,0.528523147,0.513237596,0.471476793
8104,8.104805,0.532340765,0.515009403,0.467659205
8105,8.105823,0.536161482,0.516782582,0.463838518
8106,8.106811,0.539903522,0.518519282,0.460096478
8107,8.107813,0.543518424,0.520196974,0.456481546
8108,8.108812,0.548061848,0.522305548,0.451938123
8109,8.109817,0.551590204,0.523943067,0.448409796
8110,8.110818,0.55508554,0.525565267,0.44491443
8111,8.111807,0.558413506,0.527109802,0.441586465
8112,8.112806,0.561650038,0.528611898,0.438349992
8113,8.113872,0.565727592,0.530504286,0.434272408
8114,8.114817,0.568642378,0.531857014,0.431357592
8115,8.115805,0.571722031,0.533286333,0.428277969
8116,8.116816,0.574588716,0.534616709,0.425411224
8117,8.117816,0.577345252,0.535896063,0.422654748
8118,8.118815,0.57992506,0.537093341,0.42007491
8119,8.119807,0.582512319,0.538294077,0.417487681
8120,8.120806,0.585429728,0.539648056,0.414570242
8121,8.121807,0.587811291,0.540753365,0.412188679
8122,8.122806,0.589859128,0.541703761,0.410140842
8123,8.123806,0.591915309,0.542658031,0.408084661
8124,8.124828,0.593692064,0.543482661,0.406307966
8125,8.125815,0.595733345,0.544276476,0.404597551
8126,8.126815,0.59734261,0.545176864,0.402657419
8127,8.127815,0.598733485,0.545822382,0.401266575
8128,8.128815,0.599900663,0.546364069,0.400099397
8129,8.129818,0.600997508,0.546873093,0.399002492
8130,8.130806,0.602025449,0.547350168,0.397974551
8131,8.131804,0.602823913,0.54772073,0.397176087
8132,8.132805,0.603608608,0.548084915,0.396366954
8133,8.133818,0.604064643,0.548296571,0.395935327
8134,8.134806,0.604367197,0.548436999,0.395632803
8135,8.135831,0.60451597,0.548506021,0.39548403
8136,8.136806,0.604592443,0.548541546,0.395407557
8137,8.137806,0.604269385,0.548391581,0.395730585
8138,8.138807,0.6040169,0.548274398,0.3959831
8139,8.139810,0.60343045,0.548002243,0.39656955
8140,8.140810,0.602773011,0.547697127,0.397226959
8141,8.141809,0.601964056,0.547321677,0.398035973
8142,8.142810,0.601083934,0.546913207,0.398916066
8143,8.143811,0.599974692,0.546398401,0.400025278
8144,8.144810,0.598304331,0.545623183,0.401695639
8145,8.145922,0.596867323,0.544956267,0.403132677
8146,8.146809,0.595287502,0.54422307,0.404712498
8147,8.147811,0.593640506,0.5434587,0.406359494
8148,8.148811,0.591780841,0.542595625,0.408219159
8149,8.149814,0.589645386,0.541604578,0.410354614
8150,8.150814,0.586969852,0.540362835,0.413030088
8151,8.151815,0.584818006,0.539364159,0.415181965
8152,8.152814,0.582339942,0.538214087,0.417660058
8153,8.153815,0.579869449,0.537067533,0.420130581
8154,8.154815,0.577156246,0.535808325,0.422843754
8155,8.155816,0.574508488,0.534579515,0.425491512
8156,8.156821,0.570782721,0.532850385,0.429217309
8157,8.157810,0.567830622,0.531480312,0.432169408
8158,8.158810,0.564672291,0.530014515,0.435327709
8159,8.159813,0.561568022,0.528573811,0.438431948
8160,8.160814,0.558226466,0.527023017,0.441773534
8161,8.161813,0.554846883,0.525454521,0.445153147
8162,8.162815,0.550469756,0.523423076,0.449530214
8163,8.163816,0.546918213,0.521774828,0.453081787
8164,8.164826,0.543297529,0.520094454,0.456702441
8165,8.165815,0.539581954,0.518370032,0.460418016
8166,8.166866,0.53492552,0.516634345,0.464157999
8167,8.167811,0.532049,0.514873981,0.467951
8168,8.168812,0.527263403,0.512652993,0.472736597
8169,8.169815,0.523368895,0.510845542,0.476631105
8170,8.170816,0.519440174,0.509022236,0.480559856
8171,8.171815,0.515482783,0.507185578,0.484517187
8172,8.172817,0.511502564,0.505338371,0.488497436
8173,8.173805,0.507517397,0.503488839,0.492482603
8174,8.174805,0.502494216,0.501157582,0.496502608
8175,8.175806,0.498480439,0.499294788,0.50151962
8176,8.176807,0.494464427,0.497430921,0.505535543
8177,8.177833,0.490472823,0.495578438,0.509527206
8178,8.178808,0.486476064,0.493723512,0.513523936
8179,8.179813,0.4825477,0.491900355,0.5174523
8180,8.180812,0.477581948,0.489595741,0.522418022
8181,8.181813,0.473678797,0.487784296,0.526321173
8182,8.182812,0.46981445,0.485990852,0.53018558
8183,8.183812,0.46602121,0.484230399,0.53397882
8184,8.184812,0.462224871,0.482468486,0.537775099
8185,8.185811,0.458478302,0.480729699,0.541521668
8186,8.186811,0.454026997,0.478663862,0.545973003
8187,8.187811,0.450386167,0.476974159,0.549613893
8188,8.188823,0.446848869,0.475332469,0.553151131
8189,8.189815,0.443428695,0.473745167,0.556571305
8190,8.190814,0.440138936,0.472218364,0.559861004
8191,8.191815,0.436893165,0.470712006,0.563106835
8192,8.192814,0.432914853,0.468865693,0.567085147
8193,8.193814,0.429992318,0.467509329,0.570007682
8194,8.194814,0.427067995,0.466152161,0.572932065
8195,8.195814,0.424310625,0.46487245,0.575689435
8196,8.196814,0.421423197,0.463532388,0.578576803
8197,8.197814,0.418893188,0.462358207,0.581106842
8198,8.198902,0.415690362,0.460871786,0.584309697
8199,8.199805,0.413572907,0.459889054,0.586427093
8200,8.200806,0.411315501,0.458841383,0.588684559
8201,8.201806,0.409256428,0.457885742,0.590743542
8202,8.202806,0.407331228,0.456992269,0.592668772
8203,8.203805,0.405542582,0.456162155,0.594457388
8204,8.204806,0.40357852,0.455250651,0.596106827
8205,8.205806,0.402031183,0.454532504,0.597968817
8206,8.206806,0.400703669,0.453916401,0.599296272
8207,8.207806,0.399443954,0.453331769,0.600556016
8208,8.208805,0.398489892,0.452888995,0.601510108
8209,8.209826,0.397409409,0.452441812,0.602473617
8210,8.210813,0.396715045,0.452065289,0.603284955
8211,8.211813,0.396254241,0.451851428,0.603745759
8212,8.212813,0.395620584,0.451557338,0.604379416
8213,8.213813,0.395548761,0.451524019,0.604451239
8214,8.214813,0.395549208,0.451524198,0.604450762
8215,8.215813,0.39545843,0.451482087,0.60454154
8216,8.216813,0.395766288,0.45162496,0.604233682
8217,8.217814,0.39634791,0.451894879,0.60365206
8218,8.218815,0.396838576,0.452122629,0.603161454
8219,8.219915,0.397767007,0.452553511,0.602357507
8220,8.220816,0.398437381,0.452864617,0.601562619
8221,8.221806,0.399462044,0.453340173,0.600537956
8222,8.222805,0.400951117,0.454031259,0.599365115
8223,8.223833,0.402383238,0.45469591,0.597616792
8224,8.224824,0.403806537,0.455356479,0.596193492
8225,8.225812,0.40537402,0.456083953,0.594626009
8226,8.226812,0.407156527,0.456911206,0.592843473
8227,8.227813,0.409075797,0.457801938,0.590924203
8228,8.228813,0.411662936,0.459002644,0.588337123
8229,8.229817,0.413812101,0.460000038,0.58618784
8230,8.230827,0.416288853,0.461149544,0.583711207
8231,8.231817,0.418754011,0.462293625,0.581246018
8232,8.232817,0.421339005,0.463493288,0.578660965
8233,8.233805,0.424039841,0.464746773,0.575960159
8234,8.234805,0.42751655,0.466360331,0.573089838
8235,8.235806,0.430520058,0.467754245,0.569479942
8236,8.236807,0.433621764,0.469193757,0.566378236
8237,8.237807,0.436766744,0.470653325,0.563233197
8238,8.238808,0.439957976,0.472134411,0.560042024
8239,8.239813,0.443287253,0.473679513,0.556712687
8240,8.240886,0.447606891,0.475684285,0.552393138
8241,8.241812,0.45107618,0.477294385,0.54892385
8242,8.242811,0.454729497,0.478989899,0.545270503
8243,8.243813,0.458340764,0.480665892,0.541659236
8244,8.244814,0.462018967,0.48237294,0.537981033
8245,8.245814,0.465785712,0.484121084,0.534214258
8246,8.246815,0.470564336,0.486338854,0.529435635
8247,8.247813,0.474436671,0.488136023,0.5255633
8248,8.248814,0.47836408,0.489958733,0.52163595
8249,8.249817,0.48227483,0.491773725,0.51772517
8250,8.250817,0.486246288,0.493616879,0.513753712
8251,8.251832,0.491245091,0.495472848,0.509754658
8252,8.252808,0.49525407,0.4977974,0.505751848
8253,8.253808,0.499263048,0.499657989,0.500736952
8254,8.254808,0.503274024,0.501519501,0.496726006
8255,8.255808,0.507279575,0.503378451,0.492720425
8256,8.256807,0.511282921,0.505236387,0.488717049
8257,8.257808,0.515240371,0.507073104,0.484759659
8258,8.258808,0.520208716,0.50937891,0.480776936
8259,8.259811,0.524112403,0.511190593,0.475887567
8260,8.260811,0.528018177,0.51300329,0.471981823
8261,8.261856,0.531863868,0.514788091,0.468136132
8262,8.262817,0.535634398,0.516537964,0.464365602
8263,8.263806,0.539408445,0.518289506,0.460591555
8264,8.264806,0.544008374,0.520424366,0.456903636
8265,8.265805,0.547578812,0.522081375,0.452421159
8266,8.266806,0.55115366,0.52374047,0.44884634
8267,8.267806,0.554530263,0.525307596,0.445469737
8268,8.268806,0.557997167,0.526916564,0.442002833
8269,8.269809,0.561244905,0.528423846,0.438755095
8270,8.270808,0.565234423,0.530275404,0.435551882
8271,8.271809,0.568424761,0.531756043,0.431575209
8272,8.272821,0.571356416,0.533116639,0.428643584
8273,8.273810,0.574236393,0.534453213,0.425763607
8274,8.274810,0.576886594,0.535683215,0.423113406
8275,8.275826,0.580247402,0.537001193,0.420273572
8276,8.276813,0.58281976,0.53843677,0.41718024
8277,8.277814,0.585207224,0.539544821,0.414792776
8278,8.278814,0.587400675,0.540562809,0.412599355
8279,8.279817,0.589601994,0.541584432,0.410398006
8280,8.280816,0.591459453,0.542446494,0.408540547
8281,8.281816,0.593395412,0.543344975,0.406604648
8282,8.282843,0.595606744,0.544371247,0.404393286
8283,8.283806,0.59715873,0.54509151,0.40284127
8284,8.284808,0.598644912,0.545781255,0.401355088
8285,8.285808,0.599987745,0.546404481,0.400012255
8286,8.286809,0.600947618,0.546849966,0.399052411
8287,8.287809,0.60183543,0.547261953,0.398164541
8288,8.288810,0.602993786,0.547799587,0.397186995
8289,8.289814,0.603622019,0.548091114,0.396377951
8290,8.290814,0.604016066,0.54827404,0.395983934
8291,8.291815,0.604419589,0.548461318,0.395580441
8292,8.292816,0.604587734,0.54853934,0.395412296
8293,8.293823,0.604580879,0.54850769,0.395480394
8294,8.294812,0.604401946,0.548453093,0.395620614
8295,8.295812,0.603906274,0.548223078,0.396093667
8296,8.296813,0.603501856,0.548035383,0.396498173
8297,8.297813,0.602702558,0.547664404,0.397297442
8298,8.298814,0.602073252,0.547372341,0.397926718
8299,8.299805,0.60097456,0.546862483,0.3990255
8300,8.300806,0.599825621,0.54632926,0.400191456
8301,8.301807,0.598473608,0.545701742,0.401526392
8302,8.302807,0.597054601,0.54504323,0.402945459
8303,8.303833,0.595343232,0.544248939,0.404656768
8304,8.304827,0.593789756,0.543527961,0.406210214
8305,8.305815,0.591876507,0.54264003,0.408123463
8306,8.306816,0.589527071,0.541549683,0.410472989
8307,8.307816,0.587314844,0.540522933,0.412685156
8308,8.308817,0.585044086,0.539469123,0.414955914
8309,8.309808,0.58264786,0.538357019,0.41735214
8310,8.310809,0.580129683,0.537188292,0.419870287
8311,8.311810,0.577432871,0.535936713,0.422567099
8312,8.312810,0.574096262,0.534388185,0.425198078
8313,8.313810,0.57109499,0.532995284,0.42890498
8314,8.314827,0.568158269,0.531632364,0.431841731
8315,8.315814,0.565014422,0.530173302,0.434985578
8316,8.316815,0.561876535,0.528716981,0.438123494
8317,8.317814,0.558642507,0.527216077,0.441357464
8318,8.318815,0.55437541,0.525235713,0.444769949
8319,8.319805,0.55090791,0.523626447,0.44909209
8320,8.320818,0.547365665,0.521982491,0.452634335
8321,8.321805,0.543753266,0.520305991,0.456246793
8322,8.322805,0.540076375,0.51859951,0.459923625
8323,8.323805,0.536368906,0.516878843,0.463631094
8324,8.324806,0.531595588,0.514663577,0.467449218
8325,8.325826,0.52772522,0.512867332,0.47227481
8326,8.326815,0.523857594,0.511072338,0.476142466
8327,8.327815,0.519901693,0.509236395,0.480098337
8328,8.328815,0.515978694,0.507415712,0.484021276
8329,8.329817,0.512010396,0.505574048,0.487989575
8330,8.330826,0.507004321,0.503250718,0.49299565
8331,8.331814,0.502995253,0.5013901,0.497004777
8332,8.332814,0.49898085,0.499527007,0.50101918
8333,8.333813,0.494969368,0.497665286,0.505030632
8334,8.334814,0.490971714,0.495809942,0.509028256
8335,8.335853,0.485967427,0.493487477,0.513026714
8336,8.336811,0.482011825,0.491651654,0.516998947
8337,8.337812,0.478071868,0.489823133,0.521928191
8338,8.338811,0.474164188,0.488009542,0.525835812
8339,8.339815,0.470294684,0.486213714,0.529705286
8340,8.340814,0.466442674,0.484425992,0.533557355
8341,8.341815,0.462721884,0.482699186,0.537278175
8342,8.342814,0.4580504,0.480531126,0.540996552
8343,8.343813,0.454405576,0.478839576,0.545594454
8344,8.344813,0.450827986,0.477179199,0.549172044
8345,8.345813,0.447364032,0.475571573,0.552635968
8346,8.346875,0.443051338,0.473920882,0.556192636
8347,8.347814,0.440550566,0.472409427,0.559449434
8348,8.348815,0.436394036,0.470480353,0.562657416
8349,8.349805,0.433352828,0.469068944,0.566647172
8350,8.350807,0.430310279,0.467656881,0.569689691
8351,8.351806,0.427427441,0.466318965,0.572572589
8352,8.352808,0.424656004,0.465032727,0.575343966
8353,8.353808,0.421816617,0.463714957,0.578183353
8354,8.354809,0.418577433,0.462211668,0.580789626
8355,8.355810,0.416186422,0.461101979,0.583813548
8356,8.356811,0.413787782,0.459988773,0.586212158
8357,8.357826,0.411512554,0.458932847,0.588487506
8358,8.358814,0.409506381,0.458001763,0.590493619
8359,8.359805,0.407491744,0.457066774,0.592508256
8360,8.360806,0.40540266,0.456097215,0.594167888
8361,8.361806,0.403696895,0.455305576,0.596303105
8362,8.362806,0.402207077,0.454614162,0.597792923
8363,8.363807,0.400939107,0.454025686,0.599060893
8364,8.364808,0.399662137,0.453433037,0.600337863
8365,8.365809,0.398531258,0.452908188,0.601468682
8366,8.366808,0.397506773,0.452432722,0.602291346
8367,8.367912,0.396631539,0.452026516,0.603368402
8368,8.368808,0.396313608,0.451878965,0.603686392
8369,8.369812,0.395742595,0.451613963,0.604257345
8370,8.370812,0.395487905,0.451495767,0.604512095
8371,8.371811,0.395469189,0.451487094,0.604530811
8372,8.372813,0.395560205,0.451529324,0.60431385
8373,8.373814,0.395806432,0.451643616,0.604193628
8374,8.374814,0.396206081,0.451829076,0.603793919
8375,8.375815,0.396758825,0.452085614,0.603241205
8376,8.376814,0.397463709,0.452412724,0.602536261
8377,8.377815,0.3983199,0.452810109,0.6016801
8378,8.378855,0.399600625,0.453404486,0.600399375
8379,8.379808,0.400869608,0.45399344,0.599130392
8380,8.380807,0.402129561,0.454578161,0.597870409
8381,8.381808,0.403611481,0.455265939,0.596388519
8382,8.382809,0.405383706,0.456088424,0.594616294
8383,8.383809,0.40699932,0.45683825,0.59300071
8384,8.384810,0.409467191,0.457983583,0.591171324
8385,8.385808,0.411464572,0.458910555,0.588535368
8386,8.386810,0.413663536,0.459931105,0.586336493
8387,8.387810,0.415923804,0.460980117,0.584076226
8388,8.388810,0.418439567,0.462147683,0.581560433
8389,8.389847,0.421609342,0.463618785,0.579052031
8390,8.390809,0.424385846,0.464907348,0.576363266
8391,8.391810,0.42726934,0.466245592,0.57273066
8392,8.392809,0.430146664,0.467580944,0.569853306
8393,8.393810,0.433131009,0.468966007,0.56686902
8394,8.394810,0.436368793,0.47046864,0.563631177
8395,8.395810,0.439501047,0.471922338,0.560498953
8396,8.396810,0.443665475,0.473855078,0.557177961
8397,8.397810,0.447132856,0.475464284,0.552867174
8398,8.398810,0.45059514,0.477071106,0.54940486
8399,8.399877,0.45420751,0.478747636,0.54579246
8400,8.400809,0.457947642,0.480483413,0.542052329
8401,8.401810,0.461552411,0.482156396,0.538447559
8402,8.402809,0.466234028,0.484329134,0.534687519
8403,8.403810,0.470130503,0.486137509,0.529869497
8404,8.404808,0.473950922,0.487910569,0.526049018
8405,8.405809,0.477873921,0.489731252,0.522126079
8406,8.406810,0.481794983,0.491551012,0.518204987
8407,8.407810,0.485760331,0.493391365,0.514239728
8408,8.408810,0.490745723,0.495705068,0.510253549
8409,8.409814,0.494753957,0.497565299,0.505246043
8410,8.410831,0.498761564,0.499425232,0.501238406
8411,8.411818,0.50277555,0.501288116,0.49722445
8412,8.412806,0.506785214,0.503149033,0.493214846
8413,8.413805,0.510776341,0.505001307,0.489223659
8414,8.414807,0.515761137,0.507314742,0.485231817
8415,8.415808,0.519732118,0.509157717,0.480267882
8416,8.416808,0.523643255,0.510972857,0.476356745
8417,8.417809,0.527513087,0.512768865,0.472486913
8418,8.418810,0.531386077,0.514566362,0.468613952
8419,8.419812,0.535163105,0.516319275,0.464836895
8420,8.420839,0.539873004,0.518505096,0.460126996
8421,8.421831,0.543553114,0.520213068,0.456446797
8422,8.422808,0.547169328,0.521891356,0.452830702
8423,8.423807,0.550675929,0.523518801,0.449324101
8424,8.424808,0.554229796,0.525168121,0.445770204
8425,8.425809,0.557534099,0.526701689,0.442465931
8426,8.426810,0.561747611,0.528657138,0.439066172
8427,8.427810,0.564892948,0.530116916,0.435107082
8428,8.428810,0.567991197,0.531554818,0.432008773
8429,8.429814,0.570989311,0.532946229,0.429010689
8430,8.430815,0.573882818,0.534289122,0.426117152
8431,8.431895,0.577406406,0.535924435,0.422593594
8432,8.432809,0.57998848,0.537122786,0.42066139
8433,8.433809,0.582512796,0.538294315,0.417487174
8434,8.434810,0.584915876,0.539409637,0.415084183
8435,8.435811,0.587193727,0.540466726,0.412806302
8436,8.436811,0.589272976,0.541431725,0.410727084
8437,8.437812,0.591360331,0.542400479,0.408639669
8438,8.438811,0.593692422,0.54348278,0.406756997
8439,8.439816,0.5954777,0.544311345,0.4045223
8440,8.440822,0.596972764,0.545005202,0.403027177
8441,8.441810,0.59832263,0.545631707,0.40167737
8442,8.442826,0.599759459,0.546298504,0.400240481
8443,8.443813,0.600816369,0.54678905,0.399183691
8444,8.444814,0.602105558,0.547387362,0.398117691
8445,8.445814,0.602824032,0.54772079,0.397175997
8446,8.446813,0.603389919,0.547983408,0.396610081
8447,8.447813,0.604046524,0.548288167,0.395953447
8448,8.448813,0.60438776,0.548446536,0.39561221
8449,8.449816,0.604657114,0.548571527,0.395342857
8450,8.450816,0.604510546,0.548503518,0.395473719
8451,8.451816,0.604269385,0.548391581,0.395730615
8452,8.452869,0.603956223,0.548246264,0.396043807
8453,8.453807,0.60365212,0.548105121,0.39634791
8454,8.454807,0.603032112,0.547817349,0.396967888
8455,8.455807,0.602180183,0.547421992,0.397819787
8456,8.456808,0.600846589,0.546803057,0.398582816
8457,8.457807,0.599896193,0.546361983,0.400103807
8458,8.458807,0.598486423,0.545707703,0.401513547
8459,8.459810,0.597163677,0.545093834,0.402836323
8460,8.460811,0.595770299,0.544447124,0.404229701
8461,8.461811,0.594010055,0.543630242,0.405989975
8462,8.462810,0.591780424,0.542595446,0.407886147
8463,8.463830,0.589715183,0.541636944,0.410284787
8464,8.464805,0.587520897,0.540618598,0.412479103
8465,8.465817,0.585334539,0.539603889,0.41466549
8466,8.466817,0.582953811,0.538498998,0.417046189
8467,8.467816,0.580513895,0.537366629,0.419486105
8468,8.468817,0.577155709,0.535808086,0.422170728
8469,8.469807,0.574391246,0.534525096,0.425608724
8470,8.470808,0.571573079,0.533217192,0.428426921
8471,8.471807,0.568537533,0.531808376,0.431462467
8472,8.472807,0.565405667,0.530354857,0.434594333
8473,8.473822,0.562279761,0.52890414,0.437720239
8474,8.474811,0.558179855,0.527001381,0.44103536
8475,8.475811,0.554760039,0.525414228,0.445239991
8476,8.476810,0.551305056,0.523810744,0.448694944
8477,8.477811,0.547811747,0.522189498,0.452188253
8478,8.478811,0.54417336,0.520500898,0.45582661
8479,8.479815,0.540538788,0.518814147,0.459461242
8480,8.480816,0.535897017,0.516659856,0.46318996
8481,8.481816,0.532098114,0.51489681,0.467901915
8482,8.482816,0.528207779,0.513091266,0.471792221
8483,8.483817,0.524326026,0.511289716,0.475673914
8484,8.484832,0.520424604,0.509479105,0.479575396
8485,8.485808,0.516473889,0.507645547,0.483526111
8486,8.486809,0.511501789,0.505338013,0.487510979
8487,8.487811,0.507504404,0.503482819,0.492495596
8488,8.488811,0.503498971,0.501623869,0.496501029
8489,8.489815,0.499483258,0.499760181,0.500516713
8490,8.490815,0.495466679,0.497896075,0.504533291
8491,8.491815,0.491464496,0.496038646,0.508535445
8492,8.492816,0.486475289,0.493723154,0.512528896
8493,8.493818,0.482505918,0.491880983,0.517494082
8494,8.494831,0.478562146,0.490050673,0.521437883
8495,8.495806,0.474669993,0.488244295,0.525329947
8496,8.496808,0.470775604,0.486436903,0.529224396
8497,8.497809,0.466944098,0.484658688,0.533055902
8498,8.498809,0.46225372,0.482481897,0.53683871
8499,8.499813,0.458510131,0.480744481,0.54148984
8500,8.500813,0.454857111,0.479049116,0.545142889
8501,8.501831,0.451270759,0.477384686,0.548729241
8502,8.502806,0.447797328,0.475772679,0.552202702
8503,8.503807,0.44431901,0.474158376,0.55568099
8504,8.504806,0.44013828,0.472218096,0.55986172
8505,8.505828,0.436892509,0.470711708,0.563107491
8506,8.506817,0.433687896,0.469224453,0.566312134
8507,8.507817,0.430793107,0.467880964,0.569206893
8508,8.508806,0.427731872,0.466460258,0.572268188
8509,8.509808,0.424944609,0.465166688,0.57505542
8510,8.510808,0.421422631,0.46353212,0.577910781
8511,8.511808,0.418892682,0.462357968,0.581107318
8512,8.512808,0.416486323,0.461241186,0.583513677
8513,8.513808,0.41413945,0.46015197,0.58586055
8514,8.514808,0.411781192,0.45905751,0.588218808
8515,8.515826,0.409828842,0.45815143,0.590171158
8516,8.516813,0.407330841,0.45699209,0.592200756
8517,8.517814,0.405542225,0.456161976,0.594457746
8518,8.518814,0.403817564,0.455361575,0.596182466
8519,8.519817,0.402385294,0.454696864,0.597614765
8520,8.520816,0.401099026,0.454099894,0.598900974
8521,8.521817,0.399803877,0.453498811,0.600196123
8522,8.522817,0.398489594,0.452888846,0.601186931
8523,8.523804,0.397606373,0.452478975,0.602393687
8524,8.524805,0.396874219,0.452139139,0.603125751
8525,8.525818,0.396212786,0.451832175,0.603787184
8526,8.526825,0.39594838,0.451709479,0.60405165
8527,8.527814,0.395674795,0.451582491,0.604325175
8528,8.528814,0.39546749,0.45148629,0.604608595
8529,8.529805,0.395622075,0.451558053,0.604377985
8530,8.530817,0.395767152,0.451625347,0.604232788
8531,8.531817,0.396229029,0.451839745,0.603770971
8532,8.532817,0.396762282,0.452087224,0.603237748
8533,8.533804,0.397527933,0.452442557,0.602472067
8534,8.534805,0.39843756,0.452719599,0.601875007
8535,8.535817,0.399462253,0.453340262,0.600537717
8536,8.536830,0.400635153,0.453884602,0.599364817
8537,8.537806,0.401954651,0.45449701,0.598045349
8538,8.538806,0.403342962,0.455141336,0.596657097
8539,8.539809,0.405025005,0.455921948,0.594974995
8540,8.540809,0.407156885,0.456732452,0.593228579
8541,8.541809,0.409147382,0.457835168,0.590852618
8542,8.542810,0.411199152,0.458787382,0.588800848
8543,8.543809,0.413381815,0.459800363,0.586618185
8544,8.544810,0.41569227,0.46087265,0.58430773
8545,8.545810,0.418062866,0.461972833,0.581937134
8546,8.546811,0.421339542,0.463493556,0.578660488
8547,8.547824,0.4239811,0.464719504,0.576018929
8548,8.548812,0.426853478,0.466052592,0.573146522
8549,8.549816,0.429774344,0.46740815,0.570225656
8550,8.550817,0.432745993,0.468787313,0.567254007
8551,8.551806,0.435922295,0.470261425,0.564077675
8552,8.552806,0.439911574,0.471732736,0.560907543
8553,8.553807,0.443332285,0.473700404,0.556667686
8554,8.554829,0.44670105,0.475263864,0.55329895
8555,8.555817,0.450114459,0.476848036,0.549885511
8556,8.556806,0.453793645,0.47855556,0.546206355
8557,8.557844,0.458308876,0.480240405,0.542575955
8558,8.558808,0.462049454,0.48194021,0.538913488
8559,8.559813,0.465786457,0.484121442,0.534213543
8560,8.560813,0.469627768,0.485904217,0.530372262
8561,8.561814,0.47346586,0.487685472,0.52653414
8562,8.562814,0.477367043,0.489496022,0.522632957
8563,8.563814,0.481286913,0.491315216,0.518713057
8564,8.564815,0.486258209,0.493622392,0.514724731
8565,8.565816,0.490238905,0.495469868,0.509761095
8566,8.566816,0.494249314,0.497331083,0.505750656
8567,8.567804,0.498260558,0.499192715,0.501739442
8568,8.568833,0.502274096,0.501055419,0.497725934
8569,8.569812,0.506279588,0.502914369,0.493720382
8570,8.570812,0.511301816,0.504769862,0.489722371
8571,8.571813,0.515289366,0.507095814,0.484710634
8572,8.572812,0.519224286,0.50892204,0.480775744
8573,8.573814,0.523154676,0.510746121,0.476845324
8574,8.574814,0.527072191,0.512564242,0.472927809
8575,8.575814,0.530882955,0.514332831,0.469117016
8576,8.576813,0.535663068,0.516551316,0.465281695
8577,8.577813,0.539409161,0.518289864,0.460590839
8578,8.578838,0.543063343,0.519985795,0.456936687
8579,8.579815,0.546721458,0.521683514,0.453278512
8580,8.580816,0.550276935,0.523333609,0.449723095
8581,8.581816,0.553800166,0.524968743,0.446199834
8582,8.582815,0.557997823,0.526916862,0.442839801
8583,8.583816,0.56129384,0.528446555,0.43870616
8584,8.584816,0.564448714,0.529910743,0.435551256
8585,8.585816,0.567556858,0.531353235,0.432443112
8586,8.586816,0.570620596,0.532775104,0.429379374
8587,8.587815,0.573527336,0.534124136,0.426472664
8588,8.588816,0.577128589,0.53579551,0.422871411
8589,8.589826,0.57960248,0.536943674,0.42039755
8590,8.590815,0.582204163,0.538151085,0.417795837
8591,8.591813,0.584622562,0.5392735,0.415377468
8592,8.592814,0.586984277,0.540369511,0.413015693
8593,8.593814,0.589081585,0.541342914,0.410918444
8594,8.594815,0.591531634,0.542479992,0.40881291
8595,8.595814,0.593469083,0.543379188,0.406530976
8596,8.596813,0.595196843,0.544180989,0.404803157
8597,8.597814,0.596708655,0.544882655,0.403291374
8598,8.598815,0.598306298,0.545624137,0.401693702
8599,8.599927,0.599831581,0.546332002,0.400168449
8600,8.600815,0.600947797,0.546850026,0.399317324
8601,8.601815,0.601835549,0.547262013,0.398164421
8602,8.602815,0.602813125,0.547715724,0.397186875
8603,8.603816,0.603398383,0.547987342,0.396601617
8604,8.604815,0.603911757,0.548225641,0.396088243
8605,8.605830,0.604271829,0.548392713,0.395728171
8606,8.606817,0.604424059,0.548463345,0.39552176
8607,8.607805,0.604519606,0.54850769,0.395480394
8608,8.608805,0.604461133,0.54848057,0.395538896
8609,8.609809,0.603922367,0.548230529,0.396077633
8610,8.610822,0.603556454,0.548060715,0.396443546
8611,8.611811,0.602956533,0.547782302,0.397043467
8612,8.612811,0.602073073,0.547396302,0.39787519
8613,8.613812,0.601132512,0.546935797,0.398867548
8614,8.614812,0.6001212,0.54646641,0.3998788
8615,8.615812,0.598805428,0.545855761,0.401194572
8616,8.616813,0.59742254,0.545213938,0.40257743
8617,8.617815,0.595971107,0.544540346,0.404028893
8618,8.618815,0.593862712,0.543561816,0.405771881
8619,8.619805,0.591804326,0.542606533,0.408195674
8620,8.620884,0.589971304,0.541755855,0.410028726
8621,8.621811,0.587861955,0.540776849,0.412138015
8622,8.622812,0.585690141,0.539768934,0.414309859
8623,8.623813,0.583257854,0.538640082,0.416742146
8624,8.624813,0.580129147,0.537456095,0.419293284
8625,8.625813,0.577493012,0.535964608,0.422506988
8626,8.626814,0.574742496,0.534688115,0.425257474
8627,8.627814,0.571825743,0.533334434,0.428174287
8628,8.628815,0.568915248,0.531983674,0.431084782
8629,8.629805,0.565898836,0.530583739,0.434101135
8630,8.630807,0.561924398,0.529067874,0.437367439
8631,8.631825,0.558595657,0.527194321,0.441404343
8632,8.632814,0.555142641,0.525591791,0.444857329
8633,8.633815,0.551781178,0.524031758,0.448218852
8634,8.634816,0.548257232,0.522396266,0.451742768
8635,8.635816,0.544696569,0.520743728,0.455303401
8636,8.636817,0.540107071,0.518613756,0.459031701
8637,8.637806,0.536311209,0.516852081,0.463688761
8638,8.638806,0.532550037,0.515106499,0.467449933
8639,8.639810,0.528712213,0.513325393,0.471287817
8640,8.640810,0.524832606,0.511524856,0.475167364
8641,8.641842,0.519931614,0.509714663,0.479067773
8642,8.642816,0.515977561,0.507875144,0.483031362
8643,8.643816,0.511999846,0.50556916,0.488000184
8644,8.644815,0.508010864,0.50371784,0.491989106
8645,8.645816,0.503994346,0.501853764,0.496005654
8646,8.646816,0.499984115,0.499992639,0.500015914
8647,8.647816,0.495971054,0.498130143,0.504028916
8648,8.648816,0.490963846,0.496267647,0.508042157
8649,8.649806,0.486962259,0.493949145,0.513037682
8650,8.650806,0.482986957,0.492104232,0.517013073
8651,8.651807,0.479036987,0.490271032,0.520963013
8652,8.652823,0.475136817,0.488460958,0.524863183
8653,8.653811,0.471279681,0.486670852,0.528720319
8654,8.654812,0.466415614,0.484879553,0.532580078
8655,8.655812,0.462750286,0.482712328,0.537249684
8656,8.656811,0.458970636,0.480958223,0.541029394
8657,8.657812,0.45527482,0.479242951,0.54472512
8658,8.658811,0.451677024,0.477573246,0.548323035
8659,8.659814,0.448231667,0.475974232,0.551768363
8660,8.660814,0.443894386,0.474335432,0.555299461
8661,8.661814,0.440596402,0.472430676,0.559403539
8662,8.662870,0.43724373,0.470874727,0.5627563
8663,8.663808,0.434128255,0.469428807,0.565871716
8664,8.664809,0.431006759,0.467980146,0.56899327
8665,8.665828,0.428094864,0.4666287,0.571905136
8666,8.666816,0.42459619,0.465274304,0.57482338
8667,8.667816,0.421876997,0.463742971,0.578122973
8668,8.668815,0.419209868,0.462505162,0.580790102
8669,8.669807,0.416787982,0.461381167,0.583212018
8670,8.670807,0.414358675,0.460253716,0.585641325
8671,8.671807,0.4121207,0.459215075,0.5878793
8672,8.672806,0.409576774,0.458269209,0.589917302
8673,8.673831,0.407563806,0.457100213,0.592436194
8674,8.674806,0.405758053,0.456262171,0.594241977
8675,8.675806,0.404091179,0.455488563,0.595908761
8676,8.676805,0.402565718,0.454780579,0.597434282
8677,8.677807,0.40126127,0.454175174,0.59873867
8678,8.678808,0.399661899,0.453565627,0.600052118
8679,8.679811,0.398610532,0.452944994,0.601389468
8680,8.680811,0.397708476,0.452526331,0.602291465
8681,8.681812,0.397118539,0.452252567,0.602881491
8682,8.682811,0.396358252,0.451899707,0.603641748
8683,8.683841,0.395742536,0.451692492,0.604088187
8684,8.684817,0.395814478,0.451556593,0.604381084
8685,8.685807,0.395469159,0.451487064,0.604530811
8686,8.686806,0.395440966,0.451473981,0.604559064
8687,8.687808,0.395730466,0.45160836,0.604269564
8688,8.688808,0.396091849,0.451776057,0.603908181
8689,8.689812,0.396525443,0.451977283,0.603474557
8690,8.690813,0.397383511,0.452399015,0.602565885
8691,8.691814,0.398399651,0.452847123,0.601600409
8692,8.692813,0.399247259,0.453240484,0.600752711
8693,8.693815,0.400480658,0.453812927,0.599519372
8694,8.694831,0.401781976,0.454416871,0.598218024
8695,8.695808,0.403152108,0.455052733,0.596847892
8696,8.696808,0.405309975,0.45585984,0.595108747
8697,8.697809,0.406999648,0.456838369,0.593000352
8698,8.698809,0.408900499,0.457720578,0.591099501
8699,8.699813,0.41093573,0.458665133,0.5890643
8700,8.700813,0.413170189,0.459702134,0.586829782
8701,8.701813,0.41526413,0.460673958,0.58473587
8702,8.702814,0.418567628,0.46182853,0.582248151
8703,8.703815,0.420948446,0.46331206,0.579051554
8704,8.704849,0.423756748,0.464615375,0.576243222
8705,8.705812,0.426496297,0.465886831,0.573503733
8706,8.706811,0.429293156,0.467184842,0.570706844
8707,8.707811,0.432415426,0.46863389,0.567584515
8708,8.708811,0.436369449,0.470077872,0.564473152
8709,8.709814,0.439643562,0.471988469,0.560356379
8710,8.710814,0.442912191,0.473505467,0.557087839
8711,8.711813,0.446354359,0.475102961,0.553645611
8712,8.712813,0.44975245,0.47668004,0.55024755
8713,8.713813,0.453308493,0.478330374,0.546691477
8714,8.714813,0.457882583,0.479997069,0.543100297
8715,8.715821,0.461553156,0.482156754,0.538446844
8716,8.716809,0.465313196,0.483901799,0.534686804
8717,8.717809,0.469100177,0.485659331,0.530899763
8718,8.718809,0.472981393,0.487460613,0.527018607
8719,8.719812,0.476877928,0.489268988,0.523122013
8720,8.720811,0.481810391,0.491100252,0.519176304
8721,8.721812,0.485761136,0.493391722,0.514238834
8722,8.722812,0.489755273,0.495245427,0.510244787
8723,8.723812,0.493748486,0.497098655,0.506251514
8724,8.724812,0.497758985,0.498959959,0.502241015
8725,8.725823,0.501772881,0.500822783,0.498227119
8726,8.726820,0.506785989,0.50314939,0.494211376
8727,8.727809,0.51078558,0.505005598,0.48921442
8728,8.728809,0.514757812,0.50684911,0.485242158
8729,8.729813,0.518731356,0.508693278,0.481268674
8730,8.730812,0.522630215,0.510502696,0.477369785
8731,8.731813,0.526566505,0.512329578,0.473433495
8732,8.732812,0.531411409,0.514110625,0.46959576
8733,8.733813,0.535191417,0.516332388,0.464808583
8734,8.734813,0.538944483,0.518074214,0.461055517
8735,8.735813,0.542606592,0.519773781,0.457393408
8736,8.736936,0.547206938,0.52190882,0.452793032
8737,8.737811,0.549836934,0.523129404,0.450163066
8738,8.738812,0.554145932,0.524768949,0.446630478
8739,8.739815,0.557580113,0.526723027,0.442419887
8740,8.740815,0.560887098,0.528257787,0.439112902
8741,8.741815,0.564104021,0.529750764,0.435895979
8742,8.742816,0.567279398,0.531224489,0.432720602
8743,8.743817,0.570305228,0.532628775,0.429694742
8744,8.744805,0.573767841,0.533984959,0.426772505
8745,8.745817,0.576667964,0.535581708,0.423332006
8746,8.746805,0.579339147,0.536821425,0.420660883
8747,8.747826,0.581893504,0.538006902,0.418106496
8748,8.748815,0.584261298,0.539105833,0.415738732
8749,8.749806,0.586568952,0.540176809,0.413431078
8750,8.750807,0.589273334,0.541188478,0.411251217
8751,8.751807,0.591432273,0.542433858,0.408567697
8752,8.752808,0.593316555,0.543308377,0.406683445
8753,8.753808,0.594988644,0.54408437,0.405011356
8754,8.754809,0.596593976,0.544829428,0.403406113
8755,8.755811,0.598133504,0.545543909,0.401866466
8756,8.756811,0.599681795,0.546156228,0.400547147
8757,8.757876,0.600816548,0.54678911,0.399183452
8758,8.758805,0.601882458,0.547283769,0.398117483
8759,8.759809,0.602558553,0.547597587,0.397441447
8760,8.760810,0.603242695,0.547915101,0.396757305
8761,8.761810,0.603856027,0.548199773,0.396143973
8762,8.762811,0.604306102,0.548300087,0.395927727
8763,8.763811,0.60449326,0.548495471,0.39550674
8764,8.764812,0.604526281,0.54851079,0.395473719
8765,8.765814,0.604405284,0.548454642,0.395594716
8766,8.766814,0.604130268,0.548327029,0.395869732
8767,8.767815,0.60370183,0.548128188,0.39629817
8768,8.768832,0.602951288,0.547779858,0.396879554
8769,8.769813,0.602180064,0.547421932,0.397819936
8770,8.770814,0.601337492,0.547030866,0.398662478
8771,8.771813,0.600186884,0.546496868,0.399813086
8772,8.772813,0.59896791,0.54593116,0.40103209
8773,8.773812,0.597450495,0.545226932,0.402549505
8774,8.774812,0.595770001,0.544632554,0.40383032
8775,8.775812,0.594009578,0.543630004,0.405990452
8776,8.776812,0.592257679,0.542816937,0.407742321
8777,8.777810,0.590225637,0.541873872,0.409774363
8778,8.778812,0.588063538,0.540870428,0.411936432
8779,8.779822,0.585842371,0.539839566,0.414157659
8780,8.780936,0.582888424,0.538468659,0.417111576
8781,8.781812,0.580450177,0.537337065,0.419549882
8782,8.782811,0.577828467,0.536120296,0.422171503
8783,8.783812,0.575033307,0.53482306,0.424966663
8784,8.784813,0.572245061,0.533529043,0.427754939
8785,8.785812,0.569237232,0.532133102,0.430762768
8786,8.786812,0.565405071,0.530740142,0.433764249
8787,8.787811,0.562279165,0.528903842,0.437720835
8788,8.788812,0.558964014,0.527365327,0.441036016
8789,8.789950,0.554802179,0.525433779,0.444389224
8790,8.790812,0.552216351,0.524233699,0.447783709
8791,8.791813,0.548663199,0.522584677,0.451336801
8792,8.792812,0.544172645,0.52092135,0.454920709
8793,8.793813,0.540538073,0.518813789,0.459461927
8794,8.794812,0.536809266,0.517083228,0.463190734
8795,8.795812,0.53302598,0.515327394,0.46697402
8796,8.796812,0.529217005,0.513559639,0.470782995
8797,8.797812,0.525319278,0.511750698,0.474680722
8798,8.798812,0.520423412,0.509927273,0.478609681
8799,8.799815,0.516486049,0.50765121,0.483513951
8800,8.800874,0.512487888,0.505795658,0.487512112
8801,8.801812,0.50849086,0.503940642,0.491509169
8802,8.802813,0.504498303,0.502087653,0.495501697
8803,8.803813,0.500486016,0.500225544,0.499513954
8804,8.804813,0.495469421,0.498364091,0.503524899
8805,8.805814,0.491470009,0.496041238,0.508530021
8806,8.806813,0.487479687,0.494189292,0.512520313
8807,8.807814,0.483495057,0.492340028,0.516504943
8808,8.808815,0.479544491,0.49050656,0.520455539
8809,8.809807,0.475643307,0.488696009,0.524356663
8810,8.810806,0.471739829,0.486884415,0.528260171
8811,8.811821,0.466943383,0.48465839,0.533056676
8812,8.812809,0.463160545,0.482902765,0.536839485
8813,8.813810,0.459432125,0.481172383,0.540567875
8814,8.814811,0.455763519,0.479469776,0.544236481
8815,8.815812,0.452159941,0.477797359,0.547840059
8816,8.816812,0.447714806,0.476139069,0.551413178
8817,8.817812,0.444274664,0.474137783,0.555725336
8818,8.818813,0.440916598,0.4725793,0.559083402
8819,8.819816,0.437694639,0.471083999,0.562305391
8820,8.820816,0.434466928,0.469586015,0.565533102
8821,8.821843,0.431438357,0.468180418,0.568561614
8822,8.822812,0.427674711,0.466798127,0.571540177
8823,8.823813,0.424767137,0.465084314,0.575232863
8824,8.824813,0.422088414,0.46384111,0.577911556
8825,8.825815,0.419591635,0.462682366,0.580408394
8826,8.826814,0.417026758,0.461491972,0.582973242
8827,8.827816,0.414513171,0.46032542,0.585486829
8828,8.828816,0.411918581,0.459373355,0.587538302
8829,8.829807,0.409828454,0.458151221,0.590171516
8830,8.830808,0.407799006,0.457209378,0.592200994
8831,8.831809,0.406049579,0.456397474,0.59395045
8832,8.832826,0.404366553,0.455616355,0.595633388
8833,8.833814,0.402748406,0.454865396,0.597251654
8834,8.834815,0.401098788,0.454143882,0.598806202
8835,8.835814,0.399803638,0.453498721,0.600196362
8836,8.836816,0.39881283,0.453038871,0.60118717
8837,8.837816,0.397812963,0.452574819,0.602187037
8838,8.838816,0.39704296,0.45221746,0.60295701
8839,8.839805,0.396505713,0.451968133,0.603494287
8840,8.840806,0.395959139,0.451714456,0.604040861
8841,8.841829,0.395593047,0.451544553,0.604406893
8842,8.842906,0.395555109,0.45152694,0.604444861
8843,8.843810,0.395425767,0.451466918,0.604574203
8844,8.844809,0.395614386,0.451554447,0.604385555
8845,8.845810,0.395956904,0.451713443,0.604043126
8846,8.846810,0.396681577,0.452018768,0.60338515
8847,8.847810,0.39728716,0.452330828,0.60271287
8848,8.848810,0.398204893,0.452756733,0.601795077
8849,8.849812,0.399113417,0.453178376,0.600886583
8850,8.850813,0.400328398,0.453742236,0.599671543
8851,8.851813,0.401534289,0.454301894,0.598465681
8852,8.852813,0.403418928,0.45500052,0.596960366
8853,8.853824,0.404950857,0.455887526,0.595049083
8854,8.854811,0.406917572,0.456800282,0.593082428
8855,8.855812,0.408655822,0.457607031,0.591344237
8856,8.856811,0.410674334,0.458543837,0.589325666
8857,8.857811,0.412824631,0.459541768,0.587175369
8858,8.858811,0.415626645,0.460599363,0.584896564
8859,8.859814,0.418063343,0.461973071,0.581936657
8860,8.860814,0.420682967,0.463188827,0.579317033
8861,8.861815,0.423415303,0.464456916,0.576584697
8862,8.862815,0.426082909,0.465694964,0.573917091
8863,8.863814,0.429035008,0.467065036,0.570964992
8864,8.864829,0.432746887,0.46878773,0.567966163
8865,8.865817,0.435973048,0.470284969,0.564026892
8866,8.866817,0.439140797,0.471755147,0.560859203
8867,8.867817,0.442403346,0.473269284,0.557596624
8868,8.868817,0.445840955,0.474864691,0.554159045
8869,8.869808,0.449313343,0.476476252,0.550686657
8870,8.870807,0.452897429,0.478139609,0.547102511
8871,8.871808,0.457391381,0.480225265,0.542608619
8872,8.872807,0.461117744,0.481954694,0.538882256
8873,8.873809,0.464840829,0.483682573,0.535159171
8874,8.874851,0.468621314,0.485437095,0.531378686
8875,8.875814,0.472518802,0.487245947,0.527481258
8876,8.876815,0.477368176,0.489059418,0.523573577
8877,8.877816,0.481287688,0.491315573,0.518712282
8878,8.878816,0.485264868,0.49316141,0.514735162
8879,8.879808,0.48924014,0.495006323,0.51075983
8880,8.880808,0.493253499,0.496868938,0.506746471
8881,8.881809,0.497260094,0.498728424,0.502739966
8882,8.882808,0.501271546,0.500590146,0.498728454
8883,8.883810,0.506280839,0.502914965,0.49371919
8884,8.884811,0.510294914,0.504777908,0.489705116
8885,8.885824,0.514272869,0.506624043,0.485727102
8886,8.886813,0.518237591,0.508464098,0.481762409
8887,8.887813,0.52217567,0.510291755,0.47782433
8888,8.888814,0.527051747,0.512085497,0.473959327
8889,8.889817,0.530908346,0.514344633,0.469091654
8890,8.890806,0.53469193,0.516100585,0.46530807
8891,8.891805,0.538508892,0.517872036,0.461491108
8892,8.892807,0.54218179,0.519576669,0.45781827
8893,8.893808,0.54582262,0.521266341,0.45417738
8894,8.894808,0.54939568,0.522924662,0.450604379
8895,8.895867,0.553675056,0.524910688,0.446325004
8896,8.896805,0.557161152,0.526528597,0.442838848
8897,8.897807,0.560478926,0.528068364,0.439521074
8898,8.898808,0.563657403,0.529543519,0.436342597
8899,8.899812,0.56684202,0.531021476,0.433157921
8900,8.900966,0.570676506,0.532801092,0.429323494
8901,8.901804,0.573527873,0.534124374,0.426472098
8902,8.902805,0.576206744,0.535367668,0.423793286
8903,8.903817,0.579011798,0.536669493,0.420988172
8904,8.904817,0.581645012,0.537891626,0.418355048
8905,8.905817,0.583964348,0.538967967,0.416035652
8906,8.906822,0.586984754,0.540108979,0.413577139
8907,8.907810,0.589082003,0.541343093,0.410917997
8908,8.908810,0.591044843,0.54225409,0.408955216
8909,8.909813,0.59301585,0.543168783,0.406984121
8910,8.910814,0.594852567,0.544021249,0.405147433
8911,8.911814,0.596325696,0.544704914,0.403674275
8912,8.912813,0.598152816,0.545427203,0.402118057
8913,8.913814,0.599451721,0.546155691,0.400548279
8914,8.914814,0.600682974,0.546727121,0.399317026
8915,8.915814,0.60168767,0.547193408,0.398312271
8916,8.916856,0.602622986,0.547627509,0.397377014
8917,8.917806,0.603246331,0.54791677,0.396753639
8918,8.918807,0.603716612,0.548135042,0.396283388
8919,8.919810,0.60419029,0.548354864,0.39580965
8920,8.920810,0.6044783,0.548488557,0.3955217
8921,8.921809,0.604530573,0.548512816,0.395469397
8922,8.922810,0.60434711,0.548427641,0.39565289
8923,8.923810,0.604254663,0.548384726,0.395745307
8924,8.924810,0.60376364,0.548156857,0.3962363
8925,8.925809,0.603117704,0.547857106,0.396882296
8926,8.926810,0.602364779,0.547507644,0.397635221
8927,8.927824,0.601381421,0.547051311,0.398618579
8928,8.928813,0.600250304,0.546526313,0.399749696
8929,8.929816,0.599128187,0.546005547,0.400871843
8930,8.930816,0.597422242,0.545416117,0.402141869
8931,8.931815,0.595820665,0.544470549,0.404179364
8932,8.932815,0.594227791,0.543731272,0.405772239
8933,8.933815,0.592420876,0.542892694,0.407579124
8934,8.934815,0.590477705,0.541990876,0.409522295
8935,8.935815,0.588470459,0.541059256,0.411529541
8936,8.936814,0.585555613,0.540002823,0.413805902
8937,8.937853,0.583192229,0.538609624,0.416807771
8938,8.938806,0.58076942,0.537485242,0.41923058
8939,8.939810,0.57828486,0.53633213,0.42171514
8940,8.940810,0.575440168,0.535011888,0.424559802
8941,8.941811,0.572663367,0.533723176,0.427336603
8942,8.942811,0.569665909,0.532332063,0.430334091
8943,8.943812,0.565846324,0.530559421,0.434153706
8944,8.944812,0.562631905,0.529067576,0.437368095
8945,8.945812,0.559469819,0.52760005,0.440530241
8946,8.946813,0.556121886,0.526046276,0.443878144
8947,8.947814,0.552691162,0.524454057,0.447308809
8948,8.948836,0.548256218,0.52239579,0.450855702
8949,8.949816,0.544660866,0.520727158,0.455339104
8950,8.950805,0.540999651,0.519028008,0.459000379
8951,8.951818,0.537277877,0.517300725,0.462722123
8952,8.952806,0.533501267,0.515547991,0.466498733
8953,8.953807,0.529628694,0.513750732,0.470371336
8954,8.954807,0.5258255,0.51198566,0.4741745
8955,8.955808,0.520931482,0.509714365,0.479068577
8956,8.956829,0.516954601,0.507868648,0.483045429
8957,8.957805,0.512995481,0.506031215,0.487004519
8958,8.958805,0.509010732,0.504181921,0.490989298
8959,8.959824,0.505006611,0.502323568,0.494993359
8960,8.960812,0.500986099,0.500457644,0.499013931
8961,8.961812,0.495970249,0.498129785,0.504029751
8962,8.962813,0.491962999,0.496270001,0.508036971
8963,8.963813,0.48796773,0.49441579,0.51203227
8964,8.964813,0.483990133,0.492569774,0.516009808
8965,8.965814,0.480004907,0.490720242,0.519995093
8966,8.966816,0.475155473,0.488904715,0.523907006
8967,8.967816,0.471256405,0.486660063,0.528743625
8968,8.968816,0.467470169,0.484902859,0.532529831
8969,8.969960,0.462720037,0.482698321,0.53639847
8970,8.970810,0.45992595,0.481401563,0.54007405
8971,8.971811,0.456183851,0.479664832,0.54381609
8972,8.972811,0.452606231,0.478004456,0.547393739
8973,8.973810,0.448190421,0.475955099,0.551809609
8974,8.974811,0.444699854,0.474335134,0.555300176
8975,8.975811,0.441285342,0.472750425,0.558714628
8976,8.976811,0.438146234,0.471293569,0.561853766
8977,8.977811,0.434909642,0.469791442,0.565090299
8978,8.978810,0.431817591,0.468356431,0.568182409
8979,8.979814,0.428094298,0.466628432,0.571905673
8980,8.980833,0.425234586,0.465301245,0.574765384
8981,8.981809,0.422545761,0.464053363,0.577454209
8982,8.982809,0.41978699,0.462773025,0.58021301
8983,8.983808,0.417332619,0.461633921,0.582667351
8984,8.984809,0.414937437,0.460522324,0.585062563
8985,8.985809,0.412189007,0.459246755,0.587810993
8986,8.986809,0.41008234,0.458269089,0.589917719
8987,8.987808,0.408108145,0.457352847,0.591891885
8988,8.988809,0.406122625,0.456431359,0.593877375
8989,8.989813,0.404494375,0.455675691,0.595505595
8990,8.990839,0.402489096,0.454745054,0.597066641
8991,8.991829,0.401183724,0.454139203,0.598816276
8992,8.992805,0.399947643,0.453565538,0.600052357
8993,8.993805,0.398859203,0.453060389,0.601140857
8994,8.994818,0.397839725,0.452587247,0.602160335
8995,8.995818,0.397130787,0.452258229,0.602869153
8996,8.996807,0.396493554,0.451962471,0.603506446
8997,8.997806,0.395830154,0.451654613,0.603909671
8998,8.998807,0.395700574,0.451594472,0.604299426
8999,8.999810,0.395397931,0.451454014,0.604602039
9000,9.000810,0.395495027,0.451499075,0.604505002
9001,9.001850,0.395664215,0.451577604,0.604335785
9002,9.002816,0.396068633,0.451765269,0.603931308
9003,9.003816,0.396606594,0.452014953,0.603393435
9004,9.004817,0.397112459,0.452249706,0.602887511
9005,9.005806,0.398171932,0.452741444,0.601828098
9006,9.006805,0.39898178,0.453117281,0.60101825
9007,9.007807,0.400256574,0.453708917,0.599743426
9008,9.008807,0.401288688,0.45418793,0.598711371
9009,9.009811,0.403228343,0.455088139,0.596771717
9010,9.010811,0.404817045,0.455825448,0.595182955
9011,9.011812,0.406546146,0.456627905,0.593453825
9012,9.012828,0.408412993,0.457494318,0.591587007
9013,9.013823,0.410415024,0.458423495,0.589585006
9014,9.014812,0.412480474,0.459382057,0.587519526
9015,9.015813,0.415331036,0.460705012,0.584668994
9016,9.016813,0.417816788,0.46185863,0.582183182
9017,9.017813,0.42029503,0.463008791,0.579705
9018,9.018814,0.423015356,0.464271307,0.576984644
9019,9.019806,0.425728679,0.465530545,0.574271262
9020,9.020805,0.428667843,0.466894627,0.571332157
9021,9.021807,0.432363153,0.468609631,0.568399727
9022,9.022833,0.435527474,0.4700782,0.564472556
9023,9.023824,0.438686073,0.471544117,0.561313987
9024,9.024814,0.442030668,0.473096341,0.557969332
9025,9.025814,0.445455641,0.474685878,0.554544389
9026,9.026813,0.448835492,0.476254463,0.551164508
9027,9.027815,0.453309178,0.478330702,0.546690762
9028,9.028816,0.456900418,0.479997426,0.543099642
9029,9.029807,0.460622579,0.481724858,0.539377391
9030,9.030807,0.464369208,0.483463705,0.535630822
9031,9.031808,0.468168169,0.48522681,0.531831861
9032,9.032809,0.47201401,0.487011671,0.52798599
9033,9.033875,0.476896822,0.48927778,0.523103178
9034,9.034806,0.48080945,0.491093636,0.51919055
9035,9.035806,0.484780371,0.492936552,0.515219629
9036,9.036806,0.48874113,0.494774759,0.5112589
9037,9.037806,0.492742509,0.496631771,0.507257462
9038,9.038806,0.496759415,0.498496026,0.503240526
9039,9.039809,0.501775444,0.500823975,0.49922967
9040,9.040809,0.505784869,0.502684772,0.494215131
9041,9.041810,0.509787917,0.504542589,0.490212053
9042,9.042810,0.513765395,0.506388545,0.486234635
9043,9.043810,0.517729878,0.508228481,0.482270122
9044,9.044828,0.522648692,0.510080099,0.478280395
9045,9.045816,0.526588082,0.512339592,0.473411918
9046,9.046816,0.53038156,0.514100134,0.46961844
9047,9.047817,0.534219086,0.515881121,0.465780914
9048,9.048817,0.538012147,0.517641485,0.461987823
9049,9.049806,0.541722596,0.519363523,0.458277434
9050,9.050807,0.545371175,0.521056831,0.454628825
9051,9.051807,0.549837649,0.523129702,0.45108524
9052,9.052807,0.553286731,0.524730444,0.446713269
9053,9.053807,0.556784987,0.526354015,0.443215013
9054,9.054807,0.560069084,0.527878165,0.439930886
9055,9.055831,0.563358724,0.529404879,0.436641276
9056,9.056806,0.566455841,0.530842245,0.433544159
9057,9.057806,0.570195854,0.532577991,0.430495322
9058,9.058806,0.573113501,0.53393209,0.426886529
9059,9.059808,0.575982869,0.535263777,0.424017102
9060,9.060809,0.578621209,0.536488235,0.421378821
9061,9.061809,0.581203163,0.537686527,0.418796837
9062,9.062809,0.583730996,0.538859725,0.416269064
9063,9.063809,0.586637199,0.540208459,0.413860857
9064,9.064809,0.588818729,0.541220903,0.411181271
9065,9.065848,0.590869367,0.542172611,0.409130603
9066,9.066809,0.592858791,0.543095946,0.407141209
9067,9.067810,0.594639897,0.543922544,0.405360132
9068,9.068810,0.596357226,0.544719577,0.403642833
9069,9.069812,0.59798038,0.54547286,0.40201959
9070,9.070822,0.599375248,0.546120226,0.400624782
9071,9.071810,0.600546956,0.546664,0.399453074
9072,9.072812,0.601490915,0.547102094,0.398509085
9073,9.073812,0.6025244,0.547581732,0.3974756
9074,9.074812,0.603166699,0.547879815,0.396833241
9075,9.075813,0.604018986,0.548275352,0.395980954
9076,9.076886,0.604235351,0.548375785,0.395764649
9077,9.077812,0.604379117,0.548442483,0.395620823
9078,9.078813,0.604532421,0.548513651,0.39546752
9079,9.079815,0.60436821,0.548437476,0.39563179
9080,9.080817,0.604213417,0.548365593,0.395786583
9081,9.081817,0.603701711,0.548128128,0.396298319
9082,9.082807,0.603201151,0.547895849,0.396798879
9083,9.083806,0.602306724,0.547480702,0.397693276
9084,9.084807,0.601502419,0.547107458,0.398497581
9085,9.085808,0.600468338,0.546627522,0.399531662
9086,9.086809,0.599363983,0.546114981,0.400635988
9087,9.087825,0.597679377,0.545333147,0.402320623
9088,9.088813,0.596094072,0.544597387,0.403905928
9089,9.089817,0.594517648,0.5438658,0.405482352
9090,9.090806,0.592654109,0.543000937,0.407345891
9091,9.091806,0.590727687,0.542106867,0.409272283
9092,9.092806,0.588667631,0.541150808,0.411332369
9093,9.093807,0.585841894,0.539839387,0.413523078
9094,9.094808,0.583559513,0.538780093,0.416440487
9095,9.095809,0.581086695,0.537632465,0.418913275
9096,9.096809,0.578494251,0.536429286,0.421505749
9097,9.097887,0.575150371,0.534877419,0.424273282
9098,9.098812,0.572966278,0.533863783,0.427033752
9099,9.099815,0.569236636,0.532132864,0.430763423
9100,9.100815,0.566286683,0.530763745,0.433713287
9101,9.101815,0.563081324,0.529276133,0.436918646
9102,9.102814,0.559928834,0.527813077,0.440071225
9103,9.103814,0.556500196,0.526221812,0.443499804
9104,9.104814,0.553040802,0.524616301,0.446959198
9105,9.105814,0.548700213,0.522601843,0.451299757
9106,9.106814,0.545078516,0.520920992,0.454921454
9107,9.107815,0.541395366,0.51921165,0.458604604
9108,9.108823,0.537745774,0.517517865,0.462254226
9109,9.109814,0.533975661,0.51576817,0.466024339
9110,9.110814,0.530155361,0.513995171,0.469844639
9111,9.111814,0.525318086,0.511750162,0.473709345
9112,9.112813,0.521389127,0.509926736,0.478610873
9113,9.113814,0.517434895,0.508091569,0.482565075
9114,9.114814,0.513503194,0.506266832,0.486496776
9115,9.115814,0.509503305,0.504410505,0.490496695
9116,9.116813,0.50549984,0.502552509,0.49450019
9117,9.117813,0.500484467,0.500224829,0.498513073
9118,9.118927,0.496468395,0.498360991,0.503531635
9119,9.119807,0.492462933,0.496502012,0.507537007
9120,9.120807,0.488475204,0.494651347,0.511524856
9121,9.121806,0.484485716,0.492799789,0.515514314
9122,9.122823,0.480528504,0.49096325,0.519471526
9123,9.123811,0.475642204,0.488695502,0.523381293
9124,9.124811,0.471738666,0.486883879,0.528261364
9125,9.125811,0.467921019,0.485112101,0.532078981
9126,9.126810,0.46410042,0.483338952,0.53589958
9127,9.127811,0.460388899,0.481616408,0.539611042
9128,9.128811,0.456673801,0.479892224,0.543326139
9129,9.129827,0.452121735,0.477779627,0.547878265
9130,9.130816,0.448586136,0.476138741,0.551413894
9131,9.131815,0.4451693,0.474552989,0.55483073
9132,9.132815,0.441792965,0.472986013,0.558207035
9133,9.133815,0.438502401,0.471458852,0.561497569
9134,9.134816,0.435353279,0.469997346,0.564646721
9135,9.135817,0.431437731,0.46818015,0.568562269
9136,9.136805,0.428458929,0.46679768,0.571541071
9137,9.137817,0.425585806,0.465464264,0.574414194
9138,9.138818,0.422822237,0.464181662,0.577177763
9139,9.139874,0.419591129,0.462922901,0.579890013
9140,9.140809,0.417640448,0.461776793,0.582359552
9141,9.141812,0.414512694,0.460325211,0.584770322
9142,9.142813,0.412392706,0.459341317,0.587607265
9143,9.143813,0.410197705,0.458322585,0.589802265
9144,9.144814,0.408347309,0.457463831,0.591652632
9145,9.145814,0.406345099,0.456534624,0.593654931
9146,9.146814,0.404699206,0.455770731,0.595300794
9147,9.147815,0.402748108,0.454865247,0.596879482
9148,9.148815,0.401348293,0.454215586,0.598651767
9149,9.149807,0.400172204,0.453669757,0.599827766
9150,9.150938,0.398574591,0.452928305,0.601425409
9151,9.151814,0.397948891,0.452637911,0.602051079
9152,9.152815,0.397301525,0.452337474,0.602698505
9153,9.153816,0.396424592,0.451930493,0.603516221
9154,9.154816,0.3958776,0.451676637,0.6041224
9155,9.155817,0.395728707,0.451607525,0.604271293
9156,9.156817,0.395570517,0.451534092,0.604429483
9157,9.157818,0.395402789,0.451456249,0.604597211
9158,9.158807,0.395634592,0.451563835,0.604365349
9159,9.159811,0.396201015,0.451826721,0.604143023
9160,9.160811,0.396533966,0.451981246,0.603466034
9161,9.161820,0.397262484,0.452319354,0.602737546
9162,9.162809,0.397821695,0.452578902,0.602178335
9163,9.163810,0.398931742,0.453094065,0.601068258
9164,9.164809,0.400108993,0.453640431,0.599891067
9165,9.165810,0.401611686,0.454337806,0.598800004
9166,9.166809,0.402963936,0.454965413,0.597036064
9167,9.167809,0.404610932,0.455729783,0.595389068
9168,9.168809,0.406322658,0.456524193,0.593677282
9169,9.169811,0.408172429,0.457382679,0.591827571
9170,9.170812,0.4101578,0.458304077,0.5898422
9171,9.171839,0.412893295,0.459573627,0.587106705
9172,9.172827,0.415103912,0.460599601,0.584896088
9173,9.173816,0.417508036,0.461715341,0.582491934
9174,9.174816,0.420033395,0.462887377,0.579966605
9175,9.175815,0.422677219,0.464114398,0.577322841
9176,9.176815,0.425317466,0.46533972,0.574682534
9177,9.177827,0.429035574,0.467065305,0.570964456
9178,9.178814,0.43208769,0.468481779,0.567912281
9179,9.179805,0.435133636,0.469895422,0.564866364
9180,9.180817,0.438376665,0.471400529,0.561623394
9181,9.181805,0.441614211,0.472903043,0.55838573
9182,9.182825,0.44502911,0.474487931,0.55497092
9183,9.183813,0.449314058,0.47647658,0.551561058
9184,9.184813,0.452861279,0.47812283,0.547138691
9185,9.185814,0.456409693,0.479769677,0.543590307
9186,9.186813,0.460158706,0.481509596,0.539841294
9187,9.187813,0.46386987,0.483231932,0.536130071
9188,9.188814,0.467691064,0.485005349,0.532308877
9189,9.189815,0.472519904,0.487246454,0.528446317
9190,9.190817,0.47640869,0.489051223,0.52359128
9191,9.191816,0.480316967,0.490865052,0.519683003
9192,9.192816,0.484272778,0.492700964,0.515727222
9193,9.193831,0.488260865,0.494551837,0.511739135
9194,9.194807,0.492242157,0.496399581,0.507757843
9195,9.195806,0.49725911,0.498727947,0.503747106
9196,9.196807,0.501272738,0.500590682,0.498727262
9197,9.197806,0.505284369,0.502452493,0.494715631
9198,9.198807,0.509295702,0.504314184,0.490704328
9199,9.199811,0.51327914,0.506162882,0.48672089
9200,9.200812,0.517263412,0.508011997,0.482736588
9201,9.201812,0.522176802,0.510292292,0.478804976
9202,9.202813,0.526082218,0.512104809,0.473917782
9203,9.203822,0.529972613,0.513910353,0.470027387
9204,9.204810,0.533745527,0.515661359,0.466254473
9205,9.205811,0.537486076,0.517397344,0.462513834
9206,9.206812,0.541230202,0.519134998,0.458769798
9207,9.207812,0.545787454,0.52125001,0.455151141
9208,9.208812,0.549435079,0.522942901,0.450564921
9209,9.209816,0.552896738,0.524549484,0.447103262
9210,9.210816,0.556186914,0.526076436,0.443813086
9211,9.211817,0.55965817,0.52768743,0.44034183
9212,9.212804,0.562909544,0.529196441,0.437090486
9213,9.213806,0.566790402,0.530997515,0.433880091
9214,9.214825,0.5698241,0.532405496,0.4301759
9215,9.215814,0.572811961,0.533792138,0.427188069
9216,9.216815,0.575637817,0.535103619,0.424362183
9217,9.217816,0.578351796,0.536363184,0.421648204
9218,9.218815,0.580950558,0.537569284,0.419049412
9219,9.219806,0.584030569,0.538998723,0.416570038
9220,9.220807,0.586355627,0.540077806,0.413644373
9221,9.221807,0.588484168,0.541065633,0.411515832
9222,9.222808,0.590549648,0.542024255,0.409450352
9223,9.223809,0.592554212,0.542954564,0.407445848
9224,9.224827,0.594351232,0.543788552,0.405648768
9225,9.225815,0.596250951,0.544670224,0.403990865
9226,9.226816,0.597882211,0.545427322,0.402117819
9227,9.227815,0.599296331,0.54608357,0.400703669
9228,9.228817,0.600408733,0.546599865,0.399591327
9229,9.229808,0.601609826,0.547157288,0.398390144
9230,9.230808,0.602343321,0.54749769,0.397656709
9231,9.231806,0.60324651,0.547916889,0.396915257
9232,9.232807,0.603797972,0.548172832,0.396202087
9233,9.233806,0.604278088,0.548395634,0.395721912
9234,9.234831,0.604441166,0.548471332,0.395558864
9235,9.235825,0.604531944,0.548513412,0.395468026
9236,9.236828,0.604468644,0.548484087,0.395531356
9237,9.237816,0.604172945,0.548346817,0.39558509
9238,9.238817,0.603926361,0.548232377,0.396073639
9239,9.239808,0.60320121,0.547895849,0.39679876
9240,9.240806,0.60248673,0.547564268,0.39751327
9241,9.241808,0.601621091,0.547162533,0.398378909
9242,9.242808,0.600684583,0.546727896,0.399315447
9243,9.243808,0.599127889,0.546005428,0.400558203
9244,9.244808,0.597704649,0.545344889,0.402295291
9245,9.245823,0.596290231,0.544688463,0.403709769
9246,9.246811,0.594731629,0.543965101,0.405268401
9247,9.247811,0.592885017,0.543108106,0.407115012
9248,9.248811,0.590904415,0.542188883,0.409095585
9249,9.249814,0.588400543,0.541026831,0.410998225
9250,9.250814,0.586126208,0.539971292,0.413873792
9251,9.251813,0.583859682,0.538919389,0.416140318
9252,9.252814,0.581402063,0.537778854,0.418597937
9253,9.253814,0.578639567,0.536496758,0.421360433
9254,9.254814,0.576190233,0.535359979,0.423809737
9255,9.255814,0.572605908,0.533696532,0.427394092
9256,9.256824,0.569665253,0.532331765,0.430334717
9257,9.257812,0.566569686,0.530895114,0.433430344
9258,9.258812,0.563480318,0.529461324,0.436519682
9259,9.259815,0.560245216,0.527959883,0.439754784
9260,9.260815,0.556876779,0.526396632,0.443123281
9261,9.261815,0.5526492,0.524434566,0.446486354
9262,9.262814,0.549143612,0.522807658,0.450856417
9263,9.263814,0.545565367,0.521146953,0.454434544
9264,9.264814,0.541952908,0.519470394,0.458047092
9265,9.265814,0.538242698,0.517748475,0.461757302
9266,9.266885,0.533526421,0.515559673,0.466473579
9267,9.267810,0.52969718,0.513782501,0.469364882
9268,9.268812,0.52580446,0.511975884,0.47419551
9269,9.269815,0.521896243,0.510162055,0.478103757
9270,9.270815,0.517970502,0.50834012,0.482029498
9271,9.271816,0.513989568,0.506492555,0.486010402
9272,9.272817,0.510002375,0.504642129,0.489997655
9273,9.273806,0.50499022,0.502782583,0.494004369
9274,9.274806,0.500985682,0.500457466,0.499014318
9275,9.275806,0.496972114,0.498594761,0.503027916
9276,9.276807,0.492957473,0.49673155,0.507042527
9277,9.277824,0.488955587,0.494874269,0.511044443
9278,9.278813,0.484970182,0.493024647,0.515029848
9279,9.279817,0.480035484,0.490734428,0.518978477
9280,9.280816,0.476110995,0.488913089,0.523889065
9281,9.281818,0.472221553,0.487107962,0.527778387
9282,9.282807,0.468373209,0.485321939,0.531626761
9283,9.283806,0.464599401,0.483570516,0.535400569
9284,9.284808,0.460822135,0.481817484,0.539177835
9285,9.285809,0.456251681,0.479696333,0.542869568
9286,9.286809,0.452605546,0.478004158,0.547394395
9287,9.287937,0.449103355,0.476378769,0.550896585
9288,9.288814,0.445553988,0.474731505,0.554445982
9289,9.289805,0.442210048,0.473179579,0.557789922
9290,9.290806,0.439004093,0.471691698,0.560995877
9291,9.291806,0.434909046,0.470156908,0.564302921
9292,9.292806,0.431923598,0.468405634,0.568076372
9293,9.293830,0.428769529,0.466941833,0.571230471
9294,9.294806,0.425938725,0.465628058,0.574061334
9295,9.295806,0.423161238,0.464339018,0.576838791
9296,9.296806,0.420559317,0.463131458,0.579440713
9297,9.297817,0.417332143,0.461633712,0.581921637
9298,9.298829,0.41493696,0.460522115,0.58506304
9299,9.299808,0.412735432,0.459500372,0.587264538
9300,9.300807,0.410526156,0.458475024,0.589473784
9301,9.301808,0.408660144,0.457609028,0.591339886
9302,9.302808,0.406642795,0.456672758,0.593357205
9303,9.303807,0.404568762,0.455710202,0.595168233
9304,9.304807,0.402856976,0.454915762,0.597142994
9305,9.305807,0.401515216,0.454293072,0.598484814
9306,9.306807,0.400320679,0.45373866,0.599679291
9307,9.307807,0.399117053,0.453180045,0.600882888
9308,9.308902,0.397919506,0.452624261,0.602080464
9309,9.309817,0.397050053,0.452220768,0.602686286
9310,9.310806,0.396493435,0.451962441,0.603506565
9311,9.311805,0.39592737,0.451699734,0.60407269
9312,9.312805,0.395595819,0.451545864,0.604404211
9313,9.313805,0.395500124,0.451501429,0.604499876
9314,9.314805,0.395476699,0.451490551,0.604523242
9315,9.315818,0.395500571,0.451501667,0.604474306
9316,9.316806,0.395905823,0.45168972,0.604094148
9317,9.317805,0.396463692,0.451948643,0.603536308
9318,9.318806,0.397012144,0.452203155,0.602987826
9319,9.319828,0.39787364,0.452603012,0.60212642
9320,9.320815,0.398804933,0.453035206,0.601195097
9321,9.321815,0.400256783,0.453709006,0.600114524
9322,9.322815,0.401520669,0.454295605,0.59847939
9323,9.323814,0.40300554,0.454984725,0.59699446
9324,9.324815,0.404407054,0.45563516,0.595592976
9325,9.325815,0.406101286,0.456421465,0.593898714
9326,9.326815,0.408006072,0.457305461,0.591993928
9327,9.327814,0.410345227,0.45839107,0.590027034
9328,9.328815,0.412549436,0.459414035,0.587450504
9329,9.329831,0.414879084,0.460495263,0.585120976
9330,9.330806,0.417136073,0.461542726,0.582863927
9331,9.331806,0.419837117,0.462796271,0.580162883
9332,9.332807,0.422401309,0.463986337,0.577598691
9333,9.333808,0.425729275,0.465231359,0.574916005
9334,9.334808,0.42866841,0.466894895,0.57133162
9335,9.335809,0.431707919,0.468305558,0.568292141
9336,9.336808,0.434690177,0.469689608,0.565309823
9337,9.337810,0.437924415,0.471190631,0.562075615
9338,9.338811,0.441199213,0.47271046,0.558800757
9339,9.339841,0.445413619,0.474666387,0.554586411
9340,9.340830,0.448996097,0.476328999,0.551003933
9341,9.341807,0.45237717,0.47789818,0.547622859
9342,9.342807,0.456022739,0.479590088,0.543977261
9343,9.343808,0.459695756,0.481294721,0.540304244
9344,9.344809,0.463428259,0.483027011,0.536571801
9345,9.345810,0.468168885,0.484796196,0.532759607
9346,9.346809,0.47203666,0.487022161,0.527963281
9347,9.347811,0.475921184,0.488824964,0.524078786
9348,9.348811,0.47982499,0.490636766,0.52017504
9349,9.349815,0.483764648,0.492465138,0.516235352
9350,9.350843,0.488751054,0.494320989,0.512236655
9351,9.351805,0.492748976,0.496170372,0.508251727
9352,9.352830,0.496758044,0.4984954,0.503241956
9353,9.353817,0.500770926,0.500357807,0.499229074
9354,9.354807,0.504780233,0.502218544,0.495219797
9355,9.355806,0.508795917,0.504082203,0.491204113
9356,9.356808,0.51275152,0.505918026,0.48724851
9357,9.357809,0.517758906,0.507782102,0.483231932
9358,9.358809,0.52170378,0.510072768,0.47829625
9359,9.359813,0.525596559,0.511879385,0.474403441
9360,9.360813,0.529468596,0.513676405,0.470531404
9361,9.361829,0.533297181,0.515453279,0.466702849
9362,9.362815,0.537047684,0.517193913,0.462952346
9363,9.363816,0.541723311,0.51936388,0.459230483
9364,9.364815,0.545372248,0.521057367,0.454627782
9365,9.365816,0.548877597,0.522684157,0.451122463
9366,9.366815,0.55246377,0.524348497,0.4475362
9367,9.367815,0.555939972,0.525961816,0.444060028
9368,9.368815,0.559245944,0.527496159,0.440754086
9369,9.369804,0.563310027,0.528987646,0.437540382
9370,9.370805,0.566404462,0.530818403,0.433595538
9371,9.371817,0.569505274,0.532257497,0.430494726
9372,9.372822,0.572451413,0.533624828,0.427548587
9373,9.373811,0.57529068,0.534942508,0.42470932
9374,9.374811,0.578019023,0.536208749,0.421980977
9375,9.375810,0.581267297,0.537421703,0.419367522
9376,9.376811,0.583731413,0.538859844,0.416268557
9377,9.377811,0.586072147,0.539946198,0.413927823
9378,9.378811,0.588355184,0.54100579,0.411644816
9379,9.379814,0.590369463,0.54194057,0.409630507
9380,9.380813,0.592320144,0.542845964,0.407679915
9381,9.381815,0.594566166,0.54388833,0.406013042
9382,9.382908,0.596282005,0.544684649,0.403718024
9383,9.383808,0.597858369,0.545416236,0.402141631
9384,9.384808,0.599215031,0.54604584,0.40078494
9385,9.385809,0.600346684,0.546571076,0.399653316
9386,9.386809,0.60132879,0.547026873,0.39867121
9387,9.387809,0.602444291,0.547412634,0.397839993
9388,9.388809,0.603166938,0.547879934,0.396833092
9389,9.389811,0.603737473,0.548144698,0.396262527
9390,9.390812,0.604236662,0.548376381,0.395763338
9391,9.391812,0.604418993,0.54846102,0.395581007
9392,9.392812,0.60461098,0.548550129,0.39538902
9393,9.393821,0.604449868,0.548475325,0.395596713
9394,9.394808,0.604131699,0.548327684,0.395868301
9395,9.395809,0.603823066,0.548184454,0.396176934
9396,9.396809,0.603199005,0.547894835,0.396801054
9397,9.397811,0.602584302,0.547609568,0.397415727
9398,9.398811,0.60173744,0.547216535,0.39826259
9399,9.399813,0.600389481,0.546590924,0.399180412
9400,9.400815,0.599208236,0.546042681,0.400791734
9401,9.401816,0.597957253,0.545462132,0.402042776
9402,9.402816,0.596484244,0.544778466,0.403515756
9403,9.403899,0.594443202,0.543831229,0.404982209
9404,9.404812,0.593113959,0.543214321,0.406886041
9405,9.405813,0.590656161,0.542335987,0.408778608
9406,9.406813,0.588528335,0.541086137,0.411471635
9407,9.407814,0.586341262,0.54007113,0.413658768
9408,9.408814,0.584158003,0.539057851,0.415841997
9409,9.409805,0.581715584,0.537924349,0.418284416
9410,9.410806,0.579090714,0.53670615,0.420909286
9411,9.411822,0.575844884,0.535199761,0.42346701
9412,9.412810,0.572851539,0.533810496,0.427148461
9413,9.413811,0.570038259,0.532504857,0.429961741
9414,9.414830,0.567007542,0.531098306,0.432992488
9415,9.415806,0.563877821,0.529645801,0.436122209
9416,9.416807,0.560606956,0.528127789,0.439393014
9417,9.417806,0.556499481,0.526612222,0.442658663
9418,9.418807,0.553081691,0.524635315,0.446918368
9419,9.419811,0.549585342,0.523012638,0.450414628
9420,9.420811,0.546016037,0.521356106,0.453983992
9421,9.421813,0.542378724,0.519668043,0.457621276
9422,9.422813,0.538648546,0.517936826,0.461351395
9423,9.423813,0.534001529,0.515780151,0.46502313
9424,9.424941,0.530154586,0.513994813,0.469845414
9425,9.425817,0.52628988,0.51220119,0.47371012
9426,9.426806,0.522404015,0.510397732,0.477595955
9427,9.427805,0.518435538,0.508555949,0.481564462
9428,9.428805,0.514486372,0.506723166,0.485513628
9429,9.429808,0.509509563,0.504877388,0.489490658
9430,9.430808,0.505494297,0.502549887,0.494505674
9431,9.431808,0.501487195,0.500690222,0.498512775
9432,9.432808,0.497473568,0.498827457,0.502526402
9433,9.433808,0.493458033,0.496963859,0.506541967
9434,9.434808,0.489462793,0.495109677,0.510537207
9435,9.435823,0.484472752,0.492793769,0.514533222
9436,9.436812,0.480542958,0.490969956,0.519457042
9437,9.437811,0.476580858,0.489131153,0.523419142
9438,9.438812,0.472726852,0.487342477,0.527273118
9439,9.439815,0.468851328,0.485543847,0.531148672
9440,9.440815,0.465043724,0.483776718,0.534956217
9441,9.441815,0.460294962,0.482005268,0.538773358
9442,9.442814,0.4566392,0.47987619,0.543360829
9443,9.443814,0.453052938,0.47821179,0.546947062
9444,9.444814,0.449462324,0.476545393,0.550537705
9445,9.445879,0.445982933,0.474930584,0.554017067
9446,9.446816,0.442628294,0.473373711,0.557371736
9447,9.447815,0.438501775,0.471458584,0.560684025
9448,9.448816,0.435352623,0.469997048,0.564647377
9449,9.449807,0.43219763,0.468532801,0.56780237
9450,9.450806,0.429248661,0.467164189,0.570751369
9451,9.451806,0.426293224,0.465792567,0.573706806
9452,9.452806,0.423561782,0.464524895,0.576438189
9453,9.453806,0.420109183,0.463253975,0.579176605
9454,9.454806,0.417639941,0.461776555,0.582360029
9455,9.455805,0.415162802,0.4606269,0.584837198
9456,9.456828,0.412943602,0.459596992,0.587056398
9457,9.457807,0.41078642,0.458595842,0.58921361
9458,9.458807,0.408617526,0.457589269,0.591382504
9459,9.459810,0.406418085,0.456744045,0.593203604
9460,9.460810,0.404698879,0.455770612,0.595301151
9461,9.461809,0.403196037,0.455073148,0.596804023
9462,9.462811,0.401761323,0.454407275,0.598238707
9463,9.463824,0.400393546,0.453772485,0.599606454
9464,9.464813,0.399249583,0.453241587,0.600750446
9465,9.465813,0.398108423,0.452779531,0.601745903
9466,9.466813,0.397301346,0.452337384,0.602698624
9467,9.467822,0.396564692,0.451995492,0.603435278
9468,9.468811,0.395979524,0.451723933,0.604020476
9469,9.469814,0.395710588,0.451599121,0.604289412
9470,9.470815,0.395431995,0.451469839,0.604568005
9471,9.471814,0.395566463,0.451525986,0.604446888
9472,9.472816,0.395552903,0.451525927,0.604447067
9473,9.473817,0.395938575,0.451704919,0.604061425
9474,9.474817,0.39631471,0.451879501,0.603685319
9475,9.475817,0.397005975,0.452200323,0.602994084
9476,9.476817,0.397607416,0.452479452,0.602392614
9477,9.477927,0.398931921,0.453094125,0.60106802
9478,9.478816,0.40003109,0.453604281,0.59996891
9479,9.479809,0.401200265,0.454146892,0.598799765
9480,9.480808,0.402517021,0.454757988,0.597482979
9481,9.481810,0.404055059,0.455471784,0.595944881
9482,9.482810,0.405882239,0.456319809,0.594117761
9483,9.483811,0.408244669,0.45716235,0.592302322
9484,9.484811,0.410228491,0.45833689,0.589771509
9485,9.485811,0.41227591,0.459287107,0.58772409
9486,9.486812,0.414589822,0.460361004,0.585410237
9487,9.487812,0.416960955,0.461461455,0.583039045
9488,9.488821,0.419391572,0.462589502,0.580608428
9489,9.489812,0.422738254,0.463774413,0.578055203
9490,9.490812,0.425435245,0.465394378,0.574564755
9491,9.491813,0.428246439,0.466699064,0.571753561
9492,9.492813,0.431329757,0.468130052,0.568670273
9493,9.493813,0.43435058,0.469532013,0.56564945
9494,9.494811,0.437521845,0.471003771,0.562478125
9495,9.495812,0.441660583,0.472518325,0.559214711
9496,9.496813,0.444943666,0.474448264,0.555056334
9497,9.497812,0.448439628,0.476070762,0.551560402
9498,9.498877,0.452006161,0.477725983,0.547993779
9499,9.499810,0.455533743,0.479363143,0.544466257
9500,9.500811,0.459265649,0.481095135,0.540734351
9501,9.501812,0.463898987,0.482809275,0.537040889
9502,9.502812,0.467666537,0.484993994,0.532333493
9503,9.503812,0.471532166,0.486788034,0.528467834
9504,9.504811,0.475395292,0.488580912,0.524604738
9505,9.505811,0.479333371,0.490408599,0.520666659
9506,9.506811,0.48329553,0.492247432,0.5167045
9507,9.507811,0.488252878,0.49408558,0.51274389
9508,9.508811,0.492249012,0.49640274,0.507750988
9509,9.509832,0.496253848,0.498261422,0.503746152
9510,9.510807,0.500270486,0.500125527,0.499729484
9511,9.511807,0.50428313,0.501987815,0.49571684
9512,9.512807,0.508289456,0.503847122,0.491710514
9513,9.513806,0.513279915,0.506163239,0.487706572
9514,9.514831,0.517250717,0.508006096,0.482749283
9515,9.515807,0.521212399,0.50984472,0.478787601
9516,9.516807,0.525149286,0.511671841,0.474850714
9517,9.517807,0.528986931,0.513452888,0.471013039
9518,9.518806,0.532795966,0.515220642,0.467204034
9519,9.519810,0.537545621,0.517425001,0.462454408
9520,9.520827,0.541263223,0.519150317,0.458736777
9521,9.521816,0.544814885,0.520798683,0.455185115
9522,9.522815,0.548510671,0.522513866,0.451489329
9523,9.523816,0.55202961,0.524147034,0.44797039
9524,9.524815,0.555515468,0.525764823,0.444484532
9525,9.525815,0.559659183,0.527304113,0.441167742
9526,9.526815,0.562910199,0.529196739,0.43708986
9527,9.527816,0.566120565,0.530686677,0.433879465
9528,9.528815,0.569075942,0.532058239,0.430924058
9529,9.529808,0.571976602,0.533404469,0.428023428
9530,9.530951,0.575579226,0.535076439,0.424420804
9531,9.531814,0.578475475,0.536025345,0.422376215
9532,9.532815,0.580951095,0.537569523,0.419048905
9533,9.533815,0.583299994,0.538659692,0.416700035
9534,9.534816,0.58578676,0.539813757,0.41421324
9535,9.535817,0.588085592,0.54088068,0.411914468
9536,9.536806,0.590116739,0.541823328,0.409883261
9537,9.537806,0.59255451,0.542736173,0.407916307
9538,9.538807,0.59435159,0.543788731,0.40564841
9539,9.539811,0.596084654,0.544593036,0.403915346
9540,9.540811,0.597449481,0.545226455,0.402550519
9541,9.541831,0.598975956,0.545934916,0.401024044
9542,9.542806,0.600203753,0.546504736,0.399796247
9543,9.543807,0.601451039,0.546969175,0.398795545
9544,9.544807,0.60234344,0.547497749,0.39765656
9545,9.545808,0.603084981,0.547841907,0.396915048
9546,9.546809,0.603674471,0.548115492,0.396325529
9547,9.547809,0.604192853,0.548356056,0.395807147
9548,9.548810,0.604476213,0.548487544,0.395523787
9549,9.549814,0.604532003,0.548509598,0.395476252
9550,9.550814,0.604468584,0.548484027,0.395531386
9551,9.551840,0.604169726,0.548345327,0.395830244
9552,9.552822,0.603880167,0.548210919,0.396119803
9553,9.553811,0.603356004,0.547967672,0.396643996
9554,9.554811,0.602840424,0.547728419,0.397159606
9555,9.555812,0.60154134,0.547269344,0.398148626
9556,9.556812,0.600605428,0.54669112,0.399394572
9557,9.557813,0.599441528,0.546150982,0.400558472
9558,9.558813,0.598207951,0.54557848,0.40179202
9559,9.559815,0.596751809,0.544902682,0.40324825
9560,9.560815,0.595152974,0.544160664,0.404846996
9561,9.561815,0.592884421,0.543285668,0.40673238
9562,9.562853,0.590975285,0.542221785,0.409024745
9563,9.563809,0.589001358,0.541305661,0.410998642
9564,9.564829,0.586824954,0.540295601,0.413175017
9565,9.565804,0.584454298,0.539195359,0.415545672
9566,9.566805,0.582027256,0.53806901,0.417972803
9567,9.567817,0.578823805,0.536915302,0.420458615
9568,9.568818,0.576130033,0.535332084,0.423869967
9569,9.569809,0.573381245,0.534056365,0.426618755
9570,9.570808,0.570409477,0.532677174,0.429590523
9571,9.571809,0.567391396,0.531276464,0.432608575
9572,9.572809,0.564223707,0.529806316,0.435776293
9573,9.573832,0.560197413,0.52793771,0.438938022
9574,9.574806,0.556920648,0.526416957,0.443079352
9575,9.575806,0.553512692,0.524835348,0.446487367
9576,9.576807,0.549986959,0.523199022,0.450013071
9577,9.577807,0.546538472,0.521598577,0.453461558
9578,9.578807,0.54280293,0.519864917,0.4571971
9579,9.579810,0.538152218,0.518152714,0.460886389
9580,9.580809,0.534475565,0.516000152,0.465524435
9581,9.581810,0.530633926,0.514217257,0.469366044
9582,9.582810,0.526774704,0.512426198,0.473225296
9583,9.583811,0.522875845,0.51061672,0.477124155
9584,9.584825,0.518943191,0.508791566,0.481056809
9585,9.585813,0.513988376,0.506964326,0.484993935
9586,9.586813,0.51000154,0.504641712,0.48999846
9587,9.587814,0.505999088,0.502784193,0.494000912
9588,9.588813,0.501988232,0.50092274,0.498011738
9589,9.589817,0.497977883,0.499061525,0.502022088
9590,9.590817,0.493963808,0.497198582,0.506036162
9591,9.591816,0.488963425,0.495341331,0.510038018
9592,9.592816,0.484980762,0.493029565,0.515019238
9593,9.593817,0.48100549,0.491184622,0.51899451
9594,9.594843,0.477105945,0.489374846,0.522894084
9595,9.595806,0.473168373,0.487547398,0.526831627
9596,9.596807,0.4693546,0.485777408,0.53064537
9597,9.597807,0.464570969,0.483996153,0.534483492
9598,9.598808,0.46082142,0.481817156,0.53917861
9599,9.599812,0.457163304,0.480119407,0.542836666
9600,9.600812,0.453501254,0.47841984,0.546498716
9601,9.601813,0.449941397,0.476767719,0.550058603
9602,9.602813,0.446497023,0.475169182,0.553502977
9603,9.603814,0.442209363,0.473568499,0.556952
9604,9.604814,0.438955724,0.471669257,0.561044276
9605,9.605832,0.435646057,0.470133245,0.564353943
9606,9.606807,0.432632685,0.468734711,0.567367315
9607,9.607809,0.429617941,0.467335582,0.570382059
9608,9.608809,0.426591992,0.465931207,0.573407948
9609,9.609812,0.423220813,0.464656115,0.576155543
9610,9.610813,0.420496583,0.463102341,0.579503417
9611,9.611814,0.417949528,0.461920261,0.582050502
9612,9.612814,0.415523559,0.460794359,0.584476471
9613,9.613815,0.413222075,0.459726214,0.586777925
9614,9.614814,0.411118209,0.458749831,0.588881791
9615,9.615816,0.408516675,0.457542449,0.591483355
9616,9.616824,0.406569272,0.456638634,0.593430698
9617,9.617813,0.404831409,0.455832094,0.595168591
9618,9.618813,0.403309584,0.455125809,0.596690416
9619,9.619805,0.401932567,0.454486728,0.598067403
9620,9.620818,0.400546789,0.453843623,0.59945327
9621,9.621822,0.399195701,0.453267485,0.600694478
9622,9.622813,0.398060262,0.452689588,0.601939678
9623,9.623813,0.397313535,0.452343047,0.602686465
9624,9.624812,0.396799952,0.452104688,0.603200018
9625,9.625812,0.396115482,0.451787025,0.603884459
9626,9.626826,0.395745933,0.451615512,0.604254007
9627,9.627814,0.395418257,0.451439261,0.604633868
9628,9.628815,0.395558625,0.451528609,0.604441404
9629,9.629817,0.395607561,0.451551318,0.604392469
9630,9.630818,0.395892233,0.451683402,0.604107738
9631,9.631805,0.396330386,0.451886773,0.603669643
9632,9.632805,0.397002041,0.452198476,0.602997959
9633,9.633805,0.397824407,0.452580154,0.602175593
9634,9.634818,0.398884326,0.453072071,0.601115704
9635,9.635805,0.399807274,0.45350039,0.600192726
9636,9.636806,0.401036501,0.454070896,0.598963499
9637,9.637824,0.402487993,0.454744518,0.597512007
9638,9.638812,0.404005677,0.455448866,0.595994294
9639,9.639815,0.406101644,0.456150293,0.594483018
9640,9.640816,0.407790005,0.457205206,0.592210054
9641,9.641816,0.409832239,0.45815298,0.590167701
9642,9.642816,0.412004381,0.459161103,0.587995648
9643,9.643815,0.414168179,0.460165322,0.585831821
9644,9.644816,0.416592896,0.461290628,0.583407104
9645,9.645816,0.419900537,0.462412387,0.580990076
9646,9.646816,0.422462761,0.464014858,0.577537298
9647,9.647830,0.425084829,0.465231746,0.574915171
9648,9.648817,0.427938759,0.466556281,0.5720613
9649,9.649808,0.430899113,0.467930168,0.569100857
9650,9.650808,0.434012949,0.469375312,0.565987051
9651,9.651809,0.437120676,0.470817596,0.562879324
9652,9.652807,0.441199869,0.472710758,0.558800101
9653,9.653808,0.444561213,0.474270761,0.555438757
9654,9.654808,0.448044926,0.475887567,0.551955104
9655,9.655809,0.451485962,0.477484554,0.548514068
9656,9.656807,0.455079913,0.47915253,0.544920087
9657,9.657808,0.459633291,0.481265754,0.541227698
9658,9.658824,0.463457584,0.483040601,0.536542416
9659,9.659816,0.467241168,0.484796584,0.532758832
9660,9.660816,0.471072882,0.486574888,0.528927147
9661,9.661804,0.474927634,0.488363862,0.525072336
9662,9.662805,0.47884202,0.490180552,0.52115798
9663,9.663806,0.482787877,0.492011845,0.517212152
9664,9.664806,0.48776418,0.494321346,0.51223582
9665,9.665807,0.491755515,0.496173739,0.508244514
9666,9.666807,0.495755911,0.498030335,0.504244149
9667,9.667808,0.499768674,0.499892652,0.500231326
9668,9.668825,0.503784895,0.501756608,0.496215135
9669,9.669818,0.508797109,0.503612339,0.492216557
9670,9.670807,0.512782633,0.50593245,0.487217367
9671,9.671807,0.51676923,0.507782638,0.48323074
9672,9.672808,0.520688713,0.509601653,0.479311258
9673,9.673808,0.524623096,0.511427641,0.475376964
9674,9.674809,0.528505087,0.513229251,0.471494943
9675,9.675810,0.532345355,0.515011549,0.467654675
9676,9.676810,0.537106454,0.517221153,0.462893516
9677,9.677811,0.540770233,0.518921494,0.459229738
9678,9.678812,0.544466853,0.520637155,0.455533147
9679,9.679824,0.54806608,0.522307515,0.451933861
9680,9.680813,0.551594019,0.523944855,0.448405951
9681,9.681830,0.555896819,0.525941789,0.444953889
9682,9.682818,0.55929333,0.527518153,0.44070667
9683,9.683806,0.56250912,0.529010594,0.43749088
9684,9.684806,0.56567955,0.530481994,0.43432039
9685,9.685807,0.568753183,0.531908453,0.431246817
9686,9.686808,0.57166934,0.533261836,0.42833063
9687,9.687809,0.574533463,0.534591079,0.425466508
9688,9.688810,0.578019798,0.536209106,0.421980172
9689,9.689824,0.580506861,0.53736335,0.419493109
9690,9.690809,0.583257914,0.538640141,0.416742116
9691,9.691811,0.585432351,0.539649248,0.41456759
9692,9.692811,0.587676525,0.54069078,0.412323445
9693,9.693812,0.590440869,0.541639686,0.410278916
9694,9.694812,0.592320502,0.542846084,0.407679498
9695,9.695811,0.594061017,0.543653846,0.405938953
9696,9.696812,0.595810056,0.544465601,0.404189944
9697,9.697812,0.597420633,0.545213103,0.402579397
9698,9.698811,0.598734975,0.545823038,0.401264995
9699,9.699814,0.600189924,0.546498299,0.399941564
9700,9.700826,0.601487935,0.547100723,0.398512065
9701,9.701814,0.602240145,0.547449827,0.397759855
9702,9.702814,0.6030007,0.547802806,0.396999329
9703,9.703814,0.603609204,0.548085213,0.396390796
9704,9.704813,0.603983641,0.54825896,0.396016359
9705,9.705813,0.604582846,0.54839921,0.395714164
9706,9.706813,0.604529083,0.548512101,0.395470917
9707,9.707813,0.604240119,0.548377991,0.395759881
9708,9.708813,0.604286849,0.548399687,0.39571318
9709,9.709816,0.604016364,0.548274159,0.395983636
9710,9.710905,0.60327965,0.547932267,0.396720409
9711,9.711805,0.602772117,0.54769671,0.397227854
9712,9.712806,0.601737261,0.547216415,0.398262739
9713,9.713805,0.600661516,0.546717167,0.399338514
9714,9.714806,0.599594951,0.54622221,0.400405049
9715,9.715806,0.598302722,0.545622468,0.401697308
9716,9.716806,0.596865654,0.544955492,0.403134346
9717,9.717807,0.595360398,0.544256926,0.404639602
9718,9.718805,0.592967808,0.543146491,0.407032192
9719,9.719809,0.591149628,0.542302668,0.408850342
9720,9.720809,0.589264035,0.541427612,0.410736024
9721,9.721833,0.587035596,0.540393353,0.412964374
9722,9.722809,0.584682465,0.539301276,0.415317535
9723,9.723807,0.582272589,0.538182855,0.417727441
9724,9.724809,0.579152167,0.536734641,0.420847833
9725,9.725810,0.576472521,0.53549099,0.42352742
9726,9.726811,0.573622465,0.534168303,0.426377505
9727,9.727811,0.570779145,0.532848716,0.429220825
9728,9.728812,0.567773759,0.531453907,0.432226211
9729,9.729814,0.563877165,0.530059874,0.435230047
9730,9.730816,0.560748637,0.528193533,0.439251363
9731,9.731825,0.557385266,0.526632607,0.442614734
9732,9.732813,0.554027557,0.525074244,0.445972413
9733,9.733814,0.550426066,0.52340281,0.449573934
9734,9.734813,0.546913981,0.521772861,0.453086048
9735,9.735815,0.542378008,0.520092428,0.456706822
9736,9.736815,0.538678169,0.517950594,0.461321861
9737,9.737815,0.534976125,0.516232491,0.465023875
9738,9.738816,0.531113267,0.514439702,0.468886733
9739,9.739827,0.527237833,0.512641132,0.472762167
9740,9.740816,0.523364663,0.510843575,0.476635337
9741,9.741816,0.51844877,0.508562088,0.480564177
9742,9.742821,0.514496565,0.506727874,0.485503495
9743,9.743809,0.510500312,0.504873216,0.489499658
9744,9.744810,0.506499887,0.503016591,0.493500113
9745,9.745811,0.502489388,0.501155317,0.497510612
9746,9.746811,0.498475641,0.499292552,0.501524389
9747,9.747812,0.494464368,0.497430891,0.505535603
9748,9.748811,0.489470243,0.495113134,0.510529757
9749,9.749816,0.485476971,0.493259817,0.51452297
9750,9.750816,0.48151353,0.491420388,0.51848644
9751,9.751817,0.477577627,0.489593744,0.522422373
9752,9.752832,0.473674178,0.487782151,0.526325822
9753,9.753807,0.469786197,0.485977739,0.530213833
9754,9.754807,0.465043008,0.48377642,0.534957051
9755,9.755807,0.461316943,0.482047111,0.538682997
9756,9.756807,0.457620531,0.4803316,0.542379439
9757,9.757806,0.453950703,0.478628457,0.546049297
9758,9.758807,0.450381994,0.476972193,0.549618006
9759,9.759810,0.44688642,0.475349903,0.55311358
9760,9.760810,0.442627639,0.473373383,0.557372332
9761,9.761810,0.439315319,0.47183612,0.560684621
9762,9.762809,0.436042398,0.470317185,0.563957632
9763,9.763828,0.433016181,0.468912691,0.566983759
9764,9.764816,0.429933935,0.467482239,0.570066094
9765,9.765816,0.426292658,0.466150671,0.572935164
9766,9.766817,0.42344144,0.464469045,0.57655853
9767,9.767815,0.420822859,0.463253766,0.579177141
9768,9.768816,0.418261081,0.462064832,0.581738889
9769,9.769807,0.415885657,0.460962415,0.584114373
9770,9.770807,0.413502574,0.459856421,0.586497486
9771,9.771806,0.41117382,0.45877564,0.58882618
9772,9.772807,0.408831656,0.45768863,0.591168344
9773,9.773833,0.406869024,0.456777751,0.593130946
9774,9.774807,0.405040801,0.455929279,0.594959199
9775,9.775808,0.403576672,0.455249786,0.596423388
9776,9.776807,0.402106166,0.454567313,0.597893834
9777,9.777807,0.400702208,0.453915715,0.599297762
9778,9.778807,0.399249375,0.453241467,0.600750685
9779,9.779810,0.398174167,0.452742457,0.601825833
9780,9.780810,0.397408515,0.452387124,0.602591515
9781,9.781810,0.396795154,0.452102482,0.603204846
9782,9.782811,0.396091104,0.45177573,0.603908896
9783,9.783811,0.395873636,0.451674789,0.604134798
9784,9.784828,0.395677239,0.451583624,0.604322731
9785,9.785816,0.395471245,0.451488018,0.604528725
9786,9.786817,0.395664513,0.451577723,0.604335487
9787,9.787816,0.396011204,0.451738626,0.603988767
9788,9.788816,0.396267325,0.451857507,0.603732705
9789,9.789823,0.397006094,0.452122986,0.603160739
9790,9.790811,0.39784801,0.452591091,0.60215199
9791,9.791811,0.398759931,0.453014314,0.601240039
9792,9.792812,0.399742723,0.453470439,0.600257277
9793,9.793813,0.400875032,0.453995943,0.599125028
9794,9.794828,0.402231872,0.454625636,0.597768068
9795,9.795816,0.403808415,0.455357343,0.596191645
9796,9.796805,0.405882537,0.456319928,0.594402015
9797,9.797805,0.407698035,0.457162499,0.592301965
9798,9.798807,0.40964973,0.458068281,0.59035027
9799,9.799810,0.411803693,0.459067941,0.588196278
9800,9.800809,0.413949817,0.460063964,0.586050153
9801,9.801811,0.416160166,0.46108979,0.583839834
9802,9.802812,0.419328898,0.462560415,0.580671132
9803,9.803812,0.422067732,0.463831514,0.577932298
9804,9.804812,0.424676895,0.465042442,0.575323105
9805,9.805827,0.427633137,0.466414422,0.572366834
9806,9.806815,0.430523634,0.467755884,0.569476306
9807,9.807815,0.43352142,0.469147176,0.56647855
9808,9.808816,0.437473536,0.470981359,0.562526464
9809,9.809806,0.440832287,0.47254017,0.559167743
9810,9.810808,0.444093138,0.474053532,0.555906832
9811,9.811809,0.447528929,0.475648105,0.552471101
9812,9.812809,0.451118708,0.477314115,0.548881292
9813,9.813810,0.454662949,0.478958994,0.545337021
9814,9.814812,0.459234476,0.481080651,0.540765524
9815,9.815875,0.462959826,0.482809603,0.537040174
9816,9.816813,0.466739833,0.484563887,0.533260167
9817,9.817814,0.470568925,0.486341,0.529431105
9818,9.818815,0.47444132,0.488138169,0.52555865
9819,9.819805,0.478368402,0.48996076,0.521631658
9820,9.820816,0.483296305,0.49224779,0.516703665
9821,9.821817,0.487266898,0.494090557,0.512733102
9822,9.822817,0.491249472,0.495938867,0.508750498
9823,9.823817,0.495258778,0.497799575,0.504741192
9824,9.824817,0.499267578,0.499660075,0.500732422
9825,9.825816,0.503280938,0.50152266,0.496719033
9826,9.826926,0.508290291,0.503847539,0.491709739
9827,9.827814,0.512284994,0.505701482,0.487715036
9828,9.828814,0.516286671,0.507558644,0.483713299
9829,9.829805,0.520181775,0.509366393,0.479818225
9830,9.830817,0.52413559,0.511201382,0.47586441
9831,9.831817,0.528000534,0.512995124,0.471999496
9832,9.832806,0.53284812,0.515244842,0.468156904
9833,9.833805,0.536608338,0.516990006,0.463391691
9834,9.834805,0.540371835,0.51873666,0.459628195
9835,9.835817,0.544012785,0.520426393,0.455987215
9836,9.836818,0.547583103,0.522083402,0.452416897
9837,9.837825,0.551989615,0.523760855,0.448802441
9838,9.838813,0.555516124,0.525765121,0.444483876
9839,9.839815,0.558832884,0.527304411,0.441167086
9840,9.840816,0.562058151,0.528801322,0.437941879
9841,9.841816,0.565340102,0.530324459,0.434659958
9842,9.842816,0.568321288,0.531708002,0.431678683
9843,9.843816,0.571359932,0.533118248,0.428640068
9844,9.844815,0.574884295,0.534753919,0.425115705
9845,9.845816,0.577685118,0.536053777,0.422314882
9846,9.846816,0.580313027,0.537273407,0.419686973
9847,9.847834,0.5826931,0.538378,0.4173069
9848,9.848809,0.585209966,0.539546072,0.414790034
9849,9.849813,0.587403297,0.540564001,0.412596703
9850,9.850813,0.590187788,0.541856289,0.409812242
9851,9.851813,0.59215641,0.542769909,0.40784356
9852,9.852813,0.593915701,0.543586433,0.406084299
9853,9.853812,0.595608532,0.544372082,0.404391497
9854,9.854813,0.597084463,0.545057058,0.402915537
9855,9.855814,0.598723829,0.545817912,0.401276171
9856,9.856814,0.600125551,0.546468437,0.399874479
9857,9.857814,0.601125419,0.546932459,0.398874521
9858,9.858824,0.602054715,0.547363758,0.397945285
9859,9.859816,0.60283339,0.547725141,0.39716658
9860,9.860816,0.603541493,0.548053741,0.396458477
9861,9.861816,0.604016483,0.548274219,0.395983547
9862,9.862817,0.604394436,0.548449636,0.395605564
9863,9.863805,0.604523659,0.548509598,0.395476282
9864,9.864805,0.604498923,0.548498154,0.395501137
9865,9.865807,0.604401708,0.548452973,0.395598263
9866,9.866807,0.603987277,0.548260689,0.396012753
9867,9.867808,0.603663564,0.548110425,0.396336436
9868,9.868837,0.602679253,0.547653615,0.397320777
9869,9.869816,0.601851165,0.547269285,0.398148805
9870,9.870806,0.600873053,0.546815336,0.399126947
9871,9.871805,0.599746168,0.546292365,0.400253832
9872,9.872806,0.598626494,0.545772731,0.401373535
9873,9.873807,0.597052991,0.545042455,0.402947038
9874,9.874807,0.595152557,0.544160485,0.404509246
9875,9.875808,0.593340158,0.543319345,0.406659871
9876,9.876808,0.591464758,0.542448938,0.408535242
9877,9.877809,0.589384437,0.541483462,0.410615534
9878,9.878810,0.587243915,0.540490031,0.412756115
9879,9.879825,0.58438772,0.539436936,0.415025234
9880,9.880813,0.58202672,0.538068712,0.41797325
9881,9.881814,0.579478621,0.536886156,0.420521379
9882,9.882814,0.576813459,0.53564924,0.4231866
9883,9.883814,0.57403487,0.534359694,0.425965101
9884,9.884815,0.571147144,0.533019483,0.428852826
9885,9.885815,0.568208098,0.53165549,0.431791931
9886,9.886815,0.564273357,0.529829383,0.435726643
9887,9.887813,0.561013222,0.528316319,0.438986778
9888,9.888814,0.557758749,0.526805937,0.442241251
9889,9.889838,0.554371655,0.525233984,0.445628345
9890,9.890813,0.550904155,0.523624718,0.449095875
9891,9.891812,0.547398567,0.52199775,0.452601492
9892,9.892813,0.54286927,0.519895673,0.456285357
9893,9.893813,0.539112866,0.518152356,0.460887134
9894,9.894813,0.535365701,0.516413271,0.464634299
9895,9.895813,0.531591356,0.51466161,0.468408614
9896,9.896812,0.527742684,0.512875438,0.472257316
9897,9.897813,0.523815572,0.511052847,0.476184428
9898,9.898813,0.518942416,0.508791208,0.481057584
9899,9.899816,0.514981389,0.506952882,0.485018611
9900,9.900830,0.510998905,0.505104601,0.489001095
9901,9.901807,0.506999969,0.503248692,0.493000001
9902,9.902806,0.502990842,0.501388073,0.497009188
9903,9.903806,0.498976439,0.499524951,0.501023531
9904,9.904806,0.493957907,0.49719587,0.505035043
9905,9.905823,0.489960819,0.495340794,0.51003921
9906,9.906810,0.485962689,0.493485272,0.514037311
9907,9.907810,0.482007444,0.491649628,0.517992556
9908,9.908810,0.478067547,0.489821136,0.521932483
9909,9.909813,0.474159956,0.488007605,0.525840044
9910,9.910840,0.469329447,0.485765755,0.530670583
9911,9.911815,0.465515733,0.483995795,0.534484267
9912,9.912816,0.461692721,0.482221544,0.538307309
9913,9.913815,0.458046019,0.4805291,0.541954041
9914,9.914816,0.454401225,0.47883755,0.545598805
9915,9.915816,0.450785249,0.477159351,0.54921478
9916,9.916815,0.446496367,0.475168884,0.553503633
9917,9.917816,0.443002731,0.473547459,0.55699724
9918,9.918816,0.439724177,0.472025901,0.560275853
9919,9.919806,0.43648988,0.470524848,0.56351012
9920,9.920807,0.43334946,0.469067395,0.566650569
9921,9.921827,0.42967242,0.467655361,0.569692969
9922,9.922815,0.426648945,0.465957642,0.573351026
9923,9.923815,0.423903257,0.464683384,0.576096773
9924,9.924816,0.421212733,0.463434696,0.578787267
9925,9.925815,0.41863814,0.462239832,0.58136183
9926,9.926817,0.416052163,0.461039662,0.583947837
9927,9.927817,0.413649857,0.459924757,0.586350143
9928,9.928806,0.411117792,0.458749622,0.588420689
9929,9.929809,0.40900588,0.457769483,0.59099412
9930,9.930811,0.407170445,0.456917644,0.592829525
9931,9.931923,0.405054301,0.455935538,0.594525456
9932,9.932811,0.403619558,0.455269694,0.596380472
9933,9.933812,0.402205408,0.454613388,0.597794592
9934,9.934811,0.400312334,0.453734815,0.599217653
9935,9.935813,0.399462849,0.45334053,0.600537121
9936,9.936814,0.398370087,0.452833414,0.601629972
9937,9.937814,0.397586018,0.452469498,0.602413952
9938,9.938815,0.39679271,0.45210132,0.60320729
9939,9.939805,0.39623183,0.451841027,0.60376817
9940,9.940806,0.395745873,0.451615512,0.604176164
9941,9.941807,0.395529956,0.451515287,0.604470015
9942,9.942830,0.395468205,0.451486647,0.604531825
9943,9.943806,0.395642191,0.451567382,0.604357839
9944,9.944807,0.395888299,0.451681584,0.604111671
9945,9.945808,0.396125287,0.451791584,0.603874743
9946,9.946808,0.396921545,0.452161133,0.603159666
9947,9.947809,0.397664636,0.452506006,0.602335393
9948,9.948808,0.398478985,0.452883929,0.601521015
9949,9.949813,0.399523318,0.453368604,0.600476742
9950,9.950813,0.400793493,0.453958094,0.599206567
9951,9.951813,0.402131319,0.454578996,0.597868681
9952,9.952839,0.404006004,0.455449015,0.595993936
9953,9.953815,0.405665457,0.456219167,0.594334483
9954,9.954815,0.40739134,0.457020164,0.592608631
9955,9.955815,0.409327686,0.457918823,0.590672255
9956,9.956815,0.411397755,0.45887956,0.588602245
9957,9.957826,0.41423583,0.459932268,0.58633399
9958,9.958813,0.416723818,0.461351395,0.58400774
9959,9.959817,0.41907388,0.46244207,0.58092612
9960,9.960817,0.421673626,0.463648617,0.578326404
9961,9.961817,0.424270272,0.464853704,0.575729728
9962,9.962804,0.427215844,0.466220766,0.572784185
9963,9.963820,0.430149943,0.467582464,0.569850028
9964,9.964809,0.433858305,0.469303548,0.566812932
9965,9.965809,0.437072039,0.470795035,0.562927961
9966,9.966809,0.44037357,0.472327292,0.55962646
9967,9.967808,0.443713665,0.47387743,0.556286335
9968,9.968809,0.447136968,0.475466192,0.552863061
9969,9.969812,0.45067662,0.477108926,0.54932332
9970,9.970812,0.455115765,0.47916916,0.545824051
9971,9.971812,0.458805621,0.480881602,0.54119432
9972,9.972811,0.462432742,0.482564956,0.537567198
9973,9.973894,0.466265023,0.484343529,0.533734977
9974,9.974806,0.470088333,0.486117959,0.529911697
9975,9.975807,0.473976076,0.487922251,0.526023924
9976,9.976806,0.478859782,0.490188777,0.522138715
9977,9.977807,0.482788652,0.492012203,0.517211378
9978,9.978808,0.486769915,0.493859887,0.513230085
9979,9.979811,0.490750074,0.495707095,0.509249926
9980,9.980811,0.494750112,0.497563511,0.505249858
9981,9.981811,0.498764396,0.499426574,0.501235664
9982,9.982810,0.503783107,0.501755714,0.497222245
9983,9.983811,0.507790744,0.503615677,0.492209226
9984,9.984823,0.511786699,0.505470216,0.488213331
9985,9.985811,0.515777767,0.50732249,0.484222233
9986,9.986812,0.519721389,0.50915271,0.480278611
9987,9.987812,0.523610532,0.510957718,0.476389498
9988,9.988813,0.528506219,0.513229787,0.472482324
9989,9.989817,0.532320797,0.515000105,0.467679173
9990,9.990806,0.536110163,0.5167588,0.463889897
9991,9.991806,0.539877415,0.518507183,0.460122585
9992,9.992807,0.543591678,0.520230949,0.456408292
9993,9.993807,0.54717356,0.521893322,0.45282644
9994,9.994845,0.551635504,0.523964107,0.448364496
9995,9.995808,0.55500406,0.525527477,0.44499594
9996,9.996809,0.558418214,0.527112007,0.441581815
9997,9.997810,0.561702847,0.528636396,0.438297182
9998,9.998811,0.564947486,0.530142188,0.435052454
9999,9.999814,0.56804812,0.531581223,0.431951851
10000,10.000814,0.571669936,0.533262134,0.429007173
10001,10.001813,0.574650884,0.534645617,0.425349146
10002,10.002815,0.577348769,0.535897672,0.422651231
10003,10.003816,0.579991281,0.537124097,0.420008749
10004,10.004816,0.582515717,0.538295686,0.417484283
10005,10.005820,0.584852219,0.539380074,0.415147811
10006,10.006808,0.587745667,0.540722907,0.412871957
10007,10.007809,0.589862049,0.541705132,0.410137981
10008,10.008810,0.591846049,0.542625904,0.408153951
10009,10.009813,0.593694389,0.543483734,0.406305611
10010,10.010814,0.595404744,0.544277489,0.404595256
10011,10.011829,0.597344637,0.545005977,0.403025568
10012,10.012818,0.598580897,0.545751572,0.401598752
10013,10.013806,0.599902213,0.546364784,0.400097787
10014,10.014807,0.600998998,0.546873808,0.399001062
10015,10.015844,0.602026701,0.547350764,0.397973329
10016,10.016807,0.602905452,0.547758579,0.397094548
10017,10.017807,0.603633761,0.548096597,0.396366239
10018,10.018807,0.604146719,0.548334658,0.39595294
10019,10.019810,0.604204297,0.548361421,0.395795733
10020,10.020809,0.604352593,0.548430204,0.395647407
10021,10.021810,0.604592323,0.548541427,0.395407647
10022,10.022809,0.604432464,0.548467278,0.395567507
10023,10.023809,0.604200363,0.548359513,0.395799607
10024,10.024810,0.603510737,0.548039496,0.396348596
10025,10.025809,0.602852523,0.547734022,0.397147477
10026,10.026827,0.601962805,0.547321081,0.398037195
10027,10.027815,0.601082504,0.546912551,0.398917496
10028,10.028815,0.599973202,0.546397746,0.400026798
10029,10.029805,0.598639071,0.545778513,0.401360869
10030,10.030806,0.596865237,0.544955313,0.402838051
10031,10.031805,0.595359921,0.544256687,0.404640108
10032,10.032806,0.593711436,0.543491602,0.406288505
10033,10.033805,0.59163475,0.542527795,0.40836522
10034,10.034805,0.589712679,0.541635811,0.410287321
10035,10.035805,0.58758682,0.540649176,0.41241318
10036,10.036843,0.584748328,0.539331853,0.415251672
10037,10.037830,0.582336545,0.538212538,0.417663485
10038,10.038807,0.579803228,0.537036777,0.420196712
10039,10.039809,0.577152431,0.535806537,0.422847509
10040,10.040810,0.574446201,0.534550607,0.425553799
10041,10.041810,0.571513534,0.533189535,0.428486437
10042,10.042810,0.567773223,0.531453669,0.431466043
10043,10.043810,0.564718544,0.530035973,0.435281426
10044,10.044810,0.561371267,0.528482497,0.438628733
10045,10.045811,0.558176219,0.526999652,0.441823751
10046,10.046810,0.554842114,0.525452316,0.445157886
10047,10.047848,0.550464869,0.523420811,0.448658645
10048,10.048810,0.546913266,0.521772504,0.452266991
10049,10.049813,0.543258607,0.520076394,0.456741422
10050,10.050814,0.539576769,0.518367648,0.460423201
10051,10.051814,0.53586483,0.516644955,0.4641352
10052,10.052814,0.532068789,0.514883161,0.467931211
10053,10.053815,0.52822566,0.513099551,0.47177431
10054,10.054814,0.52334559,0.510834694,0.475659132
10055,10.055816,0.519435048,0.509019852,0.480564952
10056,10.056817,0.515477717,0.507183254,0.484522313
10057,10.057806,0.511497378,0.505335927,0.488502592
10058,10.058830,0.507500052,0.503480792,0.492499948
10059,10.059809,0.503497303,0.501623094,0.496502727
10060,10.060810,0.498476028,0.499292731,0.500521541
10061,10.061810,0.494458824,0.497428328,0.505541146
10062,10.062811,0.4904598,0.495572388,0.5095402
10063,10.063820,0.48647052,0.493720949,0.51352948
10064,10.064809,0.482501179,0.491878748,0.517498791
10065,10.065809,0.478541046,0.490040869,0.521458983
10066,10.066810,0.473673403,0.487781793,0.525354147
10067,10.067810,0.469809115,0.485988379,0.530190885
10068,10.068877,0.465989321,0.484215587,0.534010649
10069,10.069807,0.462219715,0.482466131,0.537780344
10070,10.070808,0.458473206,0.480727345,0.541526794
10071,10.071808,0.454853147,0.479047269,0.545146823
10072,10.072807,0.450458854,0.477007866,0.548733473
10073,10.073809,0.446885705,0.475349575,0.553114295
10074,10.074810,0.443468273,0.473763525,0.556531727
10075,10.075810,0.440134346,0.472216249,0.559865594
10076,10.076811,0.436938226,0.470732927,0.563061774
10077,10.077812,0.433736116,0.469246835,0.566263914
10078,10.078812,0.429988205,0.467507422,0.569264352
10079,10.079827,0.42694965,0.466097206,0.57305032
10080,10.080815,0.424247503,0.464843154,0.575752497
10081,10.081816,0.421542466,0.463587731,0.578457534
10082,10.082815,0.418762475,0.462297529,0.581237495
10083,10.083814,0.416418016,0.461209476,0.583581984
10084,10.084814,0.413502127,0.459856212,0.585930467
10085,10.085814,0.411451221,0.458904386,0.588548779
10086,10.086814,0.409182638,0.457851529,0.590817392
10087,10.087813,0.407328606,0.456991047,0.592671394
10088,10.088814,0.405614138,0.456195384,0.594385922
10089,10.089846,0.403500855,0.455395639,0.596108973
10090,10.090809,0.402105898,0.454567194,0.597616315
10091,10.091810,0.40070197,0.453915626,0.599298
10092,10.092809,0.39959982,0.453404129,0.600400209
10093,10.093810,0.398488522,0.45288837,0.601511478
10094,10.094810,0.397605479,0.452478528,0.602394521
10095,10.095810,0.396954179,0.452176273,0.603045821
10096,10.096809,0.396253616,0.45185113,0.603706479
10097,10.097810,0.395865172,0.451670855,0.604134858
10098,10.098811,0.395548522,0.4515239,0.604451478
10099,10.099813,0.395385563,0.451448292,0.604614496
10100,10.100832,0.395622224,0.451558113,0.604377806
10101,10.101808,0.395685792,0.451587617,0.604314208
10102,10.102808,0.396104753,0.451782048,0.603851736
10103,10.103809,0.39683941,0.452122986,0.60316056
10104,10.104808,0.397563457,0.452459037,0.602436543
10105,10.105809,0.39835906,0.452828258,0.60164088
10106,10.106808,0.399463594,0.453340888,0.600536466
10107,10.107809,0.400480837,0.453813016,0.599519193
10108,10.108808,0.402308792,0.454661369,0.59812057
10109,10.109812,0.403808743,0.455357492,0.596191287
10110,10.110854,0.405524433,0.456153721,0.594475508
10111,10.111817,0.407231778,0.456946135,0.592768252
10112,10.112816,0.409149766,0.45783627,0.590850234
10113,10.113816,0.411132067,0.458756268,0.588867962
10114,10.114817,0.413882852,0.46003288,0.586480021
10115,10.115817,0.416292191,0.461151093,0.583707869
10116,10.116804,0.418821096,0.462324739,0.581178904
10117,10.117817,0.421342731,0.463495046,0.578657329
10118,10.118806,0.424043596,0.464748502,0.575956404
10119,10.119830,0.426799595,0.466027588,0.573200464
10120,10.120806,0.430469811,0.467409819,0.570222139
10121,10.121826,0.433522016,0.469147444,0.566477954
10122,10.122814,0.436721683,0.470632434,0.563278317
10123,10.123814,0.439962566,0.472136527,0.560037434
10124,10.124815,0.443336338,0.473702312,0.556663692
10125,10.125815,0.446663082,0.475246251,0.553336918
10126,10.126815,0.451004386,0.477261066,0.549803555
10127,10.127816,0.454663664,0.478959322,0.545336306
10128,10.128817,0.458313316,0.480653137,0.541686654
10129,10.129808,0.462024182,0.482375383,0.537975848
10130,10.130809,0.465790987,0.484123558,0.534209073
10131,10.131849,0.4705697,0.486341357,0.530415654
10132,10.132816,0.474442095,0.488138527,0.526508808
10133,10.133806,0.478369176,0.489961118,0.521630883
10134,10.134805,0.482294261,0.491782755,0.517705798
10135,10.135807,0.48626256,0.493624419,0.51373744
10136,10.136807,0.490250945,0.495475441,0.509749055
10137,10.137808,0.494258195,0.497335225,0.505741835
10138,10.138808,0.499269009,0.499194711,0.501735091
10139,10.139812,0.503279567,0.501522064,0.496720433
10140,10.140811,0.507285118,0.503381014,0.492714882
10141,10.141813,0.511270821,0.505230784,0.488729149
10142,10.142824,0.515257835,0.507081211,0.484742165
10143,10.143812,0.519228578,0.508924007,0.480771422
10144,10.144813,0.524136424,0.511201739,0.476841062
10145,10.145813,0.528023601,0.513005793,0.471976399
10146,10.146814,0.531869173,0.514790535,0.468130827
10147,10.147814,0.535695493,0.516566336,0.464304507
10148,10.148814,0.539382815,0.518277645,0.460617244
10149,10.149816,0.543067694,0.519987762,0.456932306
10150,10.150816,0.547658384,0.52211833,0.453237623
10151,10.151817,0.551078498,0.523705602,0.448921472
10152,10.152843,0.554620445,0.525349438,0.445379555
10153,10.153826,0.558001816,0.526918709,0.441998154
10154,10.154813,0.561201513,0.528403699,0.438798487
10155,10.155814,0.564502954,0.529935896,0.435497016
10156,10.156814,0.568375468,0.531733155,0.432386577
10157,10.157814,0.571360528,0.533118546,0.428639472
10158,10.158814,0.574182272,0.53442812,0.425817728
10159,10.159805,0.57701081,0.535740852,0.422989219
10160,10.160817,0.579605222,0.536944866,0.420394719
10161,10.161817,0.582207143,0.538152456,0.417792857
10162,10.162805,0.585210443,0.539243937,0.415441096
10163,10.163855,0.587403715,0.540564179,0.412596256
10164,10.164805,0.589534819,0.541553259,0.410465211
10165,10.165805,0.591605365,0.542514205,0.408394635
10166,10.166806,0.593470991,0.543380022,0.406529009
10167,10.167806,0.59519881,0.544181943,0.40480125
10168,10.168805,0.597236931,0.544918656,0.403213799
10169,10.169809,0.5986467,0.545782089,0.40135327
10170,10.170834,0.599832892,0.546332598,0.400167137
10171,10.171831,0.601107419,0.546924114,0.398892581
10172,10.172808,0.601836681,0.547262549,0.398163319
10173,10.173807,0.602733493,0.547678769,0.397266507
10174,10.174833,0.603541672,0.548053861,0.396458328
10175,10.175808,0.603853941,0.54819876,0.396146059
10176,10.176808,0.604338169,0.548423529,0.395661861
10177,10.177807,0.604424059,0.548463345,0.395575881
10178,10.178808,0.604519546,0.54850769,0.395480484
10179,10.179811,0.6042974,0.548404574,0.3957026
10180,10.180811,0.604068637,0.548343718,0.395833731
10181,10.181811,0.603501081,0.548035026,0.396498948
10182,10.182811,0.602943003,0.547776043,0.397057027
10183,10.183812,0.60207206,0.547371805,0.39792794
10184,10.184862,0.60113132,0.546935201,0.39886871
10185,10.185811,0.599963129,0.546393037,0.400036871
10186,10.186813,0.598471761,0.545700908,0.401040971
10187,10.187813,0.597052515,0.545042217,0.402947485
10188,10.188813,0.595490277,0.544317186,0.404509723
10189,10.189817,0.593787313,0.543526828,0.406212687
10190,10.190806,0.591946006,0.542672276,0.408054024
10191,10.191805,0.590039551,0.541787505,0.409960449
10192,10.192807,0.58738023,0.540775657,0.412140638
10193,10.193808,0.584974289,0.539436698,0.415025711
10194,10.194808,0.582644463,0.53835541,0.417355537
10195,10.195828,0.580063343,0.537157536,0.419936657
10196,10.196817,0.577490091,0.535963297,0.422509968
10197,10.197817,0.574739456,0.534686685,0.425260514
10198,10.198817,0.571146607,0.533019245,0.428177714
10199,10.199808,0.568154037,0.531630397,0.431845963
10200,10.200809,0.564959228,0.530147672,0.435040772
10201,10.201808,0.561872005,0.528714895,0.438127995
10202,10.202810,0.558546185,0.527171373,0.441453815
10203,10.203811,0.555268645,0.525650263,0.444731385
10204,10.204812,0.550903082,0.52402997,0.448222667
10205,10.205864,0.547360659,0.521980166,0.452639341
10206,10.206815,0.543782413,0.520319462,0.456217557
10207,10.207815,0.540134072,0.518626273,0.459865898
10208,10.208816,0.536363661,0.516876459,0.463636339
10209,10.209808,0.532520056,0.515092611,0.467479944
10210,10.210808,0.527741551,0.513323426,0.471292049
10211,10.211808,0.523870826,0.511078477,0.476129174
10212,10.212809,0.519911766,0.509241104,0.480088264
10213,10.213810,0.51597321,0.507413208,0.48402679
10214,10.214809,0.511995494,0.505567133,0.488004506
10215,10.215809,0.508006155,0.503715694,0.491993874
10216,10.216826,0.502991974,0.501388609,0.496007293
10217,10.217814,0.498977631,0.499525517,0.501022339
10218,10.218814,0.494964182,0.497662872,0.505035818
10219,10.219805,0.49094528,0.495797694,0.50905472
10220,10.220804,0.486967713,0.493951678,0.513032258
10221,10.221806,0.482982248,0.492102027,0.517017722
10222,10.222806,0.478066355,0.490268856,0.520967722
10223,10.223806,0.474179029,0.488016456,0.525820971
10224,10.224806,0.470266104,0.486200452,0.529733896
10225,10.225884,0.466463655,0.484435737,0.533536375
10226,10.226865,0.462687463,0.482683182,0.537312508
10227,10.227815,0.459030479,0.480985999,0.540969551
10228,10.228816,0.45440048,0.478837192,0.544659495
10229,10.229807,0.450823069,0.477176905,0.549176931
10230,10.230806,0.447359204,0.475569308,0.552640796
10231,10.231807,0.443890691,0.473959595,0.556109309
10232,10.232807,0.440545976,0.472407281,0.559454024
10233,10.233807,0.437289029,0.470895737,0.562710941
10234,10.234807,0.433296293,0.469427109,0.565875471
10235,10.235806,0.430251479,0.467629582,0.569748461
10236,10.236807,0.427366525,0.466290683,0.572633505
10237,10.237823,0.424534202,0.464976221,0.575465858
10238,10.238811,0.421874106,0.46374163,0.578125834
10239,10.239814,0.419270039,0.462533087,0.580729961
10240,10.240813,0.416183054,0.461100429,0.58341068
10241,10.241814,0.413717061,0.459955961,0.586282969
10242,10.242815,0.411648035,0.4589957,0.588351965
10243,10.243814,0.40943259,0.45796752,0.59056741
10244,10.244814,0.407706141,0.457166284,0.592293859
10245,10.245813,0.405608147,0.456192583,0.594391823
10246,10.246814,0.403543651,0.455487728,0.595910549
10247,10.247854,0.40220511,0.454613239,0.59779489
10248,10.248816,0.400859714,0.45398882,0.599140227
10249,10.249807,0.399660558,0.453432292,0.600339413
10250,10.250809,0.39860931,0.452944398,0.60139066
10251,10.251810,0.397707582,0.452525944,0.602292478
10252,10.252810,0.396792591,0.452139914,0.603124082
10253,10.253811,0.396231741,0.451840997,0.603768289
10254,10.254810,0.395742118,0.451613754,0.604257941
10255,10.255812,0.395487666,0.451495647,0.604512334
10256,10.256813,0.395550966,0.451525033,0.604449034
10257,10.257813,0.39560473,0.451549977,0.60439527
10258,10.258829,0.395806849,0.451643795,0.604269207
10259,10.259808,0.396206677,0.451829344,0.603793263
10260,10.260809,0.396759689,0.452086002,0.603240311
10261,10.261810,0.397464812,0.452413261,0.602535248
10262,10.262811,0.398321122,0.452810675,0.601678908
10263,10.263811,0.399248481,0.45324108,0.600751579
10264,10.264811,0.400793731,0.453849703,0.599439979
10265,10.265812,0.402131617,0.454579145,0.597868443
10266,10.266812,0.403538078,0.455231875,0.596461892
10267,10.267813,0.4050892,0.45595175,0.5949108
10268,10.268813,0.40707463,0.456873208,0.592925429
10269,10.269829,0.408831537,0.45768857,0.591168463
10270,10.270817,0.411467552,0.458911955,0.589131773
10271,10.271817,0.413666666,0.459932566,0.586333334
10272,10.272806,0.41605866,0.461042672,0.583941281
10273,10.273805,0.418506891,0.462178916,0.581493139
10274,10.274806,0.421075255,0.463370919,0.578924775
10275,10.275806,0.423759997,0.464616895,0.576240003
10276,10.276807,0.427216411,0.465834886,0.573615611
10277,10.277808,0.430041015,0.467531919,0.569958985
10278,10.278807,0.433239907,0.469016552,0.566760123
10279,10.279849,0.436373234,0.470470697,0.563626707
10280,10.280817,0.439552963,0.471946448,0.560447097
10281,10.281806,0.442916214,0.473507345,0.557083845
10282,10.282804,0.447179019,0.475065887,0.553725541
10283,10.283805,0.450677365,0.477109283,0.549322605
10284,10.284817,0.454212546,0.478749961,0.545787454
10285,10.285806,0.457853973,0.480439961,0.542146027
10286,10.286823,0.461557597,0.48215881,0.538442373
10287,10.287812,0.465263337,0.483878672,0.534736693
10288,10.288811,0.470065653,0.485672683,0.530871034
10289,10.289815,0.473936021,0.487903655,0.526063979
10290,10.290823,0.47789669,0.489741832,0.522103369
10291,10.291813,0.481800497,0.491553575,0.518199503
10292,10.292813,0.485754699,0.493388712,0.514245272
10293,10.293813,0.489751965,0.495243877,0.510248005
10294,10.294813,0.494755447,0.49710086,0.506246686
10295,10.295813,0.498767078,0.499427795,0.501232922
10296,10.296813,0.502780735,0.50129056,0.497219265
10297,10.297813,0.506785393,0.503149092,0.493214577
10298,10.298813,0.510789931,0.505007625,0.489210069
10299,10.299816,0.514773726,0.506856501,0.485226244
10300,10.300815,0.519722164,0.509153068,0.480277807
10301,10.301822,0.523630142,0.510966778,0.476369828
10302,10.302810,0.527561605,0.512791395,0.472438425
10303,10.303811,0.531391084,0.514568686,0.468608975
10304,10.304811,0.535223484,0.516347289,0.464776516
10305,10.305811,0.538918078,0.518061936,0.461081922
10306,10.306811,0.543524206,0.519791305,0.457355678
10307,10.307810,0.54721123,0.521910787,0.45278877
10308,10.308811,0.550720453,0.523539424,0.449279517
10309,10.309814,0.554192126,0.525150657,0.445807904
10310,10.310814,0.557583809,0.526724756,0.442416221
10311,10.311872,0.561703444,0.528636694,0.43915695
10312,10.312810,0.564897299,0.529729247,0.435942352
10313,10.313811,0.567995489,0.531556845,0.432004541
10314,10.314811,0.570993364,0.532948136,0.429006606
10315,10.315812,0.573886752,0.534290969,0.426113248
10316,10.316812,0.576670945,0.535583138,0.423329085
10317,10.317813,0.579342246,0.536822855,0.420657754
10318,10.318814,0.582387209,0.538038075,0.418039322
10319,10.319805,0.584919095,0.539411068,0.415080875
10320,10.320805,0.587196767,0.540468156,0.412803262
10321,10.321806,0.589345753,0.541465521,0.410654306
10322,10.322825,0.591434598,0.542434931,0.408565342
10323,10.323814,0.593245506,0.543275356,0.406754464
10324,10.324814,0.595405281,0.544154465,0.404860377
10325,10.325815,0.596974909,0.545006216,0.40302512
10326,10.326816,0.598401487,0.545668304,0.401598513
10327,10.327816,0.599605083,0.546226859,0.400394917
10328,10.328817,0.60081768,0.546789646,0.39918232
10329,10.329808,0.60180378,0.547247291,0.39819622
10330,10.330807,0.602825046,0.547560751,0.397520751
10331,10.331809,0.603390634,0.547983766,0.396609396
10332,10.332829,0.603884339,0.548212886,0.396115661
10333,10.333817,0.604143262,0.548333049,0.395856708
10334,10.334806,0.604575276,0.548533559,0.395424753
10335,10.335806,0.604608178,0.548548818,0.395391852
10336,10.336808,0.604269087,0.548378766,0.395758271
10337,10.337808,0.604118645,0.548321605,0.395881355
10338,10.338809,0.603651285,0.548104703,0.396348715
10339,10.339812,0.602869987,0.547742128,0.397130072
10340,10.340813,0.602099121,0.547384381,0.397900909
10341,10.341813,0.6013363,0.54703033,0.3986637
10342,10.342840,0.599816442,0.546324968,0.400183588
10343,10.343831,0.598638833,0.545778453,0.401361167
10344,10.344808,0.597237706,0.545128167,0.402762264
10345,10.345806,0.595693231,0.544411361,0.404306769
10346,10.346866,0.594007552,0.54362905,0.405992448
10347,10.347816,0.592255592,0.542815924,0.407744348
10348,10.348816,0.589853048,0.541839957,0.409847349
10349,10.349806,0.587517917,0.540617228,0.412482142
10350,10.350808,0.585331321,0.539602399,0.414668709
10351,10.351808,0.582885504,0.538467288,0.417114466
10352,10.352808,0.580447376,0.537335753,0.419552624
10353,10.353832,0.577886522,0.536147237,0.422113448
10354,10.354806,0.574387372,0.534848928,0.424910963
10355,10.355808,0.571512997,0.533189297,0.428487003
10356,10.356809,0.568533301,0.531806409,0.431466699
10357,10.357809,0.565452516,0.530376613,0.434547454
10358,10.358809,0.562324107,0.528924704,0.437675893
10359,10.359813,0.559006512,0.527384996,0.440993458
10360,10.360812,0.554798126,0.525827348,0.444349766
10361,10.361812,0.551340342,0.523827136,0.448659658
10362,10.362812,0.547807097,0.522187352,0.452192903
10363,10.363812,0.544168353,0.520498633,0.455831677
10364,10.364828,0.540533662,0.518811703,0.459466279
10365,10.365816,0.536804736,0.517081141,0.463195264
10366,10.366817,0.532068014,0.515325308,0.46697855
10367,10.367817,0.528247058,0.513109505,0.471752971
10368,10.368804,0.52432102,0.511287391,0.475678951
10369,10.369808,0.520419121,0.509476542,0.479580879
10370,10.370808,0.516468346,0.507642984,0.483531654
10371,10.371808,0.512503088,0.505802691,0.487496912
10372,10.372808,0.507493377,0.503944755,0.491500258
10373,10.373807,0.503490627,0.501619995,0.496509343
10374,10.374877,0.49947688,0.49975723,0.50052315
10375,10.375815,0.495464653,0.497895151,0.504535377
10376,10.376816,0.491465598,0.496039152,0.508534372
10377,10.377815,0.48746559,0.494182765,0.51253444
10378,10.378816,0.482500404,0.492344022,0.516496301
10379,10.379806,0.47859022,0.490063697,0.52140981
10380,10.380807,0.47464484,0.488232642,0.52535522
10381,10.381807,0.47077024,0.48643443,0.52922976
10382,10.382808,0.466938823,0.484656245,0.533061147
10383,10.383808,0.463156104,0.482900709,0.536843956
10384,10.384809,0.458569884,0.481185079,0.540540516
10385,10.385824,0.454852074,0.479046762,0.545147896
10386,10.386813,0.451303989,0.477400124,0.548696041
10387,10.387813,0.4478333,0.475789338,0.5521667
10388,10.388815,0.444314271,0.474156171,0.555685759
10389,10.389817,0.440958887,0.47259891,0.559041083
10390,10.390807,0.436838716,0.471036822,0.562406957
10391,10.391807,0.43373552,0.469246566,0.56626451
10392,10.392807,0.430626184,0.467803478,0.569373786
10393,10.393808,0.427840889,0.466510862,0.572159171
10394,10.394810,0.424881935,0.465137571,0.575118005
10395,10.395937,0.421480477,0.463558942,0.578519464
10396,10.396812,0.418889165,0.462593257,0.580600321
10397,10.397814,0.416352034,0.461178839,0.583647966
10398,10.398813,0.414001703,0.460088074,0.585998297
10399,10.399827,0.411778212,0.459056139,0.588221788
10400,10.400814,0.40982604,0.458150119,0.59017396
10401,10.401815,0.407796711,0.457208306,0.592203319
10402,10.402816,0.40553987,0.456328154,0.59409976
10403,10.403815,0.403739929,0.455325544,0.596260071
10404,10.404817,0.402383327,0.45469594,0.597616673
10405,10.405805,0.401174575,0.454134941,0.598825395
10406,10.406820,0.399802238,0.453498065,0.600197792
10407,10.407809,0.39865309,0.452964723,0.60134691
10408,10.408810,0.397525072,0.452499986,0.602348328
10409,10.409814,0.396792531,0.45210126,0.603207469
10410,10.410813,0.396293342,0.451869577,0.603706658
10411,10.411813,0.395866364,0.451671422,0.604133666
10412,10.412811,0.395674586,0.451582402,0.604325414
10413,10.413813,0.395473272,0.451488972,0.604526699
10414,10.414812,0.395540506,0.451505005,0.604492188
10415,10.415812,0.395685911,0.451587677,0.604314089
10416,10.416875,0.396148384,0.451802313,0.603851676
10417,10.417813,0.396682262,0.45205006,0.603317738
10418,10.418814,0.397207469,0.452293813,0.602792501
10419,10.419817,0.398205996,0.452757239,0.601794004
10420,10.420806,0.399114519,0.453178883,0.600885451
10421,10.421805,0.400559038,0.453849286,0.599440932
10422,10.422806,0.401879728,0.45446223,0.598120272
10423,10.423805,0.403345048,0.45514226,0.596654892
10424,10.424806,0.405101657,0.455957532,0.594898343
10425,10.425806,0.406700939,0.456699759,0.593299091
10426,10.426805,0.409078985,0.457574755,0.591413677
10427,10.427825,0.411271542,0.458820999,0.588728487
10428,10.428813,0.413384914,0.459801793,0.586615086
10429,10.429817,0.415695637,0.4608742,0.584304333
10430,10.430817,0.418066025,0.461974323,0.581933975
10431,10.431816,0.420561403,0.463132411,0.579438567
10432,10.432816,0.424044579,0.464374661,0.576761961
10433,10.433816,0.426914722,0.466081023,0.573085308
10434,10.434816,0.429888278,0.46746105,0.570111752
10435,10.435816,0.432750285,0.468789309,0.567249775
10436,10.436816,0.435926676,0.470263451,0.564073265
10437,10.437890,0.439963192,0.472136825,0.560036778
10438,10.438817,0.443248183,0.473292112,0.557547569
10439,10.439808,0.446747601,0.4752855,0.553252459
10440,10.440807,0.45023647,0.47690466,0.54976356
10441,10.441808,0.453726232,0.478524268,0.546273768
10442,10.442807,0.457429081,0.480242759,0.542570889
10443,10.443807,0.461091727,0.481942594,0.538908243
10444,10.444807,0.464844942,0.48368448,0.535155058
10445,10.445808,0.469656497,0.485917538,0.530343533
10446,10.446809,0.473471314,0.487688005,0.526528716
10447,10.447810,0.477372497,0.489498556,0.522627532
10448,10.448827,0.481321722,0.491331398,0.518678308
10449,10.449807,0.485269189,0.493163407,0.514730811
10450,10.450806,0.489253312,0.495012432,0.510746658
10451,10.451808,0.49424997,0.497331411,0.50575006
10452,10.452808,0.498266131,0.499195307,0.501733899
10453,10.453810,0.502277851,0.501057148,0.497722119
10454,10.454810,0.506299973,0.502923846,0.493700027
10455,10.455810,0.510291219,0.50477618,0.489708781
10456,10.456811,0.515270948,0.50662607,0.48572281
10457,10.457838,0.51922977,0.508924603,0.48077026
10458,10.458884,0.5231601,0.510748625,0.47683987
10459,10.459813,0.527056396,0.512556911,0.472943604
10460,10.460813,0.530864239,0.514324129,0.469135761
10461,10.461814,0.534723639,0.516115308,0.46527639
10462,10.462815,0.539414346,0.517874122,0.461486638
10463,10.463815,0.543135941,0.520019472,0.456864059
10464,10.464816,0.54665339,0.521651924,0.45334655
10465,10.465815,0.550242424,0.523317575,0.449757546
10466,10.466817,0.553720772,0.524931908,0.446279228
10467,10.467817,0.5570755,0.526488841,0.442924529
10468,10.468806,0.560435176,0.528048038,0.439564824
10469,10.469827,0.564453185,0.529912829,0.435546845
10470,10.470815,0.567614019,0.531379759,0.432385951
10471,10.471817,0.57062465,0.532777011,0.42937535
10472,10.472818,0.573473752,0.534099281,0.426526248
10473,10.473805,0.57632935,0.53542459,0.42367065
10474,10.474806,0.579014957,0.536670983,0.420985043
10475,10.475806,0.58220762,0.538152695,0.41779238
10476,10.476805,0.584559619,0.539244235,0.415440381
10477,10.477805,0.586919248,0.540339351,0.413080722
10478,10.478804,0.58894515,0.541279554,0.41105482
10479,10.479873,0.591605902,0.542514443,0.408881575
10480,10.480817,0.593471587,0.543169737,0.406982124
10481,10.481806,0.595199108,0.544182062,0.404800892
10482,10.482806,0.596786499,0.544918776,0.403213561
10483,10.483805,0.598231256,0.545589268,0.401768744
10484,10.484806,0.599531054,0.546192527,0.400468946
10485,10.485806,0.600684166,0.546727657,0.399315834
10486,10.486806,0.601688862,0.547193944,0.398311138
10487,10.487806,0.602653265,0.547641575,0.397346765
10488,10.488805,0.603318334,0.547950208,0.396681696
10489,10.489809,0.603749812,0.54815042,0.396250129
10490,10.490822,0.604190648,0.548355043,0.395809382
10491,10.491810,0.604560375,0.548526645,0.395439655
10492,10.492811,0.604530573,0.548512816,0.395469427
10493,10.493810,0.604379058,0.548442483,0.395620942
10494,10.494811,0.603840709,0.54819262,0.396159291
10495,10.495811,0.603636861,0.548098028,0.396363199
10496,10.496811,0.603036225,0.547819257,0.396963775
10497,10.497811,0.602283597,0.547469974,0.397716373
10498,10.498810,0.601300895,0.547013879,0.398699045
10499,10.499814,0.600119591,0.546465635,0.399880409
10500,10.500840,0.598803639,0.545854926,0.401196361
10501,10.501832,0.597420573,0.545213044,0.402579427
10502,10.502809,0.595818698,0.544469595,0.404181272
10503,10.503809,0.594225645,0.543730259,0.405774325
10504,10.504809,0.59234637,0.542858124,0.407653689
10505,10.505809,0.590039194,0.541787326,0.409960806
10506,10.506809,0.587858915,0.540775418,0.412141025
10507,10.507808,0.585619867,0.539736331,0.414380133
10508,10.508809,0.583254516,0.538638532,0.416745484
10509,10.509813,0.58082968,0.537513196,0.41917035
10510,10.510813,0.577549994,0.536273837,0.421840757
10511,10.511848,0.574797213,0.534713507,0.425202787
10512,10.512827,0.571934283,0.5333848,0.428065717
10513,10.513815,0.568965018,0.5320068,0.431035012
10514,10.514816,0.565842927,0.530557811,0.434157073
10515,10.515818,0.562677503,0.529088736,0.437322557
10516,10.516805,0.559419572,0.527576685,0.440580398
10517,10.517806,0.555181444,0.525609791,0.444818556
10518,10.518807,0.551736176,0.524010837,0.448263854
10519,10.519811,0.548252285,0.522393942,0.451747715
10520,10.520811,0.544656575,0.520725191,0.455343455
10521,10.521836,0.541027367,0.519040883,0.458972633
10522,10.522831,0.536277652,0.516836524,0.46275571
10523,10.523808,0.532570243,0.515115917,0.467429757
10524,10.524808,0.528684735,0.513312638,0.471315295
10525,10.525809,0.524827242,0.511522353,0.475172758
10526,10.526810,0.520878017,0.50968951,0.479121953
10527,10.527810,0.516976416,0.50787878,0.483023584
10528,10.528811,0.51298058,0.506024301,0.48701942
10529,10.529815,0.507999122,0.503712416,0.492000908
10530,10.530815,0.503991902,0.501852632,0.496008098
10531,10.531816,0.499978513,0.499990016,0.500021458
10532,10.532833,0.495962322,0.498126119,0.504037678
10533,10.533809,0.491958648,0.496268004,0.508041382
10534,10.534810,0.487963378,0.494413763,0.512036562
10535,10.535810,0.482994765,0.492107838,0.517005205
10536,10.536810,0.479047924,0.490276098,0.520952046
10537,10.537811,0.475151181,0.488467604,0.524848759
10538,10.538812,0.471252114,0.486658037,0.528747857
10539,10.539815,0.467389166,0.484865278,0.532610893
10540,10.540816,0.462657481,0.483118594,0.53637445
10541,10.541816,0.458933413,0.480940938,0.541066587
10542,10.542815,0.45533976,0.479273111,0.544660211
10543,10.543830,0.451747686,0.477606028,0.548252344
10544,10.544817,0.448186278,0.475953162,0.551813722
10545,10.545817,0.444739103,0.474353343,0.555260956
10546,10.546817,0.440591812,0.472748607,0.558718622
10547,10.547816,0.437337458,0.470918208,0.562662542
10548,10.548817,0.434175462,0.469450712,0.565824509
10549,10.549808,0.431002587,0.467978179,0.568997383
10550,10.550807,0.428091109,0.466626972,0.571908891
10551,10.551808,0.42528975,0.465326846,0.57471025
10552,10.552808,0.422481894,0.464023739,0.577518106
10553,10.553900,0.419269532,0.462532878,0.580730498
10554,10.554813,0.416719437,0.461349338,0.583280504
10555,10.555814,0.414288402,0.460221112,0.585711598
10556,10.556813,0.41211766,0.459213674,0.58788234
10557,10.557814,0.409938902,0.458202481,0.590061069
10558,10.558813,0.408034146,0.457318515,0.591965914
10559,10.559816,0.405755639,0.456261039,0.594244361
10560,10.560816,0.404088974,0.455487549,0.595911026
10561,10.561816,0.402487338,0.45474422,0.597512603
10562,10.562816,0.401104718,0.454102546,0.598895252
10563,10.563816,0.399867892,0.453528523,0.600132108
10564,10.564821,0.398529708,0.453096539,0.601062894
10565,10.565809,0.397707403,0.452525854,0.602292657
10566,10.566882,0.396875679,0.452139854,0.60312438
10567,10.567807,0.396276265,0.45186165,0.603723705
10568,10.568807,0.395829678,0.451654375,0.604170322
10569,10.569810,0.39553684,0.451518476,0.6044631
10570,10.570810,0.395397842,0.451453954,0.604602098
10571,10.571810,0.395604759,0.451550007,0.60439527
10572,10.572810,0.395812452,0.451646388,0.604187548
10573,10.573811,0.396173716,0.451814055,0.603826284
10574,10.574849,0.39660728,0.452015281,0.60339272
10575,10.575813,0.397193968,0.452287555,0.602806032
10576,10.576814,0.398093224,0.452704906,0.601906776
10577,10.577814,0.399327666,0.453277797,0.600672305
10578,10.578815,0.400404394,0.453777522,0.599595606
10579,10.579805,0.401783854,0.454417735,0.598216176
10580,10.580807,0.403154314,0.455053777,0.596845746
10581,10.581807,0.404744446,0.455791742,0.595255554
10582,10.582808,0.406548262,0.456628889,0.593451738
10583,10.583808,0.408903301,0.457721889,0.591096759
10584,10.584808,0.410938621,0.458666474,0.589061379
10585,10.585822,0.412968993,0.459608763,0.587031007
10586,10.586809,0.415267408,0.460675448,0.584732533
10587,10.587811,0.417755127,0.46183002,0.582244873
10588,10.588811,0.420360208,0.463039041,0.579639792
10589,10.589814,0.423760533,0.464617133,0.576239467
10590,10.590815,0.42655775,0.465915322,0.573442221
10591,10.591816,0.429352671,0.467212468,0.570647299
10592,10.592816,0.432419717,0.468635887,0.567580283
10593,10.593804,0.435480714,0.470056504,0.564519286
10594,10.594805,0.43868956,0.471545726,0.56131047
10595,10.595805,0.442872137,0.473486871,0.557127833
10596,10.596825,0.446275115,0.475066185,0.553724885
10597,10.597814,0.449717939,0.476664007,0.550282061
10598,10.598814,0.4533135,0.478332728,0.54668653
10599,10.599805,0.456904799,0.479999453,0.543095231
10600,10.600806,0.460627019,0.481726944,0.53937304
10601,10.601807,0.465318501,0.483904272,0.535626709
10602,10.602807,0.469129741,0.48567307,0.530870259
10603,10.603807,0.472986788,0.487463117,0.527013183
10604,10.604808,0.476883441,0.489271581,0.523116589
10605,10.605809,0.480814219,0.491095841,0.519185781
10606,10.606828,0.485766619,0.492933244,0.515226841
10607,10.607815,0.489752829,0.495244265,0.510247171
10608,10.608816,0.493749201,0.497099012,0.506250858
10609,10.609817,0.497764617,0.498962551,0.502235413
10610,10.610806,0.501778483,0.500825405,0.498221517
10611,10.611805,0.505794227,0.502689123,0.494205803
10612,10.612805,0.509784579,0.504541039,0.490215421
10613,10.613806,0.514786124,0.506862283,0.486219496
10614,10.614806,0.518736422,0.508695602,0.481263578
10615,10.615806,0.522688448,0.510529757,0.477311552
10616,10.616806,0.526571572,0.512331903,0.473428458
10617,10.617853,0.530433357,0.514124155,0.469566613
10618,10.618824,0.535169125,0.515883207,0.465776414
10619,10.619815,0.538980186,0.518090785,0.461019814
10620,10.620814,0.542611718,0.519776165,0.457388341
10621,10.621815,0.546277523,0.521477461,0.453722477
10622,10.622815,0.549880862,0.523149788,0.450119168
10623,10.623814,0.55337441,0.524771154,0.44662559
10624,10.624814,0.556744576,0.526335239,0.443255454
10625,10.625814,0.560844004,0.52823782,0.439156026
10626,10.626814,0.564158618,0.529776096,0.435841352
10627,10.627924,0.56728363,0.531226456,0.43271637
10628,10.628812,0.570254385,0.532605171,0.429745644
10629,10.629816,0.573116899,0.533933699,0.426883131
10630,10.630815,0.576045513,0.535292864,0.423954546
10631,10.631816,0.579342723,0.536823094,0.420657218
10632,10.632816,0.581961155,0.538038313,0.418038815
10633,10.633816,0.584264576,0.539107323,0.415735424
10634,10.634816,0.5865044,0.540146828,0.41349563
10635,10.635816,0.588890612,0.541254282,0.411109388
10636,10.636816,0.590871513,0.542173624,0.409128487
10637,10.637815,0.593246043,0.543275654,0.406753957
10638,10.638825,0.594990969,0.544085503,0.405009061
10639,10.639816,0.59667182,0.544865549,0.40332824
10640,10.640816,0.598135531,0.545544863,0.401864469
10641,10.641816,0.599376678,0.546120882,0.400623322
10642,10.642805,0.600627005,0.546701133,0.399372965
10643,10.643818,0.601804018,0.54724741,0.398196012
10644,10.644806,0.602639914,0.547635376,0.397360116
10645,10.645807,0.60324347,0.547915459,0.39675647
10646,10.646807,0.603856623,0.548200011,0.396143377
10647,10.647808,0.604399264,0.5484519,0.395600796
10648,10.648949,0.604411662,0.548457623,0.395588338
10649,10.649809,0.604526222,0.54851079,0.395385623
10650,10.650810,0.604404986,0.548454523,0.395595014
10651,10.651810,0.604129851,0.54832685,0.395870179
10652,10.652811,0.603782356,0.54816556,0.396217644
10653,10.653812,0.602958202,0.547783017,0.397041738
10654,10.654812,0.602385938,0.547517478,0.397614032
10655,10.655813,0.601336122,0.54703027,0.398663878
10656,10.656812,0.600342453,0.546569109,0.399657547
10657,10.657814,0.598888695,0.545894384,0.401111305
10658,10.658815,0.597524762,0.545261383,0.402475238
10659,10.659867,0.595617831,0.544596553,0.403907686
10660,10.660805,0.594441593,0.543830514,0.405558407
10661,10.661806,0.592255235,0.542815804,0.407420695
10662,10.662806,0.590222836,0.541872561,0.409777164
10663,10.663807,0.58812952,0.540901065,0.41187048
10664,10.664808,0.585839152,0.539838076,0.414160788
10665,10.665808,0.583556652,0.538778782,0.416443378
10666,10.666809,0.581083715,0.537631094,0.418916315
10667,10.667810,0.577946842,0.536175251,0.42150861
10668,10.668810,0.575205982,0.534903228,0.424794018
10669,10.669814,0.572128057,0.533474743,0.427871943
10670,10.670826,0.5692873,0.532156348,0.43071273
10671,10.671815,0.566283345,0.530762196,0.433716655
10672,10.672814,0.563127279,0.529297471,0.436872691
10673,10.673813,0.559005558,0.527384579,0.440994442
10674,10.674813,0.555693209,0.525847316,0.444306821
10675,10.675812,0.552211463,0.524231434,0.447788537
10676,10.676813,0.548658311,0.522582412,0.451341748
10677,10.677823,0.545074105,0.520918965,0.454925865
10678,10.678811,0.541456223,0.519239902,0.458543777
10679,10.679814,0.536832869,0.517094195,0.463167131
10680,10.680919,0.533020675,0.51532495,0.466979355
10681,10.681808,0.529165983,0.513535976,0.470834047
10682,10.682809,0.525333703,0.511757433,0.474666327
10683,10.683809,0.521384895,0.509924769,0.478615135
10684,10.684808,0.517443895,0.508095741,0.482556134
10685,10.685809,0.512492478,0.505797803,0.486512095
10686,10.686809,0.508498967,0.503944397,0.491501033
10687,10.687809,0.5044927,0.50208509,0.4955073
10688,10.688809,0.500480175,0.500222862,0.499519855
10689,10.689811,0.496472299,0.49836278,0.503527701
10690,10.690812,0.492458582,0.496500015,0.507541418
10691,10.691829,0.487474203,0.494186759,0.512525797
10692,10.692816,0.483489543,0.492337465,0.516510427
10693,10.693816,0.479554981,0.490511447,0.520445049
10694,10.694817,0.475637913,0.488693506,0.524362087
10695,10.695816,0.471734464,0.486881912,0.528265536
10696,10.696816,0.46786654,0.485086828,0.53213352
10697,10.697816,0.463155329,0.482900321,0.536844671
10698,10.698816,0.459426999,0.481169999,0.540573001
10699,10.699807,0.455758452,0.479467422,0.544241548
10700,10.700807,0.452154964,0.477795035,0.547845066
10701,10.701833,0.448581934,0.476136804,0.551418066
10702,10.702821,0.444313586,0.474571019,0.554791868
10703,10.703809,0.440958232,0.472598612,0.558210969
10704,10.704809,0.437738895,0.471104532,0.562261105
10705,10.705810,0.434513927,0.4696078,0.565486073
10706,10.706810,0.431380391,0.468153536,0.568619609
10707,10.707810,0.428399682,0.466770172,0.571600318
10708,10.708809,0.425582439,0.465462685,0.574417531
10709,10.709814,0.422145963,0.463867813,0.577854037
10710,10.710815,0.419525385,0.46265161,0.580474615
10711,10.711815,0.416958362,0.461460233,0.583041608
10712,10.712903,0.41406855,0.460386038,0.585356176
10713,10.713817,0.412390113,0.459340125,0.587609887
10714,10.714817,0.410405934,0.458419263,0.589594126
10715,10.715805,0.407796293,0.457208097,0.591726542
10716,10.716807,0.406047136,0.456396341,0.593952894
10717,10.717806,0.404289454,0.455580592,0.595710576
10718,10.718808,0.402822465,0.454899758,0.597177565
10719,10.719811,0.401192009,0.454143047,0.598807931
10720,10.720812,0.400014311,0.453596473,0.599985659
10721,10.721813,0.398732245,0.453001469,0.601093352
10722,10.722813,0.397651523,0.452499926,0.602348506
10723,10.723831,0.396961302,0.452179581,0.603038669
10724,10.724808,0.396261454,0.451854765,0.603738546
10725,10.725809,0.395877093,0.451676399,0.604122937
10726,10.726810,0.395728409,0.451607376,0.604271591
10727,10.727809,0.395473272,0.451488972,0.604429483
10728,10.728811,0.395425975,0.451467037,0.604574084
10729,10.729814,0.395696461,0.451592565,0.604303479
10730,10.730815,0.39603892,0.4517515,0.603961051
10731,10.731815,0.396534622,0.451981544,0.603465319
10732,10.732816,0.397102237,0.452244997,0.602897763
10733,10.733893,0.398365378,0.452831209,0.601634622
10734,10.734811,0.399114907,0.453179061,0.600885093
10735,10.735812,0.400173634,0.453670442,0.599826396
10736,10.736895,0.401536226,0.454302818,0.598463774
10737,10.737807,0.403041542,0.455001414,0.596958399
10738,10.738808,0.404612899,0.455730706,0.595387161
10739,10.739810,0.406774342,0.456733823,0.593675375
10740,10.740810,0.408586919,0.457575023,0.591413021
10741,10.741811,0.410607249,0.458512694,0.589392781
10742,10.742810,0.41282773,0.459543228,0.58717227
10743,10.743811,0.415173113,0.460631698,0.584826887
10744,10.744840,0.418195039,0.462034196,0.582489312
10745,10.745814,0.420686543,0.463190496,0.579838395
10746,10.746815,0.423359126,0.464430869,0.576640904
10747,10.747814,0.426202506,0.465750456,0.573797464
10748,10.748814,0.42903915,0.467066944,0.57096082
10749,10.749818,0.432091296,0.468483448,0.567908704
10750,10.750806,0.435137391,0.469897151,0.564862609
10751,10.751805,0.439097643,0.47173512,0.56166774
10752,10.752805,0.442498118,0.473313272,0.557501853
10753,10.753818,0.445845693,0.474866897,0.554154277
10754,10.754806,0.44931823,0.476478517,0.55068177
10755,10.755825,0.452865541,0.478124827,0.547134459
10756,10.756814,0.456549972,0.479834765,0.543449998
10757,10.757814,0.46112293,0.481957108,0.539836884
10758,10.758814,0.464818507,0.483672202,0.535181463
10759,10.759817,0.468651175,0.485450953,0.531348825
10760,10.760804,0.472524166,0.487248421,0.527475834
10761,10.761805,0.476394892,0.489044845,0.523605108
10762,10.762817,0.480321705,0.490867287,0.519678295
10763,10.763817,0.485270053,0.493163794,0.514729917
10764,10.764806,0.489254117,0.49501282,0.510745883
10765,10.765870,0.493248612,0.496866673,0.506751418
10766,10.766812,0.497263432,0.498729944,0.502736568
10767,10.767814,0.501276135,0.500592232,0.498723835
10768,10.768814,0.505289137,0.502454698,0.494710863
10769,10.769816,0.510300457,0.504780471,0.489699543
10770,10.770816,0.514278352,0.506626606,0.485721618
10771,10.771815,0.518243074,0.508466661,0.481756926
10772,10.772816,0.522163749,0.510286212,0.477836221
10773,10.773818,0.52608645,0.512106776,0.47391355
10774,10.774806,0.529953361,0.513901412,0.47004661
10775,10.775807,0.534697175,0.516103029,0.466223896
10776,10.776824,0.538453817,0.517846465,0.461546153
10777,10.777812,0.542219937,0.519594371,0.457780093
10778,10.778812,0.545827568,0.521268666,0.454172432
10779,10.779816,0.54932338,0.522891045,0.45067662
10780,10.780817,0.552859128,0.52453202,0.447140872
10781,10.781817,0.557165563,0.526530623,0.442834437
10782,10.782806,0.560435772,0.528048337,0.439564228
10783,10.783806,0.563661814,0.529545546,0.436338156
10784,10.784806,0.566846371,0.531023502,0.4331536
10785,10.785808,0.56993711,0.532457948,0.43006289
10786,10.786809,0.573531866,0.533740878,0.427298546
10787,10.787897,0.57638973,0.535452604,0.4236103
10788,10.788811,0.579015493,0.536671221,0.420984507
10789,10.789816,0.581584573,0.537863553,0.418415427
10790,10.790815,0.58403343,0.539000034,0.41596657
10791,10.791816,0.586290717,0.540047646,0.413709253
10792,10.792817,0.588625133,0.541131079,0.411374867
10793,10.793806,0.591118872,0.542288423,0.409377217
10794,10.794805,0.593018413,0.543169975,0.406981587
10795,10.795806,0.594780684,0.54398787,0.405219316
10796,10.796806,0.596403301,0.544740915,0.40359664
10797,10.797842,0.59788388,0.545428038,0.40211609
10798,10.798817,0.599220157,0.546048224,0.400779903
10799,10.799808,0.600605547,0.546691179,0.399511278
10800,10.800809,0.601688981,0.547194004,0.398310959
10801,10.801809,0.602463484,0.54755348,0.397536516
10802,10.802810,0.603247225,0.547917187,0.396752745
10803,10.803810,0.603798509,0.54817307,0.396201491
10804,10.804808,0.604196727,0.548357844,0.395803243
10805,10.805809,0.60439676,0.548450708,0.395476818
10806,10.806808,0.60461247,0.548550785,0.395387501
10807,10.807809,0.604592323,0.548541486,0.395407677
10808,10.808829,0.604091048,0.54830879,0.395908922
10809,10.809808,0.603681803,0.548118889,0.396318197
10810,10.810809,0.603281379,0.547933042,0.396718621
10811,10.811809,0.602283478,0.547469914,0.397433877
10812,10.812809,0.601459563,0.54708755,0.398540437
10813,10.813808,0.600327194,0.546562016,0.399672776
10814,10.814809,0.599126458,0.546004772,0.400873601
10815,10.815809,0.597779572,0.545379639,0.402220398
10816,10.816809,0.596213222,0.5446527,0.403786778
10817,10.817809,0.594225347,0.54373014,0.405344456
10818,10.818913,0.592273772,0.542824388,0.407726228
10819,10.819805,0.590474904,0.541989565,0.409525096
10820,10.820806,0.588398218,0.541025758,0.411601782
10821,10.821806,0.586190939,0.540001333,0.413809031
10822,10.822805,0.583791435,0.538887739,0.416208535
10823,10.823806,0.580765843,0.537483573,0.418600917
10824,10.824807,0.578097343,0.536245108,0.421902686
10825,10.825806,0.575377345,0.534982741,0.424622685
10826,10.826807,0.57260251,0.533694983,0.427397549
10827,10.827805,0.569661736,0.532330096,0.430338234
10828,10.828807,0.566722989,0.530966282,0.433277071
10829,10.829830,0.562627494,0.529065549,0.437372535
10830,10.830818,0.559418559,0.527576208,0.440581381
10831,10.831806,0.556117117,0.526044011,0.443882823
10832,10.832805,0.552686334,0.524451792,0.447313637
10833,10.833806,0.54913938,0.522805691,0.450860679
10834,10.834805,0.545561135,0.521144986,0.454438865
10835,10.835805,0.540994525,0.519025624,0.458117127
10836,10.836817,0.537243605,0.517284811,0.462756425
10837,10.837804,0.533496022,0.515545547,0.466504008
10838,10.838805,0.529669762,0.513769805,0.470330268
10839,10.839902,0.524845481,0.511530817,0.475154489
10840,10.840823,0.521891952,0.510160089,0.478108048
10841,10.841811,0.51696229,0.507872224,0.482034206
10842,10.842811,0.51300019,0.506033421,0.48699984
10843,10.843812,0.509005547,0.504179478,0.490994453
10844,10.844813,0.504993677,0.502317607,0.495006353
10845,10.845814,0.500981331,0.500455439,0.499018699
10846,10.846814,0.496967733,0.498592734,0.503032267
10847,10.847816,0.491957843,0.496267617,0.507046938
10848,10.848815,0.487962216,0.494413257,0.512037814
10849,10.849807,0.483972102,0.49256143,0.516027927
10850,10.850872,0.480030775,0.490732253,0.519969225
10851,10.851811,0.476106346,0.488910913,0.523893654
10852,10.852811,0.472195536,0.487095892,0.527804434
10853,10.853812,0.467413902,0.484876722,0.531655788
10854,10.854812,0.463596284,0.483104974,0.536403716
10855,10.855813,0.459920764,0.481399149,0.540079176
10856,10.856813,0.456213087,0.479678422,0.543786883
10857,10.857813,0.452601254,0.478002161,0.547398746
10858,10.858814,0.449139357,0.476395488,0.550860643
10859,10.859818,0.444738418,0.474353015,0.554407477
10860,10.860807,0.441372693,0.472790986,0.558627307
10861,10.861832,0.438190103,0.471313924,0.561809897
10862,10.862808,0.434854269,0.469765753,0.565145731
10863,10.863809,0.431759894,0.468329638,0.568240047
10864,10.864809,0.428821802,0.466966093,0.571178198
10865,10.865810,0.425230712,0.465299457,0.574064672
10866,10.866810,0.422481358,0.464023471,0.577518642
10867,10.867811,0.419908971,0.462829649,0.580091059
10868,10.868811,0.417264432,0.4616023,0.582735598
10869,10.869814,0.41486755,0.460489899,0.58513248
10870,10.870813,0.412664562,0.459467471,0.587335408
10871,10.871951,0.409938514,0.458202332,0.590061545
10872,10.872815,0.40803355,0.457318217,0.59196645
10873,10.873816,0.406046569,0.456396073,0.59395349
10874,10.874815,0.40464139,0.455743909,0.59535861
10875,10.875816,0.403007209,0.454985499,0.596992791
10876,10.876814,0.401436567,0.454256564,0.598563433
10877,10.877816,0.399946064,0.453564823,0.599680781
10878,10.878815,0.398699045,0.452986062,0.601300955
10879,10.879807,0.397998363,0.452660888,0.602001667
10880,10.880806,0.397049248,0.45222041,0.602950811
10881,10.881806,0.396411657,0.451924503,0.603588343
10882,10.882890,0.395911187,0.451692224,0.604088843
10883,10.883815,0.395700276,0.451594353,0.604241014
10884,10.884815,0.395561516,0.45152992,0.604438424
10885,10.885815,0.395658553,0.451574951,0.604341388
10886,10.886814,0.395664513,0.451577753,0.604335546
10887,10.887815,0.39615047,0.451803267,0.60384953
10888,10.888815,0.396383166,0.451911241,0.603616774
10889,10.889804,0.397274643,0.452240944,0.602906406
10890,10.890805,0.398013562,0.452667922,0.601986408
10891,10.891817,0.39898321,0.453117937,0.60101676
10892,10.892824,0.400336236,0.453745902,0.599663794
10893,10.893828,0.401445121,0.454260528,0.598554909
10894,10.894816,0.402779251,0.454879701,0.597220778
10895,10.895815,0.404893845,0.455861092,0.595666111
10896,10.896816,0.406548649,0.456629097,0.593451381
10897,10.897816,0.40848732,0.4575288,0.59151262
10898,10.898816,0.410558045,0.458489835,0.589441955
10899,10.899806,0.412756771,0.459510267,0.587243199
10900,10.900807,0.41474843,0.460434586,0.58525151
10901,10.901807,0.417820215,0.461543977,0.582861245
10902,10.902807,0.420360982,0.463039398,0.579638958
10903,10.903831,0.423019141,0.464273065,0.576980829
10904,10.904806,0.425674379,0.465505362,0.574325621
10905,10.905807,0.428671926,0.466896534,0.571328104
10906,10.906807,0.431658059,0.468282402,0.56834197
10907,10.907808,0.435531825,0.470080197,0.565357268
10908,10.908808,0.438690543,0.471546203,0.561309516
10909,10.909811,0.441989899,0.473077416,0.558010101
10910,10.910812,0.445417672,0.474668264,0.554582357
10911,10.911813,0.448920459,0.476293921,0.551079571
10912,10.912813,0.452381015,0.477899939,0.547618985
10913,10.913814,0.45693925,0.480015427,0.54306072
10914,10.914821,0.460627705,0.481727242,0.539372265
10915,10.915810,0.464374453,0.483466148,0.535625577
10916,10.916810,0.468223184,0.485252321,0.531776786
10917,10.917811,0.472019434,0.487014174,0.527980566
10918,10.918812,0.47590661,0.488818198,0.52409333
10919,10.919814,0.480814993,0.491096199,0.520154536
10920,10.920816,0.484773993,0.492933601,0.515226066
10921,10.921817,0.488755435,0.494781375,0.511244535
10922,10.922817,0.492765099,0.496642292,0.507234931
10923,10.923805,0.496764958,0.498498619,0.503235042
10924,10.924849,0.501779258,0.500825763,0.499224097
10925,10.925813,0.505790472,0.502687395,0.495211631
10926,10.926814,0.509785771,0.504541576,0.490214199
10927,10.927814,0.513770938,0.506391108,0.486229092
10928,10.928815,0.517735422,0.508231044,0.482264578
10929,10.929806,0.521690965,0.510066807,0.478308946
10930,10.930807,0.525580823,0.511872113,0.474419177
10931,10.931807,0.530457973,0.513689101,0.470504105
10932,10.932808,0.534277976,0.51590848,0.465722054
10933,10.933808,0.538017392,0.517643929,0.461982608
10934,10.934808,0.541695058,0.519350767,0.458304971
10935,10.935821,0.545340717,0.521042705,0.454659313
10936,10.936809,0.548881412,0.522685945,0.451118588
10937,10.937808,0.553333223,0.524752021,0.447532415
10938,10.938809,0.556745231,0.526335537,0.443254769
10939,10.939812,0.560073733,0.527880311,0.439926267
10940,10.940812,0.563264012,0.52936089,0.436735958
10941,10.941812,0.566512227,0.530868411,0.433487773
10942,10.942812,0.56956327,0.532284439,0.43043673
10943,10.943811,0.573232055,0.533987105,0.427488595
10944,10.944921,0.575986743,0.535265565,0.424013257
10945,10.945823,0.578686476,0.536518514,0.421313554
10946,10.946811,0.581270337,0.5377177,0.418729663
10947,10.947810,0.583734334,0.538861275,0.416265726
10948,10.948811,0.586142302,0.539978802,0.413857698
10949,10.949815,0.588891268,0.54125458,0.411849678
10950,10.950814,0.590801001,0.542140901,0.409198999
10951,10.951815,0.592716038,0.543029666,0.407283962
10952,10.952815,0.594494164,0.543854892,0.405505836
10953,10.953814,0.596133173,0.544615567,0.403866827
10954,10.954814,0.597783387,0.545381427,0.402216583
10955,10.955841,0.59945482,0.546157122,0.40054518
10956,10.956821,0.600548506,0.546664715,0.399451524
10957,10.957809,0.601651311,0.54717654,0.398348689
10958,10.958809,0.602605939,0.547619581,0.397394091
10959,10.959813,0.603167653,0.547880292,0.396832377
10960,10.960812,0.603656888,0.548107326,0.396343172
10961,10.961813,0.604317427,0.548413873,0.395844609
10962,10.962812,0.604379356,0.548442602,0.395620644
10963,10.963812,0.604450643,0.548475683,0.395549327
10964,10.964812,0.604531586,0.548513293,0.395468414
10965,10.965812,0.604294538,0.548403263,0.395705462
10966,10.966856,0.603700995,0.54812777,0.396339804
10967,10.967806,0.603119373,0.547931969,0.396720946
10968,10.968807,0.60238564,0.547517359,0.39761439
10969,10.969810,0.601501107,0.547106862,0.398498952
10970,10.970811,0.600466788,0.546626806,0.399533212
10971,10.971810,0.59928447,0.546078086,0.40071553
10972,10.972812,0.597955704,0.545461416,0.402044296
10973,10.973813,0.596091866,0.544596374,0.403441846
10974,10.974813,0.594367385,0.543796062,0.405632615
10975,10.975814,0.592578888,0.542966008,0.407421112
10976,10.976813,0.590724885,0.542105556,0.409275085
10977,10.977827,0.58873421,0.541181684,0.41126579
10978,10.978815,0.586473703,0.540132582,0.413526237
10979,10.979807,0.583556175,0.539087236,0.415778726
10980,10.980806,0.581083179,0.537630856,0.418916821
10981,10.981808,0.578490615,0.536427617,0.421509415
10982,10.982809,0.575663924,0.535115719,0.424336046
10983,10.983809,0.572905183,0.533835411,0.427094847
10984,10.984810,0.570034683,0.532503188,0.429965287
10985,10.985809,0.566282451,0.531120956,0.432943642
10986,10.986811,0.563175857,0.529320002,0.436824143
10987,10.987830,0.559830606,0.527767479,0.440169364
10988,10.988817,0.556451619,0.526199281,0.443548381
10989,10.989810,0.553119063,0.5246526,0.446880877
10990,10.990809,0.54958117,0.523010671,0.4504188
10991,10.991811,0.545108736,0.520935059,0.454024285
10992,10.992812,0.541520178,0.519269586,0.458479822
10993,10.993812,0.537770152,0.51752919,0.462229848
10994,10.994813,0.533996999,0.515778065,0.466003001
10995,10.995812,0.530149996,0.513992667,0.469850004
10996,10.996813,0.526305854,0.512208581,0.473694146
10997,10.997841,0.521400392,0.509931982,0.478599608
10998,10.998831,0.51745677,0.508101702,0.48254323
10999,10.999917,0.51349771,0.506264329,0.48650229
11000,11.000804,0.509497702,0.504407883,0.490502268
11001,11.001817,0.505494237,0.502549887,0.494505763
11002,11.002817,0.501482487,0.500688016,0.498517513
11003,11.003806,0.496468335,0.498826206,0.502529204
11004,11.004805,0.492463291,0.496502191,0.507536709
11005,11.005806,0.48845154,0.494640321,0.5115484
11006,11.006806,0.48448059,0.492797434,0.51551944
11007,11.007806,0.480523378,0.490960866,0.519476593
11008,11.008852,0.475617707,0.489137679,0.523405075
11009,11.009805,0.471711129,0.487330437,0.527299166
11010,11.010806,0.467890561,0.485097945,0.532109439
11011,11.011806,0.464038819,0.483310342,0.535961151
11012,11.012806,0.460352719,0.481599629,0.539647281
11013,11.013806,0.45663482,0.479874164,0.54336524
11014,11.014806,0.45301187,0.478192747,0.54698813
11015,11.015806,0.448540956,0.476561815,0.5505023
11016,11.016806,0.445207447,0.474570692,0.554792583
11017,11.017806,0.441788346,0.472983867,0.558211625
11018,11.018804,0.438401401,0.471411973,0.561598539
11019,11.019822,0.435348868,0.46999532,0.564651132
11020,11.020810,0.432194322,0.468531281,0.567805707
11021,11.021810,0.428454876,0.467136949,0.57081002
11022,11.022810,0.425523579,0.465435386,0.574476421
11023,11.023810,0.422878861,0.464207947,0.577121139
11024,11.024810,0.420106351,0.462921232,0.579893649
11025,11.025810,0.417572469,0.461745262,0.582427561
11026,11.026810,0.41516003,0.460625648,0.58484
11027,11.027810,0.412321031,0.45959574,0.587059021
11028,11.028811,0.410265207,0.458353937,0.589734793
11029,11.029857,0.408128977,0.457362503,0.591870964
11030,11.030806,0.40641588,0.456567466,0.59358412
11031,11.031806,0.404771507,0.455804318,0.595228553
11032,11.032806,0.403194249,0.455072314,0.596805811
11033,11.033805,0.401191771,0.454335123,0.598394156
11034,11.034806,0.400014073,0.453596354,0.599985898
11035,11.035806,0.399064541,0.453155696,0.600935459
11036,11.036807,0.398027599,0.452674448,0.601972401
11037,11.037808,0.397058815,0.452224821,0.602941155
11038,11.038807,0.396564007,0.451995194,0.603435993
11039,11.039811,0.395958513,0.451761514,0.603939414
11040,11.040832,0.395400971,0.451455414,0.604598999
11041,11.041808,0.395488679,0.451496124,0.604511321
11042,11.042807,0.395320833,0.451418221,0.604679167
11043,11.043808,0.395634949,0.451564014,0.604365051
11044,11.044809,0.395857513,0.451667309,0.604142547
11045,11.045810,0.396534741,0.45191747,0.603603482
11046,11.046811,0.397183061,0.452282488,0.602816939
11047,11.047812,0.397822857,0.452579439,0.602177143
11048,11.048811,0.398933172,0.453094721,0.601066828
11049,11.049815,0.400110602,0.453641176,0.599889398
11050,11.050880,0.401459217,0.454267055,0.598540783
11051,11.051817,0.403042018,0.455001652,0.597328603
11052,11.052805,0.404613197,0.455730826,0.595386803
11053,11.053832,0.406325132,0.456525326,0.593674839
11054,11.054828,0.408175111,0.457383901,0.59182483
11055,11.055816,0.410160452,0.458305329,0.589839578
11056,11.056816,0.412209541,0.459256291,0.58779043
11057,11.057817,0.415107131,0.460601091,0.585541487
11058,11.058816,0.417446792,0.461686909,0.582553208
11059,11.059808,0.419974387,0.462859988,0.580025554
11060,11.060808,0.422680676,0.464115977,0.577319324
11061,11.061828,0.425438285,0.465395808,0.574561715
11062,11.062806,0.428362221,0.466752797,0.571637809
11063,11.063807,0.432038724,0.468131721,0.568666577
11064,11.064808,0.435138047,0.469897479,0.564862013
11065,11.065808,0.438381165,0.471402586,0.561618805
11066,11.066806,0.441527307,0.47286272,0.558472693
11067,11.067807,0.44503352,0.474489957,0.55496645
11068,11.068806,0.448524386,0.476110101,0.551475644
11069,11.069810,0.452903152,0.477693051,0.548064828
11070,11.070810,0.456483036,0.479803711,0.543516994
11071,11.071925,0.460195035,0.481526434,0.539804935
11072,11.072814,0.463846833,0.483221263,0.536153138
11073,11.073816,0.467696398,0.485007852,0.532303631
11074,11.074816,0.471536756,0.48679015,0.528463185
11075,11.075816,0.476395667,0.488592029,0.524580836
11076,11.076815,0.480337858,0.490874767,0.519662142
11077,11.077815,0.48429057,0.492709219,0.5157094
11078,11.078816,0.48824808,0.494545937,0.51175195
11079,11.079807,0.49224773,0.496402174,0.507752299
11080,11.080807,0.496258557,0.498263568,0.503741384
11081,11.081807,0.501279354,0.500127375,0.499725521
11082,11.082825,0.505294085,0.502456963,0.494705886
11083,11.083812,0.509293973,0.50431335,0.490706027
11084,11.084812,0.513284266,0.506165266,0.486715764
11085,11.085813,0.517255008,0.508008063,0.482744962
11086,11.086811,0.521200478,0.509839177,0.478799492
11087,11.087812,0.526087642,0.511646569,0.474905103
11088,11.088813,0.529954553,0.513901949,0.470045447
11089,11.089815,0.533830225,0.515700638,0.466169745
11090,11.090815,0.537579477,0.517440677,0.462420493
11091,11.091814,0.541267574,0.519152343,0.458732426
11092,11.092815,0.545828283,0.520849347,0.45507586
11093,11.093824,0.549401283,0.522927225,0.451485395
11094,11.094812,0.552901626,0.524551749,0.447098434
11095,11.095812,0.55627954,0.526119411,0.44372046
11096,11.096811,0.559709549,0.527711272,0.440290421
11097,11.097811,0.562913954,0.529198468,0.437086016
11098,11.098811,0.566072464,0.530664325,0.433927536
11099,11.099814,0.569937706,0.532110095,0.430812448
11100,11.100815,0.572815895,0.533793986,0.427184105
11101,11.101814,0.575760067,0.535160363,0.424239963
11102,11.102816,0.578294158,0.536336422,0.421705812
11103,11.103882,0.581393778,0.537570953,0.419045895
11104,11.104810,0.583302855,0.538661003,0.416697145
11105,11.105810,0.586291194,0.539846241,0.414143264
11106,11.106812,0.588556349,0.541099131,0.411443651
11107,11.107813,0.590552449,0.542025566,0.409447581
11108,11.108829,0.592629135,0.542989373,0.407370925
11109,11.109807,0.594353497,0.543789625,0.405646563
11110,11.110809,0.596011341,0.544559002,0.403988659
11111,11.111810,0.597884178,0.545191884,0.402624995
11112,11.112810,0.59929806,0.546084404,0.400702
11113,11.113811,0.600488901,0.546637058,0.399511069
11114,11.114823,0.601452112,0.547084093,0.398547918
11115,11.115811,0.602344453,0.547498226,0.397655547
11116,11.116812,0.603085697,0.547842264,0.396914333
11117,11.117812,0.603717387,0.54811579,0.396324873
11118,11.118813,0.604196846,0.548357904,0.395803124
11119,11.119817,0.604359627,0.548433423,0.395640314
11120,11.120805,0.604450226,0.548475504,0.395549774
11121,11.121805,0.604468465,0.548483968,0.395531535
11122,11.122806,0.604250908,0.548382998,0.395749092
11123,11.123807,0.603681684,0.548248529,0.396038949
11124,11.124898,0.603119612,0.547858,0.396880418
11125,11.125817,0.602405429,0.547526479,0.397594512
11126,11.126806,0.60161972,0.547161877,0.39838028
11127,11.127807,0.600604177,0.546690583,0.399395823
11128,11.128806,0.59951818,0.546186566,0.40048185
11129,11.129810,0.597779214,0.545577765,0.40179354
11130,11.130811,0.596288085,0.54468745,0.403711915
11131,11.131810,0.594580948,0.543895185,0.405419052
11132,11.132810,0.592882454,0.543106914,0.407117575
11133,11.133810,0.591115594,0.542286873,0.408884406
11134,11.134810,0.588859558,0.541239858,0.411140382
11135,11.135825,0.586190522,0.540001154,0.413245708
11136,11.136811,0.583856344,0.53891784,0.416143626
11137,11.137812,0.581398547,0.537777185,0.418601453
11138,11.138812,0.578820705,0.536580801,0.421179295
11139,11.139814,0.576067269,0.535302937,0.423932731
11140,11.140815,0.573435366,0.534081459,0.426564634
11141,11.141815,0.56966114,0.532649934,0.429649144
11142,11.142815,0.566669762,0.530941546,0.433330268
11143,11.143815,0.563476145,0.529459357,0.436523855
11144,11.144814,0.560240984,0.527957916,0.439759016
11145,11.145917,0.556116521,0.526043773,0.443883508
11146,11.146810,0.553467035,0.524814129,0.446532965
11147,11.147811,0.549100161,0.523233414,0.449938923
11148,11.148810,0.54556036,0.521144629,0.45443961
11149,11.149814,0.54191494,0.51945281,0.45808506
11150,11.150814,0.538177669,0.517718315,0.461822331
11151,11.151814,0.534444094,0.515985548,0.465555966
11152,11.152814,0.530629814,0.51421535,0.469370186
11153,11.153813,0.525799096,0.512424052,0.473229885
11154,11.154813,0.521891177,0.510159731,0.478108823
11155,11.155813,0.517950952,0.50833106,0.482049048
11156,11.156860,0.513984025,0.506489992,0.486015975
11157,11.157811,0.509996772,0.504639506,0.490003228
11158,11.158811,0.505999386,0.502784312,0.494000584
11159,11.159814,0.500980437,0.500920773,0.498016059
11160,11.160815,0.496961772,0.498589963,0.503038228
11161,11.161814,0.492957413,0.49673152,0.507042587
11162,11.162814,0.488958687,0.494875729,0.511041343
11163,11.163813,0.484976441,0.493027568,0.515023589
11164,11.164814,0.48101604,0.49118951,0.51898396
11165,11.165813,0.476086795,0.489364564,0.522916257
11166,11.166814,0.472216159,0.487105489,0.527783871
11167,11.167829,0.468367875,0.485319465,0.531632066
11168,11.168928,0.46362403,0.483580977,0.535378098
11169,11.169806,0.460878253,0.481843531,0.539121747
11170,11.170808,0.457125366,0.480101824,0.542874634
11171,11.171808,0.452674657,0.478417873,0.546503007
11172,11.172808,0.449058622,0.476358026,0.550941348
11173,11.173809,0.445591867,0.474749118,0.554408193
11174,11.174810,0.442205369,0.473177403,0.557794631
11175,11.175811,0.438856155,0.471623063,0.561143875
11176,11.176812,0.435592115,0.470108181,0.564407825
11177,11.177865,0.431812733,0.468354166,0.568187237
11178,11.178815,0.428821206,0.466965795,0.571178794
11179,11.179806,0.425876707,0.465599269,0.574123323
11180,11.180807,0.423217565,0.464365155,0.576782465
11181,11.181807,0.420555651,0.463129729,0.579444289
11182,11.182808,0.417882293,0.461889029,0.582117677
11183,11.183809,0.414933711,0.460762322,0.584545493
11184,11.184810,0.412664115,0.459467262,0.587335825
11185,11.185811,0.410523295,0.458473712,0.589476705
11186,11.186810,0.408370852,0.457474768,0.591629148
11187,11.187811,0.406640291,0.456671596,0.593359709
11188,11.188831,0.404904097,0.45586583,0.595095873
11189,11.189810,0.402930975,0.455125034,0.596692145
11190,11.190810,0.401590407,0.454327941,0.598409593
11191,11.191810,0.40031901,0.453737885,0.59968096
11192,11.192811,0.399194568,0.453216016,0.600805402
11193,11.193812,0.3979792,0.452651978,0.602020741
11194,11.194812,0.397232145,0.452305257,0.602767825
11195,11.195813,0.39649266,0.451991767,0.603443384
11196,11.196812,0.396008253,0.451737255,0.603991747
11197,11.197812,0.395758867,0.451621503,0.604241073
11198,11.198851,0.395418078,0.451463342,0.604581892
11199,11.199808,0.395394921,0.451452613,0.604605079
11200,11.200807,0.395443976,0.451475382,0.604555964
11201,11.201808,0.395906419,0.45172143,0.604025841
11202,11.202809,0.396464437,0.451949,0.603535593
11203,11.203808,0.397013098,0.452203602,0.602986872
11204,11.204809,0.397794724,0.452566355,0.602205276
11205,11.205808,0.398885548,0.453072637,0.601114511
11206,11.206809,0.399730057,0.453464568,0.600269973
11207,11.207809,0.401445389,0.454107493,0.598884583
11208,11.208809,0.402703315,0.454844445,0.597296655
11209,11.209829,0.404484123,0.455670923,0.595515907
11210,11.210816,0.40610379,0.456422627,0.59389621
11211,11.211816,0.40779227,0.457206249,0.59220773
11212,11.212817,0.409975797,0.458219618,0.590024233
11213,11.213817,0.412620932,0.459130198,0.588062286
11214,11.214817,0.414748937,0.460434854,0.585251093
11215,11.215804,0.4171395,0.461544305,0.58286047
11216,11.216816,0.419652194,0.46271044,0.580347776
11217,11.217817,0.422344208,0.463959813,0.577655792
11218,11.218817,0.425087899,0.465233177,0.574912131
11219,11.219851,0.428672493,0.466896802,0.571327507
11220,11.220823,0.431658655,0.46828267,0.568341374
11221,11.221812,0.434643358,0.469667882,0.565356672
11222,11.222811,0.437928885,0.471192718,0.562071145
11223,11.223811,0.441249788,0.472733915,0.558750153
11224,11.224811,0.444564939,0.47427249,0.555435061
11225,11.225811,0.448841065,0.47587043,0.551991999
11226,11.226811,0.452456743,0.477935106,0.547543287
11227,11.227811,0.456027806,0.479592443,0.543972254
11228,11.228811,0.459732443,0.481311768,0.540267527
11229,11.229815,0.463433504,0.483029455,0.536566556
11230,11.230851,0.468174219,0.484786779,0.532779992
11231,11.231806,0.471100062,0.486587495,0.528899968
11232,11.232807,0.475907385,0.488818586,0.524092615
11233,11.233807,0.479830444,0.490639269,0.520169556
11234,11.234808,0.483770251,0.492467761,0.516229749
11235,11.235808,0.487759352,0.494319111,0.512240708
11236,11.236809,0.491753787,0.496172905,0.508246183
11237,11.237810,0.496765792,0.49803409,0.504236042
11238,11.238811,0.500777125,0.500360668,0.499222875
11239,11.239813,0.504785776,0.502221107,0.495214224
11240,11.240814,0.508794606,0.504081607,0.491205424
11241,11.241823,0.512786925,0.505934417,0.487213045
11242,11.242811,0.516747415,0.507772505,0.483252615
11243,11.243813,0.521708846,0.509603679,0.479306966
11244,11.244812,0.525602043,0.511881948,0.474397957
11245,11.245813,0.529497087,0.513689637,0.470502943
11246,11.246814,0.533302486,0.515455723,0.466697514
11247,11.247815,0.537110925,0.517223239,0.462889075
11248,11.248815,0.540806592,0.518938422,0.459193408
11249,11.249806,0.544436395,0.520622969,0.455563575
11250,11.250806,0.548959076,0.522722006,0.451040924
11251,11.251807,0.552550912,0.524388969,0.447449058
11252,11.252821,0.555900514,0.525943518,0.444099486
11253,11.253809,0.559204161,0.527476728,0.440795839
11254,11.254811,0.562464058,0.528989673,0.437535942
11255,11.255812,0.566408753,0.530459881,0.434368074
11256,11.256812,0.569509387,0.532259405,0.430490583
11257,11.257813,0.572455406,0.533626676,0.427544564
11258,11.258812,0.575294495,0.534944296,0.424705476
11259,11.259816,0.577961743,0.536182165,0.422038287
11260,11.260817,0.580699205,0.537452638,0.419300795
11261,11.261806,0.583065391,0.538550794,0.416934639
11262,11.262869,0.586008012,0.539916456,0.413992018
11263,11.263806,0.588289082,0.540975094,0.411710918
11264,11.264807,0.590372324,0.541941941,0.409627736
11265,11.265806,0.592322409,0.542846978,0.407677561
11266,11.266807,0.594136655,0.543689013,0.405863404
11267,11.267806,0.595811963,0.544466496,0.404188037
11268,11.268806,0.597554386,0.545275152,0.402445644
11269,11.269810,0.599061489,0.545974612,0.40093857
11270,11.270810,0.600269735,0.546535373,0.399730325
11271,11.271810,0.601330161,0.547027469,0.398669839
11272,11.272809,0.602321327,0.547487497,0.397678703
11273,11.273826,0.603167713,0.547880292,0.396998525
11274,11.274813,0.603738189,0.548145056,0.396261811
11275,11.275813,0.60423708,0.54837656,0.395762891
11276,11.276814,0.604337573,0.548423231,0.395662427
11277,11.277814,0.604447365,0.548474193,0.395552665
11278,11.278823,0.604403138,0.548453689,0.395596921
11279,11.279814,0.60421288,0.548475444,0.395549893
11280,11.280814,0.603741169,0.548146427,0.396258831
11281,11.281814,0.603278875,0.54793191,0.396721125
11282,11.282813,0.60258317,0.547609031,0.39741686
11283,11.283813,0.601656497,0.547178924,0.398343503
11284,11.284833,0.600818098,0.546789825,0.399181902
11285,11.285809,0.599671662,0.546257794,0.400328338
11286,11.286808,0.597955227,0.545461178,0.402044713
11287,11.287809,0.596482098,0.544777513,0.403517902
11288,11.288809,0.595015407,0.544096828,0.404984593
11289,11.289813,0.593111396,0.543213129,0.406888545
11290,11.290813,0.59121871,0.542334795,0.40878135
11291,11.291813,0.588733733,0.541393936,0.410808414
11292,11.292812,0.586541057,0.540163815,0.413458914
11293,11.293813,0.584022999,0.538995206,0.415976971
11294,11.294851,0.581712127,0.53792274,0.418287903
11295,11.295815,0.579087138,0.536704481,0.420912862
11296,11.296816,0.576409757,0.535461903,0.423590302
11297,11.297815,0.573018849,0.534193456,0.426323265
11298,11.298816,0.570088983,0.5325284,0.429911017
11299,11.299807,0.56700325,0.531096339,0.43299678
11300,11.300808,0.56382376,0.529620707,0.43617624
11301,11.301808,0.560649931,0.528147757,0.439350098
11302,11.302809,0.55738157,0.526630878,0.4426184
11303,11.303809,0.553981185,0.525052786,0.446018875
11304,11.304810,0.549619317,0.523028433,0.450380713
11305,11.305832,0.546083152,0.521387279,0.453916848
11306,11.306808,0.542373598,0.519665658,0.457626402
11307,11.307809,0.538673639,0.517948508,0.461326361
11308,11.308809,0.534889519,0.516192257,0.465110451
11309,11.309813,0.530149221,0.514426291,0.468915641
11310,11.310813,0.526243448,0.512179613,0.473756552
11311,11.311813,0.522381008,0.510387063,0.477618963
11312,11.312814,0.518444479,0.508560121,0.481555551
11313,11.313815,0.514469504,0.506715298,0.485530466
11314,11.314815,0.510495603,0.504871011,0.489504397
11315,11.315941,0.505493045,0.50254935,0.494506985
11316,11.316810,0.501482844,0.500688195,0.498517126
11317,11.317812,0.497466028,0.498823971,0.502533972
11318,11.318812,0.493463129,0.496966243,0.506536901
11319,11.319816,0.489465863,0.495111078,0.510534108
11320,11.320816,0.485483974,0.493263066,0.514515996
11321,11.321816,0.480522215,0.491425127,0.518476307
11322,11.322817,0.476593763,0.489137113,0.523406208
11323,11.323806,0.472700089,0.487330079,0.527299941
11324,11.324805,0.468822002,0.485530227,0.531177938
11325,11.325807,0.46501112,0.483761609,0.53498888
11326,11.326824,0.461282223,0.482031018,0.538717747
11327,11.327810,0.45761618,0.480329603,0.54238379
11328,11.328810,0.453011155,0.478192419,0.546988904
11329,11.329813,0.449536532,0.476579815,0.550463438
11330,11.330812,0.445978194,0.474928379,0.554021776
11331,11.331813,0.442578644,0.473350644,0.557421327
11332,11.332813,0.439311504,0.471834391,0.560688555
11333,11.333813,0.436088622,0.470338613,0.563911319
11334,11.334813,0.432140231,0.468506187,0.567859769
11335,11.335812,0.429244518,0.467162281,0.570755541
11336,11.336851,0.426346928,0.465817511,0.573653102
11337,11.337825,0.423498094,0.464495331,0.576501846
11338,11.338813,0.420819759,0.463252336,0.5791803
11339,11.339816,0.417507321,0.462093145,0.581677973
11340,11.340815,0.415225983,0.460656255,0.584774017
11341,11.341816,0.41300863,0.459627151,0.58699137
11342,11.342816,0.410853297,0.458626866,0.589146674
11343,11.343816,0.408686399,0.457621217,0.591313601
11344,11.344816,0.406939864,0.456810623,0.593060076
11345,11.345816,0.404696614,0.455928415,0.594961047
11346,11.346816,0.403042197,0.455001742,0.596957862
11347,11.347915,0.401759416,0.454406381,0.598240554
11348,11.348805,0.400391877,0.45377171,0.599608123
11349,11.349809,0.399089992,0.453167498,0.600910008
11350,11.350809,0.398332387,0.45281589,0.601667583
11351,11.351810,0.397487938,0.45242399,0.602512062
11352,11.352810,0.396482825,0.451957494,0.603517115
11353,11.353811,0.395978957,0.451723665,0.604021013
11354,11.354810,0.39571023,0.451598972,0.60428983
11355,11.355811,0.395595461,0.451545686,0.604404569
11356,11.356810,0.395389378,0.45145005,0.604610562
11357,11.357811,0.395501226,0.451501966,0.604498804
11358,11.358830,0.395775884,0.4516294,0.604224086
11359,11.359809,0.396558642,0.45199272,0.603441417
11360,11.360809,0.397006869,0.452200741,0.60299319
11361,11.361809,0.397928834,0.452628613,0.602071166
11362,11.362809,0.3986817,0.452978015,0.601318359
11363,11.363809,0.399665385,0.453434527,0.600334585
11364,11.364811,0.401356727,0.45421952,0.598643303
11365,11.365812,0.402519017,0.454758942,0.597481012
11366,11.366812,0.404207528,0.455542564,0.595792472
11367,11.367813,0.405884624,0.456320912,0.594115436
11368,11.368878,0.408103555,0.457350731,0.5922997
11369,11.369811,0.409581393,0.458036602,0.590418637
11370,11.370813,0.41227895,0.459288508,0.58772099
11371,11.371813,0.414392054,0.460269213,0.585607946
11372,11.372813,0.416768938,0.461372316,0.583231032
11373,11.373813,0.419395059,0.462591112,0.580604911
11374,11.374815,0.422009647,0.463804573,0.577990413
11375,11.375815,0.425439149,0.465098649,0.575201988
11376,11.376816,0.428194255,0.466674834,0.571805775
11377,11.377816,0.431280255,0.468107074,0.568719804
11378,11.378815,0.434354872,0.46953398,0.565645099
11379,11.379823,0.437526286,0.471005857,0.562473714
11380,11.380814,0.440789878,0.472520471,0.559210062
11381,11.381815,0.444052994,0.474034905,0.555947006
11382,11.382815,0.448444486,0.476072997,0.551555514
11383,11.383815,0.451973557,0.477710843,0.548026443
11384,11.384816,0.455573201,0.479381442,0.544426799
11385,11.385817,0.459238917,0.481082708,0.540761113
11386,11.386817,0.462935299,0.482798219,0.537064731
11387,11.387805,0.467671812,0.484565973,0.533255637
11388,11.388829,0.47153753,0.486790538,0.528462529
11389,11.389922,0.475381404,0.488574475,0.524618626
11390,11.390811,0.479338855,0.490411133,0.520661116
11391,11.391812,0.48328796,0.492243916,0.51671207
11392,11.392811,0.487261683,0.494088113,0.512738287
11393,11.393812,0.49125424,0.495941073,0.50874573
11394,11.394811,0.496262282,0.498265326,0.503737748
11395,11.395811,0.500275493,0.500127852,0.499724507
11396,11.396811,0.504288375,0.501990259,0.495711654
11397,11.397811,0.508295,0.503849745,0.491705
11398,11.398811,0.512289345,0.505703509,0.487710655
11399,11.399814,0.516265512,0.507548869,0.483734488
11400,11.400827,0.521201253,0.509839535,0.478798747
11401,11.401815,0.525115311,0.511656046,0.474884689
11402,11.402815,0.528992355,0.513455391,0.471007675
11403,11.403815,0.532826602,0.515234888,0.467173427
11404,11.404815,0.536641121,0.517005205,0.463358879
11405,11.405815,0.540344298,0.518723845,0.459655702
11406,11.406815,0.544890046,0.520833552,0.455109894
11407,11.407814,0.548553288,0.522533655,0.451446712
11408,11.408815,0.552074909,0.524168074,0.447925121
11409,11.409806,0.555476427,0.525746703,0.444523573
11410,11.410944,0.559663415,0.527689874,0.440336645
11411,11.411807,0.562110603,0.528825641,0.437889427
11412,11.412808,0.566124856,0.530688643,0.433875144
11413,11.413808,0.569080114,0.532060206,0.430919886
11414,11.414808,0.572093308,0.533458591,0.427906632
11415,11.415807,0.574945986,0.534782529,0.425053984
11416,11.416808,0.577688277,0.536055267,0.422311723
11417,11.417808,0.580316067,0.537274837,0.419683933
11418,11.418808,0.583433807,0.53872174,0.416566163
11419,11.419811,0.585789859,0.539815187,0.414210111
11420,11.420812,0.588019609,0.540850043,0.41198042
11421,11.421826,0.590119302,0.54182452,0.409880698
11422,11.422813,0.592086375,0.542737424,0.407913625
11423,11.423813,0.59399116,0.543621421,0.40600878
11424,11.424813,0.596086919,0.544594109,0.40391311
11425,11.425813,0.597375333,0.545192063,0.402624696
11426,11.426812,0.598822892,0.545863867,0.401177108
11427,11.427813,0.600126863,0.546469033,0.399873137
11428,11.428813,0.601126671,0.546933055,0.398873329
11429,11.429817,0.602135658,0.547401309,0.397864342
11430,11.430817,0.603085935,0.547842383,0.396914124
11431,11.431843,0.603675246,0.548115849,0.396324754
11432,11.432823,0.604111791,0.548318446,0.395888269
11433,11.433812,0.604394734,0.548449755,0.395605296
11434,11.434812,0.604523778,0.548509657,0.395476222
11435,11.435812,0.604498744,0.548498034,0.395501226
11436,11.436813,0.604250848,0.548382998,0.395749152
11437,11.437814,0.603960931,0.54824841,0.396039039
11438,11.438814,0.603355169,0.547967315,0.396644831
11439,11.439805,0.602678359,0.547653198,0.397321671
11440,11.440806,0.601850152,0.547268808,0.398149908
11441,11.441807,0.600871801,0.546814799,0.399128258
11442,11.442897,0.599362016,0.546114087,0.400637984
11443,11.443853,0.598129153,0.545541883,0.401870817
11444,11.444816,0.596598327,0.544831455,0.403401673
11445,11.445805,0.595076203,0.544125021,0.404923826
11446,11.446818,0.593338132,0.543318391,0.406661868
11447,11.447806,0.591462433,0.542447865,0.408537596
11448,11.448807,0.588928699,0.541271925,0.410548031
11449,11.449809,0.586753845,0.54026258,0.413246155
11450,11.450811,0.584517181,0.539224565,0.415482819
11451,11.451812,0.582088053,0.538097203,0.417911947
11452,11.452812,0.57947576,0.536884844,0.42052424
11453,11.453824,0.576007187,0.53564781,0.423189551
11454,11.454812,0.573377252,0.534054518,0.426622778
11455,11.455814,0.570460498,0.532700837,0.429539502
11456,11.456815,0.567387223,0.531274557,0.432612836
11457,11.457815,0.564269602,0.529827595,0.435730368
11458,11.458815,0.561009586,0.52831465,0.438990384
11459,11.459817,0.557709932,0.526783288,0.442290097
11460,11.460816,0.553507864,0.524833083,0.446492136
11461,11.461817,0.549982071,0.523196757,0.450017959
11462,11.462817,0.546496928,0.521579266,0.453503042
11463,11.463933,0.541947067,0.519467711,0.458052933
11464,11.464808,0.539169729,0.518178761,0.460830271
11465,11.465809,0.535361588,0.516411364,0.464638412
11466,11.466809,0.530605078,0.514203846,0.468413174
11467,11.467809,0.52676934,0.512423694,0.47323069
11468,11.468808,0.522870302,0.510614157,0.477129698
11469,11.469812,0.518952549,0.508795917,0.481047481
11470,11.470812,0.514977038,0.506950855,0.485022932
11471,11.471812,0.511002779,0.50510639,0.488997221
11472,11.472812,0.505993545,0.50278163,0.494006455
11473,11.473811,0.501983047,0.500920355,0.498016953
11474,11.474832,0.49797073,0.499058217,0.5020293
11475,11.475807,0.493953615,0.497193873,0.506046414
11476,11.476807,0.489964277,0.495342404,0.510035694
11477,11.477806,0.485991269,0.493498534,0.51400876
11478,11.478807,0.481044561,0.491202742,0.517997205
11479,11.479811,0.477046639,0.489347309,0.522953391
11480,11.480810,0.47318399,0.48755464,0.52681601
11481,11.481810,0.469325244,0.485763818,0.530674815
11482,11.482810,0.465484172,0.483981162,0.534515858
11483,11.483810,0.461748332,0.482247353,0.538251698
11484,11.484875,0.457091033,0.48008588,0.542908967
11485,11.485814,0.453568995,0.478451312,0.546431005
11486,11.486815,0.449936509,0.476765454,0.550063491
11487,11.487814,0.44636634,0.475108534,0.55363363
11488,11.488814,0.443043321,0.473566294,0.556956649
11489,11.489817,0.439720243,0.472024083,0.560279787
11490,11.490817,0.435692042,0.470154583,0.564307988
11491,11.491804,0.432575673,0.468708277,0.567424357
11492,11.492805,0.429558665,0.467308044,0.570441306
11493,11.493806,0.426760256,0.466009319,0.573239803
11494,11.494807,0.423840642,0.464654297,0.576159298
11495,11.495826,0.420555174,0.463404566,0.578852117
11496,11.496814,0.4179461,0.461918652,0.5820539
11497,11.497815,0.41538775,0.460731328,0.58461225
11498,11.498815,0.413286865,0.459756285,0.586713135
11499,11.499806,0.410975993,0.458683819,0.589024007
11500,11.500806,0.408932209,0.4577353,0.591067791
11501,11.501806,0.407022774,0.456849128,0.592977226
11502,11.502808,0.404903591,0.455865622,0.594675303
11503,11.503824,0.403307438,0.455124825,0.596692562
11504,11.504811,0.40169996,0.454378784,0.59829998
11505,11.505839,0.400467098,0.453806609,0.599532902
11506,11.506831,0.39938277,0.453303367,0.60061717
11507,11.507808,0.398448467,0.452869773,0.601551533
11508,11.508809,0.397312462,0.45234254,0.602414846
11509,11.509812,0.396556497,0.451991707,0.603443503
11510,11.510813,0.396033555,0.451748997,0.603966415
11511,11.511813,0.39558202,0.451539427,0.60441792
11512,11.512813,0.395529836,0.451515228,0.604470193
11513,11.513814,0.395386279,0.451448619,0.604613781
11514,11.514814,0.395771086,0.451627195,0.604228914
11515,11.515815,0.39581117,0.451645792,0.6041888
11516,11.516898,0.396412224,0.451924741,0.603587747
11517,11.517811,0.396760643,0.452086449,0.603239298
11518,11.518812,0.397504985,0.452431887,0.602495015
11519,11.519816,0.398559541,0.452921331,0.601440489
11520,11.520817,0.399887294,0.453537524,0.600112677
11521,11.521817,0.401115805,0.454107702,0.598884225
11522,11.522816,0.40248996,0.454745412,0.59750998
11523,11.523817,0.403932691,0.45541501,0.596067309
11524,11.524817,0.405519426,0.456151426,0.594480634
11525,11.525817,0.407393336,0.457021087,0.592606604
11526,11.526804,0.409976184,0.458219796,0.590599179
11527,11.527832,0.411938429,0.459130466,0.588061571
11528,11.528807,0.414171368,0.460166812,0.585828662
11529,11.529810,0.416530907,0.461261868,0.583469093
11530,11.530809,0.41907689,0.462443471,0.58092314
11531,11.531810,0.421738058,0.463678509,0.578261971
11532,11.532811,0.425030053,0.465206325,0.575607777
11533,11.533810,0.427999198,0.466584325,0.572000861
11534,11.534811,0.430849165,0.467906982,0.569150805
11535,11.535809,0.433965564,0.469353318,0.566034436
11536,11.536810,0.437075913,0.470796824,0.562924087
11537,11.537954,0.441250503,0.472734272,0.558749497
11538,11.538817,0.4445225,0.47425279,0.5554775
11539,11.539809,0.447927505,0.475833058,0.552072465
11540,11.540808,0.451566786,0.477522075,0.548433244
11541,11.541809,0.455190301,0.479203731,0.544809639
11542,11.542809,0.458809674,0.480883509,0.541190326
11543,11.543809,0.462466329,0.482580572,0.5375337
11544,11.544810,0.467220783,0.484787107,0.533730865
11545,11.545809,0.471032888,0.486556321,0.528967083
11546,11.546809,0.474952668,0.488375485,0.525047302
11547,11.547809,0.478880584,0.490198463,0.521119475
11548,11.548832,0.48276633,0.492001802,0.51723361
11549,11.549812,0.486764401,0.493857324,0.513235569
11550,11.550811,0.491754651,0.496173322,0.509252429
11551,11.551811,0.495758146,0.498031348,0.504241884
11552,11.552811,0.499774247,0.499895215,0.500225723
11553,11.553812,0.503778636,0.501753688,0.496221393
11554,11.554810,0.507795095,0.503617704,0.492204875
11555,11.555811,0.511791408,0.505472422,0.488208592
11556,11.556812,0.516761661,0.507779121,0.484217465
11557,11.557812,0.520726621,0.509619236,0.479273349
11558,11.558941,0.52462852,0.511430144,0.47537151
11559,11.559808,0.528532684,0.513242066,0.471467286
11560,11.560809,0.532401025,0.515037358,0.467598945
11561,11.561810,0.536142528,0.51677382,0.463857472
11562,11.562810,0.540839314,0.518953562,0.460118532
11563,11.563811,0.544471979,0.520639539,0.45552808
11564,11.564827,0.548033059,0.522292197,0.451966912
11565,11.565815,0.551598907,0.52394712,0.448401093
11566,11.566816,0.55505091,0.525549233,0.44494912
11567,11.567816,0.558376074,0.527092457,0.441623956
11568,11.568804,0.562464714,0.528989971,0.438293308
11569,11.569828,0.56573534,0.530507863,0.43426466
11570,11.570816,0.568757415,0.531910419,0.431242615
11571,11.571817,0.57178551,0.533315778,0.42821449
11572,11.572806,0.574654222,0.534647167,0.425345808
11573,11.573806,0.577291429,0.535871089,0.422708571
11574,11.574807,0.580573499,0.537394285,0.419942945
11575,11.575808,0.583130836,0.538581133,0.416869164
11576,11.576809,0.585502505,0.539681852,0.414497495
11577,11.577809,0.58774823,0.540724099,0.41225177
11578,11.578809,0.589794219,0.54167366,0.410205841
11579,11.579902,0.592395365,0.542880833,0.407604605
11580,11.580816,0.594137132,0.543689191,0.406376839
11581,11.581817,0.595737338,0.544431865,0.404262692
11582,11.582804,0.5974226,0.545213997,0.402577341
11583,11.583805,0.598505437,0.545716524,0.401494533
11584,11.584806,0.599981725,0.54640168,0.400018275
11585,11.585807,0.601237893,0.546984673,0.398762167
11586,11.586808,0.602321446,0.547487557,0.397972405
11587,11.587807,0.603082359,0.547840714,0.396917701
11588,11.588809,0.603772402,0.548160911,0.396227539
11589,11.589813,0.603984237,0.548259258,0.396015793
11590,11.590831,0.604367733,0.548437238,0.395632237
11591,11.591806,0.604516149,0.548506081,0.395483822
11592,11.592805,0.604484856,0.548491597,0.395489663
11593,11.593806,0.604204893,0.548361659,0.395795107
11594,11.594805,0.604097366,0.54831177,0.395902634
11595,11.595806,0.60342896,0.548001528,0.39657104
11596,11.596805,0.602690697,0.54765892,0.397309303
11597,11.597805,0.601961851,0.547320664,0.398038149
11598,11.598805,0.600659966,0.546716452,0.398997873
11599,11.599809,0.599593282,0.546221375,0.400406688
11600,11.600887,0.598300815,0.545621574,0.401699185
11601,11.601811,0.59678781,0.544919372,0.403212219
11602,11.602811,0.595283449,0.544221222,0.404716581
11603,11.603811,0.593562722,0.54342258,0.406437248
11604,11.604811,0.591289759,0.542367697,0.408223927
11605,11.605811,0.589261055,0.541426182,0.410738915
11606,11.606812,0.587032557,0.540391922,0.412967443
11607,11.607810,0.584745586,0.539330542,0.415254414
11608,11.608812,0.582269311,0.538181305,0.417730689
11609,11.609815,0.579800487,0.537035525,0.420199573
11610,11.610815,0.576468706,0.535489261,0.42285043
11611,11.611830,0.573733866,0.53421998,0.426266104
11612,11.612805,0.570775151,0.532846868,0.429224938
11613,11.613807,0.567716539,0.531427324,0.432283431
11614,11.614821,0.564715087,0.530034363,0.435284883
11615,11.615809,0.561560035,0.528570116,0.438440055
11616,11.616808,0.557336032,0.526609778,0.441827714
11617,11.617809,0.554022849,0.525072098,0.445977181
11618,11.618810,0.550421178,0.523400545,0.449578822
11619,11.619812,0.546908975,0.521770537,0.453091025
11620,11.620813,0.543322027,0.520105839,0.456677973
11621,11.621913,0.538703203,0.517962217,0.461296797
11622,11.622814,0.534916103,0.516204596,0.464167774
11623,11.623815,0.531132281,0.514448524,0.468867719
11624,11.624815,0.527253747,0.512648523,0.472746223
11625,11.625816,0.523359239,0.510841072,0.476640791
11626,11.626816,0.519430339,0.509017646,0.480569661
11627,11.627816,0.515472949,0.507180989,0.484527022
11628,11.628817,0.510494769,0.504870653,0.488516331
11629,11.629809,0.506494284,0.503014028,0.493505746
11630,11.630809,0.502484202,0.501152933,0.497515827
11631,11.631809,0.498470038,0.49928993,0.501529932
11632,11.632829,0.494463146,0.497430354,0.505536914
11633,11.633816,0.490455449,0.495570362,0.509544551
11634,11.634806,0.485471874,0.493257463,0.513533831
11635,11.635805,0.48149395,0.491411328,0.51850605
11636,11.636807,0.477572262,0.489591271,0.522427797
11637,11.637807,0.473689348,0.487789184,0.526310623
11638,11.638808,0.469804883,0.485986382,0.530195057
11639,11.639811,0.465985119,0.48421362,0.534014821
11640,11.640812,0.461342037,0.482058793,0.537755191
11641,11.641812,0.457582265,0.480313838,0.542417705
11642,11.642927,0.453981727,0.478642851,0.546018302
11643,11.643810,0.450377047,0.476969928,0.549623013
11644,11.644811,0.446881533,0.475347638,0.553118467
11645,11.645810,0.443464607,0.473761827,0.556535363
11646,11.646812,0.439310819,0.471834064,0.559963167
11647,11.647813,0.436088055,0.470338374,0.563911974
11648,11.648813,0.432959765,0.468886495,0.567040205
11649,11.649817,0.429875195,0.46745497,0.570124805
11650,11.650805,0.427060634,0.466148734,0.572939396
11651,11.651817,0.424184859,0.464814067,0.575815141
11652,11.652805,0.420819223,0.463252068,0.578583658
11653,11.653823,0.418193549,0.46203351,0.581806481
11654,11.654812,0.415750504,0.460899681,0.584249496
11655,11.655811,0.413363755,0.459791988,0.586636245
11656,11.656811,0.411379576,0.458871126,0.588620424
11657,11.657811,0.409251332,0.457883388,0.590748668
11658,11.658811,0.406866431,0.456776559,0.592601061
11659,11.659814,0.405038446,0.455928206,0.594961584
11660,11.660813,0.403499067,0.455213785,0.596500993
11661,11.661814,0.402104259,0.454566449,0.597895801
11662,11.662813,0.40070051,0.45391494,0.59929955
11663,11.663838,0.399168938,0.453330457,0.600558877
11664,11.664824,0.398252606,0.452778876,0.601747394
11665,11.665811,0.397407413,0.452386618,0.602592587
11666,11.666812,0.396632552,0.452027023,0.603367448
11667,11.667812,0.396090478,0.451775432,0.603909552
11668,11.668827,0.395864785,0.451670676,0.604135215
11669,11.669805,0.395548403,0.45152384,0.604451656
11670,11.670806,0.395389378,0.45145005,0.604532599
11671,11.671806,0.395501256,0.451501966,0.604498744
11672,11.672807,0.395767182,0.451625377,0.604232788
11673,11.673805,0.39626804,0.451857835,0.60373193
11674,11.674822,0.396759391,0.452085882,0.603240669
11675,11.675810,0.39764455,0.452496678,0.602355421
11676,11.676810,0.398602605,0.452941298,0.601639867
11677,11.677811,0.399822742,0.453507572,0.600177288
11678,11.678811,0.400954425,0.454032779,0.599045575
11679,11.679813,0.402386904,0.454697609,0.597613096
11680,11.680814,0.403810591,0.455358326,0.59618938
11681,11.681814,0.405526489,0.456154704,0.594473541
11682,11.682814,0.407772899,0.457197249,0.592766285
11683,11.683813,0.409652591,0.458069623,0.590347409
11684,11.684813,0.411737621,0.459037304,0.588262379
11685,11.685833,0.413885355,0.460034072,0.586114645
11686,11.686808,0.416360289,0.461182654,0.583639681
11687,11.687808,0.418696612,0.462266982,0.581303418
11688,11.688807,0.421888113,0.463748157,0.57871604
11689,11.689810,0.424798608,0.465098917,0.575201392
11690,11.690812,0.427580476,0.466389984,0.572419524
11691,11.691811,0.430636495,0.467808306,0.569363534
11692,11.692812,0.433525443,0.469149053,0.566474557
11693,11.693811,0.43672514,0.470634043,0.56327486
11694,11.694813,0.440790534,0.472520798,0.560033858
11695,11.695824,0.444141626,0.474076033,0.555858374
11696,11.696812,0.447574794,0.475669384,0.552425265
11697,11.697814,0.451123595,0.47731638,0.548876405
11698,11.698813,0.454667985,0.478961349,0.545332015
11699,11.699817,0.458284706,0.480639875,0.541715324
11700,11.700818,0.462994039,0.482825488,0.537971795
11701,11.701807,0.466745108,0.484566361,0.533254921
11702,11.702807,0.470574319,0.486343503,0.52942574
11703,11.703808,0.474446744,0.488140702,0.525553286
11704,11.704809,0.478373855,0.489963293,0.521626174
11705,11.705810,0.483301789,0.491778463,0.517714858
11706,11.706829,0.487262458,0.494088471,0.512737513
11707,11.707806,0.49124822,0.495938271,0.50875175
11708,11.708806,0.495264351,0.497802168,0.504735589
11709,11.709811,0.499272615,0.499662429,0.500727415
11710,11.710811,0.503281355,0.501522899,0.496718645
11711,11.711812,0.507295191,0.503385723,0.492704809
11712,11.712811,0.512299716,0.505708337,0.488706738
11713,11.713813,0.516291797,0.507561028,0.483708173
11714,11.714813,0.520218849,0.509383619,0.479781151
11715,11.715814,0.524159908,0.511212647,0.475840062
11716,11.716909,0.528993487,0.513455927,0.471006542
11717,11.717810,0.53189832,0.514804065,0.46810168
11718,11.718812,0.536613584,0.51699245,0.464300424
11719,11.719815,0.540345371,0.518724322,0.459654599
11720,11.720815,0.544052243,0.520444751,0.455947787
11721,11.721815,0.547625363,0.522103012,0.452374667
11722,11.722813,0.551122308,0.523725927,0.448877662
11723,11.723814,0.554666996,0.525371075,0.445333034
11724,11.724814,0.558837533,0.527306616,0.442039937
11725,11.725814,0.562111199,0.528825879,0.437888771
11726,11.726814,0.565242171,0.530278981,0.434757829
11727,11.727825,0.568379045,0.531734824,0.431620926
11728,11.728812,0.571419954,0.533146143,0.428580076
11729,11.729816,0.574127614,0.534402728,0.425872386
11730,11.730815,0.577688813,0.536055505,0.422985971
11731,11.731815,0.580316603,0.537275076,0.419683427
11732,11.732814,0.582826018,0.538439691,0.417173982
11733,11.733815,0.585213244,0.539547622,0.414786756
11734,11.734815,0.587474763,0.5405972,0.412525237
11735,11.735815,0.58960712,0.541586816,0.410392821
11736,11.736813,0.592159033,0.542771161,0.408248603
11737,11.737987,0.594065309,0.543655872,0.405934721
11738,11.738813,0.595535874,0.544338346,0.404464066
11739,11.739816,0.597162545,0.545093298,0.402837455
11740,11.740816,0.598571122,0.545747042,0.401428908
11741,11.741817,0.599756181,0.546297014,0.400243849
11742,11.742816,0.601126909,0.546933174,0.399049819
11743,11.743817,0.602135837,0.547401428,0.397864193
11744,11.744816,0.602914929,0.54776299,0.397085071
11745,11.745816,0.603704751,0.548129559,0.396295279
11746,11.746814,0.603854418,0.548198998,0.396145612
11747,11.747816,0.604256749,0.548385739,0.395743251
11748,11.748822,0.604442,0.548471689,0.395412087
11749,11.749814,0.604417026,0.548460126,0.395583004
11750,11.750813,0.604483306,0.548490882,0.395516753
11751,11.751813,0.60390532,0.548222601,0.39609468
11752,11.752813,0.603581548,0.548072338,0.396418452
11753,11.753813,0.602861702,0.547738314,0.397138357
11754,11.754813,0.601849973,0.547268748,0.397928864
11755,11.755813,0.600792646,0.546778023,0.399207354
11756,11.756814,0.599666417,0.54625535,0.400333583
11757,11.757815,0.598470211,0.545700192,0.401529789
11758,11.758879,0.596749306,0.545041442,0.402949125
11759,11.759807,0.595563233,0.544351041,0.404436737
11760,11.760809,0.593337834,0.543318272,0.406288177
11761,11.761809,0.591462016,0.542447686,0.408537984
11762,11.762810,0.589381576,0.541482091,0.410618365
11763,11.763811,0.587309122,0.54052031,0.412690848
11764,11.764811,0.585038006,0.539466262,0.414961964
11765,11.765811,0.582576871,0.538324058,0.417423129
11766,11.766812,0.579474926,0.536884427,0.419813961
11767,11.767812,0.576749563,0.535619617,0.423250437
11768,11.768813,0.573973298,0.534331143,0.426026672
11769,11.769822,0.571143091,0.533017635,0.428856909
11770,11.770810,0.568150699,0.531628847,0.431849271
11771,11.771811,0.565057576,0.530193329,0.434942424
11772,11.772811,0.561056733,0.528336525,0.43817994
11773,11.773813,0.557709277,0.52678299,0.442290753
11774,11.774812,0.554366887,0.525231719,0.445633054
11775,11.775813,0.550939143,0.523640931,0.449060887
11776,11.776814,0.547356427,0.521978199,0.452643573
11777,11.777815,0.543744206,0.520301759,0.456255823
11778,11.778820,0.539138317,0.518164158,0.459964544
11779,11.779888,0.535415888,0.516436577,0.464584112
11780,11.780815,0.531635642,0.514682174,0.468364388
11781,11.781817,0.527759135,0.512883067,0.472240925
11782,11.782817,0.523847461,0.511067629,0.476152539
11783,11.783805,0.519922614,0.509246111,0.480077356
11784,11.784806,0.514952838,0.507411003,0.484031498
11785,11.785808,0.510993361,0.505102038,0.489006668
11786,11.786807,0.50699991,0.503248692,0.49300012
11787,11.787806,0.502982974,0.501384377,0.497017026
11788,11.788805,0.498971641,0.499522716,0.501028299
11789,11.789809,0.494959414,0.497660667,0.505040646
11790,11.790830,0.489963144,0.495341897,0.510036886
11791,11.791817,0.48597911,0.493492872,0.51402086
11792,11.792806,0.48200199,0.491647094,0.51799804
11793,11.793805,0.478062093,0.489818573,0.521937907
11794,11.794805,0.474154562,0.488005102,0.525845468
11795,11.795818,0.470285118,0.486209273,0.529714882
11796,11.796806,0.465537459,0.48443383,0.533540487
11797,11.797804,0.461717576,0.482233047,0.538282394
11798,11.798806,0.458040923,0.480526716,0.541959047
11799,11.799809,0.454396188,0.478835195,0.545603812
11800,11.800835,0.450818807,0.477174938,0.549181223
11801,11.801831,0.447313935,0.475548297,0.552686036
11802,11.802807,"nan","nan",0.556069434
11803,11.803807,"nan","nan","nan"
11804,11.804808,"nan","nan","nan"
11805,11.805808,"nan","nan","nan"
11806,11.806809,"nan","nan","nan"
11807,11.807807,"nan","nan","nan"
11808,11.808809,"nan","nan","nan"
11809,11.809812,"nan","nan","nan"
11810,11.810811,"nan","nan","nan"
11811,11.811915,"nan","nan","nan"
11812,11.812815,"nan","nan","nan"
11813,11.813815,"nan","nan","nan"
11814,11.814816,"nan","nan","nan"
11815,11.815816,"nan","nan","nan"
11816,11.816816,"nan","nan","nan"
11817,11.817816,"nan","nan","nan"
11818,11.818814,"nan","nan","nan"
11819,11.819805,"nan","nan","nan"
11820,11.820817,"nan","nan","nan"
11821,11.821805,"nan","nan","nan"
11822,11.822832,"nan","nan","nan"
11823,11.823809,"nan","nan","nan"
11824,11.824809,"nan","nan","nan"
11825,11.825810,"nan","nan","nan"
11826,11.826810,"nan","nan","nan"
11827,11.827810,"nan","nan","nan"
11828,11.828811,"nan","nan","nan"
11829,11.829816,"nan","nan","nan"
11830,11.830816,"nan","nan","nan"
11831,11.831817,"nan","nan","nan"
11832,11.832821,"nan","nan","nan"
11833,11.833810,"nan","nan","nan"
11834,11.834810,"nan","nan","nan"
11835,11.835811,"nan","nan","nan"
11836,11.836821,"nan","nan","nan"
11837,11.837812,"nan","nan","nan"
11838,11.838813,"nan","nan","nan"
11839,11.839816,"nan","nan","nan"
11840,11.840817,"nan","nan","nan"
11841,11.841817,"nan","nan","nan"
11842,11.842817,"nan","nan","nan"
11843,11.843830,"nan","nan","nan"
11844,11.844806,"nan","nan","nan"
11845,11.845806,"nan","nan","nan"
11846,11.846807,"nan","nan","nan"
11847,11.847808,"nan","nan","nan"
11848,11.848809,"nan","nan","nan"
11849,11.849813,"nan","nan","nan"
11850,11.850813,"nan","nan","nan"
11851,11.851812,"nan","nan","nan"
11852,11.852812,"nan","nan","nan"
11853,11.853926,"nan","nan","nan"
11854,11.854812,"nan","nan","nan"
11855,11.855813,"nan","nan","nan"
11856,11.856812,"nan","nan","nan"
11857,11.857812,"nan","nan","nan"
11858,11.858812,"nan","nan","nan"
11859,11.859815,"nan","nan","nan"
11860,11.860815,"nan","nan","nan"
11861,11.861814,"nan","nan","nan"
11862,11.862815,"nan","nan","nan"
11863,11.863815,"nan","nan","nan"
11864,11.864827,"nan","nan","nan"
11865,11.865815,"nan","nan","nan"
11866,11.866815,"nan","nan","nan"
11867,11.867815,"nan","nan","nan"
11868,11.868815,"nan","nan","nan"
11869,11.869805,"nan","nan","nan"
11870,11.870806,"nan","nan","nan"
11871,11.871806,"nan","nan","nan"
11872,11.872806,"nan","nan","nan"
11873,11.873806,"nan","nan","nan"
11874,11.874832,"nan","nan","nan"
11875,11.875823,"nan","nan","nan"
11876,11.876811,"nan","nan","nan"
11877,11.877811,"nan","nan","nan"
11878,11.878811,"nan","nan","nan"
11879,11.879814,"nan","nan","nan"
11880,11.880814,"nan","nan","nan"
11881,11.881814,"nan","nan","nan"
11882,11.882814,"nan","nan","nan"
11883,11.883814,"nan","nan","nan"
11884,11.884814,"nan","nan","nan"
11885,11.885936,"nan","nan","nan"
11886,11.886812,"nan","nan","nan"
11887,11.887813,"nan","nan","nan"
11888,11.888837,"nan","nan","nan"
11889,11.889824,"nan","nan","nan"
11890,11.890812,"nan","nan","nan"
11891,11.891813,"nan","nan","nan"
11892,11.892813,"nan","nan","nan"
11893,11.893814,"nan","nan","nan"
11894,11.894814,"nan","nan","nan"
11895,11.895815,"nan","nan","nan"
11896,11.896825,"nan","nan","nan"
11897,11.897814,"nan","nan","nan"
11898,11.898814,"nan","nan","nan"
11899,11.899805,"nan","nan","nan"
11900,11.900805,"nan","nan","nan"
11901,11.901806,"nan","nan","nan"
11902,11.902806,"nan","nan","nan"
11903,11.903806,"nan","nan","nan"
11904,11.904807,"nan","nan","nan"
11905,11.905808,"nan","nan","nan"
11906,11.906876,"nan","nan","nan"
11907,11.907815,"nan","nan","nan"
11908,11.908816,"nan","nan","nan"
11909,11.909807,"nan","nan","nan"
11910,11.910808,"nan","nan","nan"
11911,11.911809,"nan","nan","nan"
11912,11.912810,"nan","nan","nan"
11913,11.913809,"nan","nan","nan"
11914,11.914810,"nan","nan","nan"
11915,11.915810,"nan","nan","nan"
11916,11.916811,"nan","nan","nan"
11917,11.917824,"nan","nan","nan"
11918,11.918811,"nan","nan","nan"
11919,11.919815,"nan","nan","nan"
11920,11.920815,"nan","nan","nan"
11921,11.921815,"nan","nan","nan"
11922,11.922814,"nan","nan","nan"
11923,11.923814,"nan","nan","nan"
11924,11.924814,"nan","nan","nan"
11925,11.925814,"nan","nan","nan"
11926,11.926814,"nan","nan","nan"
11927,11.927915,"nan","nan","nan"
11928,11.928808,"nan","nan","nan"
11929,11.929812,"nan","nan","nan"
11930,11.930812,"nan","nan","nan"
11931,11.931812,"nan","nan","nan"
11932,11.932811,"nan","nan","nan"
11933,11.933812,"nan","nan","nan"
11934,11.934812,"nan","nan","nan"
11935,11.935812,"nan","nan","nan"
11936,11.936812,"nan","nan","nan"
11937,11.937811,"nan","nan","nan"
11938,11.938873,"nan","nan","nan"
11939,11.939814,"nan","nan","nan"
11940,11.940814,"nan","nan","nan"
11941,11.941814,"nan","nan","nan"
11942,11.942814,"nan","nan","nan"
11943,11.943814,"nan","nan","nan"
11944,11.944824,"nan","nan","nan"
11945,11.945813,"nan","nan","nan"
11946,11.946813,"nan","nan","nan"
11947,11.947812,"nan","nan","nan"
11948,11.948813,"nan","nan","nan"
11949,11.949830,"nan","nan","nan"
11950,11.950807,"nan","nan","nan"
11951,11.951806,"nan","nan","nan"
11952,11.952808,"nan","nan","nan"
11953,11.953807,"nan","nan","nan"
11954,11.954809,"nan","nan","nan"
11955,11.955809,"nan","nan","nan"
11956,11.956810,"nan","nan","nan"
11957,11.957810,"nan","nan","nan"
11958,11.958811,"nan","nan","nan"
11959,11.959840,"nan","nan","nan"
11960,11.960806,"nan","nan","nan"
11961,11.961808,"nan","nan","nan"
11962,11.962809,"nan","nan","nan"
11963,11.963810,"nan","nan","nan"
11964,11.964810,"nan","nan","nan"
11965,11.965812,"nan","nan","nan"
11966,11.966812,"nan","nan","nan"
11967,11.967813,"nan","nan","nan"
11968,11.968813,"nan","nan","nan"
11969,11.969817,"nan","nan","nan"
11970,11.970823,"nan","nan","nan"
11971,11.971811,"nan","nan","nan"
11972,11.972812,"nan","nan","nan"
11973,11.973812,"nan","nan","nan"
11974,11.974813,"nan","nan","nan"
11975,11.975812,"nan","nan","nan"
11976,11.976814,"nan","nan","nan"
11977,11.977814,"nan","nan","nan"
11978,11.978815,"nan","nan","nan"
11979,11.979805,"nan","nan","nan"
11980,11.980922,"nan","nan","nan"
11981,11.981811,"nan","nan","nan"
11982,11.982811,"nan","nan","nan"
11983,11.983810,"nan","nan","nan"
11984,11.984809,"nan","nan","nan"
11985,11.985810,"nan","nan","nan"
11986,11.986811,"nan","nan","nan"
11987,11.987810,"nan","nan","nan"
11988,11.988811,"nan","nan","nan"
11989,11.989814,"nan","nan","nan"
11990,11.990813,"nan","nan","nan"
11991,11.991846,"nan","nan","nan"
11992,11.992808,"nan","nan","nan"
11993,11.993809,"nan","nan","nan"
11994,11.994808,"nan","nan","nan"
11995,11.995809,"nan","nan","nan"
11996,11.996808,"nan","nan","nan"
11997,11.997809,"nan","nan","nan"
11998,11.998809,"nan","nan","nan"
11999,11.999812,"nan","nan","nan"
12000,12.000813,"nan","nan","nan"
12001,12.001813,"nan","nan","nan"
12002,12.002827,"nan","nan","nan"
12003,12.003829,"nan","nan","nan"
12004,12.004816,"nan","nan","nan"
12005,12.005818,"nan","nan","nan"
12006,12.006818,"nan","nan","nan"
12007,12.007806,"nan","nan","nan"
12008,12.008805,"nan","nan","nan"
12009,12.009809,"nan","nan","nan"
12010,12.010809,"nan","nan","nan"
12011,12.011809,"nan","nan","nan"
12012,12.012835,"nan","nan","nan"
12013,12.013810,"nan","nan","nan"
12014,12.014812,"nan","nan","nan"
12015,12.015812,"nan","nan","nan"
12016,12.016812,"nan","nan","nan"
12017,12.017812,"nan","nan","nan"
12018,12.018811,"nan","nan","nan"
12019,12.019815,"nan","nan","nan"
12020,12.020817,"nan","nan","nan"
12021,12.021805,"nan","nan","nan"
12022,12.022805,"nan","nan","nan"
12023,12.023824,"nan","nan","nan"
12024,12.024812,"nan","nan","nan"
12025,12.025812,"nan","nan","nan"
12026,12.026813,"nan","nan","nan"
12027,12.027813,"nan","nan","nan"
12028,12.028813,"nan","nan","nan"
12029,12.029817,"nan","nan","nan"
12030,12.030806,"nan","nan","nan"
12031,12.031806,"nan","nan","nan"
12032,12.032807,"nan","nan","nan"
12033,12.033838,"nan","nan","nan"
12034,12.034814,"nan","nan","nan"
12035,12.035815,"nan","nan","nan"
12036,12.036815,"nan","nan","nan"
12037,12.037816,"nan","nan","nan"
12038,12.038816,"nan","nan","nan"
12039,12.039808,"nan","nan","nan"
12040,12.040809,"nan","nan","nan"
12041,12.041809,"nan","nan","nan"
12042,12.042809,"nan","nan","nan"
12043,12.043810,"nan","nan","nan"
12044,12.044825,"nan","nan","nan"
12045,12.045814,"nan","nan","nan"
12046,12.046815,"nan","nan","nan"
12047,12.047814,"nan","nan","nan"
12048,12.048814,"nan","nan","nan"
12049,12.049818,"nan","nan","nan"
12050,12.050817,"nan","nan","nan"
12051,12.051805,"nan","nan","nan"
12052,12.052805,"nan","nan","nan"
12053,12.053818,"nan","nan","nan"
12054,12.054839,"nan","nan","nan"
12055,12.055814,"nan","nan","nan"
12056,12.056814,"nan","nan","nan"
12057,12.057813,"nan","nan","nan"
12058,12.058814,"nan","nan","nan"
12059,12.059817,"nan","nan","nan"
12060,12.060817,"nan","nan","nan"
12061,12.061817,"nan","nan","nan"
12062,12.062816,"nan","nan","nan"
12063,12.063822,"nan","nan","nan"
12064,12.064809,"nan","nan","nan"
12065,12.065822,"nan","nan","nan"
12066,12.066811,"nan","nan","nan"
12067,12.067811,"nan","nan","nan"
12068,12.068811,"nan","nan","nan"
12069,12.069814,"nan","nan","nan"
12070,12.070813,"nan","nan","nan"
12071,12.071812,"nan","nan","nan"
12072,12.072813,"nan","nan","nan"
12073,12.073812,"nan","nan","nan"
12074,12.074813,"nan","nan","nan"
12075,12.075933,"nan","nan","nan"
12076,12.076808,"nan","nan","nan"
12077,12.077809,"nan","nan","nan"
12078,12.078809,"nan","nan","nan"
12079,12.079812,"nan","nan","nan"
12080,12.080811,"nan","nan","nan"
12081,12.081812,"nan","nan","nan"
12082,12.082812,"nan","nan","nan"
12083,12.083812,"nan","nan","nan"
12084,12.084813,"nan","nan","nan"
12085,12.085812,"nan","nan","nan"
12086,12.086831,"nan","nan","nan"
12087,12.087807,"nan","nan","nan"
12088,12.088807,"nan","nan","nan"
12089,12.089812,"nan","nan","nan"
12090,12.090811,"nan","nan","nan"
12091,12.091812,"nan","nan","nan"
12092,12.092812,"nan","nan","nan"
12093,12.093813,"nan","nan","nan"
12094,12.094814,"nan","nan","nan"
12095,12.095814,"nan","nan","nan"
12096,12.096930,"nan","nan","nan"
12097,12.097809,"nan","nan","nan"
12098,12.098810,"nan","nan","nan"
12099,12.099814,"nan","nan","nan"
12100,12.100814,"nan","nan","nan"
12101,12.101815,"nan","nan","nan"
12102,12.102815,"nan","nan","nan"
12103,12.103816,"nan","nan","nan"
12104,12.104817,"nan","nan","nan"
12105,12.105816,"nan","nan","nan"
12106,12.106817,"nan","nan","nan"
12107,12.107884,"nan","nan","nan"
12108,12.108810,"nan","nan","nan"
12109,12.109813,"nan","nan","nan"
12110,12.110814,"nan","nan","nan"
12111,12.111815,"nan","nan","nan"
12112,12.112815,"nan","nan","nan"
12113,12.113816,"nan","nan","nan"
12114,12.114814,"nan","nan","nan"
12115,12.115814,"nan","nan","nan"
12116,12.116814,"nan","nan","nan"
12117,12.117814,"nan","nan","nan"
12118,12.118826,"nan","nan","nan"
12119,12.119806,"nan","nan","nan"
12120,12.120805,"nan","nan","nan"
12121,12.121806,"nan","nan","nan"
12122,12.122805,"nan","nan","nan"
12123,12.123826,"nan","nan","nan"
12124,12.124813,"nan","nan","nan"
12125,12.125814,"nan","nan","nan"
12126,12.126814,"nan","nan","nan"
12127,12.127814,"nan","nan","nan"
12128,12.128929,"nan","nan","nan"
12129,12.129813,"nan","nan","nan"
12130,12.130814,"nan","nan","nan"
12131,12.131813,"nan","nan","nan"
12132,12.132813,"nan","nan","nan"
12133,12.133812,"nan","nan","nan"
12134,12.134813,"nan","nan","nan"
12135,12.135813,"nan","nan","nan"
12136,12.136813,"nan","nan","nan"
12137,12.137813,"nan","nan","nan"
12138,12.138812,"nan","nan","nan"
12139,12.139856,"nan","nan","nan"
12140,12.140807,"nan","nan","nan"
12141,12.141808,"nan","nan","nan"
12142,12.142807,"nan","nan","nan"
12143,12.143807,"nan","nan","nan"
12144,12.144807,"nan","nan","nan"
12145,12.145807,"nan","nan","nan"
12146,12.146807,"nan","nan","nan"
12147,12.147807,"nan","nan","nan"
12148,12.148807,"nan","nan","nan"
12149,12.149812,"nan","nan","nan"
12150,12.150831,"nan","nan","nan"
12151,12.151809,"nan","nan","nan"
12152,12.152809,"nan","nan","nan"
12153,12.153810,"nan","nan","nan"
12154,12.154810,"nan","nan","nan"
12155,12.155811,"nan","nan","nan"
12156,12.156812,"nan","nan","nan"
12157,12.157812,"nan","nan","nan"
12158,12.158813,"nan","nan","nan"
12159,12.159817,"nan","nan","nan"
12160,12.160847,"nan","nan","nan"
12161,12.161809,"nan","nan","nan"
12162,12.162811,"nan","nan","nan"
12163,12.163812,"nan","nan","nan"
12164,12.164812,"nan","nan","nan"
12165,12.165813,"nan","nan","nan"
12166,12.166814,"nan","nan","nan"
12167,12.167814,"nan","nan","nan"
12168,12.168815,"nan","nan","nan"
12169,12.169806,"nan","nan","nan"
12170,12.170806,"nan","nan","nan"
12171,12.171830,"nan","nan","nan"
12172,12.172807,"nan","nan","nan"
12173,12.173807,"nan","nan","nan"
12174,12.174808,"nan","nan","nan"
12175,12.175828,"nan","nan","nan"
12176,12.176817,"nan","nan","nan"
12177,12.177817,"nan","nan","nan"
12178,12.178805,"nan","nan","nan"
12179,12.179808,"nan","nan","nan"
12180,12.180807,"nan","nan","nan"
12181,12.181849,"nan","nan","nan"
12182,12.182812,"nan","nan","nan"
12183,12.183813,"nan","nan","nan"
12184,12.184813,"nan","nan","nan"
12185,12.185813,"nan","nan","nan"
12186,12.186812,"nan","nan","nan"
12187,12.187813,"nan","nan","nan"
12188,12.188812,"nan","nan","nan"
12189,12.189816,"nan","nan","nan"
12190,12.190815,"nan","nan","nan"
12191,12.191815,"nan","nan","nan"
12192,12.192827,"nan","nan","nan"
12193,12.193816,"nan","nan","nan"
12194,12.194816,"nan","nan","nan"
12195,12.195816,"nan","nan","nan"
12196,12.196815,"nan","nan","nan"
12197,12.197816,"nan","nan","nan"
12198,12.198816,"nan","nan","nan"
12199,12.199806,"nan","nan","nan"
12200,12.200807,"nan","nan","nan"
12201,12.201807,"nan","nan","nan"
12202,12.202851,"nan","nan","nan"
12203,12.203814,"nan","nan","nan"
12204,12.204814,"nan","nan","nan"
12205,12.205813,"nan","nan","nan"
12206,12.206814,"nan","nan","nan"
12207,12.207813,"nan","nan","nan"
12208,12.208814,"nan","nan","nan"
12209,12.209817,"nan","nan","nan"
12210,12.210816,"nan","nan","nan"
12211,12.211816,"nan","nan","nan"
12212,12.212817,"nan","nan","nan"
12213,12.213828,"nan","nan","nan"
12214,12.214817,"nan","nan","nan"
12215,12.215816,"nan","nan","nan"
12216,12.216817,"nan","nan","nan"
12217,12.217806,"nan","nan","nan"
12218,12.218805,"nan","nan","nan"
12219,12.219809,"nan","nan","nan"
12220,12.220810,"nan","nan","nan"
12221,12.221811,"nan","nan","nan"
12222,12.222812,"nan","nan","nan"
12223,12.223852,"nan","nan","nan"
12224,12.224814,"nan","nan","nan"
12225,12.225816,"nan","nan","nan"
12226,12.226817,"nan","nan","nan"
12227,12.227806,"nan","nan","nan"
12228,12.228805,"nan","nan","nan"
12229,12.229810,"nan","nan","nan"
12230,12.230811,"nan","nan","nan"
12231,12.231811,"nan","nan","nan"
12232,12.232812,"nan","nan","nan"
12233,12.233811,"nan","nan","nan"
12234,12.234824,"nan","nan","nan"
12235,12.235812,"nan","nan","nan"
12236,12.236813,"nan","nan","nan"
12237,12.237814,"nan","nan","nan"
12238,12.238813,"nan","nan","nan"
12239,12.239817,"nan","nan","nan"
12240,12.240806,"nan","nan","nan"
12241,12.241806,"nan","nan","nan"
12242,12.242806,"nan","nan","nan"
12243,12.243807,"nan","nan","nan"
12244,12.244847,"nan","nan","nan"
12245,12.245811,"nan","nan","nan"
12246,12.246811,"nan","nan","nan"
12247,12.247810,"nan","nan","nan"
12248,12.248811,"nan","nan","nan"
12249,12.249814,"nan","nan","nan"
12250,12.250814,"nan","nan","nan"
12251,12.251814,"nan","nan","nan"
12252,12.252814,"nan","nan","nan"
12253,12.253813,"nan","nan","nan"
12254,12.254814,"nan","nan","nan"
12255,12.255829,"nan","nan","nan"
12256,12.256817,"nan","nan","nan"
12257,12.257804,"nan","nan","nan"
12258,12.258816,"nan","nan","nan"
12259,12.259807,"nan","nan","nan"
12260,12.260807,"nan","nan","nan"
12261,12.261806,"nan","nan","nan"
12262,12.262807,"nan","nan","nan"
12263,12.263808,"nan","nan","nan"
12264,12.264807,"nan","nan","nan"
12265,12.265833,"nan","nan","nan"
12266,12.266831,"nan","nan","nan"
12267,12.267808,"nan","nan","nan"
12268,12.268808,"nan","nan","nan"
12269,12.269811,"nan","nan","nan"
12270,12.270811,"nan","nan","nan"
12271,12.271810,"nan","nan","nan"
12272,12.272811,"nan","nan","nan"
12273,12.273812,"nan","nan","nan"
12274,12.274811,"nan","nan","nan"
12275,12.275812,"nan","nan","nan"
12276,12.276826,"nan","nan","nan"
12277,12.277813,"nan","nan","nan"
12278,12.278814,"nan","nan","nan"
12279,12.279817,"nan","nan","nan"
12280,12.280805,"nan","nan","nan"
12281,12.281806,"nan","nan","nan"
12282,12.282807,"nan","nan","nan"
12283,12.283808,"nan","nan","nan"
12284,12.284809,"nan","nan","nan"
12285,12.285824,"nan","nan","nan"
12286,12.286839,"nan","nan","nan"
12287,12.287821,"nan","nan","nan"
12288,12.288810,"nan","nan","nan"
12289,12.289814,"nan","nan","nan"
12290,12.290814,"nan","nan","nan"
12291,12.291814,"nan","nan","nan"
12292,12.292815,"nan","nan","nan"
12293,12.293816,"nan","nan","nan"
12294,12.294817,"nan","nan","nan"
12295,12.295804,"nan","nan","nan"
12296,12.296806,"nan","nan","nan"
12297,12.297858,"nan","nan","nan"
12298,12.298809,"nan","nan","nan"
12299,12.299814,"nan","nan","nan"
12300,12.300813,"nan","nan","nan"
12301,12.301815,"nan","nan","nan"
12302,12.302815,"nan","nan","nan"
12303,12.303815,"nan","nan","nan"
12304,12.304816,"nan","nan","nan"
12305,12.305817,"nan","nan","nan"
12306,12.306817,"nan","nan","nan"
12307,12.307818,"nan","nan","nan"
12308,12.308823,"nan","nan","nan"
12309,12.309816,"nan","nan","nan"
12310,12.310814,"nan","nan","nan"
12311,12.311815,"nan","nan","nan"
12312,12.312814,"nan","nan","nan"
12313,12.313814,"nan","nan","nan"
12314,12.314814,"nan","nan","nan"
12315,12.315813,"nan","nan","nan"
12316,12.316813,"nan","nan","nan"
12317,12.317814,"nan","nan","nan"
12318,12.318860,"nan","nan","nan"
12319,12.319814,"nan","nan","nan"
12320,12.320814,"nan","nan","nan"
12321,12.321814,"nan","nan","nan"
12322,12.322815,"nan","nan","nan"
12323,12.323815,"nan","nan","nan"
12324,12.324814,"nan","nan","nan"
12325,12.325815,"nan","nan","nan"
12326,12.326815,"nan","nan","nan"
12327,12.327815,"nan","nan","nan"
12328,12.328815,"nan","nan","nan"
12329,12.329824,"nan","nan","nan"
12330,12.330812,"nan","nan","nan"
12331,12.331812,"nan","nan","nan"
12332,12.332812,"nan","nan","nan"
12333,12.333812,"nan","nan","nan"
12334,12.334812,"nan","nan","nan"
12335,12.335812,"nan","nan","nan"
12336,12.336827,"nan","nan","nan"
12337,12.337815,"nan","nan","nan"
12338,12.338815,"nan","nan","nan"
12339,12.339832,"nan","nan","nan"
12340,12.340807,"nan","nan","nan"
12341,12.341808,"nan","nan","nan"
12342,12.342808,"nan","nan","nan"
12343,12.343807,"nan","nan","nan"
12344,12.344807,"nan","nan","nan"
12345,12.345808,"nan","nan","nan"
12346,12.346808,"nan","nan","nan"
12347,12.347809,"nan","nan","nan"
12348,12.348809,"nan","nan","nan"
12349,12.349839,"nan","nan","nan"
12350,12.350827,"nan","nan","nan"
12351,12.351816,"nan","nan","nan"
12352,12.352817,"nan","nan","nan"
12353,12.353805,"nan","nan","nan"
12354,12.354818,"nan","nan","nan"
12355,12.355806,"nan","nan","nan"
12356,12.356807,"nan","nan","nan"
12357,12.357807,"nan","nan","nan"
12358,12.358808,"nan","nan","nan"
12359,12.359812,"nan","nan","nan"
12360,12.360863,"nan","nan","nan"
12361,12.361814,"nan","nan","nan"
12362,12.362815,"nan","nan","nan"
12363,12.363814,"nan","nan","nan"
12364,12.364815,"nan","nan","nan"
12365,12.365815,"nan","nan","nan"
12366,12.366816,"nan","nan","nan"
12367,12.367816,"nan","nan","nan"
12368,12.368816,"nan","nan","nan"
12369,12.369807,"nan","nan","nan"
12370,12.370808,"nan","nan","nan"
12371,12.371828,"nan","nan","nan"
12372,12.372817,"nan","nan","nan"
12373,12.373817,"nan","nan","nan"
12374,12.374806,"nan","nan","nan"
12375,12.375806,"nan","nan","nan"
12376,12.376805,"nan","nan","nan"
12377,12.377805,"nan","nan","nan"
12378,12.378817,"nan","nan","nan"
12379,12.379808,"nan","nan","nan"
12380,12.380808,"nan","nan","nan"
12381,12.381865,"nan","nan","nan"
12382,12.382814,"nan","nan","nan"
12383,12.383815,"nan","nan","nan"
12384,12.384815,"nan","nan","nan"
12385,12.385815,"nan","nan","nan"
12386,12.386815,"nan","nan","nan"
12387,12.387814,"nan","nan","nan"
12388,12.388814,"nan","nan","nan"
12389,12.389806,"nan","nan","nan"
12390,12.390805,"nan","nan","nan"
12391,12.391806,"nan","nan","nan"
12392,12.392822,"nan","nan","nan"
12393,12.393810,"nan","nan","nan"
12394,12.394821,"nan","nan","nan"
12395,12.395809,"nan","nan","nan"
12396,12.396810,"nan","nan","nan"
12397,12.397811,"nan","nan","nan"
12398,12.398810,"nan","nan","nan"
12399,12.399814,"nan","nan","nan"
12400,12.400814,"nan","nan","nan"
12401,12.401813,"nan","nan","nan"
12402,12.402828,"nan","nan","nan"
12403,12.403815,"nan","nan","nan"
12404,12.404816,"nan","nan","nan"
12405,12.405815,"nan","nan","nan"
12406,12.406815,"nan","nan","nan"
12407,12.407815,"nan","nan","nan"
12408,12.408815,"nan","nan","nan"
12409,12.409805,"nan","nan","nan"
12410,12.410806,"nan","nan","nan"
12411,12.411806,"nan","nan","nan"
12412,12.412807,"nan","nan","nan"
12413,12.413829,"nan","nan","nan"
12414,12.414804,"nan","nan","nan"
12415,12.415806,"nan","nan","nan"
12416,12.416807,"nan","nan","nan"
12417,12.417807,"nan","nan","nan"
12418,12.418807,"nan","nan","nan"
12419,12.419810,"nan","nan","nan"
12420,12.420811,"nan","nan","nan"
12421,12.421812,"nan","nan","nan"
12422,12.422812,"nan","nan","nan"
12423,12.423820,"nan","nan","nan"
12424,12.424808,"nan","nan","nan"
12425,12.425810,"nan","nan","nan"
12426,12.426811,"nan","nan","nan"
12427,12.427811,"nan","nan","nan"
12428,12.428811,"nan","nan","nan"
12429,12.429815,"nan","nan","nan"
12430,12.430815,"nan","nan","nan"
12431,12.431816,"nan","nan","nan"
12432,12.432816,"nan","nan","nan"
12433,12.433841,"nan","nan","nan"
12434,12.434823,"nan","nan","nan"
12435,12.435811,"nan","nan","nan"
12436,12.436811,"nan","nan","nan"
12437,12.437812,"nan","nan","nan"
12438,12.438813,"nan","nan","nan"
12439,12.439815,"nan","nan","nan"
12440,12.440816,"nan","nan","nan"
12441,12.441817,"nan","nan","nan"
12442,12.442816,"nan","nan","nan"
12443,12.443815,"nan","nan","nan"
12444,12.444875,"nan","nan","nan"
12445,12.445813,"nan","nan","nan"
12446,12.446813,"nan","nan","nan"
12447,12.447813,"nan","nan","nan"
12448,12.448814,"nan","nan","nan"
12449,12.449816,"nan","nan","nan"
12450,12.450816,"nan","nan","nan"
12451,12.451815,"nan","nan","nan"
12452,12.452816,"nan","nan","nan"
12453,12.453816,"nan","nan","nan"
12454,12.454831,"nan","nan","nan"
12455,12.455833,"nan","nan","nan"
12456,12.456809,"nan","nan","nan"
12457,12.457810,"nan","nan","nan"
12458,12.458810,"nan","nan","nan"
12459,12.459812,"nan","nan","nan"
12460,12.460812,"nan","nan","nan"
12461,12.461812,"nan","nan","nan"
12462,12.462813,"nan","nan","nan"
12463,12.463812,"nan","nan","nan"
12464,12.464812,"nan","nan","nan"
12465,12.465871,"nan","nan","nan"
12466,12.466809,"nan","nan","nan"
12467,12.467809,"nan","nan","nan"
12468,12.468810,"nan","nan","nan"
12469,12.469814,"nan","nan","nan"
12470,12.470813,"nan","nan","nan"
12471,12.471813,"nan","nan","nan"
12472,12.472812,"nan","nan","nan"
12473,12.473813,"nan","nan","nan"
12474,12.474813,"nan","nan","nan"
12475,12.475813,"nan","nan","nan"
12476,12.476823,"nan","nan","nan"
12477,12.477812,"nan","nan","nan"
12478,12.478813,"nan","nan","nan"
12479,12.479817,"nan","nan","nan"
12480,12.480805,"nan","nan","nan"
12481,12.481805,"nan","nan","nan"
12482,12.482806,"nan","nan","nan"
12483,12.483807,"nan","nan","nan"
12484,12.484808,"nan","nan","nan"
12485,12.485809,"nan","nan","nan"
12486,12.486889,"nan","nan","nan"
12487,12.487814,"nan","nan","nan"
12488,12.488816,"nan","nan","nan"
12489,12.489807,"nan","nan","nan"
12490,12.490808,"nan","nan","nan"
12491,12.491808,"nan","nan","nan"
12492,12.492809,"nan","nan","nan"
12493,12.493810,"nan","nan","nan"
12494,12.494811,"nan","nan","nan"
12495,12.495811,"nan","nan","nan"
12496,12.496811,"nan","nan","nan"
12497,12.497826,"nan","nan","nan"
12498,12.498815,"nan","nan","nan"
12499,12.499806,"nan","nan","nan"
12500,12.500806,"nan","nan","nan"
12501,12.501807,"nan","nan","nan"
12502,12.502808,"nan","nan","nan"
12503,12.503808,"nan","nan","nan"
12504,12.504834,"nan","nan","nan"
12505,12.505826,"nan","nan","nan"
12506,12.506814,"nan","nan","nan"
12507,12.507880,"nan","nan","nan"
12508,12.508805,"nan","nan","nan"
12509,12.509810,"nan","nan","nan"
12510,12.510808,"nan","nan","nan"
12511,12.511810,"nan","nan","nan"
12512,12.512810,"nan","nan","nan"
12513,12.513810,"nan","nan","nan"
12514,12.514809,"nan","nan","nan"
12515,12.515809,"nan","nan","nan"
12516,12.516809,"nan","nan","nan"
12517,12.517810,"nan","nan","nan"
12518,12.518826,"nan","nan","nan"
12519,12.519804,"nan","nan","nan"
12520,12.520805,"nan","nan","nan"
12521,12.521817,"nan","nan","nan"
12522,12.522818,"nan","nan","nan"
12523,12.523806,"nan","nan","nan"
12524,12.524805,"nan","nan","nan"
12525,12.525806,"nan","nan","nan"
12526,12.526818,"nan","nan","nan"
12527,12.527806,"nan","nan","nan"
12528,12.528830,"nan","nan","nan"
12529,12.529808,"nan","nan","nan"
12530,12.530809,"nan","nan","nan"
12531,12.531809,"nan","nan","nan"
12532,12.532810,"nan","nan","nan"
12533,12.533810,"nan","nan","nan"
12534,12.534809,"nan","nan","nan"
12535,12.535810,"nan","nan","nan"
12536,12.536811,"nan","nan","nan"
12537,12.537810,"nan","nan","nan"
12538,12.538810,"nan","nan","nan"
12539,12.539827,"nan","nan","nan"
12540,12.540815,"nan","nan","nan"
12541,12.541815,"nan","nan","nan"
12542,12.542816,"nan","nan","nan"
12543,12.543817,"nan","nan","nan"
12544,12.544805,"nan","nan","nan"
12545,12.545817,"nan","nan","nan"
12546,12.546805,"nan","nan","nan"
12547,12.547806,"nan","nan","nan"
12548,12.548806,"nan","nan","nan"
12549,12.549926,"nan","nan","nan"
12550,12.550814,"nan","nan","nan"
12551,12.551816,"nan","nan","nan"
12552,12.552816,"nan","nan","nan"
12553,12.553817,"nan","nan","nan"
12554,12.554805,"nan","nan","nan"
12555,12.555806,"nan","nan","nan"
12556,12.556806,"nan","nan","nan"
12557,12.557807,"nan","nan","nan"
12558,12.558807,"nan","nan","nan"
12559,12.559830,"nan","nan","nan"
12560,12.560832,"nan","nan","nan"
12561,12.561808,"nan","nan","nan"
12562,12.562809,"nan","nan","nan"
12563,12.563809,"nan","nan","nan"
12564,12.564809,"nan","nan","nan"
12565,12.565810,"nan","nan","nan"
12566,12.566811,"nan","nan","nan"
12567,12.567812,"nan","nan","nan"
12568,12.568811,"nan","nan","nan"
12569,12.569815,"nan","nan","nan"
12570,12.570879,"nan","nan","nan"
12571,12.571817,"nan","nan","nan"
12572,12.572805,"nan","nan","nan"
12573,12.573805,"nan","nan","nan"
12574,12.574817,"nan","nan","nan"
12575,12.575817,"nan","nan","nan"
12576,12.576806,"nan","nan","nan"
12577,12.577805,"nan","nan","nan"
12578,12.578806,"nan","nan","nan"
12579,12.579808,"nan","nan","nan"
12580,12.580809,"nan","nan","nan"
12581,12.581824,"nan","nan","nan"
12582,12.582812,"nan","nan","nan"
12583,12.583812,"nan","nan","nan"
12584,12.584813,"nan","nan","nan"
12585,12.585813,"nan","nan","nan"
12586,12.586813,"nan","nan","nan"
12587,12.587811,"nan","nan","nan"
12588,12.588812,"nan","nan","nan"
12589,12.589816,"nan","nan","nan"
12590,12.590816,"nan","nan","nan"
12591,12.591881,"nan","nan","nan"
12592,12.592806,"nan","nan","nan"
12593,12.593806,"nan","nan","nan"
12594,12.594806,"nan","nan","nan"
12595,12.595807,"nan","nan","nan"
12596,12.596806,"nan","nan","nan"
12597,12.597807,"nan","nan","nan"
12598,12.598806,"nan","nan","nan"
12599,12.599809,"nan","nan","nan"
12600,12.600809,"nan","nan","nan"
12601,12.601809,"nan","nan","nan"
12602,12.602831,"nan","nan","nan"
12603,12.603806,"nan","nan","nan"
12604,12.604806,"nan","nan","nan"
12605,12.605805,"nan","nan","nan"
12606,12.606806,"nan","nan","nan"
12607,12.607807,"nan","nan","nan"
12608,12.608807,"nan","nan","nan"
12609,12.609810,"nan","nan","nan"
12610,12.610811,"nan","nan","nan"
12611,12.611811,"nan","nan","nan"
12612,12.612884,"nan","nan","nan"
12613,12.613809,"nan","nan","nan"
12614,12.614811,"nan","nan","nan"
12615,12.615812,"nan","nan","nan"
12616,12.616812,"nan","nan","nan"
12617,12.617812,"nan","nan","nan"
12618,12.618813,"nan","nan","nan"
12619,12.619823,"nan","nan","nan"
12620,12.620810,"nan","nan","nan"
12621,12.621812,"nan","nan","nan"
12622,12.622813,"nan","nan","nan"
12623,12.623829,"nan","nan","nan"
12624,12.624805,"nan","nan","nan"
12625,12.625807,"nan","nan","nan"
12626,12.626808,"nan","nan","nan"
12627,12.627808,"nan","nan","nan"
12628,12.628809,"nan","nan","nan"
12629,12.629813,"nan","nan","nan"
12630,12.630812,"nan","nan","nan"
12631,12.631813,"nan","nan","nan"
12632,12.632815,"nan","nan","nan"
12633,12.633854,"nan","nan","nan"
12634,12.634811,"nan","nan","nan"
12635,12.635811,"nan","nan","nan"
12636,12.636812,"nan","nan","nan"
12637,12.637813,"nan","nan","nan"
12638,12.638812,"nan","nan","nan"
12639,12.639815,"nan","nan","nan"
12640,12.640814,"nan","nan","nan"
12641,12.641815,"nan","nan","nan"
12642,12.642814,"nan","nan","nan"
12643,12.643814,"nan","nan","nan"
12644,12.644824,"nan","nan","nan"
12645,12.645811,"nan","nan","nan"
12646,12.646811,"nan","nan","nan"
12647,12.647811,"nan","nan","nan"
12648,12.648811,"nan","nan","nan"
12649,12.649813,"nan","nan","nan"
12650,12.650814,"nan","nan","nan"
12651,12.651814,"nan","nan","nan"
12652,12.652814,"nan","nan","nan"
12653,12.653814,"nan","nan","nan"
12654,12.654879,"nan","nan","nan"
12655,12.655806,"nan","nan","nan"
12656,12.656807,"nan","nan","nan"
12657,12.657807,"nan","nan","nan"
12658,12.658806,"nan","nan","nan"
12659,12.659809,"nan","nan","nan"
12660,12.660810,"nan","nan","nan"
12661,12.661810,"nan","nan","nan"
12662,12.662810,"nan","nan","nan"
12663,12.663809,"nan","nan","nan"
12664,12.664810,"nan","nan","nan"
12665,12.665831,"nan","nan","nan"
12666,12.666806,"nan","nan","nan"
12667,12.667805,"nan","nan","nan"
12668,12.668806,"nan","nan","nan"
12669,12.669810,"nan","nan","nan"
12670,12.670902,"nan","nan","nan"
12671,12.671814,"nan","nan","nan"
12672,12.672815,"nan","nan","nan"
12673,12.673814,"nan","nan","nan"
12674,12.674815,"nan","nan","nan"
12675,12.675841,"nan","nan","nan"
12676,12.676824,"nan","nan","nan"
12677,12.677813,"nan","nan","nan"
12678,12.678813,"nan","nan","nan"
12679,12.679817,"nan","nan","nan"
12680,12.680805,"nan","nan","nan"
12681,12.681806,"nan","nan","nan"
12682,12.682805,"nan","nan","nan"
12683,12.683806,"nan","nan","nan"
12684,12.684806,"nan","nan","nan"
12685,12.685807,"nan","nan","nan"
12686,12.686888,"nan","nan","nan"
12687,12.687814,"nan","nan","nan"
12688,12.688815,"nan","nan","nan"
12689,12.689805,"nan","nan","nan"
12690,12.690806,"nan","nan","nan"
12691,12.691805,"nan","nan","nan"
12692,12.692807,"nan","nan","nan"
12693,12.693808,"nan","nan","nan"
12694,12.694808,"nan","nan","nan"
12695,12.695809,"nan","nan","nan"
12696,12.696810,"nan","nan","nan"
12697,12.697832,"nan","nan","nan"
12698,12.698809,"nan","nan","nan"
12699,12.699812,"nan","nan","nan"
12700,12.700813,"nan","nan","nan"
12701,12.701813,"nan","nan","nan"
12702,12.702813,"nan","nan","nan"
12703,12.703813,"nan","nan","nan"
12704,12.704813,"nan","nan","nan"
12705,12.705813,"nan","nan","nan"
12706,12.706813,"nan","nan","nan"
12707,12.707890,"nan","nan","nan"
12708,12.708815,"nan","nan","nan"
12709,12.709807,"nan","nan","nan"
12710,12.710805,"nan","nan","nan"
12711,12.711807,"nan","nan","nan"
12712,12.712807,"nan","nan","nan"
12713,12.713807,"nan","nan","nan"
12714,12.714807,"nan","nan","nan"
12715,12.715806,"nan","nan","nan"
12716,12.716806,"nan","nan","nan"
12717,12.717807,"nan","nan","nan"
12718,12.718822,"nan","nan","nan"
12719,12.719813,"nan","nan","nan"
12720,12.720813,"nan","nan","nan"
12721,12.721812,"nan","nan","nan"
12722,12.722813,"nan","nan","nan"
12723,12.723813,"nan","nan","nan"
12724,12.724812,"nan","nan","nan"
12725,12.725813,"nan","nan","nan"
12726,12.726812,"nan","nan","nan"
12727,12.727812,"nan","nan","nan"
12728,12.728893,"nan","nan","nan"
12729,12.729825,"nan","nan","nan"
12730,12.730811,"nan","nan","nan"
12731,12.731813,"nan","nan","nan"
12732,12.732813,"nan","nan","nan"
12733,12.733813,"nan","nan","nan"
12734,12.734813,"nan","nan","nan"
12735,12.735812,"nan","nan","nan"
12736,12.736813,"nan","nan","nan"
12737,12.737813,"nan","nan","nan"
12738,12.738813,"nan","nan","nan"
12739,12.739823,"nan","nan","nan"
12740,12.740812,"nan","nan","nan"
12741,12.741814,"nan","nan","nan"
12742,12.742815,"nan","nan","nan"
12743,12.743815,"nan","nan","nan"
12744,12.744815,"nan","nan","nan"
12745,12.745814,"nan","nan","nan"
12746,12.746816,"nan","nan","nan"
12747,12.747817,"nan","nan","nan"
12748,12.748806,"nan","nan","nan"
12749,12.749947,"nan","nan","nan"
12750,12.750811,"nan","nan","nan"
12751,12.751812,"nan","nan","nan"
12752,12.752813,"nan","nan","nan"
12753,12.753813,"nan","nan","nan"
12754,12.754812,"nan","nan","nan"
12755,12.755814,"nan","nan","nan"
12756,12.756815,"nan","nan","nan"
12757,12.757815,"nan","nan","nan"
12758,12.758816,"nan","nan","nan"
12759,12.759807,"nan","nan","nan"
12760,12.760821,"nan","nan","nan"
12761,12.761810,"nan","nan","nan"
12762,12.762811,"nan","nan","nan"
12763,12.763811,"nan","nan","nan"
12764,12.764811,"nan","nan","nan"
12765,12.765812,"nan","nan","nan"
12766,12.766812,"nan","nan","nan"
12767,12.767813,"nan","nan","nan"
12768,12.768813,"nan","nan","nan"
12769,12.769815,"nan","nan","nan"
12770,12.770854,"nan","nan","nan"
12771,12.771811,"nan","nan","nan"
12772,12.772811,"nan","nan","nan"
12773,12.773810,"nan","nan","nan"
12774,12.774811,"nan","nan","nan"
12775,12.775812,"nan","nan","nan"
12776,12.776811,"nan","nan","nan"
12777,12.777811,"nan","nan","nan"
12778,12.778811,"nan","nan","nan"
12779,12.779814,"nan","nan","nan"
12780,12.780840,"nan","nan","nan"
12781,12.781828,"nan","nan","nan"
12782,12.782816,"nan","nan","nan"
12783,12.783817,"nan","nan","nan"
12784,12.784816,"nan","nan","nan"
12785,12.785817,"nan","nan","nan"
12786,12.786816,"nan","nan","nan"
12787,12.787816,"nan","nan","nan"
12788,12.788814,"nan","nan","nan"
12789,12.789806,"nan","nan","nan"
12790,12.790806,"nan","nan","nan"
12791,12.791832,"nan","nan","nan"
12792,12.792825,"nan","nan","nan"
12793,12.793813,"nan","nan","nan"
12794,12.794813,"nan","nan","nan"
12795,12.795812,"nan","nan","nan"
12796,12.796812,"nan","nan","nan"
12797,12.797811,"nan","nan","nan"
12798,12.798812,"nan","nan","nan"
12799,12.799816,"nan","nan","nan"
12800,12.800815,"nan","nan","nan"
12801,12.801816,"nan","nan","nan"
12802,12.802825,"nan","nan","nan"
12803,12.803812,"nan","nan","nan"
12804,12.804813,"nan","nan","nan"
12805,12.805813,"nan","nan","nan"
12806,12.806814,"nan","nan","nan"
12807,12.807813,"nan","nan","nan"
12808,12.808815,"nan","nan","nan"
12809,12.809806,"nan","nan","nan"
12810,12.810807,"nan","nan","nan"
12811,12.811806,"nan","nan","nan"
12812,12.812808,"nan","nan","nan"
12813,12.813822,"nan","nan","nan"
12814,12.814811,"nan","nan","nan"
12815,12.815811,"nan","nan","nan"
12816,12.816810,"nan","nan","nan"
12817,12.817812,"nan","nan","nan"
12818,12.818813,"nan","nan","nan"
12819,12.819816,"nan","nan","nan"
12820,12.820817,"nan","nan","nan"
12821,12.821817,"nan","nan","nan"
12822,12.822817,"nan","nan","nan"
12823,12.823851,"nan","nan","nan"
12824,12.824813,"nan","nan","nan"
12825,12.825814,"nan","nan","nan"
12826,12.826813,"nan","nan","nan"
12827,12.827815,"nan","nan","nan"
12828,12.828815,"nan","nan","nan"
12829,12.829807,"nan","nan","nan"
12830,12.830806,"nan","nan","nan"
12831,12.831808,"nan","nan","nan"
12832,12.832809,"nan","nan","nan"
12833,12.833809,"nan","nan","nan"
12834,12.834828,"nan","nan","nan"
12835,12.835826,"nan","nan","nan"
12836,12.836813,"nan","nan","nan"
12837,12.837813,"nan","nan","nan"
12838,12.838813,"nan","nan","nan"
12839,12.839816,"nan","nan","nan"
12840,12.840816,"nan","nan","nan"
12841,12.841815,"nan","nan","nan"
12842,12.842816,"nan","nan","nan"
12843,12.843815,"nan","nan","nan"
12844,12.844841,"nan","nan","nan"
12845,12.845826,"nan","nan","nan"
12846,12.846814,"nan","nan","nan"
12847,12.847814,"nan","nan","nan"
12848,12.848814,"nan","nan","nan"
12849,12.849804,"nan","nan","nan"
12850,12.850805,"nan","nan","nan"
12851,12.851817,"nan","nan","nan"
12852,12.852817,"nan","nan","nan"
12853,12.853806,"nan","nan","nan"
12854,12.854805,"nan","nan","nan"
12855,12.855857,"nan","nan","nan"
12856,12.856811,"nan","nan","nan"
12857,12.857811,"nan","nan","nan"
12858,12.858812,"nan","nan","nan"
12859,12.859815,"nan","nan","nan"
12860,12.860814,"nan","nan","nan"
12861,12.861815,"nan","nan","nan"
12862,12.862814,"nan","nan","nan"
12863,12.863815,"nan","nan","nan"
12864,12.864813,"nan","nan","nan"
12865,12.865814,"nan","nan","nan"
12866,12.866823,"nan","nan","nan"
12867,12.867813,"nan","nan","nan"
12868,12.868814,"nan","nan","nan"
12869,12.869817,"nan","nan","nan"
12870,12.870817,"nan","nan","nan"
12871,12.871805,"nan","nan","nan"
12872,12.872806,"nan","nan","nan"
12873,12.873806,"nan","nan","nan"
12874,12.874808,"nan","nan","nan"
12875,12.875808,"nan","nan","nan"
12876,12.876835,"nan","nan","nan"
12877,12.877830,"nan","nan","nan"
12878,12.878806,"nan","nan","nan"
12879,12.879810,"nan","nan","nan"
12880,12.880811,"nan","nan","nan"
12881,12.881811,"nan","nan","nan"
12882,12.882812,"nan","nan","nan"
12883,12.883811,"nan","nan","nan"
12884,12.884812,"nan","nan","nan"
12885,12.885813,"nan","nan","nan"
12886,12.886814,"nan","nan","nan"
12887,12.887830,"nan","nan","nan"
12888,12.888881,"nan","nan","nan"
12889,12.889810,"nan","nan","nan"
12890,12.890811,"nan","nan","nan"
12891,12.891812,"nan","nan","nan"
12892,12.892812,"nan","nan","nan"
12893,12.893812,"nan","nan","nan"
12894,12.894813,"nan","nan","nan"
12895,12.895814,"nan","nan","nan"
12896,12.896814,"nan","nan","nan"
12897,12.897815,"nan","nan","nan"
12898,12.898829,"nan","nan","nan"
12899,12.899808,"nan","nan","nan"
12900,12.900807,"nan","nan","nan"
12901,12.901807,"nan","nan","nan"
12902,12.902806,"nan","nan","nan"
12903,12.903807,"nan","nan","nan"
12904,12.904806,"nan","nan","nan"
12905,12.905807,"nan","nan","nan"
12906,12.906805,"nan","nan","nan"
12907,12.907807,"nan","nan","nan"
12908,12.908824,"nan","nan","nan"
12909,12.909815,"nan","nan","nan"
12910,12.910815,"nan","nan","nan"
12911,12.911815,"nan","nan","nan"
12912,12.912814,"nan","nan","nan"
12913,12.913815,"nan","nan","nan"
12914,12.914815,"nan","nan","nan"
12915,12.915815,"nan","nan","nan"
12916,12.916815,"nan","nan","nan"
12917,12.917814,"nan","nan","nan"
12918,12.918815,"nan","nan","nan"
12919,12.919831,"nan","nan","nan"
12920,12.920808,"nan","nan","nan"
12921,12.921806,"nan","nan","nan"
12922,12.922807,"nan","nan","nan"
12923,12.923807,"nan","nan","nan"
12924,12.924807,"nan","nan","nan"
12925,12.925807,"nan","nan","nan"
12926,12.926807,"nan","nan","nan"
12927,12.927807,"nan","nan","nan"
12928,12.928807,"nan","nan","nan"
12929,12.929908,"nan","nan","nan"
12930,12.930806,"nan","nan","nan"
12931,12.931808,"nan","nan","nan"
12932,12.932808,"nan","nan","nan"
12933,12.933808,"nan","nan","nan"
12934,12.934809,"nan","nan","nan"
12935,12.935808,"nan","nan","nan"
12936,12.936809,"nan","nan","nan"
12937,12.937810,"nan","nan","nan"
12938,12.938811,"nan","nan","nan"
12939,12.939814,"nan","nan","nan"
12940,12.940886,"nan","nan","nan"
12941,12.941812,"nan","nan","nan"
12942,12.942813,"nan","nan","nan"
12943,12.943813,"nan","nan","nan"
12944,12.944814,"nan","nan","nan"
12945,12.945814,"nan","nan","nan"
12946,12.946814,"nan","nan","nan"
12947,12.947814,"nan","nan","nan"
12948,12.948815,"nan","nan","nan"
12949,12.949805,"nan","nan","nan"
12950,12.950821,"nan","nan","nan"
12951,12.951809,"nan","nan","nan"
12952,12.952810,"nan","nan","nan"
12953,12.953811,"nan","nan","nan"
12954,12.954811,"nan","nan","nan"
12955,12.955811,"nan","nan","nan"
12956,12.956812,"nan","nan","nan"
12957,12.957813,"nan","nan","nan"
12958,12.958813,"nan","nan","nan"
12959,12.959817,"nan","nan","nan"
12960,12.960831,"nan","nan","nan"
12961,12.961833,"nan","nan","nan"
12962,12.962809,"nan","nan","nan"
12963,12.963809,"nan","nan","nan"
12964,12.964809,"nan","nan","nan"
12965,12.965810,"nan","nan","nan"
12966,12.966811,"nan","nan","nan"
12967,12.967810,"nan","nan","nan"
12968,12.968810,"nan","nan","nan"
12969,12.969814,"nan","nan","nan"
12970,12.970813,"nan","nan","nan"
12971,12.971826,"nan","nan","nan"
12972,12.972814,"nan","nan","nan"
12973,12.973815,"nan","nan","nan"
12974,12.974813,"nan","nan","nan"
12975,12.975814,"nan","nan","nan"
12976,12.976815,"nan","nan","nan"
12977,12.977814,"nan","nan","nan"
12978,12.978814,"nan","nan","nan"
12979,12.979805,"nan","nan","nan"
12980,12.980817,"nan","nan","nan"
12981,12.981844,"nan","nan","nan"
12982,12.982830,"nan","nan","nan"
12983,12.983806,"nan","nan","nan"
12984,12.984806,"nan","nan","nan"
12985,12.985806,"nan","nan","nan"
12986,12.986806,"nan","nan","nan"
12987,12.987807,"nan","nan","nan"
12988,12.988806,"nan","nan","nan"
12989,12.989809,"nan","nan","nan"
12990,12.990809,"nan","nan","nan"
12991,12.991809,"nan","nan","nan"
12992,12.992938,"nan","nan","nan"
