Index,Time,debug_PWM_A,debug_PWM_B,debug_PWM_C,debug_IA,debug_IB,debug_IC,pos_estimate_debug
0,0.000000,0,0,0,0,0,0,0
1,0.001894,0,0,0,0,0,0,0
2,0.002586,0,0,0,0,0,0,0
3,0.003694,0,0,0,0,0,0,0
4,0.004676,0,0,0,0,0,0,-0.0963750035
5,0.005701,0,0,0,0,0,0,-0.136837497
6,0.006684,0,0,0,0,0,0,-0.134271085
7,0.007694,0,0,0,0,0,0,-0.131099984
8,0.008677,0,0,0,0,0,0,-0.129168704
9,0.009700,0,0,0,0,0,0,-0.128046036
10,0.010696,0,0,0,0,0,0,-0.127490565
11,0.011680,0,0,0,0,0,0,-0.127185881
12,0.012689,0,0,0,0,0,0,-0.127066359
13,0.013684,0,0,0,0,0,0,-0.126965597
14,0.014694,0,0,0,0,0,0,-0.126944497
15,0.015682,0,0,0,0,0,0,-0.1269117
16,0.016691,0,0,0,0,0,0,-0.126902342
17,0.017674,0,0,0,0,0,0,-0.126937509
18,0.018697,0,0,0,0,0,0,-0.126900017
19,0.019751,0,0,0,0,0,0,-0.126900017
20,0.020685,0,0,0,0,0,0,-0.126900017
21,0.021694,0,0,0,0,0,0,-0.126900017
22,0.022677,0,0,0,0,0,0,-0.126900017
23,0.023686,0,0,0,0,0,0,-0.126900017
24,0.024682,0,0,0,0,0,0,-0.126900017
25,0.025694,0,0,0,0,0,0,-0.126900017
26,0.026676,0,0,0,0,0,0,-0.126900017
27,0.027699,0,0,0,0,0,0,-0.126900017
28,0.028683,0,0,0,0,0,0,-0.126900017
29,0.029691,0,0,0,0,0,0,-0.126900017
30,0.030694,0,0,0,0,0,0,-0.126900017
31,0.031681,0,0,0,0,0,0,-0.126900017
32,0.032690,0,0,0,0,0,0,-0.126900017
33,0.033685,0,0,0,0,0,0,-0.126900017
34,0.034693,0,0,0,0,0,0,-0.126900017
35,0.035680,0,0,0,0,0,0,-0.126900017
36,0.036689,0,0,0,0,0,0,-0.126900017
37,0.037683,0,0,0,0,0,0,-0.126900017
38,0.038691,0,0,0,0,0,0,-0.126900017
39,0.039675,0,0,0,0,0,0,-0.126900017
40,0.040696,0,0,0,0,0,0,-0.126900017
41,0.041720,0,0,0,0,0,0,-0.126900017
42,0.042681,0,0,0,0,0,0,-0.126900017
43,0.043690,0,0,0,0,0,0,-0.126900017
44,0.044685,0,0,0,0,0,0,-0.126900017
45,0.045697,0,0,0,0,0,0,-0.126900017
46,0.046679,0,0,0,0,0,0,-0.126900017
47,0.047687,0,0,0,0,0,0,-0.126900017
48,0.048683,0,0,0,0,0,0,-0.126900017
49,0.049692,0,0,0,0,0,0,-0.126900017
50,0.050674,0,0,0,0,0,0,-0.126900017
51,0.051697,0,0,0,0,0,0,-0.126900017
52,0.052719,0,0,0,0,0,0,-0.126900017
53,0.053681,0,0,0,0,0,0,-0.126900017
54,0.054690,0,0,0,0,0,0,-0.126900017
55,0.055676,0,0,0,0,0,0,-0.126900017
56,0.056699,0,0,0,0,0,0,-0.126900017
57,0.057681,0,0,0,0,0,0,-0.126900017
58,0.058689,0,0,0,0,0,0,-0.126900017
59,0.059685,0,0,0,0,0,0,-0.126900017
60,0.060690,0,0,0,0,0,0,-0.126900017
61,0.061700,0,0,0,0,0,0,-0.126900017
62,0.062682,0,0,0,0,0,0,-0.126900017
63,0.063697,0,0,0,0,0,0,-0.126900017
64,0.064684,0,0,0,0,0,0,-0.126900017
65,0.065697,0,0,0,0,0,0,-0.126900017
66,0.066681,0,0,0,0,0,0,-0.126900017
67,0.067689,0,0,0,0,0,0,-0.126900017
68,0.068673,0,0,0,0,0,0,-0.126900017
69,0.069694,0,0,0,0,0,0,-0.126900017
70,0.070677,0,0,0,0,0,0,-0.126900017
71,0.071699,0,0,0,0,0,0,-0.126900017
72,0.072682,0,0,0,0,0,0,-0.126900017
73,0.073691,0,0,0,0,0,0,-0.126900017
74,0.074693,0,0,0,0,0,0,-0.126900017
75,0.075678,0,0,0,0,0,0,-0.126900017
76,0.076687,0,0,0,0,0,0,-0.126900017
77,0.077682,0,0,0,0,0,0,-0.126900017
78,0.078691,0,0,0,0,0,0,-0.126900017
79,0.079674,0,0,0,0,0,0,-0.126900017
80,0.080697,0,0,0,0,0,0,-0.126900017
81,0.081679,0,0,0,0,0,0,-0.126900017
82,0.082688,0,0,0,0,0,0,-0.126900017
83,0.083684,0,0,0,0,0,0,-0.126900017
84,0.084694,0,0,0,0,0,0,-0.126900017
85,0.085701,0,0,0,0,0,0,-0.126900017
86,0.086685,0,0,0,0,0,0,-0.126900017
87,0.087694,0,0,0,0,0,0,-0.126900017
88,0.088676,0,0,0,0,0,0,-0.126900017
89,0.089699,0,0,0,0,0,0,-0.126900017
90,0.090683,0,0,0,0,0,0,-0.126900017
91,0.091691,0,0,0,0,0,0,-0.126900017
92,0.092675,0,0,0,0,0,0,-0.126900017
93,0.093696,0,0,0,0,0,0,-0.126900017
94,0.094679,0,0,0,0,0,0,-0.126900017
95,0.095690,0,0,0,0,0,0,-0.126900017
96,0.096693,0,0,0,0,0,0,-0.126900017
97,0.097677,0,0,0,0,0,0,-0.126900017
98,0.098698,0,0,0,0,0,0,-0.126900017
99,0.099680,0,0,0,0,0,0,-0.126900017
100,0.100688,0,0,0,0,0,0,-0.126900017
101,0.101683,0,0,0,0,0,0,-0.126900017
102,0.102692,0,0,0,0,0,0,-0.126900017
103,0.103674,0,0,0,0,0,0,-0.126900017
104,0.104696,0,0,0,0,0,0,-0.126900017
105,0.105682,0,0,0,0,0,0,-0.126900017
106,0.106690,0,0,0,0,0,0,-0.126900017
107,0.107721,0,0,0,0,0,0,-0.126900017
108,0.108680,0,0,0,0,0,0,-0.126900017
109,0.109689,0,0,0,0,0,0,-0.126900017
110,0.110673,0,0,0,0,0,0,-0.126900017
111,0.111694,0,0,0,0,0,0,-0.126900017
112,0.112676,0,0,0,0,0,0,-0.126900017
113,0.113699,0,0,0,0,0,0,-0.126900017
114,0.114682,0,0,0,0,0,0,-0.126900017
115,0.115693,0,0,0,0,0,0,-0.126900017
116,0.116676,0,0,0,0,0,0,-0.126900017
117,0.117694,0,0,0,0,0,0,-0.126900017
118,0.118723,0,0,0,0,0,0,-0.126900017
119,0.119678,0,0,0,0,0,0,-0.126900017
120,0.120686,0,0,0,0,0,0,-0.126900017
121,0.121682,0,0,0,0,0,0,-0.126900017
122,0.122691,0,0,0,0,0,0,-0.126900017
123,0.123673,0,0,0,0,0,0,-0.126900017
124,0.124694,0,0,0,0,0,0,-0.126900017
125,0.125681,0,0,0,0,0,0,-0.126900017
126,0.126690,0,0,0,0,0,0,-0.126900017
127,0.127673,0,0,0,0,0,0,-0.126900017
128,0.128695,0,0,0,0,0,0,-0.126900017
129,0.129724,0,0,0,0,0,0,-0.126900017
130,0.130679,0,0,0,0,0,0,-0.126900017
131,0.131688,0,0,0,0,0,0,-0.126900017
132,0.132683,0,0,0,0,0,0,-0.126900017
133,0.133694,0,0,0,0,0,0,-0.126900017
134,0.134677,0,0,0,0,0,0,-0.126900017
135,0.135689,0,0,0,0,0,0,-0.126900017
136,0.136685,0,0,0,0,0,0,-0.126900017
137,0.137695,0,0,0,0,0,0,-0.126900017
138,0.138678,0,0,0,0,0,0,-0.126900017
139,0.139687,0,0,0,0,0,0,-0.126900017
140,0.140715,0,0,0,0,0,0,-0.126900017
141,0.141687,0,0,0,0,0,0,-0.126900017
142,0.142696,0,0,0,0,0,0,-0.126900017
143,0.143679,0,0,0,0,0,0,-0.126900017
144,0.144688,0,0,0,0,0,0,-0.126900017
145,0.145688,0,0,0,0,0,0,-0.126900017
146,0.146697,0,0,0,0,0,0,-0.126900017
147,0.147681,0,0,0,0,0,0,-0.126900017
148,0.148689,0,0,0,0,0,0,-0.126900017
149,0.149685,0,0,0,0,0,0,-0.126900017
150,0.150694,0,0,0,0,0,0,-0.126900017
151,0.151825,0,0,0,0,0,0,-0.126900017
152,0.152592,0,0,0,0,0,0,-0.126900017
153,0.153687,0,0,0,0,0,0,-0.126900017
154,0.154682,0,0,0,0,0,0,-0.126900017
155,0.155695,0,0,0,0,0,0,-0.126900017
156,0.156678,0,0,0,0,0,0,-0.126900017
157,0.157700,0,0,0,0,0,0,-0.126900017
158,0.158682,0,0,0,0,0,0,-0.126900017
159,0.159691,0,0,0,0,0,0,-0.126900017
160,0.160674,0,0,0,0,0,0,-0.126900017
161,0.161696,0,0,0,0,0,0,-0.126900017
162,0.162693,0,0,0,0,0,0,-0.126900017
163,0.163690,0,0,0,0,0,0,-0.126900017
164,0.164685,0,0,0,0,0,0,-0.126900017
165,0.165697,0,0,0,0,0,0,-0.126900017
166,0.166679,0,0,0,0,0,0,-0.126900017
167,0.167687,0,0,0,0,0,0,-0.126900017
168,0.168682,0,0,0,0,0,0,-0.126900017
169,0.169691,0,0,0,0,0,0,-0.126900017
170,0.170674,0,0,0,0,0,0,-0.126900017
171,0.171696,0,0,0,0,0,0,-0.126900017
172,0.172703,0,0,0,0,0,0,-0.126900017
173,0.173700,0,0,0,0,0,0,-0.126900017
174,0.174696,0,0,0,0,0,0,-0.126900017
175,0.175682,0,0,0,0,0,0,-0.126900017
176,0.176693,0,0,0,0,0,0,-0.126900017
177,0.177701,0,0,0,0,0,0,-0.126900017
178,0.178696,0,0,0,0,0,0,-0.126900017
179,0.179678,0,0,0,0,0,0,-0.126900017
180,0.180689,0,0,0,0,0,0,-0.126900017
181,0.181684,0,0,0,0,0,0,-0.126900017
182,0.182692,0,0,0,0,0,0,-0.126900017
183,0.183783,0,0,0,0,0,0,-0.126900017
184,0.184677,0,0,0,0,0,0,-0.126900017
185,0.185691,0,0,0,0,0,0,-0.126900017
186,0.186674,0,0,0,0,0,0,-0.126900017
187,0.187694,0,0,0,0,0,0,-0.126900017
188,0.188678,0,0,0,0,0,0,-0.126900017
189,0.189686,0,0,0,0,0,0,-0.126900017
190,0.190681,0,0,0,0,0,0,-0.126900017
191,0.191689,0,0,0,0,0,0,-0.126900017
192,0.192684,0,0,0,0,0,0,-0.126900017
193,0.193693,0,0,0,0,0,0,-0.126900017
194,0.194722,0,0,0,0,0,0,-0.126900017
195,0.195690,0,0,0,0,0,0,-0.126900017
196,0.196687,0,0,0,0,0,0,-0.126900017
197,0.197683,0,0,0,0,0,0,-0.126900017
198,0.198693,0,0,0,0,0,0,-0.126900017
199,0.199676,0,0,0,0,0,0,-0.126900017
200,0.200698,0,0,0,0,0,0,-0.126900017
201,0.201681,0,0,0,0,0,0,-0.126900017
202,0.202690,0,0,0,0,0,0,-0.126900017
203,0.203673,0,0,0,0,0,0,-0.126900017
204,0.204696,0,0,0,0,0,0,-0.126900017
205,0.205740,0,0,0,0,0,0,-0.126900017
206,0.206683,0,0,0,0,0,0,-0.126900017
207,0.207693,0,0,0,0,0,0,-0.126900017
208,0.208676,0,0,0,0,0,0,-0.126900017
209,0.209698,0,0,0,0,0,0,-0.126900017
210,0.210681,0,0,0,0,0,0,-0.126900017
211,0.211690,0,0,0,0,0,0,-0.126900017
212,0.212673,0,0,0,0,0,0,-0.126900017
213,0.213696,0,0,0,0,0,0,-0.126900017
214,0.214680,0,0,0,0,0,0,-0.126900017
215,0.215691,0,0,0,0,0,0,-0.126900017
216,0.216720,0,0,0,0,0,0,-0.126900017
217,0.217680,0,0,0,0,0,0,-0.126900017
218,0.218689,0,0,0,0,0,0,-0.126900017
219,0.219684,0,0,0,0,0,0,-0.126900017
220,0.220693,0,0,0,0,0,0,-0.126900017
221,0.221677,0,0,0,0,0,0,-0.126900017
222,0.222698,0,0,0,0,0,0,-0.126900017
223,0.223681,0,0,0,0,0,0,-0.126900017
224,0.224689,0,0,0,0,0,0,-0.126900017
225,0.225677,0,0,0,0,0,0,-0.126900017
226,0.226687,0,0,0,0,0,0,-0.126900017
227,0.227716,0,0,0,0,0,0,-0.126900017
228,0.228680,0,0,0,0,0,0,-0.126900017
229,0.229688,0,0,0,0,0,0,-0.126900017
230,0.230683,0,0,0,0,0,0,-0.126900017
231,0.231691,0,0,0,0,0,0,-0.126900017
232,0.232674,0,0,0,0,0,0,-0.126900017
233,0.233696,0,0,0,0,0,0,-0.126900017
234,0.234678,0,0,0,0,0,0,-0.126900017
235,0.235694,0,0,0,0,0,0,-0.126900017
236,0.236690,0,0,0,0,0,0,-0.126900017
237,0.237673,0,0,0,0,0,0,-0.126900017
238,0.238752,0,0,0,0,0,0,-0.126900017
239,0.239700,0,0,0,0,0,0,-0.126900017
240,0.240683,0,0,0,0,0,0,-0.126900017
241,0.241692,0,0,0,0,0,0,-0.126900017
242,0.242675,0,0,0,0,0,0,-0.126900017
243,0.243697,0,0,0,0,0,0,-0.126900017
244,0.244679,0,0,0,0,0,0,-0.126900017
245,0.245690,0,0,0,0,0,0,-0.126900017
246,0.246673,0,0,0,0,0,0,-0.126900017
247,0.247695,0,0,0,0,0,0,-0.126900017
248,0.248677,0,0,0,0,0,0,-0.126900017
249,0.249692,0,0,0,0,0,0,-0.126900017
250,0.250688,0,0,0,0,0,0,-0.126900017
251,0.251684,0,0,0,0,0,0,-0.126900017
252,0.252693,0,0,0,0,0,0,-0.126900017
253,0.253675,0,0,0,0,0,0,-0.126900017
254,0.254696,0,0,0,0,0,0,-0.126900017
255,0.255683,0,0,0,0,0,0,-0.126900017
256,0.256691,0,0,0,0,0,0,-0.126900017
257,0.257674,0,0,0,0,0,0,-0.126900017
258,0.258695,0,0,0,0,0,0,-0.126900017
259,0.259762,0,0,0,0,0,0,-0.126900017
260,0.260678,0,0,0,0,0,0,-0.126900017
261,0.261700,0,0,0,0,0,0,-0.126900017
262,0.262683,0,0,0,0,0,0,-0.126900017
263,0.263691,0,0,0,0,0,0,-0.126900017
264,0.264675,0,0,0,0,0,0,-0.126900017
265,0.265699,0,0,0,0,0,0,-0.126900017
266,0.266682,0,0,0,0,0,0,-0.126900017
267,0.267691,0,0,0,0,0,0,-0.126900017
268,0.268676,0,0,0,0,0,0,-0.126900017
269,0.269697,0,0,0,0,0,0,-0.126900017
270,0.270713,0,0,0,0,0,0,-0.126900017
271,0.271687,0,0,0,0,0,0,-0.126900017
272,0.272698,0,0,0,0,0,0,-0.126900017
273,0.273681,0,0,0,0,0,0,-0.126900017
274,0.274690,0,0,0,0,0,0,-0.126900017
275,0.275676,0,0,0,0,0,0,-0.126900017
276,0.276699,0,0,0,0,0,0,-0.126900017
277,0.277681,0,0,0,0,0,0,-0.126900017
278,0.278690,0,0,0,0,0,0,-0.126900017
279,0.279673,0,0,0,0,0,0,-0.126900017
280,0.280696,0,0,0,0,0,0,-0.126900017
281,0.281836,0,0,0,0,0,0,-0.126900017
282,0.282589,0,0,0,0,0,0,-0.126900017
283,0.283696,0,0,0,0,0,0,-0.126900017
284,0.284680,0,0,0,0,0,0,-0.126900017
285,0.285692,0,0,0,0,0,0,-0.126900017
286,0.286675,0,0,0,0,0,0,-0.126900017
287,0.287696,0,0,0,0,0,0,-0.126900017
288,0.288681,0,0,0,0,0,0,-0.126900017
289,0.289690,0,0,0,0,0,0,-0.126900017
290,0.290685,0,0,0,0,0,0,-0.126900017
291,0.291696,0,0,0,0,0,0,-0.126900017
292,0.292697,0,0,0,0,0,0,-0.126900017
293,0.293815,0,0,0,0,0,0,-0.126900017
294,0.294593,0,0,0,0,0,0,-0.126900017
295,0.295703,0,0,0,0,0,0,-0.126900017
296,0.296674,0,0,0,0,0,0,-0.126900017
297,0.297695,0,0,0,0,0,0,-0.126900017
298,0.298678,0,0,0,0,0,0,-0.126900017
299,0.299687,0,0,0,0,0,0,-0.126900017
300,0.300681,0,0,0,0,0,0,-0.126900017
301,0.301690,0,0,0,0,0,0,-0.126900017
302,0.302767,0,0,0,0,0,0,-0.126900017
303,0.303673,0,0,0,0,0,0,-0.126900017
304,0.304696,0,0,0,0,0,0,-0.126900017
305,0.305683,0,0,0,0,0,0,-0.126900017
306,0.306691,0,0,0,0,0,0,-0.126900017
307,0.307674,0,0,0,0,0,0,-0.126900017
308,0.308694,0,0,0,0,0,0,-0.126900017
309,0.309677,0,0,0,0,0,0,-0.126900017
310,0.310699,0,0,0,0,0,0,-0.126900017
311,0.311681,0,0,0,0,0,0,-0.126900017
312,0.312689,0,0,0,0,0,0,-0.126900017
313,0.313693,0,0,0,0,0,0,-0.126900017
314,0.314675,0,0,0,0,0,0,-0.126900017
315,0.315700,0,0,0,0,0,0,-0.126900017
316,0.316682,0,0,0,0,0,0,-0.126900017
317,0.317691,0,0,0,0,0,0,-0.126900017
318,0.318673,0,0,0,0,0,0,-0.126900017
319,0.319695,0,0,0,0,0,0,-0.126900017
320,0.320677,0,0,0,0,0,0,-0.126900017
321,0.321698,0,0,0,0,0,0,-0.126900017
322,0.322681,0,0,0,0,0,0,-0.126900017
323,0.323690,0,0,0,0,0,0,-0.126900017
324,0.324718,0,0,0,0,0,0,-0.126900017
325,0.325683,0,0,0,0,0,0,-0.126900017
326,0.326691,0,0,0,0,0,0,-0.126900017
327,0.327674,0,0,0,0,0,0,-0.126900017
328,0.328697,0,0,0,0,0,0,-0.126900017
329,0.329681,0,0,0,0,0,0,-0.126900017
330,0.330689,0,0,0,0,0,0,-0.126900017
331,0.331685,0,0,0,0,0,0,-0.126900017
332,0.332694,0,0,0,0,0,0,-0.126900017
333,0.333678,0,0,0,0,0,0,-0.126900017
334,0.334686,0,0,0,0,0,0,-0.126900017
335,0.335838,0,0,0,0,0,0,-0.126900017
336,0.336582,0,0,0,0,0,0,-0.126900017
337,0.337689,0,0,0,0,0,0,-0.126900017
338,0.338685,0,0,0,0,0,0,-0.126900017
339,0.339694,0,0,0,0,0,0,-0.126900017
340,0.340678,0,0,0,0,0,0,-0.126900017
341,0.341688,0,0,0,0,0,0,-0.126900017
342,0.342685,0,0,0,0,0,0,-0.126900017
343,0.343694,0,0,0,0,0,0,-0.126900017
344,0.344677,0,0,0,0,0,0,-0.126900017
345,0.345701,0,0,0,0,0,0,-0.126900017
346,0.346690,0,0,0,0,0,0,-0.126900017
347,0.347688,0,0,0,0,0,0,-0.126900017
348,0.348683,0,0,0,0,0,0,-0.126900017
349,0.349692,0,0,0,0,0,0,-0.126900017
350,0.350675,0,0,0,0,0,0,-0.126900017
351,0.351696,0,0,0,0,0,0,-0.126900017
352,0.352698,0,0,0,0,0,0,-0.126900017
353,0.353696,0,0,0,0,0,0,-0.126900017
354,0.354679,0,0,0,0,0,0,-0.126900017
355,0.355691,0,0,0,0,0,0,-0.126900017
356,0.356795,0,0,0,0,0,0,-0.126900017
357,0.357589,0,0,0,0,0,0,-0.126900017
358,0.358694,0,0,0,0,0,0,-0.126900017
359,0.359677,0,0,0,0,0,0,-0.126900017
360,0.360698,0,0,0,0,0,0,-0.126900017
361,0.361680,0,0,0,0,0,0,-0.126900017
362,0.362691,0,0,0,0,0,0,-0.126900017
363,0.363673,0,0,0,0,0,0,-0.126900017
364,0.364694,0,0,0,0,0,0,-0.126900017
365,0.365681,0,0,0,0,0,0,-0.126900017
366,0.366690,0,0,0,0,0,0,-0.126900017
367,0.367692,0,0,0,0,0,0,-0.126900017
368,0.368683,0,0,0,0,0,0,-0.126900017
369,0.369692,0,0,0,0,0,0,-0.126900017
370,0.370674,0,0,0,0,0,0,-0.126900017
371,0.371697,0,0,0,0,0,0,-0.126900017
372,0.372680,0,0,0,0,0,0,-0.126900017
373,0.373688,0,0,0,0,0,0,-0.126900017
374,0.374684,0,0,0,0,0,0,-0.126900017
375,0.375696,0,0,0,0,0,0,-0.126900017
376,0.376678,0,0,0,0,0,0,-0.126900017
377,0.377686,0,0,0,0,0,0,-0.126900017
378,0.378689,0,0,0,0,0,0,-0.126900017
379,0.379684,0,0,0,0,0,0,-0.126900017
380,0.380693,0,0,0,0,0,0,-0.126900017
381,0.381676,0,0,0,0,0,0,-0.126900017
382,0.382698,0,0,0,0,0,0,-0.126900017
383,0.383680,0,0,0,0,0,0,-0.126900017
384,0.384689,0,0,0,0,0,0,-0.126900017
385,0.385676,0,0,0,0,0,0,-0.126900017
386,0.386697,0,0,0,0,0,0,-0.126900017
387,0.387679,0,0,0,0,0,0,-0.126900017
388,0.388688,0,0,0,0,0,0,-0.126900017
389,0.389717,0,0,0,0,0,0,-0.126900017
390,0.390686,0,0,0,0,0,0,-0.126900017
391,0.391695,0,0,0,0,0,0,-0.126900017
392,0.392677,0,0,0,0,0,0,-0.126900017
393,0.393686,0,0,0,0,0,0,-0.126900017
394,0.394682,0,0,0,0,0,0,-0.126900017
395,0.395695,0,0,0,0,0,0,-0.126900017
396,0.396678,0,0,0,0,0,0,-0.126900017
397,0.397686,0,0,0,0,0,0,-0.126900017
398,0.398682,0,0,0,0,0,0,-0.126900017
399,0.399692,0,0,0,0,0,0,-0.126900017
400,0.400695,0,0,0,0,0,0,-0.126900017
401,0.401674,0,0,0,0,0,0,-0.126900017
402,0.402696,0,0,0,0,0,0,-0.126900017
403,0.403679,0,0,0,0,0,0,-0.126900017
404,0.404689,0,0,0,0,0,0,-0.126900017
405,0.405687,0,0,0,0,0,0,-0.126900017
406,0.406698,0,0,0,0,0,0,-0.126900017
407,0.407681,0,0,0,0,0,0,-0.126900017
408,0.408691,0,0,0,0,0,0,-0.126900017
409,0.409706,0,0,0,0,0,0,-0.126900017
410,0.410692,0,0,0,0,0,0,-0.126900017
411,0.411721,0,0,0,0,0,0,-0.126900017
412,0.412687,0,0,0,0,0,0,-0.126900017
413,0.413696,0,0,0,0,0,0,-0.126900017
414,0.414679,0,0,0,0,0,0,-0.126900017
415,0.415691,0,0,0,0,0,0,-0.126900017
416,0.416675,0,0,0,0,0,0,-0.126900017
417,0.417697,0,0,0,0,0,0,-0.126900017
418,0.418681,0,0,0,0,0,0,-0.126900017
419,0.419690,0,0,0,0,0,0,-0.126900017
420,0.420685,0,0,0,0,0,0,-0.126900017
421,0.421694,0,0,0,0,0,0,-0.126900017
422,0.422723,0,0,0,0,0,0,-0.126900017
423,0.423687,0,0,0,0,0,0,-0.126900017
424,0.424696,0,0,0,0,0,0,-0.126900017
425,0.425681,0,0,0,0,0,0,-0.126900017
426,0.426689,0,0,0,0,0,0,-0.126900017
427,0.427685,0,0,0,0,0,0,-0.126900017
428,0.428694,0,0,0,0,0,0,-0.126900017
429,0.429677,0,0,0,0,0,0,-0.126900017
430,0.430699,0,0,0,0,0,0,-0.126900017
431,0.431681,0,0,0,0,0,0,-0.126900017
432,0.432690,0,0,0,0,0,0,-0.126900017
433,0.433714,0,0,0,0,0,0,-0.126900017
434,0.434675,0,0,0,0,0,0,-0.126900017
435,0.435700,0,0,0,0,0,0,-0.126900017
436,0.436682,0,0,0,0,0,0,-0.126900017
437,0.437691,0,0,0,0,0,0,-0.126900017
438,0.438674,0,0,0,0,0,0,-0.126900017
439,0.439696,0,0,0,0,0,0,-0.126900017
440,0.440679,0,0,0,0,0,0,-0.126900017
441,0.441688,0,0,0,0,0,0,-0.126900017
442,0.442683,0,0,0,0,0,0,-0.126900017
443,0.443692,0,0,0,0,0,0,-0.126900017
444,0.444721,0,0,0,0,0,0,-0.126900017
445,0.445691,0,0,0,0,0,0,-0.126900017
446,0.446687,0,0,0,0,0,0,-0.126900017
447,0.447683,0,0,0,0,0,0,-0.126900017
448,0.448692,0,0,0,0,0,0,-0.126900017
449,0.449675,0,0,0,0,0,0,-0.126900017
450,0.450696,0,0,0,0,0,0,-0.126900017
451,0.451679,0,0,0,0,0,0,-0.126900017
452,0.452688,0,0,0,0,0,0,-0.126900017
453,0.453682,0,0,0,0,0,0,-0.126900017
454,0.454690,0,0,0,0,0,0,-0.126900017
455,0.455849,0,0,0,0,0,0,-0.126900017
456,0.456590,0,0,0,0,0,0,-0.126900017
457,0.457697,0,0,0,0,0,0,-0.126900017
458,0.458681,0,0,0,0,0,0,-0.126900017
459,0.459689,0,0,0,0,0,0,-0.126900017
460,0.460685,0,0,0,0,0,0,-0.126900017
461,0.461694,0,0,0,0,0,0,-0.126900017
462,0.462697,0,0,0,0,0,0,-0.126900017
463,0.463695,0,0,0,0,0,0,-0.126900017
464,0.464678,0,0,0,0,0,0,-0.126900017
465,0.465690,0,0,0,0,0,0,-0.126900017
466,0.466697,0,0,0,0,0,0,-0.126900017
467,0.467695,0,0,0,0,0,0,-0.126900017
468,0.468677,0,0,0,0,0,0,-0.126900017
469,0.469686,0,0,0,0,0,0,-0.126900017
470,0.470682,0,0,0,0,0,0,-0.126900017
471,0.471692,0,0,0,0,0,0,-0.126900017
472,0.472675,0,0,0,0,0,0,-0.126900017
473,0.473695,0,0,0,0,0,0,-0.126900017
474,0.474680,0,0,0,0,0,0,-0.126900017
475,0.475692,0,0,0,0,0,0,-0.126900017
476,0.476781,0,0,0,0,0,0,-0.126900017
477,0.477683,0,0,0,0,0,0,-0.126900017
478,0.478691,0,0,0,0,0,0,-0.126900017
479,0.479675,0,0,0,0,0,0,-0.126900017
480,0.480696,0,0,0,0,0,0,-0.126900017
481,0.481679,0,0,0,0,0,0,-0.126900017
482,0.482688,0,0,0,0,0,0,-0.126900017
483,0.483684,0,0,0,0,0,0,-0.126900017
484,0.484693,0,0,0,0,0,0,-0.126900017
485,0.485679,0,0,0,0,0,0,-0.126900017
486,0.486690,0,0,0,0,0,0,-0.126900017
487,0.487714,0,0,0,0,0,0,-0.126900017
488,0.488683,0,0,0,0,0,0,-0.126900017
489,0.489692,0,0,0,0,0,0,-0.126900017
490,0.490674,0,0,0,0,0,0,-0.126900017
491,0.491696,0,0,0,0,0,0,-0.126900017
492,0.492678,0,0,0,0,0,0,-0.126900017
493,0.493687,0,0,0,0,0,0,-0.126900017
494,0.494682,0,0,0,0,0,0,-0.126900017
495,0.495694,0,0,0,0,0,0,-0.126900017
496,0.496677,0,0,0,0,0,0,-0.126900017
497,0.497699,0,0,0,0,0,0,-0.126900017
498,0.498715,0,0,0,0,0,0,-0.126900017
499,0.499687,0,0,0,0,0,0,-0.126900017
500,0.500696,0,0,0,0,0,0,-0.126900017
501,0.501679,0,0,0,0,0,0,-0.126900017
502,0.502688,0,0,0,0,0,0,-0.126900017
503,0.503683,0,0,0,0,0,0,-0.126900017
504,0.504692,0,0,0,0,0,0,-0.126900017
505,0.505678,0,0,0,0,0,0,-0.126900017
506,0.506700,0,0,0,0,0,0,-0.126900017
507,0.507682,0,0,0,0,0,0,-0.126900017
508,0.508690,0,0,0,0,0,0,-0.126900017
509,0.509852,0,0,0,0,0,0,-0.126900017
510,0.510582,0,0,0,0,0,0,-0.126900017
511,0.511689,0,0,0,0,0,0,-0.126900017
512,0.512685,0,0,0,0,0,0,-0.126900017
513,0.513693,0,0,0,0,0,0,-0.126900017
514,0.514676,0,0,0,0,0,0,-0.126900017
515,0.515701,0,0,0,0,0,0,-0.126900017
516,0.516684,0,0,0,0,0,0,-0.126900017
517,0.517692,0,0,0,0,0,0,-0.126900017
518,0.518674,0,0,0,0,0,0,-0.126900017
519,0.519697,0,0,0,0,0,0,-0.126900017
520,0.520746,0,0,0,0,0,0,-0.126900017
521,0.521692,0,0,0,0,0,0,-0.126900017
522,0.522692,0,0,0,0,0,0,-0.126900017
523,0.523689,0,0,0,0,0,0,-0.126900017
524,0.524684,0,0,0,0,0,0,-0.126900017
525,0.525698,0,0,0,0,0,0,-0.126900017
526,0.526681,0,0,0,0,0,0,-0.126900017
527,0.527690,0,0,0,0,0,0,-0.126900017
528,0.528673,0,0,0,0,0,0,-0.126900017
529,0.529695,0,0,0,0,0,0,-0.126900017
530,0.530678,0,0,0,0,0,0,-0.126900017
531,0.531689,0,0,0,0,0,0,-0.126900017
532,0.532698,0,0,0,0,0,0,-0.126900017
533,0.533682,0,0,0,0,0,0,-0.126900017
534,0.534692,0,0,0,0,0,0,-0.126900017
535,0.535678,0,0,0,0,0,0,-0.126900017
536,0.536687,0,0,0,0,0,0,-0.126900017
537,0.537683,0,0,0,0,0,0,-0.126900017
538,0.538692,0,0,0,0,0,0,-0.126900017
539,0.539675,0,0,0,0,0,0,-0.126900017
540,0.540696,0,0,0,0,0,0,-0.126900017
541,0.541733,0,0,0,0,0,0,-0.126900017
542,0.542682,0,0,0,0,0,0,-0.126900017
543,0.543692,0,0,0,0,0,0,-0.126900017
544,0.544675,0,0,0,0,0,0,-0.126900017
545,0.545700,0,0,0,0,0,0,-0.126900017
546,0.546683,0,0,0,0,0,0,-0.126900017
547,0.547693,0,0,0,0,0,0,-0.126900017
548,0.548676,0,0,0,0,0,0,-0.126900017
549,0.549698,0,0,0,0,0,0,-0.126900017
550,0.550681,0,0,0,0,0,0,-0.126900017
551,0.551690,0,0,0,0,0,0,-0.126900017
552,0.552693,0,0,0,0,0,0,-0.126900017
553,0.553676,0,0,0,0,0,0,-0.126900017
554,0.554698,0,0,0,0,0,0,-0.126900017
555,0.555683,0,0,0,0,0,0,-0.126900017
556,0.556691,0,0,0,0,0,0,-0.126900017
557,0.557674,0,0,0,0,0,0,-0.126900017
558,0.558696,0,0,0,0,0,0,-0.126900017
559,0.559678,0,0,0,0,0,0,-0.126900017
560,0.560697,0,0,0,0,0,0,-0.126900017
561,0.561681,0,0,0,0,0,0,-0.126900017
562,0.562690,0,0,0,0,0,0,-0.126900017
563,0.563692,0,0,0,0,0,0,-0.126900017
564,0.564677,0,0,0,0,0,0,-0.126900017
565,0.565701,0,0,0,0,0,0,-0.126900017
566,0.566685,0,0,0,0,0,0,-0.126900017
567,0.567694,0,0,0,0,0,0,-0.126900017
568,0.568677,0,0,0,0,0,0,-0.126900017
569,0.569697,0,0,0,0,0,0,-0.126900017
570,0.570681,0,0,0,0,0,0,-0.126900017
571,0.571690,0,0,0,0,0,0,-0.126900017
572,0.572685,0,0,0,0,0,0,-0.126900017
573,0.573696,0,0,0,0,0,0,-0.126900017
574,0.574719,0,0,0,0,0,0,-0.126900017
575,0.575681,0,0,0,0,0,0,-0.126900017
576,0.576690,0,0,0,0,0,0,-0.126900017
577,0.577685,0,0,0,0,0,0,-0.126900017
578,0.578694,0,0,0,0,0,0,-0.126900017
579,0.579691,0,0,0,0,0,0,-0.126900017
580,0.580688,0,0,0,0,0,0,-0.126900017
581,0.581684,0,0,0,0,0,0,-0.126900017
582,0.582693,0,0,0,0,0,0,-0.126900017
583,0.583675,0,0,0,0,0,0,-0.126900017
584,0.584696,0,0,0,0,0,0,-0.126900017
585,0.585724,0,0,0,0,0,0,-0.126900017
586,0.586675,0,0,0,0,0,0,-0.126900017
587,0.587698,0,0,0,0,0,0,-0.126900017
588,0.588680,0,0,0,0,0,0,-0.126900017
589,0.589688,0,0,0,0,0,0,-0.126900017
590,0.590684,0,0,0,0,0,0,-0.126900017
591,0.591694,0,0,0,0,0,0,-0.126900017
592,0.592676,0,0,0,0,0,0,-0.126900017
593,0.593697,0,0,0,0,0,0,-0.126900017
594,0.594682,0,0,0,0,0,0,-0.126900017
595,0.595694,0,0,0,0,0,0,-0.126900017
596,0.596698,0,0,0,0,0,0,-0.126900017
597,0.597679,0,0,0,0,0,0,-0.126900017
598,0.598688,0,0,0,0,0,0,-0.126900017
599,0.599684,0,0,0,0,0,0,-0.126900017
600,0.600694,0,0,0,0,0,0,-0.126900017
601,0.601678,0,0,0,0,0,0,-0.126900017
602,0.602686,0,0,0,0,0,0,-0.126900017
603,0.603682,0,0,0,0,0,0,-0.126900017
604,0.604691,0,0,0,0,0,0,-0.126900017
605,0.605677,0,0,0,0,0,0,-0.126900017
606,0.606686,0,0,0,0,0,0,-0.126900017
607,0.607692,0,0,0,0,0,0,-0.126900017
608,0.608684,0,0,0,0,0,0,-0.126900017
609,0.609694,0,0,0,0,0,0,-0.126900017
610,0.610676,0,0,0,0,0,0,-0.126900017
611,0.611699,0,0,0,0,0,0,-0.126900017
612,0.612681,0,0,0,0,0,0,-0.126900017
613,0.613690,0,0,0,0,0,0,-0.126900017
614,0.614673,0,0,0,0,0,0,-0.126900017
615,0.615698,0,0,0,0,0,0,-0.126900017
616,0.616682,0,0,0,0,0,0,-0.126900017
617,0.617691,0,0,0,0,0,0,-0.126900017
618,0.618720,0,0,0,0,0,0,-0.126900017
619,0.619685,0,0,0,0,0,0,-0.126900017
620,0.620693,0,0,0,0,0,0,-0.126900017
621,0.621675,0,0,0,0,0,0,-0.126900017
622,0.622695,0,0,0,0,0,0,-0.126900017
623,0.623679,0,0,0,0,0,0,-0.126900017
624,0.624687,0,0,0,0,0,0,-0.126900017
625,0.625686,0,0,0,0,0,0,-0.126900017
626,0.626695,0,0,0,0,0,0,-0.126900017
627,0.627679,0,0,0,0,0,0,-0.126900017
628,0.628688,0,0,0,0,0,0,-0.126900017
629,0.629716,0,0,0,0,0,0,-0.126900017
630,0.630693,0,0,0,0,0,0,-0.126900017
631,0.631688,0,0,0,0,0,0,-0.126900017
632,0.632684,0,0,0,0,0,0,-0.126900017
633,0.633693,0,0,0,0,0,0,-0.126900017
634,0.634676,0,0,0,0,0,0,-0.126900017
635,0.635701,0,0,0,0,0,0,-0.126900017
636,0.636683,0,0,0,0,0,0,-0.126900017
637,0.637692,0,0,0,0,0,0,-0.126900017
638,0.638674,0,0,0,0,0,0,-0.126900017
639,0.639696,0,0,0,0,0,0,-0.126900017
640,0.640774,0,0,0,0,0,0,-0.126900017
641,0.641590,0,0,0,0,0,0,-0.126900017
642,0.642697,0,0,0,0,0,0,-0.126900017
643,0.643679,0,0,0,0,0,0,-0.126900017
644,0.644690,0,0,0,0,0,0,-0.126900017
645,0.645688,0,0,0,0,0,0,-0.126900017
646,0.646696,0,0,0,0,0,0,-0.126900017
647,0.647679,0,0,0,0,0,0,-0.126900017
648,0.648688,0,0,0,0,0,0,-0.126900017
649,0.649683,0,0,0,0,0,0,-0.126900017
650,0.650691,0,0,0,0,0,0,-0.126900017
651,0.651694,0,0,0,0,0,0,-0.126900017
652,0.652690,0,0,0,0,0,0,-0.126900017
653,0.653687,0,0,0,0,0,0,-0.126900017
654,0.654696,0,0,0,0,0,0,-0.126900017
655,0.655682,0,0,0,0,0,0,-0.126900017
656,0.656691,0,0,0,0,0,0,-0.126900017
657,0.657674,0,0,0,0,0,0,-0.126900017
658,0.658697,0,0,0,0,0,0,-0.126900017
659,0.659680,0,0,0,0,0,0,-0.126900017
660,0.660688,0,0,0,0,0,0,-0.126900017
661,0.661779,0,0,0,0,0,0,-0.126900017
662,0.662672,0,0,0,0,0,0,-0.126900017
663,0.663695,0,0,0,0,0,0,-0.126900017
664,0.664677,0,0,0,0,0,0,-0.126900017
665,0.665690,0,0,0,0,0,0,-0.126900017
666,0.666673,0,0,0,0,0,0,-0.126900017
667,0.667696,0,0,0,0,0,0,-0.126900017
668,0.668679,0,0,0,0,0,0,-0.126900017
669,0.669688,0,0,0,0,0,0,-0.126900017
670,0.670684,0,0,0,0,0,0,-0.126900017
671,0.671693,0,0,0,0,0,0,-0.126900017
672,0.672722,0,0,0,0,0,0,-0.126900017
673,0.673689,0,0,0,0,0,0,-0.126900017
674,0.674686,0,0,0,0,0,0,-0.126900017
675,0.675685,0,0,0,0,0,0,-0.126900017
676,0.676695,0,0,0,0,0,0,-0.126900017
677,0.677678,0,0,0,0,0,0,-0.126900017
678,0.678700,0,0,0,0,0,0,-0.126900017
679,0.679682,0,0,0,0,0,0,-0.126900017
680,0.680691,0,0,0,0,0,0,-0.126900017
681,0.681675,0,0,0,0,0,0,-0.126900017
682,0.682691,0,0,0,0,0,0,-0.126900017
683,0.683719,0,0,0,0,0,0,-0.126900017
684,0.684681,0,0,0,0,0,0,-0.126900017
685,0.685693,0,0,0,0,0,0,-0.126900017
686,0.686675,0,0,0,0,0,0,-0.126900017
687,0.687696,0,0,0,0,0,0,-0.126900017
688,0.688678,0,0,0,0,0,0,-0.126900017
689,0.689687,0,0,0,0,0,0,-0.126900017
690,0.690683,0,0,0,0,0,0,-0.126900017
691,0.691692,0,0,0,0,0,0,-0.126900017
692,0.692675,0,0,0,0,0,0,-0.126900017
693,0.693695,0,0,0,0,0,0,-0.126900017
694,0.694768,0,0,0,0,0,0,-0.126900017
695,0.695586,0,0,0,0,0,0,-0.126900017
696,0.696695,0,0,0,0,0,0,-0.126900017
697,0.697678,0,0,0,0,0,0,-0.126900017
698,0.698686,0,0,0,0,0,0,-0.126900017
699,0.699682,0,0,0,0,0,0,-0.126900017
700,0.700691,0,0,0,0,0,0,-0.126900017
701,0.701685,0,0,0,0,0,0,-0.126900017
702,0.702696,0,0,0,0,0,0,-0.126900017
703,0.703678,0,0,0,0,0,0,-0.126900017
704,0.704687,0,0,0,0,0,0,-0.126900017
705,0.705696,0,0,0,0,0,0,-0.126900017
706,0.706693,0,0,0,0,0,0,-0.126900017
707,0.707675,0,0,0,0,0,0,-0.126900017
708,0.708696,0,0,0,0,0,0,-0.126900017
709,0.709679,0,0,0,0,0,0,-0.126900017
710,0.710688,0,0,0,0,0,0,-0.126900017
711,0.711683,0,0,0,0,0,0,-0.126900017
712,0.712691,0,0,0,0,0,0,-0.126900017
713,0.713674,0,0,0,0,0,0,-0.126900017
714,0.714695,0,0,0,0,0,0,-0.126900017
715,0.715710,0,0,0,0,0,0,-0.126900017
716,0.716689,0,0,0,0,0,0,-0.126900017
717,0.717687,0,0,0,0,0,0,-0.126900017
718,0.718682,0,0,0,0,0,0,-0.126900017
719,0.719691,0,0,0,0,0,0,-0.126900017
720,0.720674,0,0,0,0,0,0,-0.126900017
721,0.721697,0,0,0,0,0,0,-0.126900017
722,0.722680,0,0,0,0,0,0,-0.126900017
723,0.723689,0,0,0,0,0,0,-0.126900017
724,0.724685,0,0,0,0,0,0,-0.126900017
725,0.725697,0,0,0,0,0,0,-0.126900017
726,0.726746,0,0,0,0,0,0,-0.126900017
727,0.727683,0,0,0,0,0,0,-0.126900017
728,0.728693,0,0,0,0,0,0,-0.126900017
729,0.729676,0,0,0,0,0,0,-0.126900017
730,0.730699,0,0,0,0,0,0,-0.126900017
731,0.731681,0,0,0,0,0,0,-0.126900017
732,0.732690,0,0,0,0,0,0,-0.126900017
733,0.733690,0,0,0,0,0,0,-0.126900017
734,0.734688,0,0,0,0,0,0,-0.126900017
735,0.735687,0,0,0,0,0,0,-0.126900017
736,0.736696,0,0,0,0,0,0,-0.126900017
737,0.737726,0,0,0,0,0,0,-0.126900017
738,0.738683,0,0,0,0,0,0,-0.126900017
739,0.739692,0,0,0,0,0,0,-0.126900017
740,0.740675,0,0,0,0,0,0,-0.126900017
741,0.741695,0,0,0,0,0,0,-0.126900017
742,0.742680,0,0,0,0,0,0,-0.126900017
743,0.743689,0,0,0,0,0,0,-0.126900017
744,0.744684,0,0,0,0,0,0,-0.126900017
745,0.745698,0,0,0,0,0,0,-0.126900017
746,0.746681,0,0,0,0,0,0,-0.126900017
747,0.747690,0,0,0,0,0,0,-0.126900017
748,0.748714,0,0,0,0,0,0,-0.126900017
749,0.749685,0,0,0,0,0,0,-0.126900017
750,0.750696,0,0,0,0,0,0,-0.126900017
751,0.751678,0,0,0,0,0,0,-0.126900017
752,0.752687,0,0,0,0,0,0,-0.126900017
753,0.753681,0,0,0,0,0,0,-0.126900017
754,0.754692,0,0,0,0,0,0,-0.126900017
755,0.755678,0,0,0,0,0,0,-0.126900017
756,0.756698,0,0,0,0,0,0,-0.126900017
757,0.757681,0,0,0,0,0,0,-0.126900017
758,0.758690,0,0,0,0,0,0,-0.126900017
759,0.759718,0,0,0,0,0,0,-0.126900017
760,0.760685,0,0,0,0,0,0,-0.126900017
761,0.761693,0,0,0,0,0,0,-0.126900017
762,0.762676,0,0,0,0,0,0,-0.126900017
763,0.763698,0,0,0,0,0,0,-0.126900017
764,0.764681,0,0,0,0,0,0,-0.126900017
765,0.765692,0,0,0,0,0,0,-0.126900017
766,0.766675,0,0,0,0,0,0,-0.126900017
767,0.767696,0,0,0,0,0,0,-0.126900017
768,0.768678,0,0,0,0,0,0,-0.126900017
769,0.769687,0,0,0,0,0,0,-0.126900017
770,0.770700,0,0,0,0,0,0,-0.126900017
771,0.771681,0,0,0,0,0,0,-0.126900017
772,0.772690,0,0,0,0,0,0,-0.126900017
773,0.773684,0,0,0,0,0,0,-0.126900017
774,0.774693,0,0,0,0,0,0,-0.126900017
775,0.775681,0,0,0,0,0,0,-0.126900017
776,0.776690,0,0,0,0,0,0,-0.126900017
777,0.777673,0,0,0,0,0,0,-0.126900017
778,0.778695,0,0,0,0,0,0,-0.126900017
779,0.779677,0,0,0,0,0,0,-0.126900017
780,0.780686,0,0,0,0,0,0,-0.126900017
781,0.781710,0,0,0,0,0,0,-0.126900017
782,0.782675,0,0,0,0,0,0,-0.126900017
783,0.783697,0,0,0,0,0,0,-0.126900017
784,0.784679,0,0,0,0,0,0,-0.126900017
785,0.785691,0,0,0,0,0,0,-0.126900017
786,0.786674,0,0,0,0,0,0,-0.126900017
787,0.787697,0,0,0,0,0,0,-0.126900017
788,0.788680,0,0,0,0,0,0,-0.126900017
789,0.789689,0,0,0,0,0,0,-0.126900017
790,0.790685,0,0,0,0,0,0,-0.126900017
791,0.791698,0,0,0,0,0,0,-0.126900017
792,0.792727,0,0,0,0,0,0,-0.126900017
793,0.793689,0,0,0,0,0,0,-0.126900017
794,0.794697,0,0,0,0,0,0,-0.126900017
795,0.795685,0,0,0,0,0,0,-0.126900017
796,0.796694,0,0,0,0,0,0,-0.126900017
797,0.797678,0,0,0,0,0,0,-0.126900017
798,0.798686,0,0,0,0,0,0,-0.126900017
799,0.799682,0,0,0,0,0,0,-0.126900017
800,0.800691,0,0,0,0,0,0,-0.126900017
801,0.801675,0,0,0,0,0,0,-0.126900017
802,0.802697,0,0,0,0,0,0,-0.126900017
803,0.803751,0,0,0,0,0,0,-0.126900017
804,0.804678,0,0,0,0,0,0,-0.126900017
805,0.805691,0,0,0,0,0,0,-0.126900017
806,0.806674,0,0,0,0,0,0,-0.126900017
807,0.807696,0,0,0,0,0,0,-0.126900017
808,0.808679,0,0,0,0,0,0,-0.126900017
809,0.809688,0,0,0,0,0,0,-0.126900017
810,0.810684,0,0,0,0,0,0,-0.126900017
811,0.811694,0,0,0,0,0,0,-0.126900017
812,0.812676,0,0,0,0,0,0,-0.126900017
813,0.813697,0,0,0,0,0,0,-0.126900017
814,0.814714,0,0,0,0,0,0,-0.126900017
815,0.815686,0,0,0,0,0,0,-0.126900017
816,0.816695,0,0,0,0,0,0,-0.126900017
817,0.817676,0,0,0,0,0,0,-0.126900017
818,0.818696,0,0,0,0,0,0,-0.126900017
819,0.819679,0,0,0,0,0,0,-0.126900017
820,0.820688,0,0,0,0,0,0,-0.126900017
821,0.821683,0,0,0,0,0,0,-0.126900017
822,0.822691,0,0,0,0,0,0,-0.126900017
823,0.823674,0,0,0,0,0,0,-0.126900017
824,0.824695,0,0,0,0,0,0,-0.126900017
825,0.825748,0,0,0,0,0,0,-0.126900017
826,0.826696,0,0,0,0,0,0,-0.126900017
827,0.827678,0,0,0,0,0,0,-0.126900017
828,0.828687,0,0,0,0,0,0,-0.126900017
829,0.829683,0,0,0,0,0,0,-0.126900017
830,0.830692,0,0,0,0,0,0,-0.126900017
831,0.831674,0,0,0,0,0,0,-0.126900017
832,0.832694,0,0,0,0,0,0,-0.126900017
833,0.833678,0,0,0,0,0,0,-0.126900017
834,0.834686,0,0,0,0,0,0,-0.126900017
835,0.835684,0,0,0,0,0,0,-0.126900017
836,0.836700,0,0,0,0,0,0,-0.126900017
837,0.837695,0,0,0,0,0,0,-0.126900017
838,0.838679,0,0,0,0,0,0,-0.126900017
839,0.839687,0,0,0,0,0,0,-0.126900017
840,0.840682,0,0,0,0,0,0,-0.126900017
841,0.841708,0,0,0,0,0,0,-0.126900017
842,0.842693,0,0,0,0,0,0,-0.126900017
843,0.843689,0,0,0,0,0,0,-0.126900017
844,0.844685,0,0,0,0,0,0,-0.126900017
845,0.845698,0,0,0,0,0,0,-0.126900017
846,0.846758,0,0,0,0,0,0,-0.126900017
847,0.847679,0,0,0,0,0,0,-0.126900017
848,0.848688,0,0,0,0,0,0,-0.126900017
849,0.849683,0,0,0,0,0,0,-0.126900017
850,0.850694,0,0,0,0,0,0,-0.126900017
851,0.851676,0,0,0,0,0,0,-0.126900017
852,0.852697,0,0,0,0,0,0,-0.126900017
853,0.853681,0,0,0,0,0,0,-0.126900017
854,0.854691,0,0,0,0,0,0,-0.126900017
855,0.855677,0,0,0,0,0,0,-0.126900017
856,0.856697,0,0,0,0,0,0,-0.126900017
857,0.857712,0,0,0,0,0,0,-0.126900017
858,0.858685,0,0,0,0,0,0,-0.126900017
859,0.859695,0,0,0,0,0,0,-0.126900017
860,0.860678,0,0,0,0,0,0,-0.126900017
861,0.861686,0,0,0,0,0,0,-0.126900017
862,0.862683,0,0,0,0,0,0,-0.126900017
863,0.863692,0,0,0,0,0,0,-0.126900017
864,0.864675,0,0,0,0,0,0,-0.126900017
865,0.865700,0,0,0,0,0,0,-0.126900017
866,0.866683,0,0,0,0,0,0,-0.126900017
867,0.867692,0,0,0,0,0,0,-0.126900017
868,0.868717,0,0,0,0,0,0,-0.126900017
869,0.869682,0,0,0,0,0,0,-0.126900017
870,0.870691,0,0,0,0,0,0,-0.126900017
871,0.871675,0,0,0,0,0,0,-0.126900017
872,0.872696,0,0,0,0,0,0,-0.126900017
873,0.873679,0,0,0,0,0,0,-0.126900017
874,0.874687,0,0,0,0,0,0,-0.126900017
875,0.875687,0,0,0,0,0,0,-0.126900017
876,0.876695,0,0,0,0,0,0,-0.126900017
877,0.877678,0,0,0,0,0,0,-0.126900017
878,0.878689,0,0,0,0,0,0,-0.126900017
879,0.879718,0,0,0,0,0,0,-0.126900017
880,0.880678,0,0,0,0,0,0,-0.126900017
881,0.881688,0,0,0,0,0,0,-0.126900017
882,0.882683,0,0,0,0,0,0,-0.126900017
883,0.883692,0,0,0,0,0,0,-0.126900017
884,0.884674,0,0,0,0,0,0,-0.126900017
885,0.885698,0,0,0,0,0,0,-0.126900017
886,0.886681,0,0,0,0,0,0,-0.126900017
887,0.887690,0,0,0,0,0,0,-0.126900017
888,0.888685,0,0,0,0,0,0,-0.126900017
889,0.889694,0,0,0,0,0,0,-0.126900017
890,0.890776,0,0,0,0,0,0,-0.126900017
891,0.891592,0,0,0,0,0,0,-0.126900017
892,0.892699,0,0,0,0,0,0,-0.126900017
893,0.893682,0,0,0,0,0,0,-0.126900017
894,0.894690,0,0,0,0,0,0,-0.126900017
895,0.895677,0,0,0,0,0,0,-0.126900017
896,0.896698,0,0,0,0,0,0,-0.126900017
897,0.897863,0,0,0,0,0,0,-0.126900017
898,0.898592,0,0,0,0,0,0,-0.126900017
899,0.899688,0,0,0,0,0,0,-0.126900017
900,0.900684,0,0,0,0,0,0,-0.126900017
901,0.901691,0,0,0,0,0,0,-0.126900017
902,0.902686,0,0,0,0,0,0,-0.126900017
903,0.903682,0,0,0,0,0,0,-0.126900017
904,0.904691,0,0,0,0,0,0,-0.126900017
905,0.905678,0,0,0,0,0,0,-0.126900017
906,0.906687,0,0,0,0,0,0,-0.126900017
907,0.907681,0,0,0,0,0,0,-0.126900017
908,0.908689,0,0,0,0,0,0,-0.126900017
909,0.909685,0,0,0,0,0,0,-0.126900017
910,0.910693,0,0,0,0,0,0,-0.126900017
911,0.911765,0,0,0,0,0,0,-0.126900017
912,0.912589,0,0,0,0,0,0,-0.126900017
913,0.913695,0,0,0,0,0,0,-0.126900017
914,0.914679,0,0,0,0,0,0,-0.126900017
915,0.915690,0,0,0,0,0,0,-0.126900017
916,0.916687,0,0,0,0,0,0,-0.126900017
917,0.917696,0,0,0,0,0,0,-0.126900017
918,0.918679,0,0,0,0,0,0,-0.126900017
919,0.919688,0,0,0,0,0,0,-0.126900017
920,0.920684,0,0,0,0,0,0,-0.126900017
921,0.921694,0,0,0,0,0,0,-0.126900017
922,0.922697,0,0,0,0,0,0,-0.126900017
923,0.923678,0,0,0,0,0,0,-0.126900017
924,0.924688,0,0,0,0,0,0,-0.126900017
925,0.925688,0,0,0,0,0,0,-0.126900017
926,0.926697,0,0,0,0,0,0,-0.126900017
927,0.927680,0,0,0,0,0,0,-0.126900017
928,0.928689,0,0,0,0,0,0,-0.126900017
929,0.929685,0,0,0,0,0,0,-0.126900017
930,0.930695,0,0,0,0,0,0,-0.126900017
931,0.931678,0,0,0,0,0,0,-0.126900017
932,0.932687,0,0,0,0,0,0,-0.126900017
933,0.933712,0,0,0,0,0,0,-0.126900017
934,0.934679,0,0,0,0,0,0,-0.126900017
935,0.935692,0,0,0,0,0,0,-0.126900017
936,0.936675,0,0,0,0,0,0,-0.126900017
937,0.937696,0,0,0,0,0,0,-0.126900017
938,0.938680,0,0,0,0,0,0,-0.126900017
939,0.939690,0,0,0,0,0,0,-0.126900017
940,0.940685,0,0,0,0,0,0,-0.126900017
941,0.941696,0,0,0,0,0,0,-0.126900017
942,0.942679,0,0,0,0,0,0,-0.126900017
943,0.943688,0,0,0,0,0,0,-0.126900017
944,0.944788,0,0,0,0,0,0,-0.126900017
945,0.945593,0,0,0,0,0,0,-0.126900017
946,0.946689,0,0,0,0,0,0,-0.126900017
947,0.947685,0,0,0,0,0,0,-0.126900017
948,0.948693,0,0,0,0,0,0,-0.126900017
949,0.949675,0,0,0,0,0,0,-0.126900017
950,0.950701,0,0,0,0,0,0,-0.126900017
951,0.951699,0,0,0,0,0,0,-0.126900017
952,0.952681,0,0,0,0,0,0,-0.126900017
953,0.953690,0,0,0,0,0,0,-0.126900017
954,0.954673,0,0,0,0,0,0,-0.126900017
955,0.955694,0,0,0,0,0,0,-0.126900017
956,0.956689,0,0,0,0,0,0,-0.126900017
957,0.957685,0,0,0,0,0,0,-0.126900017
958,0.958693,0,0,0,0,0,0,-0.126900017
959,0.959676,0,0,0,0,0,0,-0.126900017
960,0.960698,0,0,0,0,0,0,-0.126900017
961,0.961680,0,0,0,0,0,0,-0.126900017
962,0.962689,0,0,0,0,0,0,-0.126900017
963,0.963685,0,0,0,0,0,0,-0.126900017
964,0.964693,0,0,0,0,0,0,-0.126900017
965,0.965787,0,0,0,0,0,0,-0.126900017
966,0.966677,0,0,0,0,0,0,-0.126900017
967,0.967698,0,0,0,0,0,0,-0.126900017
968,0.968680,0,0,0,0,0,0,-0.126900017
969,0.969691,0,0,0,0,0,0,-0.126900017
970,0.970674,0,0,0,0,0,0,-0.126900017
971,0.971694,0,0,0,0,0,0,-0.126900017
972,0.972678,0,0,0,0,0,0,-0.126900017
973,0.973687,0,0,0,0,0,0,-0.126900017
974,0.974681,0,0,0,0,0,0,-0.126900017
975,0.975692,0,0,0,0,0,0,-0.126900017
976,0.976696,0,0,0,0,0,0,-0.126900017
977,0.977682,0,0,0,0,0,0,-0.126900017
978,0.978692,0,0,0,0,0,0,-0.126900017
979,0.979674,0,0,0,0,0,0,-0.126900017
980,0.980695,0,0,0,0,0,0,-0.126900017
981,0.981679,0,0,0,0,0,0,-0.126900017
982,0.982687,0,0,0,0,0,0,-0.126900017
983,0.983682,0,0,0,0,0,0,-0.126900017
984,0.984691,0,0,0,0,0,0,-0.126900017
985,0.985680,0,0,0,0,0,0,-0.126900017
986,0.986689,0,0,0,0,0,0,-0.126900017
987,0.987713,0,0,0,0,0,0,-0.126900017
988,0.988682,0,0,0,0,0,0,-0.126900017
989,0.989691,0,0,0,0,0,0,-0.126900017
990,0.990676,0,0,0,0,0,0,-0.126900017
991,0.991697,0,0,0,0,0,0,-0.126900017
992,0.992680,0,0,0,0,0,0,-0.126900017
993,0.993691,0,0,0,0,0,0,-0.126900017
994,0.994674,0,0,0,0,0,0,-0.126900017
995,0.995698,0,0,0,0,0,0,-0.126900017
996,0.996682,0,0,0,0,0,0,-0.126900017
997,0.997691,0,0,0,0,0,0,-0.126900017
998,0.998695,0,0,0,0,0,0,-0.126900017
999,0.999683,0,0,0,0,0,0,-0.126900017
1000,1.000692,0,0,0,0,0,0,-0.126900017
1001,1.001675,0,0,0,0,0,0,-0.126900017
1002,1.002698,0,0,0,0,0,0,-0.126900017
1003,1.003682,0,0,0,0,0,0,-0.126900017
1004,1.004690,0,0,0,0,0,0,-0.126900017
1005,1.005678,0,0,0,0,0,0,-0.126900017
1006,1.006687,0,0,0,0,0,0,-0.126900017
1007,1.007682,0,0,0,0,0,0,-0.126900017
1008,1.008691,0,0,0,0,0,0,-0.126900017
1009,1.009714,0,0,0,0,0,0,-0.126900017
1010,1.010684,0,0,0,0,0,0,-0.126900017
1011,1.011694,0,0,0,0,0,0,-0.126900017
1012,1.012677,0,0,0,0,0,0,-0.126900017
1013,1.013699,0,0,0,0,0,0,-0.126900017
1014,1.014681,0,0,0,0,0,0,-0.126900017
1015,1.015692,0,0,0,0,0,0,-0.126900017
1016,1.016675,0,0,0,0,0,0,-0.126900017
1017,1.017697,0,0,0,0,0,0,-0.126900017
1018,1.018679,0,0,0,0,0,0,-0.126900017
1019,1.019687,0,0,0,0,0,0,-0.126900017
1020,1.020716,0,0,0,0,0,0,-0.126900017
1021,1.021687,0,0,0,0,0,0,-0.126900017
1022,1.022696,0,0,0,0,0,0,-0.126900017
1023,1.023679,0,0,0,0,0,0,-0.126900017
1024,1.024687,0,0,0,0,0,0,-0.126900017
1025,1.025686,0,0,0,0,0,0,-0.126900017
1026,1.026695,0,0,0,0,0,0,-0.126900017
1027,1.027677,0,0,0,0,0,0,-0.126900017
1028,1.028698,0,0,0,0,0,0,-0.126900017
1029,1.029682,0,0,0,0,0,0,-0.126900017
1030,1.030691,0,0,0,0,0,0,-0.126900017
1031,1.031719,0,0,0,0,0,0,-0.126900017
1032,1.032688,0,0,0,0,0,0,-0.126900017
1033,1.033697,0,0,0,0,0,0,-0.126900017
1034,1.034680,0,0,0,0,0,0,-0.126900017
1035,1.035692,0,0,0,0,0,0,-0.126900017
1036,1.036675,0,0,0,0,0,0,-0.126900017
1037,1.037694,0,0,0,0,0,0,-0.126900017
1038,1.038679,0,0,0,0,0,0,-0.126900017
1039,1.039688,0,0,0,0,0,0,-0.126900017
1040,1.040682,0,0,0,0,0,0,-0.126900017
1041,1.041693,0,0,0,0,0,0,-0.126900017
1042,1.042722,0,0,0,0,0,0,-0.126900017
1043,1.043677,0,0,0,0,0,0,-0.126900017
1044,1.044698,0,0,0,0,0,0,-0.126900017
1045,1.045683,0,0,0,0,0,0,-0.126900017
1046,1.046694,0,0,0,0,0,0,-0.126900017
1047,1.047676,0,0,0,0,0,0,-0.126900017
1048,1.048697,0,0,0,0,0,0,-0.126900017
1049,1.049682,0,0,0,0,0,0,-0.126900017
1050,1.050691,0,0,0,0,0,0,-0.126900017
1051,1.051674,0,0,0,0,0,0,-0.126900017
1052,1.052695,0,0,0,0,0,0,-0.126900017
1053,1.053724,0,0,0,0,0,0,-0.126900017
1054,1.054679,0,0,0,0,0,0,-0.126900017
1055,1.055692,0,0,0,0,0,0,-0.126900017
1056,1.056675,0,0,0,0,0,0,-0.126900017
1057,1.057696,0,0,0,0,0,0,-0.126900017
1058,1.058680,0,0,0,0,0,0,-0.126900017
1059,1.059689,0,0,0,0,0,0,-0.126900017
1060,1.060684,0,0,0,0,0,0,-0.126900017
1061,1.061693,0,0,0,0,0,0,-0.126900017
1062,1.062702,0,0,0,0,0,0,-0.126900017
1063,1.063696,0,0,0,0,0,0,-0.126900017
1064,1.064780,0,0,0,0,0,0,-0.126900017
1065,1.065583,0,0,0,0,0,0,-0.126900017
1066,1.066694,0,0,0,0,0,0,-0.126900017
1067,1.067679,0,0,0,0,0,0,-0.126900017
1068,1.068688,0,0,0,0,0,0,-0.126900017
1069,1.069683,0,0,0,0,0,0,-0.126900017
1070,1.070695,0,0,0,0,0,0,-0.126900017
1071,1.071678,0,0,0,0,0,0,-0.126900017
1072,1.072687,0,0,0,0,0,0,-0.126900017
1073,1.073684,0,0,0,0,0,0,-0.126900017
1074,1.074693,0,0,0,0,0,0,-0.126900017
1075,1.075699,0,0,0,0,0,0,-0.126900017
1076,1.076695,0,0,0,0,0,0,-0.126900017
1077,1.077678,0,0,0,0,0,0,-0.126900017
1078,1.078688,0,0,0,0,0,0,-0.126900017
1079,1.079682,0,0,0,0,0,0,-0.126900017
1080,1.080689,0,0,0,0,0,0,-0.126900017
1081,1.081685,0,0,0,0,0,0,-0.126900017
1082,1.082693,0,0,0,0,0,0,-0.126900017
1083,1.083676,0,0,0,0,0,0,-0.126900017
1084,1.084697,0,0,0,0,0,0,-0.126900017
1085,1.085712,0,0,0,0,0,0,-0.126900017
1086,1.086694,0,0,0,0,0,0,-0.126900017
1087,1.087691,0,0,0,0,0,0,-0.126900017
1088,1.088687,0,0,0,0,0,0,-0.126900017
1089,1.089696,0,0,0,0,0,0,-0.126900017
1090,1.090678,0,0,0,0,0,0,-0.126900017
1091,1.091687,0,0,0,0,0,0,-0.126900017
1092,1.092683,0,0,0,0,0,0,-0.126900017
1093,1.093692,0,0,0,0,0,0,-0.126900017
1094,1.094674,0,0,0,0,0,0,-0.126900017
1095,1.095698,0,0,0,0,0,0,-0.126900017
1096,1.096775,0,0,0,0,0,0,-0.126900017
1097,1.097673,0,0,0,0,0,0,-0.126900017
1098,1.098695,0,0,0,0,0,0,-0.126900017
1099,1.099678,0,0,0,0,0,0,-0.126900017
1100,1.100698,0,0,0,0,0,0,-0.126900017
1101,1.101681,0,0,0,0,0,0,-0.126900017
1102,1.102690,0,0,0,0,0,0,-0.126900017
1103,1.103685,0,0,0,0,0,0,-0.126900017
1104,1.104693,0,0,0,0,0,0,-0.126900017
1105,1.105681,0,0,0,0,0,0,-0.126900017
1106,1.106690,0,0,0,0,0,0,-0.126900017
1107,1.107716,0,0,0,0,0,0,-0.126900017
1108,1.108678,0,0,0,0,0,0,-0.126900017
1109,1.109686,0,0,0,0,0,0,-0.126900017
1110,1.110682,0,0,0,0,0,0,-0.126900017
1111,1.111690,0,0,0,0,0,0,-0.126900017
1112,1.112687,0,0,0,0,0,0,-0.126900017
1113,1.113696,0,0,0,0,0,0,-0.126900017
1114,1.114679,0,0,0,0,0,0,-0.126900017
1115,1.115691,0,0,0,0,0,0,-0.126900017
1116,1.116674,0,0,0,0,0,0,-0.126900017
1117,1.117696,0,0,0,0,0,0,-0.126900017
1118,1.118721,0,0,0,0,0,0,-0.126900017
1119,1.119693,0,0,0,0,0,0,-0.126900017
1120,1.120690,0,0,0,0,0,0,-0.126900017
1121,1.121673,0,0,0,0,0,0,-0.126900017
1122,1.122695,0,0,0,0,0,0,-0.126900017
1123,1.123678,0,0,0,0,0,0,-0.126900017
1124,1.124687,0,0,0,0,0,0,-0.126900017
1125,1.125686,0,0,0,0,0,0,-0.126900017
1126,1.126696,0,0,0,0,0,0,-0.126900017
1127,1.127679,0,0,0,0,0,0,-0.126900017
1128,1.128688,0,0,0,0,0,0,-0.126900017
1129,1.129691,0,0,0,0,0,0,-0.126900017
1130,1.130684,0,0,0,0,0,0,-0.126900017
1131,1.131694,0,0,0,0,0,0,-0.126900017
1132,1.132677,0,0,0,0,0,0,-0.126900017
1133,1.133697,0,0,0,0,0,0,-0.126900017
1134,1.134682,0,0,0,0,0,0,-0.126900017
1135,1.135694,0,0,0,0,0,0,-0.126900017
1136,1.136678,0,0,0,0,0,0,-0.126900017
1137,1.137686,0,0,0,0,0,0,-0.126900017
1138,1.138681,0,0,0,0,0,0,-0.126900017
1139,1.139691,0,0,0,0,0,0,-0.126900017
1140,1.140694,0,0,0,0,0,0,-0.126900017
1141,1.141684,0,0,0,0,0,0,-0.126900017
1142,1.142693,0,0,0,0,0,0,-0.126900017
1143,1.143678,0,0,0,0,0,0,-0.126900017
1144,1.144687,0,0,0,0,0,0,-0.126900017
1145,1.145686,0,0,0,0,0,0,-0.126900017
1146,1.146694,0,0,0,0,0,0,-0.126900017
1147,1.147676,0,0,0,0,0,0,-0.126900017
1148,1.148697,0,0,0,0,0,0,-0.126900017
1149,1.149680,0,0,0,0,0,0,-0.126900017
1150,1.150689,0,0,0,0,0,0,-0.126900017
1151,1.151690,0,0,0,0,0,0,-0.126900017
1152,1.152674,0,0,0,0,0,0,-0.126900017
1153,1.153695,0,0,0,0,0,0,-0.126900017
1154,1.154677,0,0,0,0,0,0,-0.126900017
1155,1.155703,0,0,0,0,0,0,-0.126900017
1156,1.156685,0,0,0,0,0,0,-0.126900017
1157,1.157693,0,0,0,0,0,0,-0.126900017
1158,1.158676,0,0,0,0,0,0,-0.126900017
1159,1.159697,0,0,0,0,0,0,-0.126900017
1160,1.160679,0,0,0,0,0,0,-0.126900017
1161,1.161687,0,0,0,0,0,0,-0.126900017
1162,1.162690,0,0,0,0,0,0,-0.126900017
1163,1.163683,0,0,0,0,0,0,-0.126900017
1164,1.164692,0,0,0,0,0,0,-0.126900017
1165,1.165677,0,0,0,0,0,0,-0.126900017
1166,1.166699,0,0,0,0,0,0,-0.126900017
1167,1.167681,0,0,0,0,0,0,-0.126900017
1168,1.168690,0,0,0,0,0,0,-0.126900017
1169,1.169673,0,0,0,0,0,0,-0.126900017
1170,1.170697,0,0,0,0,0,0,-0.126900017
1171,1.171692,0,0,0,0,0,0,-0.126900017
1172,1.172676,0,0,0,0,0,0,-0.126900017
1173,1.173788,0,0,0,0,0,0,-0.126900017
1174,1.174592,0,0,0,0,0,0,-0.126900017
1175,1.175701,0,0,0,0,0,0,-0.126900017
1176,1.176684,0,0,0,0,0,0,-0.126900017
1177,1.177692,0,0,0,0,0,0,-0.126900017
1178,1.178675,0,0,0,0,0,0,-0.126900017
1179,1.179698,0,0,0,0,0,0,-0.126900017
1180,1.180681,0,0,0,0,0,0,-0.126900017
1181,1.181690,0,0,0,0,0,0,-0.126900017
1182,1.182673,0,0,0,0,0,0,-0.126900017
1183,1.183695,0,0,0,0,0,0,-0.126900017
1184,1.184695,0,0,0,0,0,0,-0.126900017
1185,1.185694,0,0,0,0,0,0,-0.126900017
1186,1.186678,0,0,0,0,0,0,-0.126900017
1187,1.187688,0,0,0,0,0,0,-0.126900017
1188,1.188684,0,0,0,0,0,0,-0.126900017
1189,1.189694,0,0,0,0,0,0,-0.126900017
1190,1.190677,0,0,0,0,0,0,-0.126900017
1191,1.191697,0,0,0,0,0,0,-0.126900017
1192,1.192681,0,0,0,0,0,0,-0.126900017
1193,1.193691,0,0,0,0,0,0,-0.126900017
1194,1.194699,0,0,0,0,0,0,-0.126900017
1195,1.195693,0,0,0,0,0,0,-0.126900017
1196,1.196690,0,0,0,0,0,0,-0.126900017
1197,1.197673,0,0,0,0,0,0,-0.126900017
1198,1.198696,0,0,0,0,0,0,-0.126900017
1199,1.199678,0,0,0,0,0,0,-0.126900017
1200,1.200687,0,0,0,0,0,0,-0.126900017
1201,1.201684,0,0,0,0,0,0,-0.126900017
1202,1.202693,0,0,0,0,0,0,-0.126900017
1203,1.203676,0,0,0,0,0,0,-0.126900017
1204,1.204699,0,0,0,0,0,0,-0.126900017
1205,1.205778,0,0,0,0,0,0,-0.126900017
1206,1.206680,0,0,0,0,0,0,-0.126900017
1207,1.207690,0,0,0,0,0,0,-0.126900017
1208,1.208685,0,0,0,0,0,0,-0.126900017
1209,1.209695,0,0,0,0,0,0,-0.126900017
1210,1.210679,0,0,0,0,0,0,-0.126900017
1211,1.211687,0,0,0,0,0,0,-0.126900017
1212,1.212682,0,0,0,0,0,0,-0.126900017
1213,1.213693,0,0,0,0,0,0,-0.126900017
1214,1.214675,0,0,0,0,0,0,-0.126900017
1215,1.215699,0,0,0,0,0,0,-0.126900017
1216,1.216690,0,0,0,0,0,0,-0.126900017
1217,1.217686,0,0,0,0,0,0,-0.126900017
1218,1.218695,0,0,0,0,0,0,-0.126900017
1219,1.219677,0,0,0,0,0,0,-0.126900017
1220,1.220686,0,0,0,0,0,0,-0.126900017
1221,1.221682,0,0,0,0,0,0,-0.126900017
1222,1.222691,0,0,0,0,0,0,-0.126900017
1223,1.223685,0,0,0,0,0,0,-0.126900017
1224,1.224693,0,0,0,0,0,0,-0.126900017
1225,1.225680,0,0,0,0,0,0,-0.126900017
1226,1.226689,0,0,0,0,0,0,-0.126900017
1227,1.227704,0,0,0,0,0,0,-0.126900017
1228,1.228675,0,0,0,0,0,0,-0.126900017
1229,1.229889,0,0,0,0,0,0,-0.126900017
1230,1.230582,0,0,0,0,0,0,-0.126900017
1231,1.231688,0,0,0,0,0,0,-0.126900017
1232,1.232683,0,0,0,0,0,0,-0.126900017
1233,1.233691,0,0,0,0,0,0,-0.126900017
1234,1.234675,0,0,0,0,0,0,-0.126900017
1235,1.235698,0,0,0,0,0,0,-0.126900017
1236,1.236681,0,0,0,0,0,0,-0.126900017
1237,1.237689,0,0,0,0,0,0,-0.126900017
1238,1.238705,0,0,0,0,0,0,-0.126900017
1239,1.239686,0,0,0,0,0,0,-0.126900017
1240,1.240694,0,0,0,0,0,0,-0.126900017
1241,1.241677,0,0,0,0,0,0,-0.126900017
1242,1.242699,0,0,0,0,0,0,-0.126900017
1243,1.243681,0,0,0,0,0,0,-0.126900017
1244,1.244689,0,0,0,0,0,0,-0.126900017
1245,1.245676,0,0,0,0,0,0,-0.126900017
1246,1.246699,0,0,0,0,0,0,-0.126900017
1247,1.247682,0,0,0,0,0,0,-0.126900017
1248,1.248691,0,0,0,0,0,0,-0.126900017
1249,1.249721,0,0,0,0,0,0,-0.126900017
1250,1.250685,0,0,0,0,0,0,-0.126900017
1251,1.251694,0,0,0,0,0,0,-0.126900017
1252,1.252677,0,0,0,0,0,0,-0.126900017
1253,1.253697,0,0,0,0,0,0,-0.126900017
1254,1.254681,0,0,0,0,0,0,-0.126900017
1255,1.255693,0,0,0,0,0,0,-0.126900017
1256,1.256677,0,0,0,0,0,0,-0.126900017
1257,1.257700,0,0,0,0,0,0,-0.126900017
1258,1.258682,0,0,0,0,0,0,-0.126900017
1259,1.259692,0,0,0,0,0,0,-0.126900017
1260,1.260695,0,0,0,0,0,0,-0.126900017
1261,1.261681,0,0,0,0,0,0,-0.126900017
1262,1.262690,0,0,0,0,0,0,-0.126900017
1263,1.263674,0,0,0,0,0,0,-0.126900017
1264,1.264695,0,0,0,0,0,0,-0.126900017
1265,1.265682,0,0,0,0,0,0,-0.126900017
1266,1.266690,0,0,0,0,0,0,-0.126900017
1267,1.267675,0,0,0,0,0,0,-0.126900017
1268,1.268696,0,0,0,0,0,0,-0.126900017
1269,1.269679,0,0,0,0,0,0,-0.126900017
1270,1.270690,0,0,0,0,0,0,-0.126900017
1271,1.271692,0,0,0,0,0,0,-0.126900017
1272,1.272674,0,0,0,0,0,0,-0.126900017
1273,1.273696,0,0,0,0,0,0,-0.126900017
1274,1.274679,0,0,0,0,0,0,-0.126900017
1275,1.275692,0,0,0,0,0,0,-0.126900017
1276,1.276674,0,0,0,0,0,0,-0.126900017
1277,1.277694,0,0,0,0,0,0,-0.126900017
1278,1.278678,0,0,0,0,0,0,-0.126900017
1279,1.279698,0,0,0,0,0,0,-0.126900017
1280,1.280681,0,0,0,0,0,0,-0.126900017
1281,1.281690,0,0,0,0,0,0,-0.126900017
1282,1.282691,0,0,0,0,0,0,-0.126900017
1283,1.283673,0,0,0,0,0,0,-0.126900017
1284,1.284696,0,0,0,0,0,0,-0.126900017
1285,1.285682,0,0,0,0,0,0,-0.126900017
1286,1.286690,0,0,0,0,0,0,-0.126900017
1287,1.287792,0,0,0,0,0,0,-0.126900017
1288,1.288584,0,0,0,0,0,0,-0.126900017
1289,1.289691,0,0,0,0,0,0,-0.126900017
1290,1.290685,0,0,0,0,0,0,-0.126900017
1291,1.291693,0,0,0,0,0,0,-0.126900017
1292,1.292677,0,0,0,0,0,0,-0.126900017
1293,1.293692,0,0,0,0,0,0,-0.126900017
1294,1.294674,0,0,0,0,0,0,-0.126900017
1295,1.295699,0,0,0,0,0,0,-0.126900017
1296,1.296681,0,0,0,0,0,0,-0.126900017
1297,1.297690,0,0,0,0,0,0,-0.126900017
1298,1.298673,0,0,0,0,0,0,-0.126900017
1299,1.299695,0,0,0,0,0,0,-0.126900017
1300,1.300677,0,0,0,0,0,0,-0.126900017
1301,1.301686,0,0,0,0,0,0,-0.126900017
1302,1.302682,0,0,0,0,0,0,-0.126900017
1303,1.303691,0,0,0,0,0,0,-0.126900017
1304,1.304720,0,0,0,0,0,0,-0.126900017
1305,1.305690,0,0,0,0,0,0,-0.126900017
1306,1.306686,0,0,0,0,0,0,-0.126900017
1307,1.307682,0,0,0,0,0,0,-0.126900017
1308,1.308691,0,0,0,0,0,0,-0.126900017
1309,1.309673,0,0,0,0,0,0,-0.126900017
1310,1.310694,0,0,0,0,0,0,-0.126900017
1311,1.311678,0,0,0,0,0,0,-0.126900017
1312,1.312687,0,0,0,0,0,0,-0.126900017
1313,1.313683,0,0,0,0,0,0,-0.126900017
1314,1.314691,0,0,0,0,0,0,-0.126900017
1315,1.315724,0,0,0,0,0,0,-0.126900017
1316,1.316678,0,0,0,0,0,0,-0.126900017
1317,1.317688,0,0,0,0,0,0,-0.126900017
1318,1.318683,0,0,0,0,0,0,-0.126900017
1319,1.319691,0,0,0,0,0,0,-0.126900017
1320,1.320675,0,0,0,0,0,0,-0.126900017
1321,1.321697,0,0,0,0,0,0,-0.126900017
1322,1.322680,0,0,0,0,0,0,-0.126900017
1323,1.323689,0,0,0,0,0,0,-0.126900017
1324,1.324674,0,0,0,0,0,0,-0.126900017
1325,1.325697,0,0,0,0,0,0,-0.126900017
1326,1.326709,0,0,0,0,0,0,-0.126900017
1327,1.327680,0,0,0,0,0,0,-0.126900017
1328,1.328688,0,0,0,0,0,0,-0.126900017
1329,1.329685,0,0,0,0,0,0,-0.126900017
1330,1.330694,0,0,0,0,0,0,-0.126900017
1331,1.331677,0,0,0,0,0,0,-0.126900017
1332,1.332688,0,0,0,0,0,0,-0.126900017
1333,1.333683,0,0,0,0,0,0,-0.126900017
1334,1.334692,0,0,0,0,0,0,-0.126900017
1335,1.335679,0,0,0,0,0,0,-0.126900017
1336,1.336688,0,0,0,0,0,0,-0.126900017
1337,1.337717,0,0,0,0,0,0,-0.126900017
1338,1.338680,0,0,0,0,0,0,-0.126900017
1339,1.339692,0,0,0,0,0,0,-0.126900017
1340,1.340690,0,0,0,0,0,0,-0.126900017
1341,1.341685,0,0,0,0,0,0,-0.126900017
1342,1.342694,0,0,0,0,0,0,-0.126900017
1343,1.343676,0,0,0,0,0,0,-0.126900017
1344,1.344696,0,0,0,0,0,0,-0.126900017
1345,1.345683,0,0,0,0,0,0,-0.126900017
1346,1.346692,0,0,0,0,0,0,-0.126900017
1347,1.347674,0,0,0,0,0,0,-0.126900017
1348,1.348771,0,0,0,0,0,0,-0.126900017
1349,1.349587,0,0,0,0,0,0,-0.126900017
1350,1.350694,0,0,0,0,0,0,-0.126900017
1351,1.351677,0,0,0,0,0,0,-0.126900017
1352,1.352698,0,0,0,0,0,0,-0.126900017
1353,1.353681,0,0,0,0,0,0,-0.126900017
1354,1.354689,0,0,0,0,0,0,-0.126900017
1355,1.355688,0,0,0,0,0,0,-0.126900017
1356,1.356697,0,0,0,0,0,0,-0.126900017
1357,1.357679,0,0,0,0,0,0,-0.126900017
1358,1.358688,0,0,0,0,0,0,-0.126900017
1359,1.359698,0,0,0,0,0,0,-0.126900017
1360,1.360694,0,0,0,0,0,0,-0.126900017
1361,1.361678,0,0,0,0,0,0,-0.126900017
1362,1.362700,0,0,0,0,0,0,-0.126900017
1363,1.363682,0,0,0,0,0,0,-0.126900017
1364,1.364691,0,0,0,0,0,0,-0.126900017
1365,1.365677,0,0,0,0,0,0,-0.126900017
1366,1.366699,0,0,0,0,0,0,-0.126900017
1367,1.367681,0,0,0,0,0,0,-0.126900017
1368,1.368690,0,0,0,0,0,0,-0.126900017
1369,1.369768,0,0,0,0,0,0,-0.126900017
1370,1.370674,0,0,0,0,0,0,-0.126900017
1371,1.371696,0,0,0,0,0,0,-0.126900017
1372,1.372679,0,0,0,0,0,0,-0.126900017
1373,1.373687,0,0,0,0,0,0,-0.126900017
1374,1.374683,0,0,0,0,0,0,-0.126900017
1375,1.375695,0,0,0,0,0,0,-0.126900017
1376,1.376678,0,0,0,0,0,0,-0.126900017
1377,1.377687,0,0,0,0,0,0,-0.126900017
1378,1.378683,0,0,0,0,0,0,-0.126900017
1379,1.379693,0,0,0,0,0,0,-0.126900017
1380,1.380717,0,0,0,0,0,0,-0.126900017
1381,1.381681,0,0,0,0,0,0,-0.126900017
1382,1.382690,0,0,0,0,0,0,-0.126900017
1383,1.383673,0,0,0,0,0,0,-0.126900017
1384,1.384696,0,0,0,0,0,0,-0.126900017
1385,1.385683,0,0,0,0,0,0,-0.126900017
1386,1.386691,0,0,0,0,0,0,-0.126900017
1387,1.387675,0,0,0,0,0,0,-0.126900017
1388,1.388697,0,0,0,0,0,0,-0.126900017
1389,1.389680,0,0,0,0,0,0,-0.126900017
1390,1.390689,0,0,0,0,0,0,-0.126900017
1391,1.391695,0,0,0,0,0,0,-0.126900017
1392,1.392674,0,0,0,0,0,0,-0.126900017
1393,1.393695,0,0,0,0,0,0,-0.126900017
1394,1.394678,0,0,0,0,0,0,-0.126900017
1395,1.395690,0,0,0,0,0,0,-0.126900017
1396,1.396674,0,0,0,0,0,0,-0.126900017
1397,1.397696,0,0,0,0,0,0,-0.126900017
1398,1.398678,0,0,0,0,0,0,-0.126900017
1399,1.399689,0,0,0,0,0,0,-0.126900017
1400,1.400684,0,0,0,0,0,0,-0.126900017
1401,1.401693,0,0,0,0,0,0,-0.126900017
1402,1.402724,0,0,0,0,0,0,-0.126900017
1403,1.403676,0,0,0,0,0,0,-0.126900017
1404,1.404699,0,0,0,0,0,0,-0.126900017
1405,1.405685,0,0,0,0,0,0,-0.126900017
1406,1.406694,0,0,0,0,0,0,-0.126900017
1407,1.407675,0,0,0,0,0,0,-0.126900017
1408,1.408697,0,0,0,0,0,0,-0.126900017
1409,1.409680,0,0,0,0,0,0,-0.126900017
1410,1.410688,0,0,0,0,0,0,-0.126900017
1411,1.411684,0,0,0,0,0,0,-0.126900017
1412,1.412692,0,0,0,0,0,0,-0.126900017
1413,1.413695,0,0,0,0,0,0,-0.126900017
1414,1.414674,0,0,0,0,0,0,-0.126900017
1415,1.415698,0,0,0,0,0,0,-0.126900017
1416,1.416682,0,0,0,0,0,0,-0.126900017
1417,1.417691,0,0,0,0,0,0,-0.126900017
1418,1.418674,0,0,0,0,0,0,-0.126900017
1419,1.419696,0,0,0,0,0,0,-0.126900017
1420,1.420678,0,0,0,0,0,0,-0.126900017
1421,1.421687,0,0,0,0,0,0,-0.126900017
1422,1.422683,0,0,0,0,0,0,-0.126900017
1423,1.423692,0,0,0,0,0,0,-0.126900017
1424,1.424716,0,0,0,0,0,0,-0.126900017
1425,1.425680,0,0,0,0,0,0,-0.126900017
1426,1.426689,0,0,0,0,0,0,-0.126900017
1427,1.427672,0,0,0,0,0,0,-0.126900017
1428,1.428694,0,0,0,0,0,0,-0.126900017
1429,1.429676,0,0,0,0,0,0,-0.126900017
1430,1.430697,0,0,0,0,0,0,-0.126900017
1431,1.431680,0,0,0,0,0,0,-0.126900017
1432,1.432689,0,0,0,0,0,0,-0.126900017
1433,1.433684,0,0,0,0,0,0,-0.126900017
1434,1.434692,0,0,0,0,0,0,-0.126900017
1435,1.435796,0,0,0,0,0,0,-0.126900017
1436,1.436588,0,0,0,0,0,0,-0.126900017
1437,1.437695,0,0,0,0,0,0,-0.126900017
1438,1.438677,0,0,0,0,0,0,-0.126900017
1439,1.439697,0,0,0,0,0,0,-0.126900017
1440,1.440682,0,0,0,0,0,0,-0.126900017
1441,1.441691,0,0,0,0,0,0,-0.126900017
1442,1.442828,0,0,0,0,0,0,-0.126900017
1443,1.443582,0,0,0,0,0,0,-0.126900017
1444,1.444689,0,0,0,0,0,0,-0.126900017
1445,1.445677,0,0,0,0,0,0,-0.126900017
1446,1.446693,0,0,0,0,0,0,-0.126900017
1447,1.447690,0,0,0,0,0,0,-0.126900017
1448,1.448673,0,0,0,0,0,0,-0.126900017
1449,1.449695,0,0,0,0,0,0,-0.126900017
1450,1.450679,0,0,0,0,0,0,-0.126900017
1451,1.451688,0,0,0,0,0,0,-0.126900017
1452,1.452683,0,0,0,0,0,0,-0.126900017
1453,1.453692,0,0,0,0,0,0,-0.126900017
1454,1.454675,0,0,0,0,0,0,-0.126900017
1455,1.455700,0,0,0,0,0,0,-0.126900017
1456,1.456753,0,0,0,0,0,0,-0.126900017
1457,1.457680,0,0,0,0,0,0,-0.126900017
1458,1.458689,0,0,0,0,0,0,-0.126900017
1459,1.459685,0,0,0,0,0,0,-0.126900017
1460,1.460694,0,0,0,0,0,0,-0.126900017
1461,1.461677,0,0,0,0,0,0,-0.126900017
1462,1.462700,0,0,0,0,0,0,-0.126900017
1463,1.463682,0,0,0,0,0,0,-0.126900017
1464,1.464691,0,0,0,0,0,0,-0.126900017
1465,1.465678,0,0,0,0,0,0,-0.126900017
1466,1.466687,0,0,0,0,0,0,-0.126900017
1467,1.467691,0,0,0,0,0,0,-0.126900017
1468,1.468683,0,0,0,0,0,0,-0.126900017
1469,1.469692,0,0,0,0,0,0,-0.126900017
1470,1.470676,0,0,0,0,0,0,-0.126900017
1471,1.471698,0,0,0,0,0,0,-0.126900017
1472,1.472681,0,0,0,0,0,0,-0.126900017
1473,1.473689,0,0,0,0,0,0,-0.126900017
1474,1.474684,0,0,0,0,0,0,-0.126900017
1475,1.475696,0,0,0,0,0,0,-0.126900017
1476,1.476679,0,0,0,0,0,0,-0.126900017
1477,1.477687,0,0,0,0,0,0,-0.126900017
1478,1.478690,0,0,0,0,0,0,-0.126900017
1479,1.479683,0,0,0,0,0,0,-0.126900017
1480,1.480692,0,0,0,0,0,0,-0.126900017
1481,1.481675,0,0,0,0,0,0,-0.126900017
1482,1.482695,0,0,0,0,0,0,-0.126900017
1483,1.483679,0,0,0,0,0,0,-0.126900017
1484,1.484688,0,0,0,0,0,0,-0.126900017
1485,1.485685,0,0,0,0,0,0,-0.126900017
1486,1.486696,0,0,0,0,0,0,-0.126900017
1487,1.487679,0,0,0,0,0,0,-0.126900017
1488,1.488688,0,0,0,0,0,0,-0.126900017
1489,1.489690,0,0,0,0,0,0,-0.126900017
1490,1.490683,0,0,0,0,0,0,-0.126900017
1491,1.491692,0,0,0,0,0,0,-0.126900017
1492,1.492676,0,0,0,0,0,0,-0.126900017
1493,1.493696,0,0,0,0,0,0,-0.126900017
1494,1.494689,0,0,0,0,0,0,-0.126900017
1495,1.495701,0,0,0,0,0,0,-0.126900017
1496,1.496684,0,0,0,0,0,0,-0.126900017
1497,1.497692,0,0,0,0,0,0,-0.126900017
1498,1.498675,0,0,0,0,0,0,-0.126900017
1499,1.499697,0,0,0,0,0,0,-0.126900017
1500,1.500701,0,0,0,0,0,0,-0.126900017
1501,1.501681,0,0,0,0,0,0,-0.126900017
1502,1.502690,0,0,0,0,0,0,-0.126900017
1503,1.503673,0,0,0,0,0,0,-0.126900017
1504,1.504695,0,0,0,0,0,0,-0.126900017
1505,1.505680,0,0,0,0,0,0,-0.126900017
1506,1.506689,0,0,0,0,0,0,-0.126900017
1507,1.507684,0,0,0,0,0,0,-0.126900017
1508,1.508694,0,0,0,0,0,0,-0.126900017
1509,1.509677,0,0,0,0,0,0,-0.126900017
1510,1.510700,0,0,0,0,0,0,-0.126900017
1511,1.511715,0,0,0,0,0,0,-0.126900017
1512,1.512678,0,0,0,0,0,0,-0.126900017
1513,1.513688,0,0,0,0,0,0,-0.126900017
1514,1.514683,0,0,0,0,0,0,-0.126900017
1515,1.515694,0,0,0,0,0,0,-0.126900017
1516,1.516679,0,0,0,0,0,0,-0.126900017
1517,1.517688,0,0,0,0,0,0,-0.126900017
1518,1.518685,0,0,0,0,0,0,-0.126900017
1519,1.519695,0,0,0,0,0,0,-0.126900017
1520,1.520677,0,0,0,0,0,0,-0.126900017
1521,1.521687,0,0,0,0,0,0,-0.126900017
1522,1.522711,0,0,0,0,0,0,-0.126900017
1523,1.523674,0,0,0,0,0,0,-0.126900017
1524,1.524697,0,0,0,0,0,0,-0.126900017
1525,1.525683,0,0,0,0,0,0,-0.126900017
1526,1.526692,0,0,0,0,0,0,-0.126900017
1527,1.527674,0,0,0,0,0,0,-0.126900017
1528,1.528697,0,0,0,0,0,0,-0.126900017
1529,1.529680,0,0,0,0,0,0,-0.126900017
1530,1.530689,0,0,0,0,0,0,-0.126900017
1531,1.531685,0,0,0,0,0,0,-0.126900017
1532,1.532694,0,0,0,0,0,0,-0.126900017
1533,1.533698,0,0,0,0,0,0,-0.126900017
1534,1.534684,0,0,0,0,0,0,-0.126900017
1535,1.535696,0,0,0,0,0,0,-0.126900017
1536,1.536680,0,0,0,0,0,0,-0.126900017
1537,1.537689,0,0,0,0,0,0,-0.126900017
1538,1.538684,0,0,0,0,0,0,-0.126900017
1539,1.539691,0,0,0,0,0,0,-0.126900017
1540,1.540674,0,0,0,0,0,0,-0.126900017
1541,1.541695,0,0,0,0,0,0,-0.126900017
1542,1.542678,0,0,0,0,0,0,-0.126900017
1543,1.543700,0,0,0,0,0,0,-0.126900017
1544,1.544689,0,0,0,0,0,0,-0.126900017
1545,1.545683,0,0,0,0,0,0,-0.126900017
1546,1.546692,0,0,0,0,0,0,-0.126900017
1547,1.547675,0,0,0,0,0,0,-0.126900017
1548,1.548697,0,0,0,0,0,0,-0.126900017
1549,1.549811,0,0,0,0,0,0,-0.126900017
1550,1.550590,0,0,0,0,0,0,-0.126900017
1551,1.551696,0,0,0,0,0,0,-0.126900017
1552,1.552679,0,0,0,0,0,0,-0.126900017
1553,1.553687,0,0,0,0,0,0,-0.126900017
1554,1.554682,0,0,0,0,0,0,-0.126900017
1555,1.555701,0,0,0,0,0,0,-0.126900017
1556,1.556674,0,0,0,0,0,0,-0.126900017
1557,1.557696,0,0,0,0,0,0,-0.126900017
1558,1.558678,0,0,0,0,0,0,-0.126900017
1559,1.559687,0,0,0,0,0,0,-0.126900017
1560,1.560683,0,0,0,0,0,0,-0.126900017
1561,1.561692,0,0,0,0,0,0,-0.126900017
1562,1.562674,0,0,0,0,0,0,-0.126900017
1563,1.563695,0,0,0,0,0,0,-0.126900017
1564,1.564679,0,0,0,0,0,0,-0.126900017
1565,1.565691,0,0,0,0,0,0,-0.126900017
1566,1.566694,0,0,0,0,0,0,-0.126900017
1567,1.567677,0,0,0,0,0,0,-0.126900017
1568,1.568698,0,0,0,0,0,0,-0.126900017
1569,1.569682,0,0,0,0,0,0,-0.126900017
1570,1.570691,0,0,0,0,0,0,-0.126900017
1571,1.571674,0,0,0,0,0,0,-0.126900017
1572,1.572696,0,0,0,0,0,0,-0.126900017
1573,1.573679,0,0,0,0,0,0,-0.126900017
1574,1.574688,0,0,0,0,0,0,-0.126900017
1575,1.575688,0,0,0,0,0,0,-0.126900017
1576,1.576697,0,0,0,0,0,0,-0.126900017
1577,1.577701,0,0,0,0,0,0,-0.126900017
1578,1.578680,0,0,0,0,0,0,-0.126900017
1579,1.579689,0,0,0,0,0,0,-0.126900017
1580,1.580673,0,0,0,0,0,0,-0.126900017
1581,1.581695,0,0,0,0,0,0,-0.126900017
1582,1.582678,0,0,0,0,0,0,-0.126900017
1583,1.583687,0,0,0,0,0,0,-0.126900017
1584,1.584683,0,0,0,0,0,0,-0.126900017
1585,1.585695,0,0,0,0,0,0,-0.126900017
1586,1.586678,0,0,0,0,0,0,-0.126900017
1587,1.587687,0,0,0,0,0,0,-0.126900017
1588,1.588691,0,0,0,0,0,0,-0.126900017
1589,1.589683,0,0,0,0,0,0,-0.126900017
1590,1.590693,0,0,0,0,0,0,-0.126900017
1591,1.591676,0,0,0,0,0,0,-0.126900017
1592,1.592696,0,0,0,0,0,0,-0.126900017
1593,1.593681,0,0,0,0,0,0,-0.126900017
1594,1.594690,0,0,0,0,0,0,-0.126900017
1595,1.595690,0,0,0,0,0,0,-0.126900017
1596,1.596700,0,0,0,0,0,0,-0.126900017
1597,1.597682,0,0,0,0,0,0,-0.126900017
1598,1.598691,0,0,0,0,0,0,-0.126900017
1599,1.599695,0,0,0,0,0,0,-0.126900017
1600,1.600680,0,0,0,0,0,0,-0.126900017
1601,1.601693,0,0,0,0,0,0,-0.126900017
1602,1.602691,0,0,0,0,0,0,-0.126900017
1603,1.603672,0,0,0,0,0,0,-0.126900017
1604,1.604695,0,0,0,0,0,0,-0.126900017
1605,1.605680,0,0,0,0,0,0,-0.126900017
1606,1.606688,0,0,0,0,0,0,-0.126900017
1607,1.607684,0,0,0,0,0,0,-0.126900017
1608,1.608693,0,0,0,0,0,0,-0.126900017
1609,1.609676,0,0,0,0,0,0,-0.126900017
1610,1.610691,0,0,0,0,0,0,-0.126900017
1611,1.611685,0,0,0,0,0,0,-0.126900017
1612,1.612694,0,0,0,0,0,0,-0.126900017
1613,1.613676,0,0,0,0,0,0,-0.126900017
1614,1.614699,0,0,0,0,0,0,-0.126900017
1615,1.615685,0,0,0,0,0,0,-0.126900017
1616,1.616693,0,0,0,0,0,0,-0.126900017
1617,1.617676,0,0,0,0,0,0,-0.126900017
1618,1.618697,0,0,0,0,0,0,-0.126900017
1619,1.619679,0,0,0,0,0,0,-0.126900017
1620,1.620687,0,0,0,0,0,0,-0.126900017
1621,1.621690,0,0,0,0,0,0,-0.126900017
1622,1.622673,0,0,0,0,0,0,-0.126900017
1623,1.623696,0,0,0,0,0,0,-0.126900017
1624,1.624679,0,0,0,0,0,0,-0.126900017
1625,1.625690,0,0,0,0,0,0,-0.126900017
1626,1.626674,0,0,0,0,0,0,-0.126900017
1627,1.627694,0,0,0,0,0,0,-0.126900017
1628,1.628677,0,0,0,0,0,0,-0.126900017
1629,1.629699,0,0,0,0,0,0,-0.126900017
1630,1.630681,0,0,0,0,0,0,-0.126900017
1631,1.631689,0,0,0,0,0,0,-0.126900017
1632,1.632692,0,0,0,0,0,0,-0.126900017
1633,1.633687,0,0,0,0,0,0,-0.126900017
1634,1.634696,0,0,0,0,0,0,-0.126900017
1635,1.635682,0,0,0,0,0,0,-0.126900017
1636,1.636690,0,0,0,0,0,0,-0.126900017
1637,1.637673,0,0,0,0,0,0,-0.126900017
1638,1.638695,0,0,0,0,0,0,-0.126900017
1639,1.639678,0,0,0,0,0,0,-0.126900017
1640,1.640687,0,0,0,0,0,0,-0.126900017
1641,1.641683,0,0,0,0,0,0,-0.126900017
1642,1.642692,0,0,0,0,0,0,-0.126900017
1643,1.643716,0,0,0,0,0,0,-0.126900017
1644,1.644675,0,0,0,0,0,0,-0.126900017
1645,1.645700,0,0,0,0,0,0,-0.126900017
1646,1.646685,0,0,0,0,0,0,-0.126900017
1647,1.647694,0,0,0,0,0,0,-0.126900017
1648,1.648677,0,0,0,0,0,0,-0.126900017
1649,1.649699,0,0,0,0,0,0,-0.126900017
1650,1.650682,0,0,0,0,0,0,-0.126900017
1651,1.651692,0,0,0,0,0,0,-0.126900017
1652,1.652675,0,0,0,0,0,0,-0.126900017
1653,1.653698,0,0,0,0,0,0,-0.126900017
1654,1.654701,0,0,0,0,0,0,-0.126900017
1655,1.655677,0,0,0,0,0,0,-0.126900017
1656,1.656687,0,0,0,0,0,0,-0.126900017
1657,1.657682,0,0,0,0,0,0,-0.126900017
1658,1.658691,0,0,0,0,0,0,-0.126900017
1659,1.659676,0,0,0,0,0,0,-0.126900017
1660,1.660690,0,0,0,0,0,0,-0.126900017
1661,1.661688,0,0,0,0,0,0,-0.126900017
1662,1.662683,0,0,0,0,0,0,-0.126900017
1663,1.663691,0,0,0,0,0,0,-0.126900017
1664,1.664676,0,0,0,0,0,0,-0.126900017
1665,1.665695,0,0,0,0,0,0,-0.126900017
1666,1.666676,0,0,0,0,0,0,-0.126900017
1667,1.667699,0,0,0,0,0,0,-0.126900017
1668,1.668682,0,0,0,0,0,0,-0.126900017
1669,1.669690,0,0,0,0,0,0,-0.126900017
1670,1.670684,0,0,0,0,0,0,-0.126900017
1671,1.671693,0,0,0,0,0,0,-0.126900017
1672,1.672676,0,0,0,0,0,0,-0.126900017
1673,1.673696,0,0,0,0,0,0,-0.126900017
1674,1.674680,0,0,0,0,0,0,-0.126900017
1675,1.675692,0,0,0,0,0,0,-0.126900017
1676,1.676695,0,0,0,0,0,0,-0.126900017
1677,1.677676,0,0,0,0,0,0,-0.126900017
1678,1.678697,0,0,0,0,0,0,-0.126900017
1679,1.679681,0,0,0,0,0,0,-0.126900017
1680,1.680690,0,0,0,0,0,0,-0.126900017
1681,1.681685,0,0,0,0,0,0,-0.126900017
1682,1.682696,0,0,0,0,0,0,-0.126900017
1683,1.683679,0,0,0,0,0,0,-0.126900017
1684,1.684687,0,0,0,0,0,0,-0.126900017
1685,1.685687,0,0,0,0,0,0,-0.126900017
1686,1.686696,0,0,0,0,0,0,-0.126900017
1687,1.687718,0,0,0,0,0,0,-0.126900017
1688,1.688679,0,0,0,0,0,0,-0.126900017
1689,1.689688,0,0,0,0,0,0,-0.126900017
1690,1.690685,0,0,0,0,0,0,-0.126900017
1691,1.691694,0,0,0,0,0,0,-0.126900017
1692,1.692676,0,0,0,0,0,0,-0.126900017
1693,1.693697,0,0,0,0,0,0,-0.126900017
1694,1.694680,0,0,0,0,0,0,-0.126900017
1695,1.695692,0,0,0,0,0,0,-0.126900017
1696,1.696674,0,0,0,0,0,0,-0.126900017
1697,1.697695,0,0,0,0,0,0,-0.126900017
1698,1.698699,0,0,0,0,0,0,-0.126900017
1699,1.699680,0,0,0,0,0,0,-0.126900017
1700,1.700689,0,0,0,0,0,0,-0.126900017
1701,1.701684,0,0,0,0,0,0,-0.126900017
1702,1.702692,0,0,0,0,0,0,-0.126900017
1703,1.703676,0,0,0,0,0,0,-0.126900017
1704,1.704697,0,0,0,0,0,0,-0.126900017
1705,1.705683,0,0,0,0,0,0,-0.126900017
1706,1.706692,0,0,0,0,0,0,-0.126900017
1707,1.707677,0,0,0,0,0,0,-0.126900017
1708,1.708687,0,0,0,0,0,0,-0.126900017
1709,1.709713,0,0,0,0,0,0,-0.126900017
1710,1.710682,0,0,0,0,0,0,-0.126900017
1711,1.711691,0,0,0,0,0,0,-0.126900017
1712,1.712675,0,0,0,0,0,0,-0.126900017
1713,1.713697,0,0,0,0,0,0,-0.126900017
1714,1.714680,0,0,0,0,0,0,-0.126900017
1715,1.715693,0,0,0,0,0,0,-0.126900017
1716,1.716676,0,0,0,0,0,0,-0.126900017
1717,1.717697,0,0,0,0,0,0,-0.126900017
1718,1.718681,0,0,0,0,0,0,-0.126900017
1719,1.719690,0,0,0,0,0,0,-0.126900017
1720,1.720697,0,0,0,0,0,0,-0.126900017
1721,1.721680,0,0,0,0,0,0,-0.126900017
1722,1.722690,0,0,0,0,0,0,-0.126900017
1723,1.723673,0,0,0,0,0,0,-0.126900017
1724,1.724695,0,0,0,0,0,0,-0.126900017
1725,1.725681,0,0,0,0,0,0,-0.126900017
1726,1.726690,0,0,0,0,0,0,-0.126900017
1727,1.727672,0,0,0,0,0,0,-0.126900017
1728,1.728695,0,0,0,0,0,0,-0.126900017
1729,1.729679,0,0,0,0,0,0,-0.126900017
1730,1.730688,0,0,0,0,0,0,-0.126900017
1731,1.731691,0,0,0,0,0,0,-0.126900017
1732,1.732672,0,0,0,0,0,0,-0.126900017
1733,1.733696,0,0,0,0,0,0,-0.126900017
1734,1.734678,0,0,0,0,0,0,-0.126900017
1735,1.735703,0,0,0,0,0,0,-0.126900017
1736,1.736685,0,0,0,0,0,0,-0.126900017
1737,1.737693,0,0,0,0,0,0,-0.126900017
1738,1.738676,0,0,0,0,0,0,-0.126900017
1739,1.739698,0,0,0,0,0,0,-0.126900017
1740,1.740680,0,0,0,0,0,0,-0.126900017
1741,1.741688,0,0,0,0,0,0,-0.126900017
1742,1.742711,0,0,0,0,0,0,-0.126900017
1743,1.743685,0,0,0,0,0,0,-0.126900017
1744,1.744696,0,0,0,0,0,0,-0.126900017
1745,1.745682,0,0,0,0,0,0,-0.126900017
1746,1.746690,0,0,0,0,0,0,-0.126900017
1747,1.747673,0,0,0,0,0,0,-0.126900017
1748,1.748694,0,0,0,0,0,0,-0.126900017
1749,1.749677,0,0,0,0,0,0,-0.126900017
1750,1.750697,0,0,0,0,0,0,-0.126900017
1751,1.751680,0,0,0,0,0,0,-0.126900017
1752,1.752689,0,0,0,0,0,0,-0.126900017
1753,1.753692,0,0,0,0,0,0,-0.126900017
1754,1.754675,0,0,0,0,0,0,-0.126900017
1755,1.755699,0,0,0,0,0,0,-0.126900017
1756,1.756683,0,0,0,0,0,0,-0.126900017
1757,1.757692,0,0,0,0,0,0,-0.126900017
1758,1.758674,0,0,0,0,0,0,-0.126900017
1759,1.759694,0,0,0,0,0,0,-0.126900017
1760,1.760679,0,0,0,0,0,0,-0.126900017
1761,1.761687,0,0,0,0,0,0,-0.126900017
1762,1.762682,0,0,0,0,0,0,-0.126900017
1763,1.763691,0,0,0,0,0,0,-0.126900017
1764,1.764694,0,0,0,0,0,0,-0.126900017
1765,1.765679,0,0,0,0,0,0,-0.126900017
1766,1.766688,0,0,0,0,0,0,-0.126900017
1767,1.767682,0,0,0,0,0,0,-0.126900017
1768,1.768691,0,0,0,0,0,0,-0.126900017
1769,1.769675,0,0,0,0,0,0,-0.126900017
1770,1.770697,0,0,0,0,0,0,-0.126900017
1771,1.771695,0,0,0,0,0,0,-0.126900017
1772,1.772692,0,0,0,0,0,0,-0.126900017
1773,1.773675,0,0,0,0,0,0,-0.126900017
1774,1.774696,0,0,0,0,0,0,-0.126900017
1775,1.775728,0,0,0,0,0,0,-0.126900017
1776,1.776676,0,0,0,0,0,0,-0.126900017
1777,1.777699,0,0,0,0,0,0,-0.126900017
1778,1.778681,0,0,0,0,0,0,-0.126900017
1779,1.779690,0,0,0,0,0,0,-0.126900017
1780,1.780673,0,0,0,0,0,0,-0.126900017
1781,1.781696,0,0,0,0,0,0,-0.126900017
1782,1.782680,0,0,0,0,0,0,-0.126900017
1783,1.783688,0,0,0,0,0,0,-0.126900017
1784,1.784684,0,0,0,0,0,0,-0.126900017
1785,1.785697,0,0,0,0,0,0,-0.126900017
1786,1.786722,0,0,0,0,0,0,-0.126900017
1787,1.787674,0,0,0,0,0,0,-0.126900017
1788,1.788695,0,0,0,0,0,0,-0.126900017
1789,1.789679,0,0,0,0,0,0,-0.126900017
1790,1.790688,0,0,0,0,0,0,-0.126900017
1791,1.791683,0,0,0,0,0,0,-0.126900017
1792,1.792692,0,0,0,0,0,0,-0.126900017
1793,1.793677,0,0,0,0,0,0,-0.126900017
1794,1.794686,0,0,0,0,0,0,-0.126900017
1795,1.795687,0,0,0,0,0,0,-0.126900017
1796,1.796696,0,0,0,0,0,0,-0.126900017
1797,1.797699,0,0,0,0,0,0,-0.126900017
1798,1.798679,0,0,0,0,0,0,-0.126900017
1799,1.799689,0,0,0,0,0,0,-0.126900017
1800,1.800685,0,0,0,0,0,0,-0.126900017
1801,1.801693,0,0,0,0,0,0,-0.126900017
1802,1.802676,0,0,0,0,0,0,-0.126900017
1803,1.803697,0,0,0,0,0,0,-0.126900017
1804,1.804680,0,0,0,0,0,0,-0.126900017
1805,1.805692,0,0,0,0,0,0,-0.126900017
1806,1.806674,0,0,0,0,0,0,-0.126900017
1807,1.807694,0,0,0,0,0,0,-0.126900017
1808,1.808722,0,0,0,0,0,0,-0.126900017
1809,1.809678,0,0,0,0,0,0,-0.126900017
1810,1.810689,0,0,0,0,0,0,-0.126900017
1811,1.811684,0,0,0,0,0,0,-0.126900017
1812,1.812692,0,0,0,0,0,0,-0.126900017
1813,1.813676,0,0,0,0,0,0,-0.126900017
1814,1.814696,0,0,0,0,0,0,-0.126900017
1815,1.815682,0,0,0,0,0,0,-0.126900017
1816,1.816691,0,0,0,0,0,0,-0.126900017
1817,1.817675,0,0,0,0,0,0,-0.126900017
1818,1.818695,0,0,0,0,0,0,-0.126900017
1819,1.819697,0,0,0,0,0,0,-0.126900017
1820,1.820679,0,0,0,0,0,0,-0.126900017
1821,1.821688,0,0,0,0,0,0,-0.126900017
1822,1.822683,0,0,0,0,0,0,-0.126900017
1823,1.823692,0,0,0,0,0,0,-0.126900017
1824,1.824703,0,0,0,0,0,0,-0.126900017
1825,1.825703,0,0,0,0,0,0,-0.126900017
1826,1.826674,0,0,0,0,0,0,-0.126900017
1827,1.827694,0,0,0,0,0,0,-0.126900017
1828,1.828676,0,0,0,0,0,0,-0.126900017
1829,1.829699,0,0,0,0,0,0,-0.126900017
1830,1.830689,0,0,0,0,0,0,-0.126900017
1831,1.831683,0,0,0,0,0,0,-0.126900017
1832,1.832692,0,0,0,0,0,0,-0.126900017
1833,1.833675,0,0,0,0,0,0,-0.126900017
1834,1.834698,0,0,0,0,0,0,-0.126900017
1835,1.835684,0,0,0,0,0,0,-0.126900017
1836,1.836692,0,0,0,0,0,0,-0.126900017
1837,1.837676,0,0,0,0,0,0,-0.126900017
1838,1.838697,0,0,0,0,0,0,-0.126900017
1839,1.839680,0,0,0,0,0,0,-0.126900017
1840,1.840689,0,0,0,0,0,0,-0.126900017
1841,1.841718,0,0,0,0,0,0,-0.126900017
1842,1.842685,0,0,0,0,0,0,-0.126900017
1843,1.843695,0,0,0,0,0,0,-0.126900017
1844,1.844678,0,0,0,0,0,0,-0.126900017
1845,1.845690,0,0,0,0,0,0,-0.126900017
1846,1.846674,0,0,0,0,0,0,-0.126900017
1847,1.847695,0,0,0,0,0,0,-0.126900017
1848,1.848678,0,0,0,0,0,0,-0.126900017
1849,1.849686,0,0,0,0,0,0,-0.126900017
1850,1.850682,0,0,0,0,0,0,-0.126900017
1851,1.851691,0,0,0,0,0,0,-0.126900017
1852,1.852694,0,0,0,0,0,0,-0.126900017
1853,1.853682,0,0,0,0,0,0,-0.126900017
1854,1.854691,0,0,0,0,0,0,-0.126900017
1855,1.855679,0,0,0,0,0,0,-0.126900017
1856,1.856689,0,0,0,0,0,0,-0.126900017
1857,1.857672,0,0,0,0,0,0,-0.126900017
1858,1.858694,0,0,0,0,0,0,-0.126900017
1859,1.859677,0,0,0,0,0,0,-0.126900017
1860,1.860698,0,0,0,0,0,0,-0.126900017
1861,1.861682,0,0,0,0,0,0,-0.126900017
1862,1.862691,0,0,0,0,0,0,-0.126900017
1863,1.863695,0,0,0,0,0,0,-0.126900017
1864,1.864674,0,0,0,0,0,0,-0.126900017
1865,1.865698,0,0,0,0,0,0,-0.126900017
1866,1.866682,0,0,0,0,0,0,-0.126900017
1867,1.867690,0,0,0,0,0,0,-0.126900017
1868,1.868685,0,0,0,0,0,0,-0.126900017
1869,1.869692,0,0,0,0,0,0,-0.126900017
1870,1.870676,0,0,0,0,0,0,-0.126900017
1871,1.871696,0,0,0,0,0,0,-0.126900017
1872,1.872679,0,0,0,0,0,0,-0.126900017
1873,1.873687,0,0,0,0,0,0,-0.126900017
1874,1.874690,0,0,0,0,0,0,-0.126900017
1875,1.875678,0,0,0,0,0,0,-0.126900017
1876,1.876688,0,0,0,0,0,0,-0.126900017
1877,1.877682,0,0,0,0,0,0,-0.126900017
1878,1.878690,0,0,0,0,0,0,-0.126900017
1879,1.879675,0,0,0,0,0,0,-0.126900017
1880,1.880691,0,0,0,0,0,0,-0.126900017
1881,1.881688,0,0,0,0,0,0,-0.126900017
1882,1.882683,0,0,0,0,0,0,-0.126900017
1883,1.883691,0,0,0,0,0,0,-0.126900017
1884,1.884675,0,0,0,0,0,0,-0.126900017
1885,1.885692,0,0,0,0,0,0,-0.126900017
1886,1.886675,0,0,0,0,0,0,-0.126900017
1887,1.887697,0,0,0,0,0,0,-0.126900017
1888,1.888679,0,0,0,0,0,0,-0.126900017
1889,1.889688,0,0,0,0,0,0,-0.126900017
1890,1.890683,0,0,0,0,0,0,-0.126900017
1891,1.891692,0,0,0,0,0,0,-0.126900017
1892,1.892675,0,0,0,0,0,0,-0.126900017
1893,1.893695,0,0,0,0,0,0,-0.126900017
1894,1.894679,0,0,0,0,0,0,-0.126900017
1895,1.895691,0,0,0,0,0,0,-0.126900017
1896,1.896694,0,0,0,0,0,0,-0.126900017
1897,1.897675,0,0,0,0,0,0,-0.126900017
1898,1.898696,0,0,0,0,0,0,-0.126900017
1899,1.899679,0,0,0,0,0,0,-0.126900017
1900,1.900688,0,0,0,0,0,0,-0.126900017
1901,1.901683,0,0,0,0,0,0,-0.126900017
1902,1.902693,0,0,0,0,0,0,-0.126900017
1903,1.903677,0,0,0,0,0,0,-0.126900017
1904,1.904687,0,0,0,0,0,0,-0.126900017
1905,1.905687,0,0,0,0,0,0,-0.126900017
1906,1.906696,0,0,0,0,0,0,-0.126900017
1907,1.907711,0,0,0,0,0,0,-0.126900017
1908,1.908681,0,0,0,0,0,0,-0.126900017
1909,1.909691,0,0,0,0,0,0,-0.126900017
1910,1.910674,0,0,0,0,0,0,-0.126900017
1911,1.911696,0,0,0,0,0,0,-0.126900017
1912,1.912679,0,0,0,0,0,0,-0.126900017
1913,1.913688,0,0,0,0,0,0,-0.126900017
1914,1.914684,0,0,0,0,0,0,-0.126900017
1915,1.915697,0,0,0,0,0,0,-0.126900017
1916,1.916680,0,0,0,0,0,0,-0.126900017
1917,1.917689,0,0,0,0,0,0,-0.126900017
1918,1.918692,0,0,0,0,0,0,-0.126900017
1919,1.919678,0,0,0,0,0,0,-0.126900017
1920,1.920689,0,0,0,0,0,0,-0.126900017
1921,1.921684,0,0,0,0,0,0,-0.126900017
1922,1.922693,0,0,0,0,0,0,-0.126900017
1923,1.923677,0,0,0,0,0,0,-0.126900017
1924,1.924698,0,0,0,0,0,0,-0.126900017
1925,1.925684,0,0,0,0,0,0,-0.126900017
1926,1.926692,0,0,0,0,0,0,-0.126900017
1927,1.927677,0,0,0,0,0,0,-0.126900017
1928,1.928698,0,0,0,0,0,0,-0.126900017
1929,1.929711,0,0,0,0,0,0,-0.126900017
1930,1.930683,0,0,0,0,0,0,-0.126900017
1931,1.931691,0,0,0,0,0,0,-0.126900017
1932,1.932674,0,0,0,0,0,0,-0.126900017
1933,1.933694,0,0,0,0,0,0,-0.126900017
1934,1.934677,0,0,0,0,0,0,-0.126900017
1935,1.935696,0,0,0,0,0,0,-0.126900017
1936,1.936691,0,0,0,0,0,0,-0.126900017
1937,1.937675,0,0,0,0,0,0,-0.126900017
1938,1.938695,0,0,0,0,0,0,-0.126900017
1939,1.939678,0,0,0,0,0,0,-0.126900017
1940,1.940788,0,0,0,0,0,0,-0.126900017
1941,1.941592,0,0,0,0,0,0,-0.126900017
1942,1.942687,0,0,0,0,0,0,-0.126900017
1943,1.943683,0,0,0,0,0,0,-0.126900017
1944,1.944692,0,0,0,0,0,0,-0.126900017
1945,1.945678,0,0,0,0,0,0,-0.126900017
1946,1.946686,0,0,0,0,0,0,-0.126900017
1947,1.947682,0,0,0,0,0,0,-0.126900017
1948,1.948691,0,0,0,0,0,0,-0.126900017
1949,1.949685,0,0,0,0,0,0,-0.126900017
1950,1.950694,0,0,0,0,0,0,-0.126900017
1951,1.951693,0,0,0,0,0,0,-0.126900017
1952,1.952690,0,0,0,0,0,0,-0.126900017
1953,1.953686,0,0,0,0,0,0,-0.126900017
1954,1.954695,0,0,0,0,0,0,-0.126900017
1955,1.955681,0,0,0,0,0,0,-0.126900017
1956,1.956689,0,0,0,0,0,0,-0.126900017
1957,1.957685,0,0,0,0,0,0,-0.126900017
1958,1.958694,0,0,0,0,0,0,-0.126900017
1959,1.959676,0,0,0,0,0,0,-0.126900017
1960,1.960696,0,0,0,0,0,0,-0.126900017
1961,1.961787,0,0,0,0,0,0,-0.126900017
1962,1.962673,0,0,0,0,0,0,-0.126900017
1963,1.963695,0,0,0,0,0,0,-0.126900017
1964,1.964677,0,0,0,0,0,0,-0.126900017
1965,1.965701,0,0,0,0,0,0,-0.126900017
1966,1.966672,0,0,0,0,0,0,-0.126900017
1967,1.967695,0,0,0,0,0,0,-0.126900017
1968,1.968678,0,0,0,0,0,0,-0.126900017
1969,1.969687,0,0,0,0,0,0,-0.126900017
1970,1.970683,0,0,0,0,0,0,-0.126900017
1971,1.971692,0,0,0,0,0,0,-0.126900017
1972,1.972715,0,0,0,0,0,0,-0.126900017
1973,1.973685,0,0,0,0,0,0,-0.126900017
1974,1.974694,0,0,0,0,0,0,-0.126900017
1975,1.975682,0,0,0,0,0,0,-0.126900017
1976,1.976691,0,0,0,0,0,0,-0.126900017
1977,1.977675,0,0,0,0,0,0,-0.126900017
1978,1.978697,0,0,0,0,0,0,-0.126900017
1979,1.979680,0,0,0,0,0,0,-0.126900017
1980,1.980689,0,0,0,0,0,0,-0.126900017
1981,1.981685,0,0,0,0,0,0,-0.126900017
1982,1.982694,0,0,0,0,0,0,-0.126900017
1983,1.983780,0,0,0,0,0,0,-0.126900017
1984,1.984584,0,0,0,0,0,0,-0.126900017
1985,1.985694,0,0,0,0,0,0,-0.126900017
1986,1.986677,0,0,0,0,0,0,-0.126900017
1987,1.987686,0,0,0,0,0,0,-0.126900017
1988,1.988693,0,0,0,0,0,0,-0.126900017
1989,1.989691,0,0,0,0,0,0,-0.126900017
1990,1.990673,0,0,0,0,0,0,-0.126900017
1991,1.991696,0,0,0,0,0,0,-0.126900017
1992,1.992680,0,0,0,0,0,0,-0.126900017
1993,1.993689,0,0,0,0,0,0,-0.126900017
1994,1.994694,0,0,0,0,0,0,-0.126900017
1995,1.995694,0,0,0,0,0,0,-0.126900017
1996,1.996677,0,0,0,0,0,0,-0.126900017
1997,1.997698,0,0,0,0,0,0,-0.126900017
1998,1.998680,0,0,0,0,0,0,-0.126900017
1999,1.999688,0,0,0,0,0,0,-0.126900017
2000,2.000684,0,0,0,0,0,0,-0.126900017
2001,2.001693,0,0,0,0,0,0,-0.126900017
2002,2.002675,0,0,0,0,0,0,-0.126900017
2003,2.003695,0,0,0,0,0,0,-0.126900017
2004,2.004784,0,0,0,0,0,0,-0.126900017
2005,2.005683,0,0,0,0,0,0,-0.126900017
2006,2.006693,0,0,0,0,0,0,-0.126900017
2007,2.007675,0,0,0,0,0,0,-0.126900017
2008,2.008695,0,0,0,0,0,0,-0.126900017
2009,2.009679,0,0,0,0,0,0,-0.126900017
2010,2.010688,0,0,0,0,0,0,-0.126900017
2011,2.011682,0,0,0,0,0,0,-0.126900017
2012,2.012690,0,0,0,0,0,0,-0.126900017
2013,2.013674,0,0,0,0,0,0,-0.126900017
2014,2.014694,0,0,0,0,0,0,-0.126900017
2015,2.015700,0,0,0,0,0,0,-0.126900017
2016,2.016685,0,0,0,0,0,0,-0.126900017
2017,2.017694,0,0,0,0,0,0,-0.126900017
2018,2.018678,0,0,0,0,0,0,-0.126900017
2019,2.019687,0,0,0,0,0,0,-0.126900017
2020,2.020681,0,0,0,0,0,0,-0.126900017
2021,2.021690,0,0,0,0,0,0,-0.126900017
2022,2.022674,0,0,0,0,0,0,-0.126900017
2023,2.023695,0,0,0,0,0,0,-0.126900017
2024,2.024677,0,0,0,0,0,0,-0.126900017
2025,2.025703,0,0,0,0,0,0,-0.126900017
2026,2.026715,0,0,0,0,0,0,-0.126900017
2027,2.027678,0,0,0,0,0,0,-0.126900017
2028,2.028688,0,0,0,0,0,0,-0.126900017
2029,2.029684,0,0,0,0,0,0,-0.126900017
2030,2.030692,0,0,0,0,0,0,-0.126900017
2031,2.031675,0,0,0,0,0,0,-0.126900017
2032,2.032696,0,0,0,0,0,0,-0.126900017
2033,2.033680,0,0,0,0,0,0,-0.126900017
2034,2.034689,0,0,0,0,0,0,-0.126900017
2035,2.035687,0,0,0,0,0,0,-0.126900017
2036,2.036699,0,0,0,0,0,0,-0.126900017
2037,2.037689,0,0,0,0,0,0,-0.126900017
2038,2.038682,0,0,0,0,0,0,-0.126900017
2039,2.039691,0,0,0,0,0,0,-0.126900017
2040,2.040674,0,0,0,0,0,0,-0.126900017
2041,2.041691,0,0,0,0,0,0,-0.126900017
2042,2.042688,0,0,0,0,0,0,-0.126900017
2043,2.043684,0,0,0,0,0,0,-0.126900017
2044,2.044694,0,0,0,0,0,0,-0.126900017
2045,2.045679,0,0,0,0,0,0,-0.126900017
2046,2.046688,0,0,0,0,0,0,-0.126900017
2047,2.047684,0,0,0,0,0,0,-0.126900017
2048,2.048793,0,0,0,0,0,0,-0.126900017
2049,2.049585,0,0,0,0,0,0,-0.126900017
2050,2.050691,0,0,0,0,0,0,-0.126900017
2051,2.051676,0,0,0,0,0,0,-0.126900017
2052,2.052697,0,0,0,0,0,0,-0.126900017
2053,2.053680,0,0,0,0,0,0,-0.126900017
2054,2.054691,0,0,0,0,0,0,-0.126900017
2055,2.055677,0,0,0,0,0,0,-0.126900017
2056,2.056686,0,0,0,0,0,0,-0.126900017
2057,2.057683,0,0,0,0,0,0,-0.126900017
2058,2.058692,0,0,0,0,0,0,-0.126900017
2059,2.059692,0,0,0,0,0,0,-0.126900017
2060,2.060688,0,0,0,0,0,0,-0.126900017
2061,2.061684,0,0,0,0,0,0,-0.126900017
2062,2.062692,0,0,0,0,0,0,-0.126900017
2063,2.063674,0,0,0,0,0,0,-0.126900017
2064,2.064696,0,0,0,0,0,0,-0.126900017
2065,2.065682,0,0,0,0,0,0,-0.126900017
2066,2.066691,0,0,0,0,0,0,-0.126900017
2067,2.067673,0,0,0,0,0,0,-0.126900017
2068,2.068695,0,0,0,0,0,0,-0.126900017
2069,2.069774,0,0,0,0,0,0,-0.126900017
2070,2.070680,0,0,0,0,0,0,-0.126900017
2071,2.071689,0,0,0,0,0,0,-0.126900017
2072,2.072685,0,0,0,0,0,0,-0.126900017
2073,2.073694,0,0,0,0,0,0,-0.126900017
2074,2.074676,0,0,0,0,0,0,-0.126900017
2075,2.075699,0,0,0,0,0,0,-0.126900017
2076,2.076684,0,0,0,0,0,0,-0.126900017
2077,2.077693,0,0,0,0,0,0,-0.126900017
2078,2.078675,0,0,0,0,0,0,-0.126900017
2079,2.079695,0,0,0,0,0,0,-0.126900017
2080,2.080725,0,0,0,0,0,0,-0.126900017
2081,2.081686,0,0,0,0,0,0,-0.126900017
2082,2.082695,0,0,0,0,0,0,-0.126900017
2083,2.083678,0,0,0,0,0,0,-0.126900017
2084,2.084686,0,0,0,0,0,0,-0.126900017
2085,2.085685,0,0,0,0,0,0,-0.126900017
2086,2.086694,0,0,0,0,0,0,-0.126900017
2087,2.087676,0,0,0,0,0,0,-0.126900017
2088,2.088698,0,0,0,0,0,0,-0.126900017
2089,2.089680,0,0,0,0,0,0,-0.126900017
2090,2.090689,0,0,0,0,0,0,-0.126900017
2091,2.091719,0,0,0,0,0,0,-0.126900017
2092,2.092696,0,0,0,0,0,0,-0.126900017
2093,2.093691,0,0,0,0,0,0,-0.126900017
2094,2.094675,0,0,0,0,0,0,-0.126900017
2095,2.095699,0,0,0,0,0,0,-0.126900017
2096,2.096683,0,0,0,0,0,0,-0.126900017
2097,2.097692,0,0,0,0,0,0,-0.126900017
2098,2.098675,0,0,0,0,0,0,-0.126900017
2099,2.099696,0,0,0,0,0,0,-0.126900017
2100,2.100680,0,0,0,0,0,0,-0.126900017
2101,2.101689,0,0,0,0,0,0,-0.126900017
2102,2.102720,0,0,0,0,0,0,-0.126900017
2103,2.103686,0,0,0,0,0,0,-0.126900017
2104,2.104694,0,0,0,0,0,0,-0.126900017
2105,2.105682,0,0,0,0,0,0,-0.126900017
2106,2.106691,0,0,0,0,0,0,-0.126900017
2107,2.107674,0,0,0,0,0,0,-0.126900017
2108,2.108695,0,0,0,0,0,0,-0.126900017
2109,2.109679,0,0,0,0,0,0,-0.126900017
2110,2.110689,0,0,0,0,0,0,-0.126900017
2111,2.111684,0,0,0,0,0,0,-0.126900017
2112,2.112695,0,0,0,0,0,0,-0.126900017
2113,2.113720,0,0,0,0,0,0,-0.126900017
2114,2.114685,0,0,0,0,0,0,-0.126900017
2115,2.115698,0,0,0,0,0,0,-0.126900017
2116,2.116681,0,0,0,0,0,0,-0.126900017
2117,2.117690,0,0,0,0,0,0,-0.126900017
2118,2.118674,0,0,0,0,0,0,-0.126900017
2119,2.119695,0,0,0,0,0,0,-0.126900017
2120,2.120677,0,0,0,0,0,0,-0.126900017
2121,2.121687,0,0,0,0,0,0,-0.126900017
2122,2.122684,0,0,0,0,0,0,-0.126900017
2123,2.123693,0,0,0,0,0,0,-0.126900017
2124,2.124694,0,0,0,0,0,0,-0.126900017
2125,2.125679,0,0,0,0,0,0,-0.126900017
2126,2.126688,0,0,0,0,0,0,-0.126900017
2127,2.127684,0,0,0,0,0,0,-0.126900017
2128,2.128692,0,0,0,0,0,0,-0.126900017
2129,2.129674,0,0,0,0,0,0,-0.126900017
2130,2.130697,0,0,0,0,0,0,-0.126900017
2131,2.131680,0,0,0,0,0,0,-0.126900017
2132,2.132688,0,0,0,0,0,0,-0.126900017
2133,2.133684,0,0,0,0,0,0,-0.126900017
2134,2.134692,0,0,0,0,0,0,-0.126900017
2135,2.135724,0,0,0,0,0,0,-0.126900017
2136,2.136689,0,0,0,0,0,0,-0.126900017
2137,2.137697,0,0,0,0,0,0,-0.126900017
2138,2.138681,0,0,0,0,0,0,-0.126900017
2139,2.139690,0,0,0,0,0,0,-0.126900017
2140,2.140685,0,0,0,0,0,0,-0.126900017
2141,2.141693,0,0,0,0,0,0,-0.126900017
2142,2.142678,0,0,0,0,0,0,-0.126900017
2143,2.143686,0,0,0,0,0,0,-0.126900017
2144,2.144681,0,0,0,0,0,0,-0.126900017
2145,2.145704,0,0,0,0,0,0,-0.126900017
2146,2.146694,0,0,0,0,0,0,-0.126900017
2147,2.147678,0,0,0,0,0,0,-0.126900017
2148,2.148687,0,0,0,0,0,0,-0.126900017
2149,2.149682,0,0,0,0,0,0,-0.126900017
2150,2.150693,0,0,0,0,0,0,-0.126900017
2151,2.151675,0,0,0,0,0,0,-0.126900017
2152,2.152696,0,0,0,0,0,0,-0.126900017
2153,2.153680,0,0,0,0,0,0,-0.126900017
2154,2.154689,0,0,0,0,0,0,-0.126900017
2155,2.155687,0,0,0,0,0,0,-0.126900017
2156,2.156695,0,0,0,0,0,0,-0.126900017
2157,2.157698,0,0,0,0,0,0,-0.126900017
2158,2.158678,0,0,0,0,0,0,-0.126900017
2159,2.159688,0,0,0,0,0,0,-0.126900017
2160,2.160683,0,0,0,0,0,0,-0.126900017
2161,2.161692,0,0,0,0,0,0,-0.126900017
2162,2.162676,0,0,0,0,0,0,-0.126900017
2163,2.163697,0,0,0,0,0,0,-0.126900017
2164,2.164680,0,0,0,0,0,0,-0.126900017
2165,2.165691,0,0,0,0,0,0,-0.126900017
2166,2.166676,0,0,0,0,0,0,-0.126900017
2167,2.167697,0,0,0,0,0,0,-0.126900017
2168,2.168699,0,0,0,0,0,0,-0.126900017
2169,2.169679,0,0,0,0,0,0,-0.126900017
2170,2.170688,0,0,0,0,0,0,-0.126900017
2171,2.171684,0,0,0,0,0,0,-0.126900017
2172,2.172693,0,0,0,0,0,0,-0.126900017
2173,2.173676,0,0,0,0,0,0,-0.126900017
2174,2.174699,0,0,0,0,0,0,-0.126900017
2175,2.175685,0,0,0,0,0,0,-0.126900017
2176,2.176694,0,0,0,0,0,0,-0.126900017
2177,2.177676,0,0,0,0,0,0,-0.126900017
2178,2.178699,0,0,0,0,0,0,-0.126900017
2179,2.179690,0,0,0,0,0,0,-0.126900017
2180,2.180684,0,0,0,0,0,0,-0.126900017
2181,2.181693,0,0,0,0,0,0,-0.126900017
2182,2.182676,0,0,0,0,0,0,-0.126900017
2183,2.183699,0,0,0,0,0,0,-0.126900017
2184,2.184682,0,0,0,0,0,0,-0.126900017
2185,2.185694,0,0,0,0,0,0,-0.126900017
2186,2.186678,0,0,0,0,0,0,-0.126900017
2187,2.187687,0,0,0,0,0,0,-0.126900017
2188,2.188682,0,0,0,0,0,0,-0.126900017
2189,2.189690,0,0,0,0,0,0,-0.126900017
2190,2.190694,0,0,0,0,0,0,-0.126900017
2191,2.191682,0,0,0,0,0,0,-0.126900017
2192,2.192692,0,0,0,0,0,0,-0.126900017
2193,2.193686,0,0,0,0,0,0,-0.126900017
2194,2.194693,0,0,0,0,0,0,-0.126900017
2195,2.195680,0,0,0,0,0,0,-0.126900017
2196,2.196689,0,0,0,0,0,0,-0.126900017
2197,2.197684,0,0,0,0,0,0,-0.126900017
2198,2.198695,0,0,0,0,0,0,-0.126900017
2199,2.199691,0,0,0,0,0,0,-0.126900017
2200,2.200674,0,0,0,0,0,0,-0.126900017
2201,2.201717,0,0,0,0,0,0,-0.126900017
2202,2.202684,0,0,0,0,0,0,-0.126900017
2203,2.203693,0,0,0,0,0,0,-0.126900017
2204,2.204677,0,0,0,0,0,0,-0.126900017
2205,2.205689,0,0,0,0,0,0,-0.126900017
2206,2.206672,0,0,0,0,0,0,-0.126900017
2207,2.207694,0,0,0,0,0,0,-0.126900017
2208,2.208676,0,0,0,0,0,0,-0.126900017
2209,2.209697,0,0,0,0,0,0,-0.126900017
2210,2.210680,0,0,0,0,0,0,-0.126900017
2211,2.211689,0,0,0,0,0,0,-0.126900017
2212,2.212717,0,0,0,0,0,0,-0.126900017
2213,2.213678,0,0,0,0,0,0,-0.126900017
2214,2.214687,0,0,0,0,0,0,-0.126900017
2215,2.215686,0,0,0,0,0,0,-0.126900017
2216,2.216694,0,0,0,0,0,0,-0.126900017
2217,2.217677,0,0,0,0,0,0,-0.126900017
2218,2.218697,0,0,0,0,0,0,-0.126900017
2219,2.219681,0,0,0,0,0,0,-0.126900017
2220,2.220690,0,0,0,0,0,0,-0.126900017
2221,2.221685,0,0,0,0,0,0,-0.126900017
2222,2.222696,0,0,0,0,0,0,-0.126900017
2223,2.223697,0,0,0,0,0,0,-0.126900017
2224,2.224675,0,0,0,0,0,0,-0.126900017
2225,2.225699,0,0,0,0,0,0,-0.126900017
2226,2.226682,0,0,0,0,0,0,-0.126900017
2227,2.227690,0,0,0,0,0,0,-0.126900017
2228,2.228674,0,0,0,0,0,0,-0.126900017
2229,2.229695,0,0,0,0,0,0,-0.126900017
2230,2.230678,0,0,0,0,0,0,-0.126900017
2231,2.231688,0,0,0,0,0,0,-0.126900017
2232,2.232685,0,0,0,0,0,0,-0.126900017
2233,2.233694,0,0,0,0,0,0,-0.126900017
2234,2.234697,0,0,0,0,0,0,-0.126900017
2235,2.235681,0,0,0,0,0,0,-0.126900017
2236,2.236693,0,0,0,0,0,0,-0.126900017
2237,2.237676,0,0,0,0,0,0,-0.126900017
2238,2.238697,0,0,0,0,0,0,-0.126900017
2239,2.239680,0,0,0,0,0,0,-0.126900017
2240,2.240690,0,0,0,0,0,0,-0.126900017
2241,2.241685,0,0,0,0,0,0,-0.126900017
2242,2.242693,0,0,0,0,0,0,-0.126900017
2243,2.243677,0,0,0,0,0,0,-0.126900017
2244,2.244687,0,0,0,0,0,0,-0.126900017
2245,2.245714,0,0,0,0,0,0,-0.126900017
2246,2.246691,0,0,0,0,0,0,-0.126900017
2247,2.247689,0,0,0,0,0,0,-0.126900017
2248,2.248685,0,0,0,0,0,0,-0.126900017
2249,2.249695,0,0,0,0,0,0,-0.126900017
2250,2.250696,0,0,0,0,0,0,-0.126900017
2251,2.251691,0,0,0,0,0,0,-0.126900017
2252,2.252676,0,0,0,0,0,0,-0.126900017
2253,2.253697,0,0,0,0,0,0,-0.126900017
2254,2.254680,0,0,0,0,0,0,-0.126900017
2255,2.255694,0,0,0,0,0,0,-0.126900017
2256,2.256677,0,0,0,0,0,0,-0.126900017
2257,2.257692,0,0,0,0,0,0,-0.126900017
2258,2.258689,0,0,0,0,0,0,-0.126900017
2259,2.259683,0,0,0,0,0,0,-0.126900017
2260,2.260693,0,0,0,0,0,0,-0.126900017
2261,2.261676,0,0,0,0,0,0,-0.126900017
2262,2.262696,0,0,0,0,0,0,-0.126900017
2263,2.263680,0,0,0,0,0,0,-0.126900017
2264,2.264689,0,0,0,0,0,0,-0.126900017
2265,2.265688,0,0,0,0,0,0,-0.126900017
2266,2.266696,0,0,0,0,0,0,-0.126900017
2267,2.267799,0,0,0,0,0,0,-0.126900017
2268,2.268585,0,0,0,0,0,0,-0.126900017
2269,2.269692,0,0,0,0,0,0,-0.126900017
2270,2.270674,0,0,0,0,0,0,-0.126900017
2271,2.271695,0,0,0,0,0,0,-0.126900017
2272,2.272678,0,0,0,0,0,0,-0.126900017
2273,2.273688,0,0,0,0,0,0,-0.126900017
2274,2.274682,0,0,0,0,0,0,-0.126900017
2275,2.275693,0,0,0,0,0,0,-0.126900017
2276,2.276677,0,0,0,0,0,0,-0.126900017
2277,2.277698,0,0,0,0,0,0,-0.126900017
2278,2.278723,0,0,0,0,0,0,-0.126900017
2279,2.279678,0,0,0,0,0,0,-0.126900017
2280,2.280687,0,0,0,0,0,0,-0.126900017
2281,2.281682,0,0,0,0,0,0,-0.126900017
2282,2.282691,0,0,0,0,0,0,-0.126900017
2283,2.283674,0,0,0,0,0,0,-0.126900017
2284,2.284696,0,0,0,0,0,0,-0.126900017
2285,2.285682,0,0,0,0,0,0,-0.126900017
2286,2.286690,0,0,0,0,0,0,-0.126900017
2287,2.287673,0,0,0,0,0,0,-0.126900017
2288,2.288695,0,0,0,0,0,0,-0.126900017
2289,2.289698,0,0,0,0,0,0,-0.126900017
2290,2.290680,0,0,0,0,0,0,-0.126900017
2291,2.291689,0,0,0,0,0,0,-0.126900017
2292,2.292685,0,0,0,0,0,0,-0.126900017
2293,2.293694,0,0,0,0,0,0,-0.126900017
2294,2.294677,0,0,0,0,0,0,-0.126900017
2295,2.295700,0,0,0,0,0,0,-0.126900017
2296,2.296685,0,0,0,0,0,0,-0.126900017
2297,2.297695,0,0,0,0,0,0,-0.126900017
2298,2.298678,0,0,0,0,0,0,-0.126900017
2299,2.299687,0,0,0,0,0,0,-0.126900017
2300,2.300690,0.499942869,0.499973476,0.500057101,0,0,0,-0.126900017
2301,2.301684,0.499866843,0.49993822,0.500133216,-0.0755310059,-0.0856018066,0.161132813,-0.126900017
2302,2.302690,0.499790579,0.499902815,0.500209451,-0.0654601976,-0.0755310059,0.140991211,-0.126900017
2303,2.303700,0.499714404,0.499867439,0.500285566,-0.0704956055,-0.0805664063,0.151062012,-0.126900017
2304,2.304683,0.499637961,0.499831975,0.500362039,-0.0654601976,-0.0805664063,0.146026611,-0.126900017
2305,2.305695,0.499561757,0.499796629,0.500438273,-0.0654601976,-0.0805664063,0.146026611,-0.126900017
2306,2.306677,0.499466896,0.499761641,0.500513673,-0.0604247972,-0.0805664063,0.140991211,-0.126900017
2307,2.307688,0.499390244,0.499716997,0.500609756,-0.0604247972,-0.0856018066,0.146026611,-0.126900017
2308,2.308684,0.499315113,0.499682128,0.500684857,-0.0553894006,-0.0755310059,0.13092041,-0.126900017
2309,2.309692,0.49923721,0.499645978,0.500762761,-0.0503540002,-0.0856018066,0.135955811,-0.126900017
2310,2.310676,0.499163598,0.499611825,0.500836432,-0.0503540002,-0.0704956055,0.120849609,-0.126900017
2311,2.311718,0.499066323,0.499575824,0.500913858,-0.0453185998,-0.0755310059,0.120849609,-0.126900017
2312,2.312685,0.498991728,0.499540538,0.500990093,-0.0453185998,-0.0654601976,0.110778794,-0.126900017
2313,2.313696,0.498914748,0.499496341,0.501085281,-0.0302123986,-0.0654601976,0.0956725925,-0.126900017
2314,2.314679,0.498838603,0.499460995,0.501161397,-0.0402832031,-0.0755310059,0.120849609,-0.126900017
2315,2.315691,0.498762429,0.49942565,0.501237571,-0.0251770001,-0.0704956055,0.0956726074,-0.126900017
2316,2.316674,0.498685241,0.499389827,0.501314759,-0.0402832031,-0.0654601976,0.105743401,-0.126900017
2317,2.317696,0.498610139,0.499354959,0.501389861,-0.0201416016,-0.0604247972,0.0805663988,-0.126900017
2318,2.318679,0.498513728,0.499319077,0.501467228,-0.0251770001,-0.0654601976,0.0906371996,-0.126900017
2319,2.319688,0.498437524,0.49927485,0.501562476,-0.0100708008,-0.0604247972,0.070495598,-0.126900017
2320,2.320684,0.498363912,0.499240696,0.501636088,-0.0151061993,-0.0604247972,0.0956726,-0.126900017
2321,2.321693,0.498285115,0.499204129,0.501714885,-0.0100708008,-0.0503540002,0.060424801,-0.126900017
2322,2.322717,0.49820888,0.499168724,0.50179112,-0.0201416016,-0.0704956055,0.090637207,-0.126900017
2323,2.323675,0.498131216,0.499132693,0.501868784,-0.0151061993,-0.0604247972,0.0755309984,-0.126900017
2324,2.324695,0.498038977,0.499089897,0.501940489,-0.00503540039,-0.0503540002,0.0553894006,-0.126900017
2325,2.325682,0.497961193,0.499053776,0.502038777,-0.0151061993,-0.0604247972,0.0755309984,-0.126900017
2326,2.326691,0.497884989,0.499018431,0.502115011,-0.00503540039,-0.0553894006,0.060424801,-0.126900017
2327,2.327685,0.497807026,0.498982221,0.502192914,-0.00503540039,-0.0553894006,0.060424801,-0.126900017
2328,2.328693,0.497734368,0.498948514,0.502265632,-0.00503540039,-0.0654601976,0.070495598,-0.126900017
2329,2.329677,0.497656375,0.498912334,0.502343655,-0.00503540039,-0.0553894006,0.060424801,-0.126900017
2330,2.330697,0.497563064,0.498869032,0.502417922,0.0201416016,-0.0604247972,0.0402831957,-0.126900017
2331,2.331680,0.497482926,0.498831809,0.502517045,0.0151061993,-0.0553894006,0.0402832031,-0.126900017
2332,2.332688,0.497408718,0.498797387,0.502591252,0.0251770001,-0.0553894006,0.0453185998,-0.126900017
2333,2.333774,0.497334629,0.498762995,0.502665341,0.0251770001,-0.0503540002,0.0251770001,-0.126900017
2334,2.334590,0.497258514,0.498727679,0.502741516,0.0352478027,-0.0453185998,0.0100707971,-0.126900017
2335,2.335700,0.497182369,0.498692334,0.502817631,0.0402832031,-0.0503540002,0.0100707971,-0.126900017
2336,2.336682,0.49708724,0.498657018,0.502893746,0.0402832031,-0.0503540002,0.0100707971,-0.126900017
2337,2.337691,0.497008741,0.498611748,0.502991259,0.0453185998,-0.0503540002,0.00503540039,-0.126900017
2338,2.338674,0.496932566,0.498576403,0.503067434,0.0503540002,-0.0453185998,-0.00503540039,-0.126775801
2339,2.339695,0.496853888,0.498539895,0.503146112,0.0604247972,-0.0402832031,-0.0201415941,-0.126719534
2340,2.340677,0.496785313,0.498508066,0.503214657,0.0654601976,-0.0453185998,-0.0201415978,-0.126742959
2341,2.341700,0.496706665,0.498471558,0.503293335,0.0654601976,-0.0402832031,-0.0251769945,-0.126714826
2342,2.342682,0.496611565,0.498436242,0.503369451,0.0755310059,-0.0402832031,-0.0352478027,-0.126766384
2343,2.343690,0.496538192,0.498393357,0.503461778,0.0805664063,-0.0352478027,-0.0453186035,-0.126766384
2344,2.344693,0.496456563,0.498355478,0.503543437,0.0805664063,-0.0352478027,-0.0402832031,-0.126766384
2345,2.345694,0.496380448,0.498320162,0.503619552,0.0956726,-0.0352478027,-0.0604247972,-0.126766384
2346,2.346676,0.496310145,0.498287529,0.503689826,0.100708,-0.0402832031,-0.0604247972,-0.126766384
2347,2.347696,0.496228188,0.498249501,0.503771842,0.100708,-0.0302123986,-0.0704956055,-0.126693726
2348,2.348681,0.496136099,0.498217016,0.503841877,0.105743401,-0.0302123986,-0.0755310059,-0.126658559
2349,2.349690,0.496060073,0.498171479,0.503939927,0.120849594,-0.0251770001,-0.0956725925,-0.126630425
2350,2.350684,0.495980829,0.498134673,0.504019141,0.130920395,-0.0251770001,-0.100707993,-0.126602292
2351,2.351695,0.495907992,0.498100877,0.504091978,0.120849594,-0.0302123986,-0.0906371921,-0.126639783
2352,2.352677,0.495831996,0.498065621,0.504167974,0.140991211,-0.0201416016,-0.120849609,-0.126639783
2353,2.353700,0.495749265,0.498027235,0.504250765,0.140991211,-0.0251770001,-0.115814209,-0.126639783
2354,2.354755,0.495657563,0.497984678,0.504342437,0.151062012,-0.0151061993,-0.135955811,-0.126581192
2355,2.355678,0.495581537,0.497949392,0.504418492,0.161132813,-0.0201416016,-0.140991211,-0.126553059
2356,2.356687,0.495509088,0.497915775,0.504490972,0.171203613,-0.0151061993,-0.151062012,-0.126524925
2357,2.357682,0.495433122,0.497880518,0.504566908,0.161132813,-0.0151061993,-0.146026611,-0.126496792
2358,2.358690,0.49535349,0.497843534,0.50464648,0.176238999,-0.00503540039,-0.171203598,-0.126468658
2359,2.359673,0.495281249,0.497810006,0.504718721,0.176238999,-0.0100708008,-0.166168198,-0.126520216
2360,2.360695,0.495182574,0.49776423,0.504794657,0.1913452,-0.00503540039,-0.1863098,-0.126520216
2361,2.361678,0.495114386,0.49773258,0.504885614,0.1963806,0.00503540039,-0.201416001,-0.126520216
2362,2.362687,0.495038569,0.497697383,0.504961431,0.201416001,0.0100708008,-0.221557602,-0.126440525
2363,2.363684,0.494954795,0.497658521,0.505045235,0.216522202,-0.00503540039,-0.211486802,-0.126412392
2364,2.364693,0.494874835,0.497621417,0.505125165,0.211486802,0.0151061993,-0.226593003,-0.126384258
2365,2.365700,0.4947882,0.497590005,0.505192876,0.226593003,0.00503540039,-0.231628403,-0.126349092
2366,2.366674,0.494727194,0.497552902,0.505272865,0.226593003,0.00503540039,-0.231628403,-0.126342058
2367,2.367695,0.494636655,0.49751085,0.505363345,0.25176999,0.0151061993,-0.266876191,-0.126313925
2368,2.368679,0.494556606,0.497473717,0.505443394,0.246734604,0.0251770001,-0.271911591,-0.126285791
2369,2.369689,0.494480848,0.49743855,0.505519152,0.246734604,0.0100708008,-0.25680542,-0.126257658
2370,2.370684,0.494409531,0.497405469,0.505590498,0.261840791,0.0151061993,-0.276946992,-0.126229525
2371,2.371692,0.494329363,0.497368246,0.505670667,0.271911591,0.0151061993,-0.287017792,-0.126274049
2372,2.372676,0.494253665,0.497333109,0.505746305,0.261840791,0.0201416016,-0.281982392,-0.126274049
2373,2.373697,0.494159073,0.497289211,0.505840898,0.281982422,0.0251770001,-0.307159424,-0.126194358
2374,2.374680,0.494088143,0.497256309,0.505911887,0.297088593,0.0251770001,-0.312194794,-0.126166224
2375,2.375692,0.494012594,0.497221231,0.505987406,0.287017792,0.0201416016,-0.307159394,-0.126138091
2376,2.376718,0.493937105,0.497186214,0.506062925,0.302124023,0.0402832031,-0.342407227,-0.126109958
2377,2.377679,0.493856758,0.497148901,0.506143212,0.312194794,0.0302123986,-0.342407197,-0.126154482
2378,2.378689,0.493772268,0.497113883,0.506218731,0.312194794,0.0251770001,-0.337371796,-0.126095891
2379,2.379684,0.493681937,0.497067779,0.506318092,0.317230195,0.0302123986,-0.347442597,-0.126067758
2380,2.380693,0.493611515,0.497035086,0.506388485,0.332336426,0.0402832031,-0.377654999,-0.126039624
2381,2.381678,0.493541241,0.497002482,0.506458759,0.337371796,0.0402832031,-0.377654999,-0.126011491
2382,2.382687,0.493460804,0.49696514,0.506539226,0.357513398,0.0453185998,-0.402832001,-0.125983357
2383,2.383684,0.493390739,0.496932626,0.506609261,0.347442627,0.0352478027,-0.38269043,-0.126027882
2384,2.384693,0.493291438,0.496897727,0.506684422,0.362548798,0.0402832031,-0.402832001,-0.125948191
2385,2.385680,0.493216246,0.496851653,0.506783783,0.362548798,0.0402832031,-0.402832001,-0.125920057
2386,2.386688,0.493141085,0.496816754,0.506858885,0.372619599,0.0453185998,-0.428009003,-0.125891924
2387,2.387714,0.493065983,0.496781915,0.506933987,0.392761201,0.0553894006,-0.448150605,-0.125863791
2388,2.388679,0.492990941,0.496747077,0.507009029,0.392761201,0.0453185998,-0.438079804,-0.125908315
2389,2.389688,0.492915928,0.496712267,0.507084072,0.407867402,0.0654601976,-0.473327607,-0.125908315
2390,2.390683,0.492827952,0.49668014,0.507153332,0.412902832,0.0553894006,-0.468292236,-0.12584269
2391,2.391691,0.492747396,0.496634066,0.507252634,0.417938203,0.0503540002,-0.468292207,-0.125814557
2392,2.392674,0.492678374,0.496602029,0.507321656,0.428009033,0.0654601976,-0.493469238,-0.125786424
2393,2.393697,0.492597818,0.496564656,0.507402241,0.443115205,0.0604247972,-0.503539979,-0.12575829
2394,2.394679,0.492529005,0.496532679,0.507470965,0.438079834,0.0553894006,-0.493469238,-0.125788748
2395,2.395690,0.492454439,0.496498108,0.50754559,0.453186005,0.0654601976,-0.518646181,-0.125788748
2396,2.396674,0.492379934,0.496463507,0.507620096,0.453186005,0.0654601976,-0.518646181,-0.12571609
2397,2.397695,0.492280751,0.496417493,0.507719278,0.458221376,0.0755310059,-0.533752382,-0.125680923
2398,2.398698,0.492206335,0.496382952,0.507793665,0.468292207,0.0704956055,-0.538787842,-0.12565279
2399,2.399679,0.492138207,0.496351331,0.507861793,0.478363007,0.0704956055,-0.548858643,-0.125624657
2400,2.400688,0.492057711,0.496313989,0.507942319,0.473327577,0.0856018066,-0.558929384,-0.125662148
2401,2.401684,0.491989851,0.496282488,0.508010209,0.503539979,0.0805664063,-0.584106386,-0.125662148
2402,2.402693,0.49188441,0.496245116,0.508090675,0.493469208,0.0805664063,-0.574035645,-0.125662148
2403,2.403675,0.491816819,0.496202171,0.508183181,0.51864624,0.0856018066,-0.604248047,-0.12558949
2404,2.404697,0.491749406,0.496170878,0.508250594,0.50857538,0.0856018066,-0.604248047,-0.125561357
2405,2.405683,0.491668999,0.496133566,0.508331001,0.51361078,0.0856018066,-0.599212587,-0.125533223
2406,2.406692,0.491595238,0.496099353,0.508404791,0.528717041,0.0906371996,-0.619354248,-0.12550509
2407,2.407674,0.491514802,0.496062011,0.508485198,0.543823183,0.0805664063,-0.624389589,-0.125542581
2408,2.408696,0.491429567,0.496030957,0.508552074,0.538787842,0.0956726,-0.634460449,-0.125542581
2409,2.409689,0.491362929,0.495991528,0.508637071,0.548858583,0.0956726,-0.64453119,-0.125542581
2410,2.410684,0.491282701,0.495954275,0.508717299,0.558929443,0.105743401,-0.654601991,-0.125476956
2411,2.411693,0.491223335,0.495926738,0.508776665,0.558929443,0.100708,-0.659637451,-0.125448823
2412,2.412829,0.491117954,0.495877832,0.508882046,0.569000244,0.100708,-0.669708252,-0.125413656
2413,2.413582,0.491063178,0.495852411,0.508936822,0.579071045,0.105743401,-0.684814453,-0.125392556
2414,2.414689,0.490971982,0.495821863,0.509002686,0.604248047,0.110778801,-0.715026855,-0.125423014
2415,2.415688,0.490899146,0.495776266,0.509100854,0.599212646,0.115814202,-0.715026855,-0.125423014
2416,2.416696,0.490826428,0.49574253,0.509173572,0.609283388,0.100708,-0.715026855,-0.125357389
2417,2.417679,0.490753829,0.495708823,0.509246171,0.609283388,0.115814202,-0.725097597,-0.125329256
2418,2.418687,0.490688741,0.495678633,0.509311259,0.624389589,0.120849594,-0.745239198,-0.125301123
2419,2.419682,0.490616441,0.495645076,0.509383559,0.63446039,0.110778801,-0.745239198,-0.125272989
2420,2.420696,0.490526259,0.495603234,0.509473801,0.63949579,0.130920395,-0.7704162,-0.125296414
2421,2.421683,0.490446657,0.495566279,0.509553313,0.63949579,0.125884995,-0.7653808,-0.125296414
2422,2.422692,0.490389943,0.495539933,0.509609997,0.649566591,0.120849594,-0.7704162,-0.125296414
2423,2.423674,0.49030292,0.495499581,0.50969708,0.649566591,0.120849594,-0.7704162,-0.125296414
2424,2.424695,0.490238994,0.495469898,0.509760976,0.664672852,0.130920395,-0.795593262,-0.125296414
2425,2.425682,0.490167528,0.495436728,0.509832442,0.669708192,0.125884995,-0.795593202,-0.125216722
2426,2.426692,0.490070522,0.495400012,0.509911656,0.674743593,0.135955796,-0.810699403,-0.125181556
2427,2.427675,0.489999324,0.495358646,0.510000646,0.679778993,0.146026596,-0.825805604,-0.125153422
2428,2.428695,0.489928305,0.495325714,0.510071695,0.694885254,0.140991211,-0.830841064,-0.125125289
2429,2.429680,0.489865422,0.495296508,0.510134518,0.694885254,0.135955796,-0.830841064,-0.125176847
2430,2.430689,0.489794791,0.495263755,0.510205209,0.699920595,0.146026596,-0.845947206,-0.125176847
2431,2.431693,0.489716142,0.495227247,0.510283887,0.709991395,0.146026596,-0.856018007,-0.125176847
2432,2.432685,0.489619941,0.495190769,0.510362506,0.720062196,0.151062012,-0.871124208,-0.125104189
2433,2.433694,0.489566237,0.495157659,0.510433733,0.730133057,0.146026596,-0.876159668,-0.125076056
2434,2.434678,0.489479631,0.495117486,0.510520399,0.735168397,0.156097397,-0.89126581,-0.125047922
2435,2.435691,0.489418149,0.495088935,0.510581851,0.730133057,0.156097397,-0.886230469,-0.125019789
2436,2.436674,0.489348501,0.495056629,0.510651529,0.750274599,0.161132813,-0.911407411,-0.12505728
2437,2.437697,0.489287525,0.495028317,0.510712445,0.750274599,0.156097397,-0.906372011,-0.12505728
2438,2.438679,0.489226848,0.495000154,0.510773122,0.77041626,0.156097397,-0.926513672,-0.12505728
2439,2.439689,0.489132077,0.494956195,0.510867953,0.7653808,0.166168213,-0.931549013,-0.12505728
2440,2.440685,0.48905462,0.494920224,0.51094538,0.780487061,0.161132813,-0.941619873,-0.12505728
2441,2.441694,0.488985986,0.494888365,0.511013985,0.780487061,0.166168213,-0.946655273,-0.124977589
2442,2.442718,0.488917559,0.494856626,0.511082411,0.795593143,0.176238999,-0.971832156,-0.124949455
2443,2.443682,0.488849372,0.494824976,0.511150658,0.790557802,0.181274399,-0.971832216,-0.124921322
2444,2.444692,0.488755494,0.494793445,0.511218667,0.805664003,0.176238999,-0.981903017,-0.124886155
2445,2.445678,0.488696665,0.494754106,0.511303306,0.805664003,0.176238999,-0.981903017,-0.12493068
2446,2.446687,0.488629162,0.494722754,0.511370778,0.810699403,0.176238999,-0.991973817,-0.12493068
2447,2.447684,0.488561928,0.494691581,0.511438072,0.820770144,0.181274399,-1.00204456,-0.12493068
2448,2.448693,0.488476634,0.494652003,0.511523366,0.840911746,0.1863098,-1.02722156,-0.12493068
2449,2.449677,0.488437265,0.494633704,0.511562705,0.835876405,0.1863098,-1.02218616,-0.12493068
2450,2.450687,0.488354206,0.494598597,0.511638463,0.835876405,0.1913452,-1.02722156,-0.124850988
2451,2.451682,0.488278717,0.494560122,0.511721253,0.866088808,0.1913452,-1.05743396,-0.124822855
2452,2.452691,0.488212734,0.494529516,0.511787295,0.850982606,0.1963806,-1.04232776,-0.124794722
2453,2.453694,0.488156378,0.494503349,0.511843622,0.866088808,0.1963806,-1.06246936,-0.124766588
2454,2.454675,0.488081515,0.4944686,0.511918426,0.871124148,0.201416001,-1.07254016,-0.124811113
2455,2.455700,0.488016307,0.49443835,0.511983693,0.881195009,0.1963806,-1.07757556,-0.124811113
2456,2.456682,0.487951398,0.49440822,0.512048602,0.876159668,0.1913452,-1.06750488,-0.124811113
2457,2.457691,0.48788026,0.494375229,0.51211977,0.90133667,0.211486802,-1.11282349,-0.124811113
2458,2.458674,0.487815976,0.494345367,0.512184024,0.89630121,0.211486802,-1.10778797,-0.124811113
2459,2.459695,0.48775205,0.494315714,0.51224798,0.911407411,0.206451416,-1.11785889,-0.124811113
2460,2.460677,0.487678617,0.49428162,0.512321413,0.911407411,0.206451416,-1.11785889,-0.124811113
2461,2.461699,0.487615198,0.494252205,0.512384832,0.911407411,0.216522202,-1.12792957,-0.124731421
2462,2.462681,0.487552077,0.494222879,0.512447894,0.931549013,0.226593003,-1.15814197,-0.124696255
2463,2.463690,0.487473637,0.494186491,0.512526393,0.926513612,0.216522202,-1.14303577,-0.124668121
2464,2.464693,0.487411231,0.494157553,0.512588799,0.941619813,0.216522202,-1.15310657,-0.124639988
2465,2.465701,0.487349153,0.494128734,0.512650907,0.941619813,0.216522202,-1.15814197,-0.124691546
2466,2.466698,0.487267196,0.494090706,0.512732863,0.956726015,0.226593003,-1.18331897,-0.124691546
2467,2.467681,0.487215817,0.494066834,0.512784183,0.951690674,0.226593003,-1.17828369,-0.124691546
2468,2.468690,0.487139434,0.494038463,0.512845337,0.966796756,0.231628403,-1.19842517,-0.124691546
2469,2.469673,0.487099171,0.494012684,0.512895882,0.971832216,0.231628403,-1.20346057,-0.124691546
2470,2.470694,0.487018347,0.493975192,0.512981653,0.976867676,0.231628403,-1.21856678,-0.124691546
2471,2.471677,0.486968696,0.493952155,0.513031304,0.971832216,0.236663789,-1.20849597,-0.124691546
2472,2.472697,0.486919492,0.493929327,0.513080537,0.971832216,0.236663789,-1.20849597,-0.124618888
2473,2.473680,0.486849874,0.493896991,0.513150096,0.986938417,0.236663789,-1.22360218,-0.124590755
2474,2.474689,0.486765891,0.493869722,0.513208985,0.997009158,0.231628403,-1.22863758,-0.124555588
2475,2.475696,0.486696899,0.493826002,0.513303101,1.00707996,0.236663789,-1.24374378,-0.124527454
2476,2.476677,0.486660033,0.493808895,0.513339996,1.00707996,0.241699189,-1.24877918,-0.124564946
2477,2.477698,0.486602426,0.493782163,0.513397574,1.01715076,0.241699189,-1.25884998,-0.124564946
2478,2.478681,0.486545235,0.493755609,0.513454735,1.02722156,0.246734604,-1.27395618,-0.124564946
2479,2.479690,0.486477733,0.493724287,0.513522267,1.02218616,0.25176999,-1.27395618,-0.124564946
2480,2.480685,0.48640728,0.493703097,0.513567924,1.04736316,0.246734604,-1.29409778,-0.124564946
2481,2.481693,0.486351401,0.493665665,0.513648629,1.04232776,0.25176999,-1.29409778,-0.124564946
2482,2.482676,0.486295909,0.493639916,0.513704062,1.02722156,0.25176999,-1.27899158,-0.124564946
2483,2.483697,0.486240864,0.493614346,0.513759077,1.05239868,0.266876191,-1.3192749,-0.124564946
2484,2.484679,0.486197233,0.49359411,0.513802767,1.05743408,0.261840791,-1.3192749,-0.124564946
2485,2.485690,0.486154109,0.493574083,0.513845861,1.06246936,0.25680539,-1.31927478,-0.124564946
2486,2.486694,0.486076146,0.493537903,0.513910472,1.06750476,0.261840791,-1.32934558,-0.124564946
2487,2.487678,0.486034185,0.493518442,0.513965845,1.07254028,0.266876191,-1.3394165,-0.124499321
2488,2.488687,0.485970467,0.493488848,0.514029503,1.08261108,0.266876191,-1.3444519,-0.124471188
2489,2.489682,0.485918373,0.493464708,0.514081657,1.08261108,0.271911591,-1.35452271,-0.124443054
2490,2.490691,0.48585549,0.493435502,0.51414448,1.08261108,0.266876191,-1.3494873,-0.124414921
2491,2.491675,0.485815555,0.493416965,0.514184415,1.09268188,0.261840791,-1.35452271,-0.124445379
2492,2.492696,0.485740989,0.493398696,0.514223814,1.09771717,0.271911591,-1.36962879,-0.124445379
2493,2.493679,0.485690951,0.493359149,0.514309049,1.09268188,0.281982422,-1.37466431,-0.124445379
2494,2.494688,0.48564136,0.493336111,0.51435858,1.11282337,0.281982422,-1.37969959,-0.124445379
2495,2.495688,0.48560375,0.493318677,0.51439625,1.11785889,0.297088593,-1.41494751,-0.124445379
2496,2.496696,0.485555291,0.493296206,0.514444709,1.12792969,0.271911591,-1.39984131,-0.124445379
2497,2.497700,0.485495836,0.493268579,0.514504135,1.12289417,0.276946992,-1.39984119,-0.124445379
2498,2.498675,0.48544839,0.493246555,0.51455158,1.13296497,0.287017792,-1.41998279,-0.124445379
2499,2.499698,0.485401481,0.4932248,0.514598489,1.15310657,0.276946992,-1.43005359,-0.124445379
2500,2.500681,0.485343724,0.493198007,0.514656305,1.13296497,0.297088593,-1.43005359,-0.124445379
2501,2.501690,0.48530975,0.493182242,0.51469028,1.14303577,0.297088593,-1.44012439,-0.124445379
2502,2.502673,0.485276401,0.493166745,0.514723599,1.15310657,0.297088593,-1.45019519,-0.124386787
2503,2.503695,0.485220283,0.493140697,0.514779687,1.15310657,0.292053193,-1.44515979,-0.124358654
2504,2.504678,0.485176444,0.493120372,0.514823556,1.15310657,0.292053193,-1.44515979,-0.124330521
2505,2.505690,0.4851107,0.493089855,0.5148893,1.17828369,0.292053193,-1.47033691,-0.124295354
2506,2.506675,0.485080004,0.493075609,0.514919996,1.16821277,0.302124023,-1.47033679,-0.124325812
2507,2.507696,0.485038131,0.493056178,0.514961898,1.16821277,0.297088593,-1.46530139,-0.124325812
2508,2.508789,0.484986633,0.493032277,0.515003145,1.16821277,0.297088593,-1.46530139,-0.124325812
2509,2.509582,0.484944284,0.493012607,0.515055656,1.17828369,0.297088593,-1.47537231,-0.124325812
2510,2.510689,0.484906346,0.492999613,0.51508379,1.17828369,0.302124023,-1.48040771,-0.124325812
2511,2.511685,0.484867156,0.492976815,0.515132844,1.18835437,0.297088593,-1.485443,-0.124325812
2512,2.512694,0.484816581,0.49295336,0.515183449,1.19338977,0.297088593,-1.4904784,-0.124325812
2513,2.513678,0.484778702,0.492935777,0.515221298,1.19842529,0.302124023,-1.50054932,-0.124325812
2514,2.514687,0.484765679,0.492929727,0.515234351,1.18331909,0.317230195,-1.50054932,-0.124325812
2515,2.515686,0.484704942,0.492901534,0.515295029,1.20849609,0.312194794,-1.52069092,-0.124325812
2516,2.516698,0.484684587,0.492890537,0.515318751,1.21856678,0.317230195,-1.535797,-0.124325812
2517,2.517696,0.484637469,0.492870212,0.515362501,1.21856678,0.317230195,-1.535797,-0.124325812
2518,2.518679,0.484591007,0.492848665,0.515408993,1.20849609,0.312194794,-1.52572632,-0.124325812
2519,2.519700,0.48455745,0.492833078,0.51544255,1.21856678,0.317230195,-1.535797,-0.124325812
2520,2.520696,0.484524637,0.492817879,0.515475392,1.21856678,0.312194794,-1.5307616,-0.124325812
2521,2.521680,0.484504849,0.49280867,0.515495181,1.23367298,0.312194794,-1.5458678,-0.124325812
2522,2.522688,0.48445347,0.492794126,0.515526474,1.21856678,0.317230195,-1.535797,-0.124325812
2523,2.523683,0.484435439,0.492776483,0.51556462,1.22360218,0.327301025,-1.5509032,-0.124325812
2524,2.524691,0.484418154,0.492768437,0.515581846,1.22360218,0.322265625,-1.5559386,-0.124325812
2525,2.525678,0.484389335,0.492755055,0.515610635,1.2437439,0.322265625,-1.5559386,-0.124325812
2526,2.526687,0.484348893,0.49273631,0.515651107,1.2437439,0.322265625,-1.56600952,-0.124325812
2527,2.527681,0.484334022,0.492729396,0.515665948,1.2437439,0.327301025,-1.57104492,-0.124325812
2528,2.528689,0.48430109,0.492705554,0.515717328,1.2437439,0.327301025,-1.57104492,-0.124325812
2529,2.529767,0.484238148,0.492684901,0.515761852,1.2437439,0.327301025,-1.57104492,-0.124260187
2530,2.530677,0.484238476,0.49268505,0.515761495,1.2437439,0.322265625,-1.56600952,-0.124232054
2531,2.531698,0.484202117,0.492668152,0.515797853,1.25884998,0.332336426,-1.5911864,-0.12420392
2532,2.532680,0.484191686,0.492663324,0.515808284,1.2538147,0.322265625,-1.57608032,-0.124175787
2533,2.533688,0.484169513,0.492653042,0.515830457,1.2437439,0.327301025,-1.57104492,-0.124147654
2534,2.534683,0.484123051,0.492631495,0.515876949,1.24877918,0.342407227,-1.5911864,-0.124199212
2535,2.535694,0.484110236,0.492625535,0.515889764,1.24877918,0.332336426,-1.5811156,-0.124199212
2536,2.536677,0.484090865,0.492616534,0.515909135,1.25884998,0.332336426,-1.5911864,-0.124199212
2537,2.537699,0.484085023,0.492613852,0.515914977,1.26892078,0.327301025,-1.5962218,-0.124199212
2538,2.538682,0.48406744,0.492605656,0.5159325,1.2638855,0.342407227,-1.60629272,-0.124199212
2539,2.539690,0.484050751,0.492597908,0.51594919,1.27395618,0.327301025,-1.60125721,-0.124199212
2540,2.540714,0.484043926,0.492594779,0.515990376,1.2638855,0.332336426,-1.59622192,-0.124199212
2541,2.541681,0.484003961,0.492576212,0.515996039,1.26892078,0.332336426,-1.60125721,-0.124199212
2542,2.542690,0.483990252,0.492569834,0.516009688,1.2840271,0.327301025,-1.586151,-0.124199212
2543,2.543674,0.484002918,0.492575735,0.515997052,1.2638855,0.332336426,-1.60125732,-0.124199212
2544,2.544695,0.48397851,0.49256441,0.51602149,1.26892078,0.332336426,-1.60125721,-0.124199212
2545,2.545682,0.483967662,0.492559373,0.516032338,1.2840271,0.332336426,-1.61636353,-0.124199212
2546,2.546691,0.483955532,0.492554814,0.516042113,1.2840271,0.337371796,-1.62139893,-0.124199212
2547,2.547685,0.483934194,0.492543846,0.516065836,1.2840271,0.332336426,-1.61636353,-0.124199212
2548,2.548693,0.48393932,0.492546201,0.51606065,1.2890625,0.337371796,-1.62139893,-0.124199212
2549,2.549677,0.483919948,0.4925372,0.516080022,1.2840271,0.337371796,-1.61132801,-0.124199212
2550,2.550697,0.483927071,0.492540509,0.516072869,1.27899158,0.332336426,-1.61132801,-0.124199212
2551,2.551721,0.483922511,0.492538393,0.516077459,1.2890625,0.337371796,-1.62643433,-0.124199212
2552,2.552682,0.483893454,0.492524922,0.516106546,1.2840271,0.342407227,-1.62643433,-0.124199212
2553,2.553691,0.483916014,0.492535383,0.516083956,1.2840271,0.342407227,-1.62643433,-0.124199212
2554,2.554673,0.483902097,0.492528945,0.516097903,1.27899158,0.327301025,-1.60629261,-0.124199212
2555,2.555699,0.483914703,0.492534786,0.516085267,1.27899158,0.337371796,-1.61636341,-0.124199212
2556,2.556682,0.483915687,0.492535263,0.516084373,1.27899158,0.337371796,-1.61636341,-0.124199212
2557,2.557690,0.483917713,0.492536187,0.516082287,1.2840271,0.332336426,-1.61636353,-0.124199212
2558,2.558674,0.483908057,0.492531687,0.516091883,1.27899158,0.332336426,-1.61132801,-0.124199212
2559,2.559695,0.483926296,0.492540181,0.516073704,1.2840271,0.342407227,-1.62643433,-0.124199212
2560,2.560678,0.483931929,0.492542773,0.516068041,1.29409778,0.337371796,-1.63146961,-0.124199212
2561,2.561687,0.483938634,0.492545873,0.516061306,1.27899158,0.322265625,-1.60125721,-0.124199212
2562,2.562717,0.483946562,0.492549568,0.516053438,1.27395618,0.327301025,-1.60125721,-0.124199212
2563,2.563688,0.483955562,0.492553741,0.516044438,1.2840271,0.337371796,-1.62139893,-0.124199212
2564,2.564697,0.483955771,0.492552608,0.516047001,1.27899158,0.322265625,-1.60125721,-0.124199212
2565,2.565683,0.483980149,0.492565155,0.516019821,1.27395618,0.332336426,-1.60629261,-0.124199212
2566,2.566694,0.48400566,0.492577016,0.51599437,1.2638855,0.337371796,-1.60629261,-0.124199212
2567,2.567677,0.483994305,0.492571741,0.516005695,1.2638855,0.332336426,-1.60629261,-0.124199212
2568,2.568687,0.484009504,0.492578775,0.515990496,1.25884998,0.332336426,-1.5911864,-0.124199212
2569,2.569683,0.484025925,0.492586404,0.515974045,1.26892078,0.327301025,-1.5962218,-0.124199212
2570,2.570693,0.484060854,0.492600471,0.515943706,1.27395618,0.327301025,-1.60125721,-0.124199212
2571,2.571675,0.48406738,0.492605656,0.515924871,1.26892078,0.337371796,-1.60629261,-0.124199212
2572,2.572695,0.484100431,0.492620975,0.515899539,1.26892078,0.337371796,-1.60629261,-0.124199212
2573,2.573725,0.484134674,0.492636889,0.515865386,1.26892078,0.332336426,-1.60125721,-0.124199212
2574,2.574700,0.484144956,0.492641628,0.515855014,1.2538147,0.332336426,-1.58615112,-0.124199212
2575,2.575700,0.484169185,0.492652893,0.515830815,1.2437439,0.327301025,-1.57104492,-0.124199212
2576,2.576684,0.484182179,0.492658943,0.515817881,1.2638855,0.322265625,-1.58615112,-0.124199212
2577,2.577693,0.484228343,0.492680341,0.515771627,1.2437439,0.322265625,-1.56600952,-0.124199212
2578,2.578677,0.484256715,0.492693514,0.515743315,1.25884998,0.322265625,-1.5811156,-0.124199212
2579,2.579686,0.48427394,0.49270153,0.515726089,1.23870838,0.327301025,-1.5660094,-0.124199212
2580,2.580681,0.484317452,0.492721707,0.515682578,1.23367298,0.322265625,-1.5559386,-0.124199212
2581,2.581690,0.484324932,0.492725164,0.515675068,1.23870838,0.317230195,-1.5559386,-0.124199212
2582,2.582674,0.484383523,0.492752373,0.515616477,1.24877918,0.327301025,-1.5760802,-0.124199212
2583,2.583695,0.484452218,0.492784262,0.515547812,1.23367298,0.322265625,-1.5559386,-0.124199212
2584,2.584724,0.484488875,0.492801279,0.515511155,1.2286377,0.322265625,-1.55090332,-0.124199212
2585,2.585693,0.484490097,0.492801815,0.515509844,1.2286377,0.312194794,-1.54083252,-0.124199212
2586,2.586688,0.484541982,0.492825925,0.515458047,1.23367298,0.307159424,-1.5408324,-0.124199212
2587,2.587683,0.484558374,0.492833495,0.515441597,1.21856678,0.307159424,-1.5257262,-0.124199212
2588,2.588692,0.484635949,0.492864519,0.51537478,1.20849609,0.317230195,-1.52572632,-0.124199212
2589,2.589675,0.484667838,0.492884308,0.515331149,1.21856678,0.307159424,-1.5257262,-0.124199212
2590,2.590697,0.484737635,0.492916703,0.515262365,1.21353137,0.322265625,-1.5408324,-0.124199212
2591,2.591679,0.484760374,0.492927253,0.515239596,1.19842529,0.307159424,-1.50558472,-0.124199212
2592,2.592688,0.484808773,0.492949724,0.515191197,1.19842529,0.297088593,-1.49551392,-0.124199212
2593,2.593684,0.484870702,0.492978454,0.515129268,1.19842529,0.307159424,-1.50558472,-0.124199212
2594,2.594693,0.484911084,0.492996722,0.515089989,1.18331909,0.302124023,-1.48544312,-0.124199212
2595,2.595724,0.484988153,0.493032962,0.515011847,1.19338977,0.297088593,-1.4904784,-0.124199212
2596,2.596688,0.485030949,0.49305284,0.514969051,1.17324817,0.312194794,-1.485443,-0.124199212
2597,2.597697,0.485098898,0.493084371,0.514901102,1.16821277,0.297088593,-1.46530139,-0.124199212
2598,2.598679,0.485156536,0.493111134,0.514843464,1.17828369,0.292053193,-1.47033691,-0.124199212
2599,2.599688,0.485215694,0.493138582,0.514784276,1.15310657,0.287017792,-1.44012439,-0.124199212
2600,2.600684,0.485276341,0.493166715,0.514723659,1.15814209,0.287017792,-1.44515991,-0.124199212
2601,2.601693,0.485354275,0.493202895,0.514645755,1.13296497,0.287017792,-1.41998279,-0.124199212
2602,2.602675,0.485418439,0.493232697,0.514581621,1.13296497,0.287017792,-1.41998279,-0.124199212
2603,2.603697,0.48547259,0.493257821,0.51452744,1.13296497,0.276946992,-1.40991199,-0.124199212
2604,2.604680,0.485562712,0.493299633,0.514437318,1.12792969,0.281982422,-1.40991211,-0.124199212
2605,2.605691,0.485597223,0.493315637,0.514402747,1.11785889,0.276946992,-1.39480591,-0.124199212
2606,2.606719,0.485696942,0.49336195,0.51432097,1.11282337,0.271911591,-1.38473499,-0.124199212
2607,2.607674,0.485769361,0.493395537,0.514237642,1.10778797,0.271911591,-1.37969959,-0.124199212
2608,2.608697,0.485865772,0.49344027,0.514134228,1.11282337,0.266876191,-1.36962891,-0.124199212
2609,2.609681,0.485907733,0.493459761,0.514092267,1.08764637,0.281982422,-1.35452271,-0.124199212
2610,2.610689,0.48601836,0.493511111,0.51398164,1.09771717,0.281982422,-1.37969959,-0.124199212
2611,2.611684,0.4860861,0.493542552,0.513913929,1.07254028,0.25680539,-1.3293457,-0.124199212
2612,2.612693,0.486186862,0.493579865,0.513833463,1.07254028,0.25680539,-1.3293457,-0.124199212
2613,2.613676,0.486269325,0.493627578,0.513751447,1.06246936,0.25176999,-1.31423938,-0.124199212
2614,2.614698,0.486364305,0.493671656,0.513635695,1.03729248,0.25680539,-1.3142395,-0.124199212
2615,2.615683,0.486439258,0.493706435,0.513560772,1.04232776,0.246734604,-1.28906238,-0.124199212
2616,2.616692,0.486526757,0.493747056,0.513473272,1.02722156,0.231628403,-1.25884998,-0.124199212
2617,2.617717,0.486626446,0.493793309,0.513373554,1.03225708,0.246734604,-1.2789917,-0.124199212
2618,2.618675,0.486696094,0.493825614,0.513303876,1.01715076,0.241699189,-1.25884998,-0.124199212
2619,2.619698,0.486822516,0.493884325,0.513177514,1.00204468,0.226593003,-1.2286377,-0.124199212
2620,2.620680,0.486917168,0.493928254,0.513082862,1.00707996,0.226593003,-1.23367298,-0.124199212
2621,2.621690,0.487023741,0.493977696,0.512976229,0.986938417,0.231628403,-1.21856678,-0.124199212
2622,2.622673,0.487101197,0.494013637,0.512898803,0.976867676,0.221557602,-1.19842529,-0.124199212
2623,2.623696,0.487211257,0.494064718,0.512788713,0.971832216,0.216522202,-1.18835437,-0.124199212
2624,2.624678,0.487312704,0.494111806,0.512687266,0.956726015,0.221557602,-1.17828357,-0.124199212
2625,2.625690,0.487441987,0.494171798,0.512557983,0.941619813,0.211486802,-1.15310657,-0.124199212
2626,2.626673,0.487547368,0.494220704,0.512452602,0.941619813,0.206451416,-1.14807129,-0.124199212
2627,2.627696,0.487654507,0.494270444,0.512345493,0.936584413,0.221557602,-1.15814197,-0.124199212
2628,2.628700,0.487763464,0.494321018,0.512236536,0.926513612,0.201416001,-1.12792957,-0.124199212
2629,2.629692,0.487874061,0.494372338,0.512125909,0.906372011,0.201416001,-1.10778797,-0.124199212
2630,2.630689,0.487986475,0.494424492,0.512013495,0.906372011,0.201416001,-1.10778797,-0.124199212
2631,2.631685,0.488138974,0.494495273,0.511889815,0.89126581,0.1913452,-1.08261096,-0.124199212
2632,2.632694,0.488236666,0.494540602,0.511763334,0.876159668,0.1913452,-1.06750488,-0.124199212
2633,2.633677,0.48836422,0.494599819,0.51163578,0.856018066,0.176238999,-1.05743396,-0.124199212
2634,2.634698,0.488475114,0.494651288,0.511524856,0.850982606,0.176238999,-1.02722156,-0.124199212
2635,2.635686,0.488606095,0.494712085,0.511393905,0.840911746,0.181274399,-1.02218616,-0.124199212
2636,2.636695,0.488760859,0.494769424,0.511270344,0.815734804,0.166168213,-0.981903017,-0.124199212
2637,2.637678,0.488886803,0.49484235,0.511144817,0.805664003,0.171203613,-0.976867616,-0.124199212
2638,2.638687,0.489014506,0.494901627,0.510985553,0.795593143,0.166168213,-0.961761355,-0.124199212
2639,2.639690,0.489144117,0.494961768,0.510855913,0.785522401,0.146026596,-0.931549013,-0.124199212
2640,2.640676,0.489266902,0.49501875,0.510733128,0.775451601,0.161132813,-0.936584413,-0.124199212
2641,2.641697,0.489417046,0.495088428,0.510582924,0.755309999,0.161132813,-0.916442811,-0.124199212
2642,2.642680,0.489535421,0.495143384,0.510464609,0.745239198,0.151062012,-0.89630121,-0.124199212
2643,2.643689,0.489723235,0.495230556,0.510276794,0.740203857,0.146026596,-0.886230469,-0.124199212
2644,2.644684,0.489854276,0.495291352,0.510145783,0.715026796,0.140991211,-0.856018007,-0.124199212
2645,2.645696,0.489995241,0.495356768,0.510004759,0.704955995,0.125884995,-0.830841005,-0.124351546
2646,2.646679,0.490138233,0.495423138,0.509861767,0.679778993,0.125884995,-0.805664003,-0.124342166
2647,2.647688,0.490290701,0.495493919,0.509709358,0.674743593,0.110778801,-0.785522401,-0.124370299
2648,2.648685,0.49042204,0.495554864,0.50957799,0.659637392,0.120849594,-0.780487001,-0.124332808
2649,2.649694,0.490615457,0.495644629,0.509384573,0.649566591,0.110778801,-0.760345399,-0.124332808
2650,2.650697,0.490758985,0.495711237,0.509241045,0.63949579,0.0956726,-0.745239258,-0.124332808
2651,2.651679,0.490919024,0.495785505,0.509080946,0.619354188,0.0956726,-0.715026796,-0.124332808
2652,2.652686,0.491087735,0.495863825,0.508912325,0.604248047,0.0956726,-0.699920654,-0.124332808
2653,2.653681,0.491236985,0.495933056,0.508763015,0.579071045,0.0956726,-0.674743652,-0.124332808
2654,2.654689,0.491388381,0.49600336,0.508611679,0.563964844,0.0805664063,-0.64453125,-0.124419533
2655,2.655688,0.49158892,0.496096402,0.50841105,0.543823183,0.0704956055,-0.614318788,-0.124447666
2656,2.656697,0.491744965,0.496168822,0.508255005,0.533752382,0.0755310059,-0.609283388,-0.1244758
2657,2.657680,0.491922349,0.496251136,0.508077621,0.523681581,0.0704956055,-0.594177186,-0.124503933
2658,2.658688,0.492076069,0.496322513,0.507923961,0.51361078,0.0654601976,-0.579070985,-0.124459408
2659,2.659684,0.49226281,0.496409178,0.507737219,0.478363007,0.0553894006,-0.533752382,-0.124459408
2660,2.660693,0.492420644,0.496482432,0.507579386,0.468292207,0.0604247972,-0.528716981,-0.124525033
2661,2.661721,0.492641866,0.496585071,0.507358074,0.453186005,0.0503540002,-0.503539979,-0.124553166
2662,2.662682,0.492816091,0.496665925,0.507183909,0.443115205,0.0453185998,-0.488433808,-0.1245813
2663,2.663690,0.492992222,0.496747673,0.507007778,0.417938203,0.0352478027,-0.453186005,-0.124609433
2664,2.664673,0.493164748,0.496827751,0.506835222,0.407867402,0.0352478027,-0.443115205,-0.124578975
2665,2.665698,0.493344933,0.496911377,0.506655097,0.3826904,0.0352478027,-0.417938203,-0.124658667
2666,2.666681,0.493526816,0.496995777,0.506473184,0.377654999,0.0251770001,-0.402832001,-0.1246868
2667,2.667689,0.49375698,0.497102618,0.50624305,0.357513398,0.0100708008,-0.367584199,-0.124780558
2668,2.668684,0.493943155,0.497189015,0.506056845,0.332336426,0.0201416016,-0.352478027,-0.124836795
2669,2.669693,0.494131207,0.497276276,0.505868793,0.307159424,0.00503540039,-0.312194824,-0.124827415
2670,2.670675,0.494321287,0.497364491,0.505678713,0.297088593,0.00503540039,-0.302123994,-0.124855548
2671,2.671697,0.494517416,0.497455537,0.505482614,0.266876191,0.00503540039,-0.271911591,-0.12482509
2672,2.672783,0.494755536,0.497566044,0.505244493,0.25176999,-0.0100708008,-0.246734589,-0.124911815
2673,2.673587,0.494906574,0.497636139,0.505093455,0.231628403,-0.0151061993,-0.216522202,-0.124932915
2674,2.674693,0.495149642,0.497748941,0.504850388,0.216522202,-0.0201416016,-0.1963806,-0.124968082
2675,2.675680,0.495353222,0.497843415,0.504646719,0.1863098,-0.0302123986,-0.176238999,-0.125068873
2676,2.676688,0.495551258,0.497935325,0.504448712,0.181274399,-0.0201416016,-0.161132798,-0.125066549
2677,2.677683,0.495758235,0.498031378,0.504241765,0.171203613,-0.0352478027,-0.135955811,-0.125094682
2678,2.678692,0.495957077,0.498123676,0.504042923,0.151062012,-0.0302123986,-0.120849609,-0.125202507
2679,2.679674,0.496216744,0.498244166,0.5038293,0.125884995,-0.0453185998,-0.0805663913,-0.125193149
2680,2.680696,0.496426582,0.49834156,0.503573418,0.120849594,-0.0503540002,-0.060424801,-0.125279874
2681,2.681679,0.496640861,0.498441011,0.503359139,0.105743401,-0.0553894006,-0.0553894006,-0.12533614
2682,2.682688,0.496854216,0.498540044,0.503145814,0.0755310059,-0.0553894006,-0.0201416053,-0.125326782
2683,2.683718,0.497069359,0.498639882,0.502930641,0.0654601976,-0.0604247972,-0.00503540039,-0.125413507
2684,2.684679,0.497288674,0.498741686,0.502711356,0.0503540002,-0.0604247972,0.0100707971,-0.125469774
2685,2.685693,0.497560322,0.49886775,0.502439678,0.0302123986,-0.0704956055,0.0402832069,-0.125519007
2686,2.686675,0.497783273,0.498971224,0.502216756,0.0251770001,-0.0654601976,0.0402831957,-0.125575274
2687,2.687696,0.498005956,0.499074578,0.501994073,0.0151061993,-0.0654601976,0.0503539965,-0.125565916
2688,2.688680,0.498230577,0.499178797,0.501769423,-0.00503540039,-0.0755310059,0.0805664063,-0.125652641
2689,2.689690,0.498456925,0.49928385,0.501543045,-0.0151061993,-0.0755310059,0.090637207,-0.125708908
2690,2.690685,0.498685122,0.499389768,0.501314878,-0.0201416016,-0.0755310059,0.0956726074,-0.125692517
2691,2.691693,0.498972952,0.499523342,0.501027048,-0.0302123986,-0.0704956055,0.100708008,-0.125800341
2692,2.692678,0.499205112,0.499631077,0.500794888,-0.0352478027,-0.0856018066,0.120849609,-0.125798017
2693,2.693687,0.49943909,0.499739677,0.500560939,-0.0402832031,-0.0805664063,0.120849609,-0.12582615
2694,2.694691,0.499674767,0.499849081,0.500325263,-0.0604247972,-0.0856018066,0.146026611,-0.125854284
2695,2.695680,0.499912262,0.49995926,0.500087678,-0.0704956055,-0.0856018066,0.156097412,-0.125933975
2696,2.696689,0.500151396,0.500070274,0.499848604,-0.0755310059,-0.0956726,0.171203613,-0.125969142
2697,2.697674,0.500452876,0.500210166,0.499607563,-0.0856018066,-0.100708,0.186309814,-0.125938684
2698,2.698695,0.500695944,0.500322998,0.499304056,-0.0956726,-0.100708,0.1963806,-0.125966817
2699,2.699678,0.500941515,0.500436962,0.499058515,-0.105743401,-0.100708,0.216522202,-0.125980884
2700,2.700686,0.50118649,0.500550628,0.49881348,-0.130920395,-0.100708,0.231628388,-0.126009017
2701,2.701682,0.501429975,0.500663638,0.498569995,-0.130920395,-0.110778801,0.241699189,-0.126037151
2702,2.702691,0.501676202,0.5007779,0.498323798,-0.135955796,-0.115814202,0.25176999,-0.126072317
2703,2.703674,0.501981676,0.5009197,0.498081177,-0.140991211,-0.115814202,0.25680542,-0.126041859
2704,2.704696,0.502229512,0.501034737,0.497770518,-0.166168213,-0.125884995,0.292053223,-0.126041859
2705,2.705778,0.502476156,0.501149178,0.497523874,-0.166168213,-0.125884995,0.292053223,-0.126041859
2706,2.706679,0.502721012,0.501262844,0.497278988,-0.1913452,-0.135955796,0.327300996,-0.126041859
2707,2.707689,0.50297296,0.501379728,0.49702701,-0.1863098,-0.140991211,0.327301025,-0.126041859
2708,2.708672,0.503215969,0.50149256,0.496784031,-0.211486802,-0.135955796,0.347442597,-0.126041859
2709,2.709695,0.503526092,0.501636446,0.496473908,-0.226593003,-0.140991211,0.367584229,-0.126121551
2710,2.710677,0.503777623,0.501753211,0.496222407,-0.236663789,-0.151062012,0.3877258,-0.126149684
2711,2.711686,0.504023373,0.501867235,0.495976597,-0.261840791,-0.151062012,0.407867402,-0.126177818
2712,2.712683,0.504276037,0.501984537,0.495723963,-0.281982422,-0.161132813,0.443115234,-0.126205951
2713,2.713692,0.504525661,0.502100348,0.495474339,-0.307159424,-0.161132813,0.468292236,-0.12616846
2714,2.714675,0.504771829,0.502214611,0.495228171,-0.327301025,-0.166168213,0.493469238,-0.126248151
2715,2.715700,0.505088568,0.502361596,0.494911402,-0.337371796,-0.1863098,0.523681581,-0.126341909
2716,2.716712,0.505334973,0.502475977,0.494665056,-0.362548798,-0.1863098,0.558929384,-0.126398176
2717,2.717682,0.505585551,0.502592266,0.494414479,-0.3826904,-0.1963806,0.579070985,-0.126534134
2718,2.718691,0.505840957,0.502710819,0.494159073,-0.397796571,-0.206451416,0.604247987,-0.126691163
2719,2.719673,0.50609225,0.502827406,0.49390775,-0.417938203,-0.221557602,0.63949579,-0.126796618
2720,2.720694,0.506338596,0.502941728,0.493661404,-0.443115205,-0.221557602,0.664672792,-0.126937211
2721,2.721677,0.506663442,0.503092527,0.493410021,-0.468292207,-0.236663789,0.704955995,-0.127049685
2722,2.722698,0.506904423,0.503204346,0.493095607,-0.493469208,-0.246734604,0.725097597,-0.12722075
2723,2.723680,0.507150352,0.503318489,0.492849618,-0.503539979,-0.261840791,0.76034534,-0.127361357
2724,2.724688,0.507407725,0.503437936,0.492592245,-0.523681581,-0.266876191,0.790557742,-0.127516031
2725,2.725687,0.507671773,0.503560483,0.492328227,-0.543823183,-0.271911591,0.815734744,-0.127729297
2726,2.726695,0.507917702,0.503674626,0.492082298,-0.574035585,-0.297088593,0.871124148,-0.127874598
2727,2.727763,0.508232892,0.503820896,0.491767108,-0.594177186,-0.302124023,0.90637207,-0.128094897
2728,2.728592,0.508415341,0.503905594,0.491584688,-0.599212646,-0.312194794,0.911407471,-0.128221452
2729,2.729686,0.508737147,0.504054904,0.491262853,-0.624389589,-0.327301025,0.946655214,-0.128519103
2730,2.730694,0.508996367,0.504175246,0.491003662,-0.654602051,-0.347442627,1.00204468,-0.128715977
2731,2.731678,0.509233892,0.504285455,0.490766108,-0.674743593,-0.352477998,1.02722156,-0.128992543
2732,2.732698,0.509485722,0.504402339,0.490514278,-0.694885254,-0.367584199,1.06246948,-0.12932536
2733,2.733681,0.509808064,0.504551947,0.49024725,-0.699920595,-0.392761201,1.09268177,-0.129585534
2734,2.734700,0.510051727,0.504665017,0.489948243,-0.709991395,-0.397796571,1.11282337,-0.129890233
2735,2.735698,0.510319412,0.504789233,0.489680558,-0.730133057,-0.428009033,1.15814209,-0.130237117
2736,2.736682,0.510571122,0.504906058,0.489428878,-0.740203857,-0.433044404,1.17324829,-0.130487874
2737,2.737691,0.510822535,0.505022764,0.489177465,-0.755309999,-0.453186005,1.20849597,-0.130841777
2738,2.738689,0.511064887,0.505135238,0.488935143,-0.7653808,-0.468292207,1.23367298,-0.1311066
2739,2.739687,0.511369169,0.505276442,0.488684326,-0.7653808,-0.483398378,1.24877918,-0.131725341
2740,2.740682,0.511628687,0.505396903,0.488371342,-0.77041626,-0.50857538,1.2789917,-0.132034734
2741,2.741691,0.511869371,0.505508602,0.488130629,-0.780487061,-0.538787842,1.3192749,-0.132639423
2742,2.742674,0.512138188,0.505633354,0.487861812,-0.77041626,-0.558929443,1.3293457,-0.133098811
2743,2.743696,0.512378097,0.505744696,0.487621874,-0.755309999,-0.579071045,1.3343811,-0.133860514
2744,2.744678,0.512627244,0.505860329,0.487372756,-0.745239198,-0.594177186,1.33941638,-0.134437069
2745,2.745691,0.512948275,0.50600934,0.487051725,-0.725097597,-0.629424989,1.35452259,-0.135473013
2746,2.746673,0.513175786,0.5061149,0.486824214,-0.694885254,-0.654602051,1.3494873,-0.136265188
2747,2.747695,0.513423383,0.506229818,0.486576587,-0.664672852,-0.684814453,1.3494873,-0.136572227
2748,2.748677,0.513670504,0.506344497,0.486329466,-0.63446039,-0.684814453,1.3192749,-0.136508957
2749,2.749688,0.513928175,0.506464064,0.486071825,-0.604248047,-0.709991395,1.3142395,-0.139192551
2750,2.750697,0.514185786,0.506583631,0.485814184,-0.569000244,-0.715026796,1.2840271,-0.140805066
2751,2.751680,0.514481723,0.50672102,0.48557964,-0.543823183,-0.704955995,1.24877918,-0.142328486
2752,2.752691,0.514726698,0.506834686,0.485273302,-0.51361078,-0.689849854,1.20346069,-0.143837854
2753,2.753674,0.514971197,0.506948173,0.485028833,-0.488433838,-0.64453125,1.13296509,-0.145070672
2754,2.754695,0.515215039,0.507061303,0.484784931,-0.473327577,-0.589141846,1.06246948,-0.147133186
2755,2.755682,0.515446007,0.507168531,0.484554023,-0.448150605,-0.523681581,0.971832156,-0.147648811
2756,2.756691,0.515725732,0.50729835,0.484274238,-0.458221376,-0.443115205,0.901336551,-0.150470659
2757,2.757674,0.516002953,0.507399023,0.484057397,-0.498504579,-0.347442627,0.845947206,-0.153515205
2758,2.758695,0.516243875,0.507538795,0.483756125,-0.538787842,-0.226593003,0.765380859,-0.156271443
2759,2.759750,0.516470909,0.507644176,0.483529061,-0.594177186,-0.125884995,0.720062196,-0.158017531
2760,2.760677,0.516736627,0.507767498,0.483263373,-0.63446039,-0.0402832031,0.674743593,-0.161008164
2761,2.761700,0.516948521,0.507865846,0.483051479,-0.689849854,0.0201416016,0.669708252,-0.163846433
2762,2.762684,0.517172396,0.507969737,0.482827604,-0.810699403,0.125884995,0.684814394,-0.166501895
2763,2.763692,0.517481685,0.508113265,0.482518315,-0.997009158,0.302124023,0.694885135,-0.169970617
2764,2.764676,0.517731309,0.508229136,0.482268661,-1.2286377,0.468292207,0.760345459,-0.173376083
2765,2.765700,0.517966151,0.508338094,0.482033819,-1.5710448,0.63446039,0.936584413,-0.176094845
2766,2.766683,0.51819998,0.508446634,0.48180002,-1.84799182,0.679778993,1.16821289,-0.17972061
2767,2.767692,0.518418252,0.508547962,0.481581777,-2.06451416,0.679778993,1.38473511,-0.182973728
2768,2.768677,0.518694341,0.508676052,0.481305629,-2.23068237,0.594177186,1.63650513,-0.185429975
2769,2.769698,0.518952966,0.508796096,0.481047004,-2.30117774,0.428009033,1.87316871,-0.190614343
2770,2.770714,0.519182503,0.508902609,0.480817497,-2.32635498,0.1863098,2.07962036,-0.191448703
2771,2.771677,0.519457221,0.509030104,0.480542779,-2.31628418,0.0302123986,2.26593018,-0.195336968
2772,2.772700,0.519607067,0.509099662,0.480392933,-2.32131934,-0.0503540002,2.37167335,-0.197338536
2773,2.773682,0.519895792,0.509233654,0.480104208,-2.25585937,-0.171203613,2.42706299,-0.198433071
2774,2.774692,0.520105064,0.509330809,0.479894966,-2.16522217,-0.292053193,2.45727539,-0.199963555
2775,2.775678,0.520368457,0.509453058,0.479687274,-2.03933716,-0.443115205,2.48245239,-0.200373709
2776,2.776686,0.520606935,0.509563684,0.479393065,-1.93862903,-0.579071045,2.5177002,-0.200875267
2777,2.777683,0.520811439,0.509658635,0.479188561,-1.8429563,-0.709991395,2.52273536,-0.201041698
2778,2.778692,0.521030962,0.509760499,0.478969038,-1.80267334,-0.785522401,2.5881958,-0.20097141
2779,2.779675,0.521265984,0.509869576,0.478734016,-1.79260242,-0.820770144,2.61337256,-0.200924546
2780,2.780698,0.521483004,0.509970307,0.478516996,-1.79763782,-0.840911746,2.63854957,-0.200903445
2781,2.781728,0.521735013,0.510087252,0.478264987,-1.82785022,-0.850982606,2.67883277,-0.199143291
2782,2.782688,0.52196604,0.51019448,0.47803399,-1.84799182,-0.856018066,2.70401001,-0.198765934
2783,2.783695,0.522178352,0.510293007,0.477821648,-1.85302722,-0.876159668,2.72918701,-0.198304236
2784,2.784677,0.522389233,0.510390878,0.477610797,-1.86813331,-0.886230409,2.75436378,-0.197950304
2785,2.785702,0.522598445,0.510487974,0.477401555,-1.90841663,-0.89630121,2.80471778,-0.197587013
2786,2.786685,0.522824347,0.510592818,0.477175653,-1.93862903,-0.881195009,2.81982398,-0.197244823
2787,2.787693,0.523045361,0.510695398,0.476954639,-1.97891223,-0.881195009,2.86010718,-0.196759671
2788,2.788676,0.523286283,0.510807216,0.476713717,-2.02926636,-0.871124148,2.90039063,-0.196452647
2789,2.789696,0.523488879,0.510901213,0.476511061,-2.06954932,-0.835876405,2.90542579,-0.196260467
2790,2.790679,0.523652315,0.510977089,0.476347685,-2.09976196,-0.810699403,2.91046143,-0.196037784
2791,2.791687,0.523870111,0.511078119,0.47612986,-2.12997437,-0.795593143,2.92556763,-0.195922926
2792,2.792716,0.524116576,0.51116091,0.475951552,-2.18032813,-0.800628603,2.98095679,-0.195815116
2793,2.793692,0.524292409,0.511274159,0.475756198,-2.19543433,-0.795593143,2.99102736,-0.19581981
2794,2.794689,0.52452445,0.511381805,0.47547552,-2.24578834,-0.790557802,3.0363462,-0.195815101
2795,2.795687,0.524696469,0.511461675,0.475303531,-2.26592994,-0.780487061,3.0514524,-0.195831493
2796,2.796696,0.524905801,0.511558831,0.475094199,-2.27096558,-0.77041626,3.04138184,-0.195803359
2797,2.797680,0.525073767,0.511636794,0.474926263,-2.30621314,-0.790557802,3.096771,-0.195854917
2798,2.798688,0.525239527,0.511713684,0.474760443,-2.32635498,-0.800628603,3.12698364,-0.195854917
2799,2.799685,0.525489032,0.511829495,0.474536479,-2.33642554,-0.815734804,3.15216041,-0.195854917
2800,2.800694,0.525690675,0.511923075,0.474309325,-2.36160278,-0.820770144,3.18237305,-0.1959932
2801,2.801676,0.525829077,0.511987329,0.474170953,-2.37167335,-0.825805664,3.19747901,-0.195990875
2802,2.802697,0.526026845,0.51207912,0.473973215,-2.38174438,-0.835876405,3.21762085,-0.196019009
2803,2.803717,0.526222706,0.512170017,0.473777294,-2.39181495,-0.856018066,3.24783301,-0.195988551
2804,2.804680,0.526374936,0.512240648,0.473625064,-2.41195655,-0.866088808,3.27804542,-0.195988551
2805,2.805691,0.526567042,0.512329817,0.473433167,-2.42202735,-0.871124148,3.29315138,-0.195988551
2806,2.806675,0.526777565,0.512427509,0.473222464,-2.44216919,-0.881195009,3.32336426,-0.195988551
2807,2.807696,0.526943505,0.512504518,0.473056495,-2.46231055,-0.886230409,3.34854102,-0.195988551
2808,2.808678,0.527064323,0.512560606,0.472935677,-2.48245239,-0.90133667,3.38378906,-0.195988551
2809,2.809689,0.527268767,0.512655497,0.472731233,-2.49252319,-0.89630121,3.38882446,-0.195988551
2810,2.810684,0.52738452,0.5127092,0.47261551,-2.50762939,-0.911407411,3.41903687,-0.195988551
2811,2.811693,0.527601719,0.512809992,0.472398281,-2.51769996,-0.90133667,3.41903663,-0.195988551
2812,2.812676,0.527733505,0.512871146,0.472266465,-2.5328064,-0.911407411,3.44421387,-0.195988551
2813,2.813697,0.527884722,0.51294136,0.472115278,-2.55798316,-0.916442752,3.47442579,-0.195988551
2814,2.814721,0.528033495,0.513010383,0.471966505,-2.57308936,-0.921478152,3.49456739,-0.195988551
2815,2.815678,0.528224587,0.513099074,0.471775442,-2.5831604,-0.931549013,3.51470947,-0.195988551
2816,2.816687,0.528323591,0.51314503,0.471676409,-2.59826636,-0.926513612,3.52478004,-0.195988551
2817,2.817683,0.528545082,0.513247788,0.471489817,-2.60833716,-0.926513612,3.53485084,-0.195988551
2818,2.818692,0.528683484,0.513312042,0.471316516,-2.62847877,-0.946655154,3.5751338,-0.195988551
2819,2.819675,0.528819203,0.513375044,0.471180856,-2.63854957,-0.941619813,3.58016944,-0.195988551
2820,2.820696,0.528952241,0.513436794,0.471047759,-2.65365601,-0.951690674,3.60534668,-0.195988551
2821,2.821680,0.529059649,0.513486624,0.470940381,-2.66876221,-0.966796756,3.63555908,-0.195988551
2822,2.822690,0.529210448,0.5135566,0.470789552,-2.67883277,-0.966796756,3.64562941,-0.195988551
2823,2.823686,0.529343069,0.513618171,0.470687747,-2.67883277,-0.961761415,3.64059424,-0.195988551
2824,2.824696,0.529464543,0.513674557,0.470535487,-2.69897437,-0.961761415,3.66073585,-0.195988551
2825,2.825796,0.52960676,0.51374054,0.470393211,-2.72415137,-0.981903017,3.70605445,-0.195988551
2826,2.826588,0.52972281,0.513794422,0.470282346,-2.71911597,-0.971832216,3.69094825,-0.195988551
2827,2.827695,0.529836059,0.513846993,0.470163971,-2.73422217,-0.986938417,3.72116065,-0.195988551
2828,2.828678,0.529946387,0.513898194,0.470053643,-2.75436378,-0.991973877,3.74633765,-0.195988551
2829,2.829687,0.530080199,0.513960242,0.469946206,-2.76443458,-1.00204468,3.76647925,-0.195988551
2830,2.830682,0.530183971,0.514008403,0.469815999,-2.76443458,-0.997009158,3.76144361,-0.195988551
2831,2.831691,0.530260801,0.514044106,0.469739199,-2.77450538,-1.00204468,3.76647902,-0.195864335
2832,2.832674,0.530358553,0.514089465,0.469641447,-2.78961158,-1.00204468,3.79165626,-0.195808068
2833,2.833697,0.530501723,0.514155865,0.469498217,-2.80471778,-0.997009158,3.80172682,-0.195831493
2834,2.834680,0.530520856,0.514164746,0.469479114,-2.80975318,-1.01715076,3.82690382,-0.195803359
2835,2.835692,0.530679762,0.514238536,0.469341904,-2.81982398,-1.01211548,3.83193946,-0.195854917
2836,2.836693,0.530740261,0.51426661,0.469259739,-2.81982398,-1.01211548,3.83193946,-0.195854917
2837,2.837691,0.530821979,0.514304519,0.469178021,-2.83493042,-1.02218616,3.8420105,-0.195854917
2838,2.838674,0.530925095,0.514352381,0.469074935,-2.85507178,-1.02722156,3.88229322,-0.195854917
2839,2.839695,0.531000495,0.514387369,0.468999505,-2.84500098,-1.03225708,3.87725806,-0.195854917
2840,2.840679,0.531072736,0.514420927,0.468927294,-2.86010718,-1.03225708,3.89236426,-0.195854917
2841,2.841689,0.531133771,0.514449239,0.468858242,-2.86514282,-1.03729248,3.9024353,-0.195854917
2842,2.842686,0.531223416,0.514490843,0.468776613,-2.86514282,-1.03729248,3.9024353,-0.195854917
2843,2.843695,0.531309903,0.514530957,0.468690068,-2.88528442,-1.02722156,3.91754103,-0.195854917
2844,2.844678,0.5313434,0.514546514,0.46865657,-2.89535499,-1.03225708,3.92761207,-0.195854917
2845,2.845690,0.53137356,0.514560521,0.468626469,-2.88528442,-1.03729248,3.9225769,-0.195854917
2846,2.846781,0.53146255,0.514601827,0.468537509,-2.89535499,-1.05239868,3.94775367,-0.195854917
2847,2.847678,0.531509936,0.514618456,0.468501627,-2.90542579,-1.04736316,3.95278883,-0.195854917
2848,2.848699,0.531553924,0.514644206,0.468446076,-2.91046143,-1.05239868,3.96286011,-0.195854917
2849,2.849681,0.531594515,0.514663041,0.468405455,-2.90542579,-1.05239868,3.95278883,-0.195854917
2850,2.850689,0.531631649,0.514680266,0.468368322,-2.90542579,-1.05239868,3.95782447,-0.195854917
2851,2.851775,0.531673193,0.514699578,0.468326807,-2.92053223,-1.04232776,3.96286011,-0.195854917
2852,2.852592,0.531695485,0.514709949,0.468304545,-2.91549659,-1.05239868,3.97293043,-0.195854917
2853,2.853699,0.531753361,0.514736772,0.468246579,-2.92053223,-1.05239868,3.97293091,-0.195854917
2854,2.854681,0.531775653,0.514747143,0.468224376,-2.92556739,-1.05743408,3.98300147,-0.195854917
2855,2.855692,0.53179431,0.514755785,0.46820572,-2.92053223,-1.06246936,3.96286011,-0.195854917
2856,2.856675,0.531733632,0.514727592,0.468266338,-2.92053223,-1.06246936,3.98300171,-0.195854917
2857,2.857712,0.531770289,0.514744639,0.468229741,-2.93060279,-1.04736316,3.97796583,-0.195854917
2858,2.858685,0.531752825,0.514736533,0.468247175,-2.93060279,-1.05239868,3.98300147,-0.195854917
2859,2.859694,0.531782627,0.514750361,0.468192577,-2.93060279,-1.04736316,3.97796583,-0.195854917
2860,2.860678,0.531807423,0.514761865,0.468192577,-2.93060279,-1.05743408,3.98803687,-0.195854917
2861,2.861686,0.53180325,0.514759958,0.46819675,-2.93060279,-1.05239868,3.98300147,-0.195854917
2862,2.862681,0.53177017,0.51474458,0.46822983,-2.93563819,-1.05743408,3.99307227,-0.195854917
2863,2.863689,0.531758606,0.514739215,0.468241423,-2.93060279,-1.06246936,3.99307203,-0.195854917
2864,2.864684,0.531768441,0.514743805,0.468231559,-2.93563819,-1.04736316,3.98300123,-0.195854917
2865,2.865696,0.531718791,0.514720738,0.468281209,-2.93563819,-1.05239868,3.98803687,-0.195854917
2866,2.866679,0.531745374,0.514733076,0.468254656,-2.90542579,-1.06750476,3.97293043,-0.195854917
2867,2.867687,0.531692445,0.514708519,0.468307555,-2.91046143,-1.05239868,3.97293043,-0.195854917
2868,2.868749,0.53163588,0.514682293,0.468364149,-2.91549659,-1.04736316,3.96285963,-0.195854917
2869,2.869695,0.531625688,0.514677525,0.468374312,-2.92556739,-1.04232776,3.96789503,-0.195854917
2870,2.870677,0.531561434,0.514647722,0.468438536,-2.91549659,-1.04232776,3.95782423,-0.195854917
2871,2.871688,0.531557202,0.514645755,0.468481511,-2.91046143,-1.04736316,3.95782471,-0.195854917
2872,2.872683,0.53150934,0.514623523,0.46849069,-2.90542579,-1.04232776,3.94775343,-0.195854917
2873,2.873691,0.531457543,0.514599502,0.468542486,-2.89031959,-1.03729248,3.95278883,-0.195854917
2874,2.874675,0.531376839,0.514562011,0.468623132,-2.89031959,-1.03729248,3.92761207,-0.195854917
2875,2.875698,0.531342149,0.514545918,0.468657851,-2.88528442,-1.03225708,3.9175415,-0.195854917
2876,2.876681,0.531253695,0.51450491,0.468746305,-2.87521338,-1.02722156,3.90243483,-0.195854917
2877,2.877689,0.531168759,0.514465451,0.468788952,-2.87017822,-1.01715076,3.8873291,-0.195854917
2878,2.878685,0.531121075,0.514443338,0.468878925,-2.86514282,-1.03225708,3.9024353,-0.195854917
2879,2.879699,0.531019986,0.514396429,0.468980014,-2.87017822,-1.01715076,3.8873291,-0.195854917
2880,2.880696,0.530939579,0.514359117,0.469060391,-2.85507178,-1.01715076,3.87222242,-0.195854917
2881,2.881679,0.530855238,0.514319956,0.469144732,-2.83996558,-1.01715076,3.85711622,-0.195854917
2882,2.882687,0.530766964,0.514279008,0.469233066,-2.82485938,-1.02218616,3.84704542,-0.195854917
2883,2.883682,0.530650854,0.514225125,0.469325393,-2.82989502,-1.01211548,3.8420105,-0.195854917
2884,2.884692,0.530577838,0.51419121,0.469422162,-2.81478858,-1.00707996,3.82186842,-0.195854917
2885,2.885678,0.530452132,0.514132857,0.469547838,-2.80975318,-1.00707996,3.81683302,-0.195854917
2886,2.886686,0.530322671,0.514072776,0.469677299,-2.79464722,-1.00204468,3.79669189,-0.195854917
2887,2.887683,0.530237317,0.514033198,0.469762683,-2.78457642,-1.00204468,3.78662109,-0.195854917
2888,2.888692,0.530099928,0.513969421,0.469900072,-2.77954102,-0.997009158,3.77655029,-0.195854917
2889,2.889705,0.529976308,0.513912022,0.470023662,-2.76946998,-0.986938417,3.75640845,-0.195854917
2890,2.890700,0.529877484,0.513866186,0.470122486,-2.74932837,-0.981903017,3.73123145,-0.195854917
2891,2.891697,0.529727161,0.513796449,0.470272839,-2.74429321,-0.981903017,3.71612525,-0.195854917
2892,2.892680,0.529596508,0.513735771,0.470403492,-2.72918677,-0.981903017,3.71108985,-0.195854917
2893,2.893689,0.529438376,0.513662398,0.470561594,-2.72415137,-0.961761415,3.68591285,-0.195854917
2894,2.894672,0.529323041,0.513608873,0.470676988,-2.69897437,-0.966796756,3.66577101,-0.195854917
2895,2.895697,0.52914387,0.513525724,0.470842957,-2.68386817,-0.961761415,3.64562964,-0.195854917
2896,2.896681,0.528995991,0.51345706,0.471003979,-2.66372657,-0.961761415,3.62548804,-0.195854917
2897,2.897690,0.528867006,0.513397217,0.471133024,-2.66372657,-0.946655154,3.62045264,-0.195854917
2898,2.898672,0.528688073,0.513314188,0.471311957,-2.64862037,-0.936584413,3.58520484,-0.195854917
2899,2.899695,0.528505385,0.51322937,0.471494585,-2.62847877,-0.936584413,3.56506324,-0.195854917
2900,2.900763,0.528322339,0.513144433,0.471677661,-2.6184082,-0.931549013,3.54995728,-0.195854917
2901,2.901676,0.528153181,0.513075352,0.471826494,-2.58819556,-0.921478152,3.5096736,-0.195854917
2902,2.902697,0.527935624,0.512964964,0.472064376,-2.59323096,-0.921478152,3.514709,-0.195854917
2903,2.903697,0.527802825,0.512903333,0.472197175,-2.55798316,-0.906372011,3.48953223,-0.195854917
2904,2.904694,0.527621627,0.512819231,0.472378373,-2.53784156,-0.90133667,3.43917823,-0.195854917
2905,2.905681,0.527436376,0.512733281,0.472563595,-2.527771,-0.90133667,3.42910767,-0.195854917
2906,2.906690,0.527225554,0.51263541,0.472774446,-2.50762939,-0.89630121,3.40393066,-0.195854917
2907,2.907674,0.527026415,0.512545764,0.472967625,-2.50259376,-0.881195009,3.38378882,-0.195854917
2908,2.908695,0.526806712,0.512441039,0.473193288,-2.46734595,-0.871124148,3.33846998,-0.195854917
2909,2.909678,0.526604474,0.512347162,0.473395526,-2.45727539,-0.871124148,3.31329346,-0.195854917
2910,2.910686,0.526398301,0.512251496,0.473601669,-2.43209815,-0.861053407,3.29315162,-0.195854917
2911,2.911689,0.526188135,0.512153983,0.473811895,-2.40692139,-0.850982606,3.25790405,-0.195854917
2912,2.912678,0.525974095,0.512054622,0.474025935,-2.38174438,-0.856018066,3.23776245,-0.195854917
2913,2.913688,0.525700867,0.511927783,0.474264443,-2.37167335,-0.835876405,3.20754981,-0.195854917
2914,2.914682,0.52545774,0.511814952,0.47454223,-2.35153174,-0.830841005,3.18237281,-0.195854917
2915,2.915695,0.525211096,0.511700511,0.474788934,-2.32635498,-0.825805664,3.14712524,-0.195854917
2916,2.916677,0.524980724,0.51159358,0.475019276,-2.28607154,-0.810699403,3.096771,-0.195854917
2917,2.917698,0.524766147,0.511493981,0.475233823,-2.26089454,-0.785522401,3.046417,-0.195854917
2918,2.918682,0.524527848,0.511383414,0.475472152,-2.26089454,-0.790557802,3.0514524,-0.195854917
2919,2.919691,0.524205446,0.511233807,0.475694954,-2.23571777,-0.785522401,3.02124023,-0.195854917
2920,2.920685,0.523958683,0.511119246,0.476041257,-2.20550537,-0.780487061,2.98599243,-0.195854917
2921,2.921694,0.523727059,0.511011779,0.476272941,-2.16018653,-0.750274599,2.92556739,-0.195854917
2922,2.922800,0.52342695,0.510893703,0.476527333,-2.16018653,-0.745239198,2.90542579,-0.195854917
2923,2.923591,0.523232818,0.510782361,0.476767153,-2.14508057,-0.750274599,2.89535522,-0.195854917
2924,2.924698,0.522989035,0.510669231,0.477010965,-2.10479736,-0.735168397,2.83996582,-0.195854917
2925,2.925684,0.522637844,0.510506272,0.47727707,-2.08465552,-0.730133057,2.81478858,-0.195854917
2926,2.926692,0.522349596,0.51037246,0.477650404,-2.04940772,-0.720062196,2.76946998,-0.1959932
2927,2.927674,0.522058189,0.510237217,0.477941751,-2.02926636,-0.715026796,2.74932837,-0.195990875
2928,2.928697,0.521763623,0.510100543,0.478236377,-1.99905372,-0.699920595,2.69897437,-0.196019009
2929,2.929680,0.521517038,0.509986103,0.478482991,-1.96884143,-0.694885254,2.66372681,-0.195988551
2930,2.930688,0.521249175,0.509861767,0.478750795,-1.93862903,-0.679778993,2.61840796,-0.195988551
2931,2.931684,0.52085489,0.509678781,0.479056001,-1.91345203,-0.669708192,2.58316016,-0.195988551
2932,2.932693,0.520595133,0.50955826,0.479404896,-1.87316883,-0.669708192,2.55798316,-0.196061209
2933,2.933701,0.520282626,0.509413183,0.479717374,-1.85806262,-0.654602051,2.51266479,-0.196089342
2934,2.934698,0.519967198,0.509266794,0.480032831,-1.82785022,-0.63446039,2.46231055,-0.196117476
2935,2.935683,0.519664466,0.509126306,0.480335563,-1.79763782,-0.624389589,2.42202735,-0.196145609
2936,2.936692,0.519373596,0.508991301,0.480626404,-1.7674253,-0.604248047,2.37167335,-0.1962253
2937,2.937675,0.519000888,0.508847475,0.480936259,-1.74728382,-0.604248047,2.35153198,-0.196260467
2938,2.938697,0.51867187,0.508665621,0.48132813,-1.70700061,-0.584106386,2.29110694,-0.196288601
2939,2.939680,0.518354654,0.508518457,0.481645375,-1.67678833,-0.579071045,2.26089454,-0.196323767
2940,2.940688,0.518048465,0.5083763,0.481951505,-1.65161133,-0.574035585,2.22564697,-0.196380034
2941,2.941684,0.517710388,0.508219421,0.482289612,-1.61636329,-0.548858583,2.16522193,-0.196370676
2942,2.942693,0.517383575,0.508067727,0.482616425,-1.58615112,-0.548858583,2.13500977,-0.19639881
2943,2.943704,0.516957164,0.50786984,0.483042866,-1.5509032,-0.528717041,2.07962036,-0.196426943
2944,2.944690,0.516649842,0.507727206,0.483350128,-1.5206908,-0.51361078,2.03430152,-0.196455076
2945,2.945690,0.51628685,0.507558763,0.48371315,-1.485443,-0.50857538,1.99905372,-0.19648321
2946,2.946672,0.515947104,0.507401049,0.484052867,-1.45523071,-0.488433838,1.94366455,-0.196511343
2947,2.947695,0.515604496,0.507242084,0.484395504,-1.41494751,-0.473327577,1.88827515,-0.196619168
2948,2.948678,0.515258908,0.507081687,0.484741062,-1.37969971,-0.458221376,1.83792114,-0.19660981
2949,2.949687,0.514834642,0.506884754,0.48508954,-1.34445179,-0.448150605,1.79260242,-0.196644977
2950,2.950682,0.514482439,0.506721318,0.485517591,-1.31927478,-0.438079834,1.75735462,-0.196752802
2951,2.951692,0.514105022,0.506546199,0.485895008,-1.27899158,-0.417938203,1.71203601,-0.19673641
2952,2.952675,0.5137586,0.506385386,0.48624137,-1.2538147,-0.402832001,1.65664673,-0.196764544
2953,2.953698,0.513409138,0.506223202,0.486590862,-1.20346069,-0.3877258,1.59118652,-0.196872368
2954,2.954801,0.51294446,0.506007552,0.48705554,-1.17324817,-0.377654999,1.5660094,-0.196863011
2955,2.955582,0.512670159,0.505880237,0.487329841,-1.14807117,-0.367584199,1.5156554,-0.196956769
2956,2.956692,0.512209833,0.505666614,0.487790197,-1.11282337,-0.347442627,1.46026599,-0.196968511
2957,2.957676,0.51185745,0.505503058,0.48814252,-1.06750476,-0.332336426,1.40991211,-0.197062269
2958,2.958698,0.511474252,0.505325198,0.488525748,-1.03729248,-0.312194794,1.3494873,-0.197118536
2959,2.959698,0.511098087,0.505150616,0.488901913,-0.991973877,-0.292053193,1.2840271,-0.197167769
2960,2.960696,0.510719538,0.504974961,0.489280462,-0.971832216,-0.297088593,1.26892078,-0.197224036
2961,2.961679,0.510243177,0.504798234,0.489661306,-0.926513612,-0.276946992,1.20346057,-0.197374061
2962,2.962690,0.509851754,0.504572213,0.490148246,-0.90133667,-0.25680539,1.15814209,-0.197437361
2963,2.963685,0.509473801,0.504396796,0.490526199,-0.840911746,-0.236663789,1.09771717,-0.19746317
2964,2.964694,0.509078801,0.504213512,0.490921229,-0.810699403,-0.226593003,1.03729236,-0.197592095
2965,2.965700,0.508689165,0.504032671,0.491310865,-0.77041626,-0.216522202,0.986938477,-0.197662428
2966,2.966683,0.508304238,0.503854036,0.491695762,-0.745239198,-0.1913452,0.936584413,-0.197746828
2967,2.967692,0.507805526,0.503622532,0.492095888,-0.704955995,-0.181274399,0.886230409,-0.197852328
2968,2.968675,0.507403851,0.503436148,0.49259612,-0.669708192,-0.176238999,0.845947206,-0.197936729
2969,2.969697,0.507012129,0.503254354,0.492987901,-0.63446039,-0.166168213,0.805664003,-0.198093757
2970,2.970680,0.506618023,0.503071427,0.493381977,-0.594177186,-0.156097397,0.750274599,-0.198199213
2971,2.971689,0.50620687,0.502880633,0.49379313,-0.553893983,-0.146026596,0.699920595,-0.198332787
2972,2.972685,0.505804539,0.502693892,0.494195461,-0.523681581,-0.140991211,0.664672792,-0.198517919
2973,2.973693,0.505303681,0.502461433,0.494586378,-0.483398378,-0.125884995,0.609283388,-0.198693678
2974,2.974678,0.504897773,0.502273083,0.495102227,-0.443115205,-0.115814202,0.558929384,-0.198892877
2975,2.975690,0.504486859,0.502082348,0.495513141,-0.407867402,-0.105743401,0.51361078,-0.199054584
2976,2.976766,0.504078388,0.501892805,0.495921612,-0.377654999,-0.105743401,0.483398408,-0.199288949
2977,2.977583,0.503671646,0.501704037,0.496328384,-0.352477998,-0.105743401,0.458221406,-0.199565515
2978,2.978691,0.503255308,0.501510799,0.496744692,-0.302124023,-0.0856018066,0.38772583,-0.199790522
2979,2.979674,0.502740443,0.501319706,0.497156441,-0.276946992,-0.0704956055,0.347442597,-0.200181931
2980,2.980694,0.502331138,0.501081884,0.497668862,-0.246734604,-0.0654601976,0.312194794,-0.200456172
2981,2.981677,0.501915038,0.500888765,0.498084992,-0.226593003,-0.0654601976,0.302123994,-0.200751483
2982,2.982699,0.501500845,0.50069654,0.498499125,-0.211486802,-0.0553894006,0.266876191,-0.201170996
2983,2.983681,0.501084566,0.500503361,0.498915464,-0.1963806,-0.0453185998,0.241699204,-0.201581135
2984,2.984689,0.500666857,0.500309467,0.499333143,-0.176238999,-0.0402832031,0.216522202,-0.201939717
2985,2.985688,0.500144899,0.500067234,0.499750584,-0.161132813,-0.0302123986,0.191345215,-0.202375636
2986,2.986697,0.499726653,0.499873132,0.500273347,-0.146026596,-0.0151061993,0.161132798,-0.202696726
2987,2.987696,0.4993065,0.499678135,0.5006935,-0.130920395,-0.0251770001,0.161132798,-0.203127965
2988,2.988692,0.49888736,0.499483615,0.50111264,-0.125884995,-0.0100708008,0.135955796,-0.203669354
2989,2.989674,0.498466104,0.499288112,0.501533926,-0.105743401,0,0.105743401,-0.203915462
2990,2.990696,0.498045385,0.499092847,0.501954615,-0.0856018066,-0.00503540039,0.090637207,-0.204374835
2991,2.991679,0.497523189,0.498898387,0.502373636,-0.0704956055,0.0100708008,0.0604248047,-0.204881087
2992,2.992687,0.497102708,0.498655349,0.502897263,-0.0604247972,0.0151061993,0.0453185961,-0.205136552
2993,2.993683,0.496679544,0.498458982,0.503320456,-0.0453185998,0.0151061993,0.0302124005,-0.205539659
2994,2.994692,0.496258736,0.498263687,0.503741324,-0.0201416016,0.0302123986,-0.0100707971,-0.20589824
2995,2.995678,0.495837897,0.498068362,0.504162073,0.0151061993,0.0251770001,-0.0402831994,-0.20619823
2996,2.996700,0.495420903,0.497874826,0.504579067,0.0503540002,0.0503540002,-0.100708,-0.206601337
2997,2.997712,0.494895965,0.497631222,0.505104065,0.0755310059,0.0604247972,-0.135955811,-0.206964597
2998,2.998697,0.494476318,0.497436434,0.505523622,0.105743401,0.0755310059,-0.181274414,-0.207302079
2999,2.999693,0.494057119,0.497241884,0.505942822,0.135955796,0.0956726,-0.216522202,-0.20763956
3000,3.000676,0.493638456,0.497047573,0.506361485,0.171203613,0.105743401,-0.276947021,-0.207962975
3001,3.001698,0.493220329,0.49685356,0.50677973,0.201416001,0.125884995,-0.327300996,-0.20828639
3002,3.002680,0.492797107,0.496657133,0.507202923,0.226593003,0.140991211,-0.367584229,-0.208609805
3003,3.003689,0.492275864,0.496415198,0.507619977,0.25680539,0.161132813,-0.417938203,-0.209097281
3004,3.004685,0.491859913,0.496222168,0.508140087,0.276946992,0.166168213,-0.443115205,-0.209434763
3005,3.005696,0.491458356,0.496035814,0.508541644,0.307159424,0.1913452,-0.488433778,-0.210011318
3006,3.006679,0.491030723,0.495837331,0.508969247,0.327301025,0.221557602,-0.548858643,-0.210461333
3007,3.007687,0.490610361,0.495642245,0.509389639,0.347442627,0.236663789,-0.584106445,-0.210728541
3008,3.008713,0.490103245,0.49545458,0.509793997,0.362548798,0.246734604,-0.609283388,-0.211621493
3009,3.009700,0.489676625,0.495208919,0.510212719,0.377654999,0.25680539,-0.63446039,-0.212244913
3010,3.010698,0.489284068,0.495026708,0.510715902,0.397796571,0.281982422,-0.679778993,-0.212915227
3011,3.011680,0.488876671,0.494837642,0.5111233,0.428009033,0.302124023,-0.725097656,-0.213606641
3012,3.012689,0.488479972,0.494653553,0.511520088,0.443115205,0.317230195,-0.760345399,-0.214305088
3013,3.013684,0.488075942,0.494466007,0.511924028,0.453186005,0.322265625,-0.77545166,-0.215052739
3014,3.014693,0.487663954,0.494274825,0.512336075,0.458221376,0.322265625,-0.780487001,-0.215725377
3015,3.015679,0.487173468,0.494088829,0.512736797,0.458221376,0.332336426,-0.790557802,-0.216878504
3016,3.016688,0.486764848,0.493857533,0.513235152,0.448150605,0.327301025,-0.77545166,-0.217940241
3017,3.017684,0.486368388,0.493673533,0.513631582,0.433044404,0.322265625,-0.755310059,-0.219044149
3018,3.018699,0.485974044,0.493490517,0.514025927,0.412902832,0.302124023,-0.715026855,-0.220537111
3019,3.019765,0.485484093,0.493308455,0.514418244,0.3826904,0.276946992,-0.659637392,-0.222236335
3020,3.020676,0.485191792,0.493127495,0.514808238,0.367584199,0.221557602,-0.589141786,-0.22328867
3021,3.021697,0.484707505,0.492902726,0.515195906,0.362548798,0.151062012,-0.51361084,-0.225262105
3022,3.022682,0.484322876,0.49272421,0.515677094,0.3826904,0.0453185998,-0.428009003,-0.227884755
3023,3.023691,0.483940691,0.492546856,0.516059339,0.402832001,-0.0503540002,-0.357513398,-0.229368344
3024,3.024675,0.483561039,0.492370635,0.516438901,0.463256806,-0.125884995,-0.337371826,-0.232548803
3025,3.025700,0.483170927,0.492189616,0.516829133,0.558929443,-0.181274399,-0.377655029,-0.235150352
3026,3.026683,0.48281011,0.492022157,0.51718992,0.720062196,-0.25680539,-0.463256806,-0.238398775
3027,3.027692,0.482318491,0.49179399,0.517561138,0.89126581,-0.342407227,-0.548858583,-0.242137074
3028,3.028675,0.481993228,0.491643012,0.518006742,1.10778797,-0.443115205,-0.664672732,-0.24432379
3029,3.029697,0.481643558,0.491480738,0.518356442,1.36459339,-0.548858583,-0.7704162,-0.247169092
3030,3.030789,0.481238127,0.491292596,0.518761873,1.60629261,-0.624389589,-0.981903017,-0.24709408
3031,3.031593,0.480879754,0.491126269,0.519120216,1.75735462,-0.664672852,-1.09268177,-0.252226889
3032,3.032688,0.480540037,0.490968615,0.519459963,2.00408936,-0.694885254,-1.3092041,-0.256867528
3033,3.033685,0.480085403,0.490805507,0.519811451,2.17025733,-0.664672852,-1.50558448,-0.259637833
3034,3.034694,0.479754239,0.490603924,0.52024579,2.25585937,-0.523681581,-1.73217773,-0.262715161
3035,3.035680,0.479377896,0.490429252,0.520622134,2.30621314,-0.337371796,-1.97387671,-0.265663564
3036,3.036689,0.479070783,0.490286738,0.520929277,2.30621314,-0.156097397,-2.15011573,-0.267754167
3037,3.037672,0.478734702,0.490130752,0.521265328,2.27600098,-0.0302123986,-2.24578857,-0.269661963
3038,3.038696,0.478402436,0.489976555,0.521597624,2.19543433,0.0956726,-2.29110694,-0.271056533
3039,3.039679,0.477957666,0.48981607,0.521943331,2.06451416,0.292053193,-2.35656738,-0.271677583
3040,3.040688,0.477651507,0.489628017,0.522348464,1.92855835,0.463256806,-2.39181519,-0.272474498
3041,3.041691,0.477332085,0.48947978,0.522667885,1.82281482,0.63446039,-2.45223999,-0.272523761
3042,3.042689,0.477034956,0.489341885,0.522965074,1.77749634,0.725097597,-2.50259399,-0.272172242
3043,3.043684,0.47670576,0.489189088,0.52329421,1.77749634,0.77041626,-2.5479126,-0.271523058
3044,3.044695,0.476399124,0.489046812,0.523600876,1.79763782,0.820770144,-2.61840796,-0.270843387
3045,3.045680,0.476021945,0.488906473,0.523903131,1.85806262,0.805664003,-2.66372657,-0.270205885
3046,3.046689,0.47570616,0.488725185,0.52429384,1.90841663,0.775451601,-2.68386817,-0.269362122
3047,3.047684,0.475413978,0.488589585,0.524586022,1.97891223,0.77041626,-2.74429321,-0.269003481
3048,3.048693,0.475146174,0.488465279,0.524853766,2.00408936,0.810699403,-2.81478882,-0.268656582
3049,3.049676,0.474883646,0.488343477,0.525116384,2.01415992,0.790557802,-2.80471778,-0.268438607
3050,3.050696,0.47458607,0.488205343,0.52541393,2.06954932,0.77041626,-2.83996558,-0.268021435
3051,3.051704,0.47426638,0.488056988,0.525707066,2.11486816,0.775451601,-2.89031982,-0.267709732
3052,3.052696,0.47395885,0.487914264,0.52604115,2.12997437,0.760345399,-2.89031982,-0.2675457
3053,3.053693,0.473718256,0.487802595,0.526281774,2.20046997,0.750274599,-2.94570899,-0.267365277
3054,3.054675,0.473462045,0.487683684,0.526537955,2.24578834,0.740203857,-2.98599219,-0.267219931
3055,3.055699,0.47318992,0.487557411,0.52681011,2.27096558,0.730133057,-3.00109863,-0.267168313
3056,3.056683,0.47294414,0.487443328,0.52705586,2.32635498,0.725097597,-3.05145264,-0.267144829
3057,3.057692,0.472644538,0.48730427,0.527296126,2.34649634,0.720062196,-3.0665586,-0.267104954
3058,3.058675,0.472411066,0.487195939,0.527588964,2.36160278,0.699920595,-3.06152344,-0.267121345
3059,3.059695,0.472161025,0.487079889,0.527838945,2.41195655,0.720062196,-3.11187744,-0.267093211
3060,3.060679,0.472005278,0.487007588,0.527994692,2.43209815,0.715026796,-3.14712501,-0.267137736
3061,3.061688,0.471744269,0.486886472,0.528255701,2.44720435,0.725097597,-3.17230201,-0.267137736
3062,3.062779,0.471526951,0.48678562,0.528473079,2.47741675,0.735168397,-3.21258521,-0.267276019
3063,3.063676,0.471301019,0.486704081,0.528648734,2.48245239,0.750274599,-3.23272705,-0.267332286
3064,3.064697,0.471080661,0.486578494,0.528919339,2.49252319,0.780487061,-3.27301025,-0.267367452
3065,3.065685,0.470889151,0.486489624,0.529110909,2.51769996,0.775451601,-3.29315162,-0.267423719
3066,3.066694,0.470703632,0.486403525,0.529296398,2.51769996,0.795593143,-3.31329298,-0.267407328
3067,3.067677,0.470547616,0.486331105,0.529452384,2.5328064,0.800628603,-3.33343506,-0.267435461
3068,3.068699,0.47035107,0.48623988,0.52964896,2.55294776,0.820770144,-3.37371778,-0.26739797
3069,3.069681,0.470143348,0.486162394,0.529815853,2.57308936,0.815734804,-3.38882422,-0.26739797
3070,3.070690,0.470008165,0.486080766,0.529991865,2.58819556,0.825805664,-3.41400123,-0.26739797
3071,3.071672,0.469807744,0.485987723,0.530192256,2.59826636,0.835876405,-3.43414283,-0.26739797
3072,3.072694,0.469709575,0.485942155,0.530290425,2.6184082,0.835876405,-3.45428467,-0.26739797
3073,3.073722,0.469569981,0.485877395,0.530430019,2.63854957,0.835876405,-3.47442603,-0.26739797
3074,3.074684,0.469388336,0.485793084,0.530611694,2.65869141,0.850982606,-3.50967407,-0.26739797
3075,3.075695,0.469255507,0.485731423,0.530689478,2.66876221,0.845947206,-3.51470947,-0.26739797
3076,3.076678,0.469137281,0.485676557,0.530862689,2.69393921,0.861053407,-3.55499268,-0.26739797
3077,3.077686,0.469001204,0.485613406,0.530998766,2.69897437,0.856018066,-3.53988624,-0.26739797
3078,3.078698,0.468896419,0.485564768,0.531103551,2.70904541,0.850982606,-3.56002808,-0.26739797
3079,3.079694,0.468798488,0.48551932,0.531201482,2.71911597,0.861053407,-3.58016944,-0.26739797
3080,3.080678,0.468732297,0.485488623,0.531267762,2.72415137,0.856018066,-3.58016944,-0.26739797
3081,3.081688,0.468628287,0.485449612,0.531351805,2.73422217,0.866088808,-3.60031104,-0.26739797
3082,3.082683,0.468577862,0.485416919,0.531422079,2.73925781,0.871124148,-3.61038208,-0.26739797
3083,3.083691,0.468459576,0.485362053,0.531540453,2.75436378,0.876159668,-3.61541748,-0.26739797
3084,3.084770,0.468423337,0.485345244,0.531576693,2.74932837,0.881195009,-3.63052344,-0.26739797
3085,3.085588,0.468369156,0.485320091,0.531630874,2.75436378,0.866088808,-3.62045264,-0.26739797
3086,3.086698,0.468296915,0.485286534,0.531703055,2.76443458,0.881195009,-3.64562964,-0.26739797
3087,3.087681,0.468248188,0.485279769,0.531717777,2.76443458,0.886230409,-3.65066504,-0.26739797
3088,3.088690,0.468242615,0.485261351,0.531757414,2.76443458,0.881195009,-3.64562964,-0.26739797
3089,3.089674,0.468193769,0.485238671,0.531806231,2.77954102,0.881195009,-3.66073608,-0.26739797
3090,3.090695,0.468177468,0.485231102,0.531822503,2.77450538,0.89126581,-3.66577125,-0.26739797
3091,3.091678,0.468193769,0.485238671,0.531806231,2.76946998,0.881195009,-3.65066504,-0.26739797
3092,3.092687,0.468166888,0.485226214,0.531833112,2.78457642,0.89126581,-3.67584229,-0.26739797
3093,3.093683,0.468175232,0.485228866,0.531827331,2.77954102,0.89126581,-3.67080688,-0.26739797
3094,3.094691,0.468240738,0.485260457,0.531759202,2.77450538,0.881195009,-3.65570045,-0.26739797
3095,3.095697,0.468263179,0.485270888,0.531736851,2.77954102,0.886230409,-3.66073608,-0.26739797
3096,3.096694,0.468267858,0.485273063,0.531732142,2.77450538,0.881195009,-3.65570045,-0.26739797
3097,3.097677,0.46830523,0.485290408,0.53169477,2.75436378,0.886230409,-3.64059424,-0.26739797
3098,3.098697,0.468324929,0.485299557,0.5316751,2.75939941,0.876159668,-3.63555908,-0.26739797
3099,3.099681,0.468391567,0.485335499,0.531597555,2.77450538,0.881195009,-3.65570045,-0.26739797
3100,3.100690,0.468478441,0.485370785,0.531521499,2.74429321,0.871124148,-3.61541748,-0.26739797
3101,3.101685,0.468522757,0.485391378,0.531477273,2.74932837,0.876159668,-3.62548804,-0.26739797
3102,3.102694,0.468624592,0.485438615,0.531375408,2.72415137,0.866088808,-3.59024024,-0.26739797
3103,3.103679,0.468659163,0.485454649,0.531340778,2.74429321,0.871124148,-3.61541748,-0.26739797
3104,3.104689,0.468800932,0.485520452,0.531199038,2.72415137,0.861053407,-3.58520484,-0.26739797
3105,3.105689,0.468901813,0.485567302,0.531098247,2.70904541,0.856018066,-3.56506348,-0.26739797
3106,3.106689,0.468986213,0.485606462,0.531013787,2.69393921,0.850982606,-3.54492188,-0.26739797
3107,3.107687,0.469176531,0.485694766,0.530823469,2.68386817,0.850982606,-3.54492188,-0.26739797
3108,3.108683,0.46927619,0.485741049,0.53072387,2.66876221,0.840911746,-3.50967407,-0.26739797
3109,3.109692,0.469432145,0.485813409,0.530567884,2.67379737,0.845947206,-3.51974463,-0.26739797
3110,3.110675,0.469595402,0.485889196,0.530404627,2.64358497,0.840911746,-3.48449659,-0.26739797
3111,3.111697,0.469731748,0.485952437,0.530330241,2.64358497,0.830841005,-3.47442603,-0.26739797
3112,3.112679,0.469864041,0.48601386,0.53013593,2.62847877,0.830841005,-3.45931983,-0.26739797
3113,3.113688,0.470004082,0.486078858,0.529995918,2.60833716,0.810699403,-3.41400123,-0.26739797
3114,3.114684,0.470199287,0.486169428,0.529800653,2.57308936,0.815734804,-3.38882422,-0.26739797
3115,3.115696,0.47037822,0.486252487,0.52962178,2.57308936,0.805664003,-3.37875342,-0.26739797
3116,3.116708,0.470587999,0.486349851,0.529412031,2.55798316,0.810699403,-3.36868262,-0.26739797
3117,3.117697,0.470831245,0.486462742,0.529218316,2.53784156,0.795593143,-3.33343458,-0.26739797
3118,3.118694,0.471034259,0.486556947,0.528965712,2.527771,0.780487061,-3.30825806,-0.26739797
3119,3.119676,0.471244633,0.48665458,0.528755367,2.50259376,0.785522401,-3.28811622,-0.26739797
3120,3.120698,0.471462399,0.486755639,0.528537571,2.46734595,0.7653808,-3.23272681,-0.26739797
3121,3.121681,0.471687526,0.486860126,0.528312445,2.45223999,0.750274599,-3.20251465,-0.26739797
3122,3.122689,0.471897632,0.486957639,0.528102338,2.43713355,0.745239198,-3.18237281,-0.26739797
3123,3.123672,0.47213757,0.487069011,0.52786243,2.40188599,0.745239198,-3.14712524,-0.26739797
3124,3.124695,0.472491443,0.487233222,0.527508557,2.38677955,0.735168397,-3.121948,-0.26739797
3125,3.125681,0.472725511,0.487341851,0.52727443,2.34649634,0.730133057,-3.09173584,-0.26739797
3126,3.126689,0.473010182,0.487473994,0.526989877,2.32131934,0.720062196,-3.0413816,-0.26739797
3127,3.127689,0.473301381,0.487609118,0.526698589,2.33139038,0.720062196,-3.05145264,-0.26739797
3128,3.128699,0.473536313,0.487718165,0.526463687,2.29110718,0.699920595,-2.99102783,-0.26739797
3129,3.129696,0.473892868,0.487883657,0.526179314,2.25585937,0.679778993,-2.93563843,-0.26739797
3130,3.130697,0.47416541,0.488010108,0.52583456,2.23068237,0.669708192,-2.90039063,-0.26739797
3131,3.131693,0.474465668,0.488149464,0.525534332,2.19543433,0.654602051,-2.86010742,-0.26739797
3132,3.132676,0.474792778,0.488301277,0.525207222,2.17025733,0.649566591,-2.81982398,-0.26739797
3133,3.133696,0.475106478,0.488446862,0.524893463,2.15011597,0.63949579,-2.78961182,-0.26739797
3134,3.134679,0.475426912,0.488595605,0.524573088,2.12997437,0.654602051,-2.78457642,-0.26739797
3135,3.135690,0.475855976,0.488756329,0.524226785,2.06451416,0.609283388,-2.67379761,-0.26739797
3136,3.136674,0.476209939,0.488958985,0.523790061,2.03933716,0.599212646,-2.6385498,-0.26739797
3137,3.137695,0.476551354,0.489117444,0.523448706,2.00912452,0.609283388,-2.6385498,-0.26739797
3138,3.138774,0.47686249,0.489261836,0.52313751,1.95877051,0.584106386,-2.54287696,-0.26739797
3139,3.139685,0.477217346,0.489426553,0.522782683,1.92855835,0.563964844,-2.49252319,-0.26739797
3140,3.140695,0.477578491,0.489594162,0.522421539,1.91345203,0.558929443,-2.47238159,-0.26739797
3141,3.141679,0.478038639,0.489772737,0.522036612,1.87316883,0.528717041,-2.40188599,-0.26739797
3142,3.142688,0.47841379,0.4899818,0.52158618,1.82281482,0.528717041,-2.35153198,-0.26739797
3143,3.143684,0.47881183,0.490166545,0.5211882,1.78253162,0.51361078,-2.31628418,-0.26739797
3144,3.144693,0.479215175,0.490353733,0.520784795,1.75735462,0.488433838,-2.24578857,-0.26739797
3145,3.145679,0.479542851,0.490505815,0.520457149,1.71203613,0.483398378,-2.19543457,-0.267456561
3146,3.146688,0.479990155,0.490713418,0.520009875,1.67175281,0.463256806,-2.13500953,-0.267484695
3147,3.147684,0.480481088,0.490893871,0.519620955,1.65161133,0.458221376,-2.10983276,-0.267519861
3148,3.148694,0.480892777,0.491132289,0.519107163,1.60629261,0.438079834,-2.04437256,-0.267547995
3149,3.149722,0.481310159,0.491326004,0.518689811,1.5559386,0.417938203,-1.97387683,-0.267576128
3150,3.150677,0.481747419,0.491528928,0.518252552,1.51062,0.402832001,-1.91345203,-0.267576128
3151,3.151686,0.482189357,0.491734058,0.517810643,1.46530139,0.3877258,-1.85302722,-0.267576128
3152,3.152683,0.482622087,0.491934896,0.517377913,1.43508911,0.377654999,-1.81274414,-0.26765582
3153,3.153692,0.48315683,0.492138088,0.516939998,1.38977051,0.352477998,-1.74224854,-0.267690986
3154,3.154675,0.483601391,0.492389381,0.516398609,1.3343811,0.342407227,-1.67678833,-0.267660528
3155,3.155698,0.484038144,0.492592067,0.515961826,1.29913318,0.312194794,-1.62643421,-0.267688662
3156,3.156683,0.484492719,0.492803037,0.515507281,1.2437439,0.307159424,-1.55090332,-0.267754287
3157,3.157692,0.484952003,0.493016213,0.515048027,1.21856678,0.292053193,-1.51062,-0.26778242
3158,3.158676,0.485427499,0.49323687,0.514572501,1.15310657,0.276946992,-1.43005359,-0.267810553
3159,3.159698,0.486013293,0.493508756,0.514104486,1.12289417,0.25176999,-1.37466419,-0.267787129
3160,3.160789,0.486508191,0.493738443,0.513491869,1.05239868,0.241699189,-1.2940979,-0.26788792
3161,3.161593,0.486855119,0.493899465,0.51314491,1.03225708,0.221557602,-1.2538147,-0.26793012
3162,3.162688,0.487456173,0.494178385,0.512543797,0.981903017,0.201416001,-1.18331897,-0.267913729
3163,3.163683,0.487931997,0.49439922,0.512068033,0.921478152,0.1863098,-1.10778797,-0.268007487
3164,3.164692,0.488430858,0.494630724,0.511569083,0.881195009,0.161132813,-1.04232788,-0.268063754
3165,3.165680,0.489047617,0.494859576,0.511076093,0.840911746,0.151062012,-0.991973758,-0.268040329
3166,3.166689,0.489553452,0.495151728,0.510446548,0.780487061,0.135955796,-0.916442871,-0.268134087
3167,3.167673,0.49006182,0.495387673,0.50993818,0.740203857,0.125884995,-0.866088867,-0.268131763
3168,3.168695,0.490550339,0.49561438,0.509449601,0.684814453,0.100708,-0.785522461,-0.268232554
3169,3.169678,0.49105072,0.495846629,0.50894928,0.629424989,0.0805664063,-0.709991395,-0.268288821
3170,3.170688,0.491561651,0.496083766,0.508438408,0.594177186,0.0654601976,-0.659637392,-0.268345088
3171,3.171692,0.492216766,0.496328086,0.50791198,0.533752382,0.0503540002,-0.584106386,-0.268481046
3172,3.172690,0.492721736,0.496622145,0.507278264,0.483398378,0.0201416016,-0.503539979,-0.268506855
3173,3.173685,0.493246913,0.496865898,0.506753147,0.422973603,0.0201416016,-0.458221436,-0.268642813
3174,3.174694,0.49376899,0.497108191,0.50623107,0.377654999,-0.00503540039,-0.372619599,-0.268727213
3175,3.175681,0.494288683,0.497349352,0.505711257,0.342407227,-0.0201416016,-0.322265625,-0.268811613
3176,3.176690,0.494819731,0.497595847,0.505180299,0.287017792,-0.0402832031,-0.246734589,-0.268896013
3177,3.177684,0.495480657,0.497842848,0.50464797,0.241699189,-0.0503540002,-0.191345185,-0.269060105
3178,3.178693,0.496008456,0.498147517,0.503991544,0.1863098,-0.0553894006,-0.130920395,-0.269238263
3179,3.179677,0.496544182,0.498396128,0.503455758,0.156097397,-0.0654601976,-0.0906371996,-0.269371897
3180,3.180697,0.497078449,0.498644114,0.502921581,0.0956726,-0.0805664063,-0.0151061937,-0.269564122
3181,3.181801,0.497748166,0.498954922,0.502251863,0.0704956055,-0.0956726,0.0251769945,-0.269702464
3182,3.182591,0.498150945,0.499141842,0.501849055,0.0402832031,-0.0956726,0.0453185998,-0.269866556
3183,3.183701,0.498823553,0.499454021,0.501311064,0.0151061993,-0.120849594,0.105743393,-0.270070523
3184,3.184696,0.499363154,0.49970445,0.500636876,-0.00503540039,-0.125884995,0.130920395,-0.270319015
3185,3.185683,0.499902785,0.499954879,0.500097215,-0.0201416016,-0.125884995,0.135955796,-0.270595551
3186,3.186692,0.50044322,0.500205696,0.49955675,-0.0503540002,-0.135955796,0.1863098,-0.270820498
3187,3.187675,0.500982642,0.500456035,0.499017358,-0.0654601976,-0.135955796,0.201415986,-0.271111071
3188,3.188695,0.501526654,0.50070852,0.498473346,-0.0906371996,-0.156097397,0.246734589,-0.271422744
3189,3.189679,0.50206697,0.500959277,0.49793306,-0.105743401,-0.171203613,0.276947021,-0.271680504
3190,3.190688,0.502743661,0.501273334,0.497256339,-0.105743401,-0.176238999,0.281982392,-0.271926552
3191,3.191683,0.503284931,0.501524568,0.496715099,-0.135955796,-0.1913452,0.322265595,-0.272383541
3192,3.192720,0.503825605,0.501775444,0.496174365,-0.171203613,-0.216522202,0.38772583,-0.272641331
3193,3.193680,0.504362524,0.502024651,0.495637506,-0.1863098,-0.226593003,0.412902802,-0.272892088
3194,3.194688,0.504905403,0.502276599,0.495094568,-0.231628403,-0.241699189,0.473327577,-0.27322486
3195,3.195688,0.505583048,0.502526641,0.494555831,-0.281982422,-0.266876191,0.548858643,-0.273545921
3196,3.196697,0.506115973,0.502838433,0.493883997,-0.302124023,-0.287017792,0.589141846,-0.273899794
3197,3.197679,0.506646812,0.503084779,0.493353188,-0.337371796,-0.317230195,0.654601991,-0.2742607
3198,3.198687,0.507175505,0.503330171,0.492824525,-0.362548798,-0.347442627,0.709991455,-0.274577081
3199,3.199683,0.507719994,0.503582835,0.492279977,-0.3877258,-0.3877258,0.775451601,-0.275191128
3200,3.200692,0.508251369,0.503829479,0.491748631,-0.422973603,-0.422973603,0.845947206,-0.275582552
3201,3.201675,0.508780777,0.50407517,0.491219193,-0.428009033,-0.463256806,0.891265869,-0.276351303
3202,3.202697,0.509447277,0.504384518,0.490552723,-0.443115205,-0.488433838,0.931549072,-0.276892751
3203,3.203716,0.509956539,0.50462085,0.490043491,-0.433044404,-0.548858583,0.981902957,-0.277659178
3204,3.204688,0.510486603,0.504866838,0.489513397,-0.428009033,-0.574035585,1.00204468,-0.278357595
3205,3.205699,0.511006117,0.505107939,0.488993853,-0.417938203,-0.614318848,1.03225708,-0.278385758
3206,3.206682,0.51151371,0.505343497,0.48848626,-0.402832001,-0.649566591,1.05239856,-0.28011778
3207,3.207690,0.512155056,0.505581796,0.487972826,-0.377654999,-0.684814453,1.06246948,-0.282056034
3208,3.208674,0.51267457,0.505882263,0.4873254,-0.362548798,-0.704955995,1.06750476,-0.283138871
3209,3.209694,0.51318115,0.506117404,0.48681885,-0.347442627,-0.699920595,1.04736328,-0.284167796
3210,3.210677,0.513673365,0.506345809,0.486326635,-0.352477998,-0.684814453,1.03729248,-0.286328703
3211,3.211699,0.5141837,0.506582677,0.48581633,-0.357513398,-0.664672852,1.02218628,-0.288128704
3212,3.212682,0.514702559,0.50682348,0.485297441,-0.362548798,-0.614318848,0.976867676,-0.290191203
3213,3.213691,0.515305161,0.507035196,0.484841228,-0.3826904,-0.563964844,0.946655273,-0.292539597
3214,3.214717,0.515766919,0.507317424,0.484233081,-0.417938203,-0.478363007,0.89630121,-0.294789553
3215,3.215689,0.516261458,0.507546961,0.483738542,-0.493469208,-0.3877258,0.861053348,-0.296910644
3216,3.216699,0.516738951,0.507768571,0.483261049,-0.584106386,-0.261840791,0.845947146,-0.299184114
3217,3.217682,0.517211795,0.507988036,0.482788235,-0.624389589,-0.151062012,0.775451601,-0.301891148
3218,3.218691,0.517679751,0.508205235,0.482320279,-0.689849854,-0.0654601976,0.755310059,-0.304021657
3219,3.219674,0.518128276,0.508413374,0.481871724,-0.760345399,0.0151061993,0.745239198,-0.305826336
3220,3.220696,0.518684387,0.508671463,0.481315613,-0.916442752,0.125884995,0.790557742,-0.30941698
3221,3.221679,0.519164979,0.508894503,0.480834991,-1.15814209,0.281982422,0.876159668,-0.313661486
3222,3.222688,0.519610524,0.509101272,0.480389476,-1.4904784,0.443115205,1.04736316,-0.317088008
3223,3.223685,0.520082295,0.509320259,0.479917735,-1.77246082,0.493469208,1.27899158,-0.321060628
3224,3.224694,0.520500541,0.509514332,0.479499429,-2.02423096,0.483398378,1.54083252,-0.323411375
3225,3.225727,0.521018326,0.509754658,0.478981674,-2.22564673,0.453186005,1.7724607,-0.32809183
3226,3.226683,0.521455526,0.509957552,0.478544444,-2.38677955,0.392761201,1.99401832,-0.330672264
3227,3.227692,0.521869719,0.510149777,0.478130281,-2.50762939,0.266876191,2.21557617,-0.333398014
3228,3.228674,0.522277355,0.510338962,0.477722675,-2.5428772,0.0856018066,2.45727539,-0.335615188
3229,3.229697,0.522678316,0.510525048,0.477321655,-2.6133728,0.0201416016,2.5932312,-0.337888598
3230,3.230681,0.523054242,0.510699511,0.476945758,-2.64862037,-0.0654601976,2.71408057,-0.339433163
3231,3.231689,0.523574054,0.510887682,0.476540267,-2.62344337,-0.1863098,2.80975318,-0.341083169
3232,3.232685,0.523914695,0.511098862,0.476085305,-2.56301856,-0.297088593,2.86010718,-0.342958152
3233,3.233694,0.524304628,0.511279821,0.475695342,-2.43713355,-0.498504579,2.96585059,-0.343933165
3234,3.234677,0.524687767,0.511457622,0.475312203,-2.34649634,-0.699920595,3.046417,-0.344472259
3235,3.235702,0.525004327,0.511604548,0.474995643,-2.25585937,-0.810699403,3.06655884,-0.344493389
3236,3.236715,0.525352359,0.511766076,0.474647671,-2.22564673,-0.911407411,3.1370542,-0.344350457
3237,3.237675,0.525753736,0.511952341,0.474246264,-2.23068237,-0.951690674,3.18237305,-0.344153613
3238,3.238697,0.526106358,0.512115955,0.473893583,-2.24578834,-0.976867676,3.22265601,-0.344062239
3239,3.239680,0.526449263,0.512275159,0.473550737,-2.27096558,-0.997009158,3.26797485,-0.344090372
3240,3.240689,0.526763201,0.512420833,0.473236799,-2.32635498,-1.00204468,3.32839966,-0.342477888
3241,3.241685,0.527068734,0.512562633,0.472931266,-2.34649634,-1.02218616,3.36868238,-0.342149705
3242,3.242693,0.527343929,0.512690365,0.472656041,-2.38174438,-1.03729248,3.41903687,-0.341669202
3243,3.243695,0.52770263,0.512844443,0.472324103,-2.40692139,-1.04232776,3.44924927,-0.341385603
3244,3.244692,0.528024137,0.513006032,0.471975863,-2.45223999,-1.03729248,3.48953247,-0.341106713
3245,3.245678,0.528315246,0.513141155,0.471684754,-2.49252319,-1.02722156,3.51974487,-0.340776265
3246,3.246686,0.528552175,0.513251126,0.471447855,-2.55294776,-1.01715076,3.5700984,-0.340504408
3247,3.247819,0.528863609,0.513395667,0.471136391,-2.59323096,-1.00204468,3.59527564,-0.34034273
3248,3.248586,0.528997421,0.513457716,0.471002549,-2.62847877,-0.986938417,3.61541724,-0.340246618
3249,3.249693,0.5293082,0.513575852,0.470748156,-2.66876221,-0.981903017,3.65066528,-0.340225458
3250,3.250675,0.529574633,0.513725638,0.470502853,-2.70401001,-0.976867676,3.68087769,-0.340251207
3251,3.251695,0.529784918,0.513823211,0.470215082,-2.73422217,-0.961761415,3.70605469,-0.340253532
3252,3.252678,0.529985368,0.513916254,0.470014602,-2.76946998,-0.961761415,3.73123145,-0.340225399
3253,3.253687,0.530128181,0.513982534,0.469871849,-2.78961158,-0.966796756,3.75640821,-0.340255857
3254,3.254682,0.530332625,0.514077425,0.469667375,-2.79968238,-0.971832216,3.77151465,-0.340255857
3255,3.255693,0.530544221,0.51415658,0.469496787,-2.81478858,-0.981903017,3.79669166,-0.340255857
3256,3.256677,0.530702114,0.514248908,0.469297886,-2.84500098,-0.986938417,3.83193946,-0.340408206
3257,3.257698,0.530849814,0.514317453,0.469150186,-2.83996558,-1.00707996,3.85208082,-0.340398848
3258,3.258727,0.530962586,0.514369786,0.469037414,-2.85507178,-1.03225708,3.88732886,-0.340426981
3259,3.259681,0.531114221,0.514440179,0.468885809,-2.85507178,-1.03225708,3.88732886,-0.340448081
3260,3.260690,0.531230748,0.51449424,0.468769252,-2.87017822,-1.04232776,3.9125061,-0.340448081
3261,3.261685,0.531336725,0.514543474,0.468663216,-2.87017822,-1.03729248,3.9074707,-0.340448081
3262,3.262694,0.531454444,0.514598072,0.468545556,-2.87017822,-1.05239868,3.9225769,-0.340448081
3263,3.263677,0.531561613,0.514647782,0.468438387,-2.89031959,-1.05743408,3.94775367,-0.340448081
3264,3.264699,0.531607985,0.514669299,0.468392015,-2.88528442,-1.04736316,3.93264771,-0.340448081
3265,3.265685,0.531668603,0.514697433,0.468331397,-2.91046143,-1.05239868,3.96286011,-0.340448081
3266,3.266693,0.531718373,0.514720559,0.468281657,-2.91549659,-1.05239868,3.96789527,-0.340448081
3267,3.267676,0.531757236,0.51473856,0.468242735,-2.90542579,-1.05239868,3.95782447,-0.340448081
3268,3.268697,0.531790435,0.514753997,0.468209565,-2.93060279,-1.05239868,3.98300147,-0.340448081
3269,3.269701,0.531804681,0.514760613,0.468195319,-2.93060279,-1.05239868,3.98300147,-0.340448081
3270,3.270678,0.531807899,0.514762104,0.468192101,-2.93060279,-1.05239868,3.98300147,-0.340448081
3271,3.271687,0.531825304,0.51477015,0.468174666,-2.93563819,-1.05239868,3.98803687,-0.340448081
3272,3.272684,0.53180635,0.514761388,0.46819365,-2.94067359,-1.06750476,4.00817823,-0.340448081
3273,3.273693,0.531716585,0.514735699,0.468248993,-2.93563819,-1.05239868,3.98803687,-0.340448081
3274,3.274675,0.531672597,0.51469928,0.468315363,-2.92053223,-1.05743408,3.97796631,-0.340448081
3275,3.275699,0.531642616,0.514685392,0.468357384,-2.90542579,-1.04736316,3.95782423,-0.340448081
3276,3.276683,0.531601429,0.514666259,0.468398571,-2.90542579,-1.05239868,3.95782447,-0.340448081
3277,3.277692,0.53149879,0.514618635,0.46850121,-2.90542579,-1.04736316,3.95278883,-0.340448081
3278,3.278675,0.531410098,0.514577448,0.468589872,-2.89031959,-1.03225708,3.92257667,-0.340448081
3279,3.279696,0.531283557,0.514519632,0.468714595,-2.89031959,-1.03225708,3.92257667,-0.340448081
3280,3.280700,0.531144977,0.514454424,0.468855023,-2.86514282,-1.03225708,3.8973999,-0.340448081
3281,3.281680,0.531019986,0.514396429,0.468979985,-2.86010718,-1.02722156,3.88732862,-0.340448081
3282,3.282689,0.530883908,0.514333248,0.469116062,-2.85003638,-1.01715076,3.86718702,-0.340448081
3283,3.283685,0.530785561,0.514287651,0.469214439,-2.82989502,-1.02218616,3.8520813,-0.340448081
3284,3.284693,0.530602634,0.514202714,0.469397366,-2.81982398,-1.01211548,3.83193946,-0.340448081
3285,3.285680,0.530433059,0.514124036,0.469566941,-2.79968238,-1.00204468,3.80172706,-0.340448081
3286,3.286689,0.530205488,0.514018416,0.469794512,-2.77954102,-0.991973877,3.77151489,-0.340448081
3287,3.287684,0.530011058,0.513928175,0.469988942,-2.76946998,-0.981903017,3.75137305,-0.340448081
3288,3.288696,0.529805601,0.513832808,0.470194399,-2.75939941,-0.986938417,3.74633789,-0.340448081
3289,3.289679,0.52961278,0.513743341,0.47038725,-2.72918677,-0.976867676,3.70605445,-0.340448081
3290,3.290688,0.529338598,0.513616085,0.470661402,-2.70904541,-0.966796756,3.67584229,-0.340448081
3291,3.291692,0.52906251,0.513487935,0.47085312,-2.69897437,-0.951690674,3.65066504,-0.340448081
3292,3.292679,0.528810859,0.51337117,0.471189141,-2.65365601,-0.941619813,3.59527588,-0.340448081
3293,3.293688,0.528548539,0.513249457,0.471451491,-2.6335144,-0.941619813,3.58520484,-0.340448081
3294,3.294683,0.52827543,0.513122678,0.47172454,-2.60833716,-0.926513612,3.53485084,-0.340448081
3295,3.295692,0.528014064,0.513001382,0.471985936,-2.5831604,-0.916442752,3.49960327,-0.340448081
3296,3.296689,0.527675807,0.512844384,0.472324222,-2.57308936,-0.906372011,3.47946143,-0.340448081
3297,3.297685,0.527293742,0.512713194,0.472606838,-2.527771,-0.89126581,3.41903687,-0.340448081
3298,3.298693,0.526976466,0.512519836,0.473023564,-2.49252319,-0.881195009,3.37371826,-0.340448081
3299,3.299678,0.526670158,0.512377679,0.473329842,-2.46734595,-0.876159668,3.34350562,-0.340448081
3300,3.300687,0.526332259,0.51222086,0.473667741,-2.42706275,-0.861053407,3.28811622,-0.34052074
3301,3.301682,0.525984287,0.512059331,0.474015713,-2.39685059,-0.840911746,3.23776245,-0.340548873
3302,3.302749,0.525515139,0.511841595,0.474373579,-2.37167335,-0.830841005,3.20251441,-0.340525448
3303,3.303683,0.525218666,0.511704028,0.474781364,-2.32635498,-0.820770144,3.14712524,-0.340553582
3304,3.304693,0.52478528,0.511502862,0.47521469,-2.27600098,-0.785522401,3.06152344,-0.340574682
3305,3.305681,0.524376392,0.51131314,0.475623608,-2.26089454,-0.785522401,3.046417,-0.340633273
3306,3.306690,0.52399677,0.511136949,0.47600323,-2.20550537,-0.77041626,2.97592163,-0.340661407
3307,3.307684,0.523569703,0.510938764,0.476430327,-2.17025733,-0.735168397,2.90542579,-0.34068954
3308,3.308692,0.523170888,0.510753632,0.476829112,-2.13500953,-0.745239198,2.88024879,-0.340659082
3309,3.309675,0.522726119,0.510547221,0.477273852,-2.10479736,-0.725097597,2.82989502,-0.340687215
3310,3.310696,0.522180617,0.51029408,0.477819383,-2.05947876,-0.709991395,2.76947021,-0.340759873
3311,3.311679,0.521768868,0.510102987,0.478231132,-2.02423096,-0.704955995,2.72918701,-0.340788007
3312,3.312687,0.521296382,0.509883702,0.478703648,-1.95877051,-0.669708192,2.62847877,-0.34081614
3313,3.313690,0.520816028,0.509660721,0.479183942,-1.92352283,-0.664672852,2.5881958,-0.340844274
3314,3.314684,0.520328164,0.509434342,0.479671806,-1.86309803,-0.654602051,2.5177002,-0.34090054
3315,3.315697,0.51975888,0.509226382,0.480119854,-1.8328855,-0.63446039,2.46734595,-0.340898216
3316,3.316680,0.519237936,0.508928359,0.480762064,-1.78756702,-0.614318848,2.40188599,-0.340999007
3317,3.317688,0.518770397,0.508711338,0.481229573,-1.72714221,-0.584106386,2.33139014,-0.341055274
3318,3.318683,0.518250167,0.508469939,0.481749833,-1.67678833,-0.563964844,2.24075317,-0.341090441
3319,3.319692,0.517723322,0.508225441,0.482276708,-1.63650501,-0.543823183,2.18032813,-0.341146708
3320,3.320675,0.517217278,0.507990539,0.482782692,-1.5760802,-0.523681581,2.09976172,-0.341195941
3321,3.321697,0.516543984,0.507745862,0.483309984,-1.535797,-0.50857538,2.04437232,-0.341266274
3322,3.322679,0.516034007,0.507441401,0.483856857,-1.48040771,-0.488433838,1.96884155,-0.341381133
3323,3.323687,0.515466452,0.507178009,0.484533519,-1.43005359,-0.468292207,1.91345203,-0.341378808
3324,3.324711,0.51491797,0.506923437,0.48508203,-1.37466419,-0.438079834,1.81274402,-0.3415007
3325,3.325691,0.514385879,0.506676495,0.485614091,-1.31927478,-0.422973603,1.74224842,-0.341519475
3326,3.326686,0.513813019,0.506410658,0.486186981,-1.26892078,-0.3877258,1.65664661,-0.341561675
3327,3.327681,0.513245642,0.506147325,0.486754328,-1.2286377,-0.3826904,1.61132813,-0.341632009
3328,3.328690,0.512518644,0.505809903,0.487481326,-1.17324817,-0.347442627,1.5206908,-0.341760933
3329,3.329673,0.511939347,0.505541086,0.488060683,-1.11282337,-0.327301025,1.44012439,-0.341831267
3330,3.330694,0.511354685,0.505269706,0.488645285,-1.05239868,-0.302124023,1.35452271,-0.341915667
3331,3.331677,0.510773718,0.505000114,0.489226282,-0.991973877,-0.276946992,1.2689209,-0.341986001
3332,3.332697,0.510170758,0.504720271,0.489829212,-0.936584413,-0.261840791,1.19842517,-0.342063367
3333,3.333681,0.50957936,0.504445791,0.49042061,-0.881195009,-0.241699189,1.12289417,-0.342206359
3334,3.334690,0.508831143,0.504098535,0.491168857,-0.835876405,-0.221557602,1.05743396,-0.342332959
3335,3.335795,0.508208752,0.50380969,0.491791219,-0.755309999,-0.1963806,0.951690614,-0.342438459
3336,3.336586,0.507756233,0.503599703,0.492243767,-0.704955995,-0.171203613,0.876159608,-0.34252286
3337,3.337693,0.506986439,0.503242433,0.493013561,-0.63949579,-0.156097397,0.795593202,-0.342729151
3338,3.338675,0.506366909,0.5029549,0.493633121,-0.594177186,-0.146026596,0.740203798,-0.342869818
3339,3.339697,0.505579233,0.502665877,0.494255751,-0.538787842,-0.120849594,0.659637451,-0.343038619
3340,3.340680,0.504957974,0.502301037,0.495042056,-0.463256806,-0.110778801,0.574035585,-0.343251944
3341,3.341688,0.504329681,0.502009392,0.495670289,-0.402832001,-0.105743401,0.51864624,-0.343479335
3342,3.342684,0.503699064,0.501716733,0.496300936,-0.347442627,-0.0856018066,0.433044434,-0.343734831
3343,3.343693,0.50306654,0.50142318,0.49693349,-0.292053193,-0.0755310059,0.367584199,-0.343952775
3344,3.344676,0.502431989,0.501128674,0.497568011,-0.261840791,-0.0654601976,0.327300996,-0.344316006
3345,3.345701,0.501638055,0.500760198,0.498361945,-0.236663789,-0.0553894006,0.292053193,-0.344740182
3346,3.346694,0.500997484,0.500462949,0.499002516,-0.1963806,-0.0453185998,0.241699204,-0.345005006
3347,3.347692,0.50036025,0.500167191,0.499639779,-0.171203613,-0.0251770001,0.206451401,-0.345583886
3348,3.348675,0.49972114,0.499870569,0.500278831,-0.161132813,-0.0100708008,0.176239014,-0.345860451
3349,3.349698,0.499081314,0.499573618,0.500918686,-0.146026596,-0.00503540039,0.151061997,-0.345841676
3350,3.350681,0.498440057,0.499276042,0.501559973,-0.115814202,0.0201416016,0.0956726,-0.346924484
3351,3.351690,0.497643173,0.498978794,0.502200425,-0.105743401,0.0201416016,0.0856017992,-0.347592503
3352,3.352672,0.496999383,0.498607397,0.502838433,-0.0805664063,0.0402832031,0.0402832031,-0.34771207
3353,3.353695,0.496368676,0.498314708,0.503631353,-0.0503540002,0.0503540002,0.0100707971,-0.348124534
3354,3.354679,0.495724916,0.49801594,0.504275084,-0.0302123986,0.0805664063,-0.0402832031,-0.348909706
3355,3.355693,0.49508813,0.497720391,0.5049119,0.0201416016,0.0956726,-0.115814202,-0.349472255
3356,3.356704,0.494457155,0.497427553,0.505542874,0.0453185998,0.115814202,-0.161132798,-0.349955112
3357,3.357700,0.493665934,0.497129112,0.506185889,0.0704956055,0.151062012,-0.221557617,-0.350543439
3358,3.358697,0.493029743,0.496765107,0.506970286,0.125884995,0.181274399,-0.307159394,-0.351049721
3359,3.359680,0.492406875,0.496476024,0.507593095,0.166168213,0.1963806,-0.362548828,-0.351373196
3360,3.360689,0.491761535,0.496176511,0.508238494,0.1863098,0.241699189,-0.428008974,-0.351984918
3361,3.361685,0.491151214,0.49589327,0.508848786,0.221557602,0.271911591,-0.493469179,-0.352622449
3362,3.362693,0.490530849,0.49560535,0.509469151,0.241699189,0.302124023,-0.543823242,-0.353344321
3363,3.363676,0.48991397,0.495319068,0.51008606,0.25680539,0.342407227,-0.599212646,-0.35423255
3364,3.364699,0.489139408,0.494959593,0.510860622,0.271911591,0.367584199,-0.63949579,-0.355308294
3365,3.365685,0.488557756,0.494689643,0.511442244,0.281982422,0.397796571,-0.679778993,-0.355823934
3366,3.366693,0.487935632,0.494400918,0.512064397,0.297088593,0.407867402,-0.704955995,-0.357187986
3367,3.367676,0.487336069,0.494122654,0.512663901,0.302124023,0.422973603,-0.725097656,-0.358165354
3368,3.368698,0.486741245,0.493846595,0.513258755,0.281982422,0.428009033,-0.709991455,-0.359777808
3369,3.369696,0.486004919,0.49357295,0.513848424,0.246734604,0.422973603,-0.669708192,-0.361491114
3370,3.370679,0.485410362,0.493228912,0.514444292,0.226593003,0.407867402,-0.63446039,-0.362810642
3371,3.371688,0.484844536,0.492966324,0.515155435,0.1913452,0.357513398,-0.548858583,-0.362888038
3372,3.372684,0.484273076,0.492701113,0.515726924,0.1963806,0.241699189,-0.438079774,-0.366225541
3373,3.373692,0.483707756,0.492438734,0.516292214,0.231628403,0.110778801,-0.342407197,-0.369443536
3374,3.374674,0.483148903,0.492179394,0.516851127,0.307159424,-0.0251770001,-0.281982422,-0.37159276
3375,3.375697,0.482473701,0.491923153,0.517403245,0.3826904,-0.0956726,-0.287017792,-0.376488835
3376,3.376682,0.481901914,0.491600662,0.518098116,0.51864624,-0.1913452,-0.327301025,-0.379746616
3377,3.377690,0.481365323,0.491351604,0.518634677,0.77041626,-0.292053193,-0.412902802,-0.382594258
3378,3.378685,0.480836123,0.491106033,0.519163907,1.03225708,-0.428009033,-0.604248047,-0.3863208
3379,3.379692,0.480330318,0.490871251,0.519669652,1.30416858,-0.543823183,-0.760345399,-0.389348954
3380,3.380689,0.479801357,0.490625769,0.520198584,1.58615112,-0.624389589,-0.961761534,-0.392459124
3381,3.381685,0.479279757,0.490383685,0.520720243,1.85806262,-0.654602051,-1.20346057,-0.396415383
3382,3.382694,0.478676796,0.490103871,0.521323204,2.09472632,-0.649566591,-1.44515967,-0.399007559
3383,3.383676,0.478173763,0.489870429,0.521826267,2.26089454,-0.599212646,-1.66168189,-0.401084095
3384,3.384698,0.477732062,0.489665419,0.522267938,2.38174438,-0.392761201,-1.98898315,-0.40535906
3385,3.385684,0.47722894,0.489431918,0.522771001,2.42202735,-0.1963806,-2.22564673,-0.40775907
3386,3.386693,0.47677058,0.489219189,0.52322942,2.42202735,-0.0553894006,-2.36663795,-0.409823924
3387,3.387675,0.476359576,0.489028454,0.523640454,2.42706275,0.0805664063,-2.50762916,-0.411293477
3388,3.388697,0.475813717,0.488775104,0.524186254,2.32131934,0.226593003,-2.54791236,-0.41275838
3389,3.389679,0.475388438,0.488577724,0.524611533,2.24075317,0.407867402,-2.67379737,-0.413363099
3390,3.390693,0.474933863,0.488366753,0.525066137,2.19543433,0.579071045,-2.77450538,-0.413466275
3391,3.391690,0.474529088,0.488178909,0.525470912,2.13500953,0.674743593,-2.80975318,-0.413454592
3392,3.392685,0.474155515,0.488005519,0.525844455,2.11990333,0.750274599,-2.87017798,-0.413388968
3393,3.393696,0.473699898,0.487818301,0.526247919,2.14004493,0.805664003,-2.94570899,-0.412878066
3394,3.394678,0.473310411,0.48761332,0.526577413,2.16522217,0.835876405,-3.00109863,-0.412507743
3395,3.395690,0.472953349,0.487447619,0.52704668,2.21054053,0.850982606,-3.071594,-0.412006199
3396,3.396673,0.472607911,0.487287283,0.527392089,2.25082374,0.850982606,-3.08669996,-0.411544502
3397,3.397694,0.472274363,0.48713249,0.527725637,2.29614234,0.876159668,-3.17230201,-0.411310136
3398,3.398676,0.47188586,0.486952186,0.52811414,2.29614234,0.89630121,-3.19244361,-0.410979688
3399,3.399697,0.471568108,0.486829281,0.528379023,2.32131934,0.911407411,-3.23272681,-0.410593003
3400,3.400708,0.471251428,0.486657739,0.528748572,2.36160278,0.921478152,-3.28308105,-0.410290688
3401,3.401696,0.470970035,0.486527145,0.529029965,2.39685059,0.921478152,-3.31832886,-0.409915715
3402,3.402693,0.470724583,0.48641324,0.529275417,2.44216919,0.90133667,-3.34350586,-0.409636825
3403,3.403675,0.470445544,0.48628372,0.529554427,2.47741675,0.906372011,-3.38378882,-0.409386069
3404,3.404696,0.470226496,0.486182064,0.529773533,2.51769996,0.876159668,-3.39385962,-0.409236103
3405,3.405682,0.469949454,0.486053497,0.530050576,2.55798316,0.861053407,-3.41903663,-0.409114271
3406,3.406691,0.469705224,0.485940129,0.530294716,2.59826636,0.856018066,-3.45428443,-0.408947796
3407,3.407686,0.469530106,0.485858887,0.530469894,2.64358497,0.845947206,-3.47946167,-0.408952445
3408,3.408690,0.469295859,0.485750169,0.530704141,2.68386817,0.835876405,-3.51974463,-0.408940703
3409,3.409688,0.46912384,0.485670328,0.53087616,2.69393921,0.820770144,-3.51470947,-0.408964127
3410,3.410684,0.469014883,0.485619754,0.530985117,2.71408057,0.820770144,-3.5348506,-0.408935994
3411,3.411709,0.468787611,0.485514283,0.531153738,2.73422217,0.820770144,-3.5549922,-0.408987552
3412,3.412696,0.468685985,0.485467106,0.531314015,2.74932837,0.830841005,-3.58016944,-0.408987552
3413,3.413692,0.468573749,0.485415041,0.531426251,2.76443458,0.830841005,-3.58520484,-0.408987552
3414,3.414676,0.468450725,0.48535791,0.531549215,2.76443458,0.850982606,-3.62045264,-0.409125835
3415,3.415700,0.46836707,0.485319108,0.53163296,2.75939941,0.856018066,-3.61541748,-0.409153968
3416,3.416683,0.468272656,0.485275298,0.531727314,2.76946998,0.856018066,-3.62548804,-0.40925476
3417,3.417692,0.46825707,0.485273331,0.531731546,2.76443458,0.881195009,-3.64562964,-0.409266502
3418,3.418677,0.468195409,0.485239446,0.531721234,2.77450538,0.886230409,-3.66073585,-0.409257144
3419,3.419698,0.468224138,0.485252768,0.531775832,2.76946998,0.89126581,-3.66577125,-0.409285277
3420,3.420682,0.468191892,0.485237807,0.531808138,2.77954102,0.89630121,-3.68591309,-0.409299344
3421,3.421692,0.468199551,0.485241354,0.531800449,2.76946998,0.886230409,-3.65570045,-0.409299344
3422,3.422704,0.46819675,0.485240072,0.53180325,2.76946998,0.89126581,-3.66073585,-0.409299344
3423,3.423693,0.468296081,0.48526907,0.531740725,2.76443458,0.89630121,-3.66073585,-0.409299344
3424,3.424690,0.468326718,0.485300392,0.531673312,2.74932837,0.89126581,-3.64059424,-0.409299344
3425,3.425677,0.468397319,0.485333145,0.531602681,2.76443458,0.881195009,-3.64562964,-0.409299344
3426,3.426700,0.468507767,0.485384405,0.531492233,2.74932837,0.881195009,-3.63052344,-0.409299344
3427,3.427683,0.468533039,0.485396117,0.531466901,2.73925781,0.876159668,-3.61541748,-0.409299344
3428,3.428691,0.468698174,0.485472798,0.531301856,2.73925781,0.871124148,-3.61038208,-0.409299344
3429,3.429674,0.468828112,0.485533088,0.531171918,2.70904541,0.856018066,-3.56506348,-0.409299344
3430,3.430697,0.46898666,0.48560667,0.53101337,2.71408057,0.861053407,-3.57513404,-0.409299344
3431,3.431681,0.46912542,0.485671043,0.53087455,2.69393921,0.845947206,-3.53988647,-0.409299344
3432,3.432689,0.469352305,0.485776335,0.530647635,2.66876221,0.840911746,-3.50967407,-0.409299344
3433,3.433702,0.469520658,0.485854506,0.530479372,2.64358497,0.830841005,-3.47442603,-0.409299344
3434,3.434696,0.469727933,0.485950679,0.530272067,2.63854957,0.820770144,-3.45931959,-0.409299344
3435,3.435696,0.470031321,0.486064732,0.530026317,2.60833716,0.825805664,-3.43414283,-0.409299344
3436,3.436679,0.470271111,0.486202776,0.529790163,2.578125,0.815734804,-3.39385986,-0.409299344
3437,3.437688,0.470525235,0.486320704,0.529474735,2.55798316,0.805664003,-3.36364722,-0.409299344
3438,3.438683,0.470793664,0.486445278,0.529206276,2.53784156,0.800628603,-3.34854102,-0.409299344
3439,3.439691,0.471099287,0.486587137,0.528900743,2.51769996,0.790557802,-3.30825782,-0.409299344
3440,3.440673,0.471373081,0.486714214,0.528626978,2.47741675,0.775451601,-3.25286841,-0.409299344
3441,3.441694,0.471763641,0.486858398,0.528316259,2.46231055,0.7653808,-3.22769141,-0.409299344
3442,3.442678,0.472135931,0.487068236,0.528013885,2.41195655,0.760345399,-3.17230201,-0.409299344
3443,3.443687,0.472433507,0.48720637,0.527566552,2.38174438,0.740203857,-3.12194824,-0.409299344
3444,3.444777,0.47278887,0.487371296,0.527211189,2.35153174,0.735168397,-3.0867002,-0.409299344
3445,3.445684,0.473157704,0.48754245,0.526842356,2.33139038,0.740203857,-3.07159424,-0.409299344
3446,3.446692,0.473518759,0.487709999,0.526481211,2.28607154,0.709991395,-2.99606299,-0.409299344
3447,3.447676,0.473976433,0.4879224,0.526023507,2.24075317,0.684814453,-2.92556763,-0.409299344
3448,3.448696,0.474447548,0.48814106,0.525552452,2.20046997,0.679778993,-2.88024902,-0.409299344
3449,3.449679,0.474891812,0.488347262,0.525108218,2.16522217,0.649566591,-2.81478882,-0.409299344
3450,3.450687,0.475328326,0.488549829,0.524671674,2.13500953,0.659637392,-2.79464698,-0.409299344
3451,3.451684,0.475777328,0.488758206,0.524222672,2.06451416,0.614318848,-2.67883301,-0.409299344
3452,3.452692,0.476219714,0.488963515,0.523780227,2.03933716,0.604248047,-2.64358521,-0.409299344
3453,3.453675,0.476730227,0.489200443,0.523269713,1.98898315,0.614318848,-2.603302,-0.409299344
3454,3.454697,0.477301985,0.489465803,0.522697985,1.92855835,0.574035585,-2.50259399,-0.409299344
3455,3.455724,0.477819562,0.48970601,0.522180438,1.87820435,0.558929443,-2.43713379,-0.409299344
3456,3.456682,0.478347659,0.489951104,0.521652281,1.83792114,0.543823183,-2.38677979,-0.409299344
3457,3.457691,0.478835732,0.490177631,0.521164298,1.77246082,0.523681581,-2.29614234,-0.409299344
3458,3.458673,0.479385495,0.490432769,0.520614505,1.72714221,0.503539979,-2.23068213,-0.409299344
3459,3.459695,0.480066627,0.490685076,0.52007097,1.67678833,0.483398378,-2.16018677,-0.409299344
3460,3.460847,0.480623126,0.491007149,0.519376874,1.60629261,0.468292207,-2.07458472,-0.409299344
3461,3.461589,0.481032193,0.49119702,0.518967807,1.5710448,0.453186005,-2.02423072,-0.409299344
3462,3.462696,0.481780767,0.491544425,0.518219233,1.49551392,0.428009033,-1.92352295,-0.409299344
3463,3.463678,0.482366353,0.491816193,0.517633617,1.44515979,0.402832001,-1.84799182,-0.409299344
3464,3.464687,0.482947797,0.492086053,0.517052233,1.39480579,0.3826904,-1.77749622,-0.409240752
3465,3.465687,0.483539104,0.492360473,0.516460896,1.3293457,0.372619599,-1.70196533,-0.409118861
3466,3.466764,0.484332353,0.492728621,0.515667617,1.2538147,0.332336426,-1.59622192,-0.409083694
3467,3.467593,0.484798908,0.492945164,0.515201151,1.20346069,0.317230195,-1.52069092,-0.409062594
3468,3.468676,0.485586822,0.493310839,0.514413238,1.12792969,0.297088593,-1.46026611,-0.409107119
3469,3.469698,0.486225754,0.493607342,0.513774216,1.06750476,0.271911591,-1.33941638,-0.409107119
3470,3.470680,0.486872286,0.493907392,0.513127685,1.01211548,0.25176999,-1.2638855,-0.409048527
3471,3.471689,0.487526,0.494210809,0.51247406,0.956726015,0.226593003,-1.18331897,-0.409013361
3472,3.472685,0.488352627,0.494594425,0.511822879,0.89126581,0.211486802,-1.10275257,-0.408985227
3473,3.473694,0.489021242,0.494904727,0.510978758,0.790557802,0.1913452,-1.00707996,-0.408957094
3474,3.474677,0.48968789,0.495214134,0.51031208,0.745239198,0.166168213,-0.916442811,-0.408987552
3475,3.475702,0.490369052,0.495530248,0.509630919,0.664672852,0.140991211,-0.805664063,-0.408914894
3476,3.476685,0.491055608,0.495848894,0.508944392,0.599212646,0.115814202,-0.715026855,-0.40888676
3477,3.477691,0.491753876,0.496172965,0.508246124,0.543823183,0.0956726,-0.63949579,-0.408851594
3478,3.478689,0.492624521,0.496577024,0.507375479,0.478363007,0.0805664063,-0.558929443,-0.408757836
3479,3.479684,0.493320584,0.496900082,0.506679416,0.397796571,0.0704956055,-0.468292177,-0.408701569
3480,3.480692,0.49403137,0.497229964,0.50596869,0.312194794,0.0302123986,-0.342407197,-0.40871796
3481,3.481676,0.494744658,0.497560978,0.505255342,0.246734604,0.0201416016,-0.266876221,-0.408748418
3482,3.482698,0.495452732,0.497889608,0.504547238,0.1913452,-0.00503540039,-0.1863098,-0.40867576
3483,3.483681,0.496171206,0.498223066,0.503828824,0.125884995,-0.0251770001,-0.100707993,-0.408647627
3484,3.484689,0.497065783,0.498638213,0.502934217,0.0755310059,-0.0302123986,-0.0453186072,-0.40861246
3485,3.485688,0.497786313,0.498972625,0.502213657,-0.00503540039,-0.0402832031,0.0453186035,-0.408518702
3486,3.486697,0.498510927,0.499308914,0.501489103,-0.0251770001,-0.0654601976,0.0906371996,-0.408462435
3487,3.487710,0.499232203,0.499643654,0.500767767,-0.0453185998,-0.0654601976,0.110778794,-0.408478826
3488,3.488697,0.499956727,0.499979913,0.500043273,-0.0704956055,-0.0805664063,0.151062012,-0.408450693
3489,3.489693,0.500682056,0.50031656,0.499317974,-0.0906371996,-0.0906371996,0.181274399,-0.408495218
3490,3.490677,0.501588821,0.500737369,0.498593569,-0.120849594,-0.0956726,0.216522187,-0.408436626
3491,3.491698,0.502312243,0.501073122,0.497687757,-0.166168213,-0.115814202,0.271911591,-0.408408493
3492,3.492681,0.503036201,0.501409113,0.496963799,-0.1913452,-0.130920395,0.312194794,-0.408380359
3493,3.493692,0.503765166,0.501747429,0.496234804,-0.25176999,-0.140991211,0.392761201,-0.408352226
3494,3.494675,0.504484415,0.502081215,0.495515585,-0.317230195,-0.166168213,0.483398408,-0.408382684
3495,3.495699,0.505384505,0.502415538,0.494795203,-0.3826904,-0.156097397,0.538787782,-0.408302993
3496,3.496683,0.506097257,0.502829731,0.494081765,-0.443115205,-0.161132813,0.604248047,-0.408274859
3497,3.497692,0.506822526,0.503166318,0.493177444,-0.50857538,-0.171203613,0.679778993,-0.408246726
3498,3.498795,0.50752902,0.503494203,0.49247098,-0.599212646,-0.201416001,0.800628662,-0.408152968
3499,3.499587,0.5082376,0.503823102,0.491932839,-0.649566591,-0.216522202,0.866088808,-0.408096701
3500,3.500695,0.508942306,0.504150152,0.491057724,-0.735168397,-0.246734604,0.981903017,-0.408113092
3501,3.501677,0.509642661,0.504475176,0.49035731,-0.810699403,-0.25680539,1.06750476,-0.408084959
3502,3.502688,0.510511875,0.504878581,0.489488125,-0.876159668,-0.281982422,1.15814209,-0.408129483
3503,3.503683,0.511210442,0.50520277,0.488789529,-0.941619813,-0.297088593,1.23870838,-0.408129483
3504,3.504691,0.511885762,0.505516231,0.488114268,-1.02218616,-0.327301025,1.34948719,-0.408049792
3505,3.505677,0.512564182,0.505831063,0.487435818,-1.08764637,-0.342407227,1.43005359,-0.408021659
3506,3.506698,0.513246894,0.506147921,0.486753136,-1.15310657,-0.362548798,1.5156554,-0.407993525
3507,3.507680,0.513890982,0.506446838,0.486109018,-1.22360218,-0.392761201,1.61636341,-0.407906801
3508,3.508688,0.51474762,0.506844401,0.48525238,-1.29409778,-0.407867402,1.70196521,-0.407895058
3509,3.509716,0.515373707,0.507134974,0.484626293,-1.37466419,-0.422973603,1.77749622,-0.407794267
3510,3.510679,0.51601547,0.507432818,0.48398453,-1.44012439,-0.433044404,1.85302722,-0.407679409
3511,3.511688,0.516648948,0.507726789,0.483351022,-1.51062,-0.443115205,1.95373523,-0.407536417
3512,3.512683,0.517273903,0.508016825,0.482726067,-1.5811156,-0.453186005,2.03430152,-0.407430917
3513,3.513689,0.517890155,0.508302867,0.482109874,-1.64154029,-0.468292207,2.10983253,-0.407210559
3514,3.514698,0.518662035,0.508661091,0.481337935,-1.70700061,-0.458221376,2.16522193,-0.406997234
3515,3.515685,0.519242108,0.508930266,0.480757892,-1.77749634,-0.468292207,2.24578857,-0.406762809
3516,3.516693,0.519826949,0.509201705,0.480173022,-1.87316883,-0.468292207,2.34146094,-0.40650028
3517,3.517676,0.520401418,0.509468317,0.479598552,-1.93862903,-0.458221376,2.39685035,-0.406181574
3518,3.518696,0.520948648,0.509722292,0.479051381,-2.00408936,-0.448150605,2.45223999,-0.405869901
3519,3.519680,0.521517873,0.50998646,0.478482097,-2.07458496,-0.433044404,2.50762939,-0.405785561
3520,3.520691,0.522175193,0.510291517,0.477824807,-2.14508057,-0.407867402,2.552948,-0.405771434
3521,3.521678,0.522737503,0.510552526,0.477262497,-2.21054053,-0.3877258,2.59826636,-0.404355794
3522,3.522700,0.52323401,0.510782957,0.47676599,-2.29614234,-0.342407227,2.63854957,-0.403462857
3523,3.523682,0.523736119,0.511015952,0.476263881,-2.34146094,-0.287017792,2.62847877,-0.402600378
3524,3.524691,0.524264038,0.511260986,0.475735962,-2.39181495,-0.25680539,2.64862037,-0.402351946
3525,3.525676,0.524721622,0.511473358,0.475278378,-2.45727539,-0.206451416,2.66372681,-0.400849581
3526,3.526699,0.525278747,0.511731923,0.474721253,-2.47238135,-0.171203613,2.64358497,-0.399136335
3527,3.527682,0.525745213,0.511948407,0.474254787,-2.48245239,-0.115814202,2.5982666,-0.397626966
3528,3.528690,0.526177585,0.512149036,0.473822415,-2.45727539,-0.0100708008,2.46734619,-0.396473795
3529,3.529673,0.526574731,0.512333393,0.473425269,-2.34649634,0.0604247972,2.28607154,-0.394469887
3530,3.530695,0.526978076,0.512520552,0.473021895,-2.16522217,0.171203613,1.99401855,-0.392142534
3531,3.531776,0.527461469,0.512744904,0.472538531,-1.8429563,0.201416001,1.64154029,-0.387687057
3532,3.532593,0.527762234,0.512884498,0.472237736,-1.40991199,0.135955796,1.27395618,-0.386981606
3533,3.533687,0.528230488,0.513101816,0.471769512,-0.961761415,-0.0302123986,0.991973817,-0.378794938
3534,3.534683,0.528524637,0.513238311,0.471475363,-0.488433838,-0.523681581,0.976867676,-0.374754339
3535,3.535694,0.52889359,0.513409555,0.47110644,-0.166168213,-1.13296497,1.29913318,-0.366832465
3536,3.536677,0.529178023,0.513541579,0.470822006,-0.0402832031,-1.78756702,1.82785022,-0.360530168
3537,3.537699,0.529515922,0.513676703,0.470530897,-0.0856018066,-2.36160278,2.44720459,-0.355071574
3538,3.538682,0.529786289,0.513823867,0.47025618,-0.397796571,-2.66372657,3.0615232,-0.347988814
3539,3.539691,0.530039966,0.513941586,0.469960004,-0.921478152,-2.70401001,3.62548828,-0.346624762
3540,3.540675,0.530300915,0.514062703,0.469699115,-1.62643433,-2.38677955,3.95782423,-0.339469284
3541,3.541697,0.530545115,0.514176011,0.469454825,-2.09472632,-1.99905372,4.09378004,-0.33562085
3542,3.542695,0.530748129,0.514270246,0.469251841,-2.43209815,-1.61636329,4.04846144,-0.335133344
3543,3.543693,0.530884743,0.514333665,0.469115287,-2.66372657,-1.2840271,3.94775367,-0.332932562
3544,3.544676,0.531116486,0.514441192,0.468898088,-2.82485938,-1.07757568,3.90243506,-0.333108395
3545,3.545702,0.531287253,0.514520466,0.468712777,-2.95578003,-0.941619813,3.85711646,-0.33343178
3546,3.546685,0.531390548,0.514568388,0.468609452,-3.0162046,-0.835876405,3.85208106,-0.334298909
3547,3.547694,0.531500816,0.514619589,0.468499243,-3.0564878,-0.820770144,3.87725782,-0.335180134
3548,3.548678,0.531542957,0.514639139,0.468457043,-3.0615232,-0.810699403,3.87222266,-0.335960597
3549,3.549687,0.531692266,0.5147084,0.468307704,-3.04641724,-0.850982606,3.8973999,-0.336443454
3550,3.550682,0.531784654,0.514751315,0.468276948,-3.0262754,-0.89630121,3.92257667,-0.337416083
3551,3.551691,0.531817794,0.514766693,0.468182206,-3.0313108,-0.916442752,3.94775343,-0.33776769
3552,3.552705,0.531807303,0.514761806,0.468192697,-2.99102783,-0.961761415,3.95278931,-0.338063031
3553,3.553698,0.531803608,0.514760077,0.468196362,-2.97088599,-0.986938417,3.95782447,-0.338208348
3554,3.554695,0.531756341,0.514738202,0.468243688,-2.97088599,-1.00204468,3.97293067,-0.33824113
3555,3.555682,0.531741023,0.51473105,0.468258977,-2.94570899,-1.01715076,3.96285963,-0.338358372
3556,3.556691,0.531689465,0.514707148,0.468310565,-2.94067359,-1.01715076,3.95782423,-0.338344365
3557,3.557675,0.531607211,0.514668941,0.468392789,-2.96081543,-0.986938417,3.94775391,-0.338414699
3558,3.558696,0.531481385,0.514610529,0.468518585,-2.96081543,-0.966796756,3.9276123,-0.338499099
3559,3.559679,0.531362236,0.514555275,0.468637764,-2.95578003,-0.956726015,3.9125061,-0.338635057
3560,3.560687,0.531224668,0.514491439,0.468775362,-2.95578003,-0.941619813,3.8973999,-0.338813215
3561,3.561684,0.531068623,0.514419019,0.468931377,-2.95074439,-0.931549013,3.88229346,-0.339012474
3562,3.562693,0.530798852,0.51429379,0.469201148,-2.91549659,-0.921478152,3.83697462,-0.339303166
3563,3.563797,0.530601859,0.514202356,0.469398141,-2.90039039,-0.916442752,3.81683302,-0.339565694
3564,3.564592,0.530435026,0.51412493,0.469485164,-2.87521338,-0.926513612,3.80172706,-0.339725047
3565,3.565696,0.530225456,0.514027715,0.469774574,-2.84500098,-0.931549013,3.77655005,-0.339921981
3566,3.566679,0.529949784,0.513899744,0.470050216,-2.79968238,-0.931549013,3.73123145,-0.34005329
3567,3.567688,0.529680192,0.513774633,0.470319778,-2.77450538,-0.951690674,3.72619605,-0.340163499
3568,3.568684,0.529341638,0.513617516,0.470607102,-2.73422217,-0.951690674,3.68591285,-0.340280741
3569,3.569693,0.529031992,0.513473809,0.470968038,-2.69393921,-0.961761415,3.65570068,-0.340320617
3570,3.570675,0.528681993,0.513311386,0.471318036,-2.63854957,-0.941619813,3.60534668,-0.340325326
3571,3.571695,0.528315246,0.513141155,0.471684754,-2.60833716,-0.941619813,3.54995704,-0.340301901
3572,3.572678,0.527954102,0.512973547,0.472045898,-2.5680542,-0.931549013,3.49960327,-0.340330034
3573,3.573687,0.527576029,0.512798071,0.472423971,-2.527771,-0.931549013,3.45932007,-0.340330034
3574,3.574690,0.527101338,0.512577772,0.472818881,-2.48748779,-0.906372011,3.39385986,-0.340330034
3575,3.575678,0.526664257,0.512374938,0.473335743,-2.46734595,-0.881195009,3.34854102,-0.340330034
3576,3.576698,0.526253164,0.512184143,0.473746836,-2.42202735,-0.866088808,3.28811622,-0.340330034
3577,3.577682,0.525784373,0.511966586,0.474215657,-2.38174438,-0.840911746,3.22265625,-0.340330034
3578,3.578691,0.52532047,0.511751294,0.474679559,-2.32635498,-0.825805664,3.15216064,-0.340330034
3579,3.579685,0.52486062,0.51153785,0.47513938,-2.27096558,-0.790557802,3.06152344,-0.340330034
3580,3.580694,0.524239182,0.511249423,0.475760818,-2.24075317,-0.790557802,3.03131104,-0.340330034
3581,3.581678,0.523687482,0.510993421,0.476312548,-2.18032813,-0.750274599,2.93060279,-0.340330034
3582,3.582686,0.523196161,0.510765374,0.476803809,-2.15515137,-0.740203857,2.90039039,-0.340330034
3583,3.583681,0.522652805,0.510513186,0.477347165,-2.08969092,-0.720062196,2.80975318,-0.340330034
3584,3.584690,0.522077739,0.510246336,0.477922261,-2.03933716,-0.699920595,2.73925781,-0.340330034
3585,3.585697,0.52134496,0.509906232,0.47851032,-1.98898315,-0.664672852,2.65365601,-0.340388626
3586,3.586685,0.520757556,0.509633601,0.479094267,-1.93359351,-0.649566591,2.58316016,-0.340416759
3587,3.587694,0.520173132,0.5093624,0.479826868,-1.89331031,-0.63949579,2.53280616,-0.340444893
3588,3.588677,0.519559383,0.509077549,0.480440617,-1.82281482,-0.604248047,2.43713355,-0.340552717
3589,3.589699,0.518933117,0.508786917,0.481066912,-1.75231934,-0.584106386,2.33642578,-0.340550393
3590,3.590681,0.51829493,0.508490682,0.48170507,-1.69189441,-0.558929443,2.25082397,-0.34060666
3591,3.591690,0.517644882,0.508189023,0.482355118,-1.64154029,-0.533752382,2.17529273,-0.340721518
3592,3.592672,0.516803145,0.507882059,0.483016491,-1.5760802,-0.50857538,2.08465552,-0.340768427
3593,3.593694,0.516141415,0.507491231,0.483858556,-1.50558472,-0.478363007,1.98394775,-0.340897352
3594,3.594676,0.51546824,0.507178843,0.48453173,-1.43005359,-0.458221376,1.89331043,-0.340967685
3595,3.595699,0.514748693,0.506844878,0.485251307,-1.35955799,-0.428009033,1.78756702,-0.341052085
3596,3.596690,0.51403296,0.506512702,0.48596701,-1.29913318,-0.402832001,1.70196521,-0.341136485
3597,3.597675,0.51335144,0.506196439,0.486648589,-1.23870838,-0.367584199,1.60629261,-0.341293544
3598,3.598697,0.512425601,0.505766749,0.487574369,-1.16317749,-0.342407227,1.50558472,-0.341427177
3599,3.599680,0.511701882,0.505430877,0.488298148,-1.11282337,-0.312194794,1.42501819,-0.341525644
3600,3.600688,0.5109604,0.50508672,0.4890396,-1.01715076,-0.276946992,1.3293457,-0.341631144
3601,3.601684,0.510211468,0.504739165,0.489788532,-0.946655154,-0.246734604,1.19338977,-0.341736645
3602,3.602693,0.509448111,0.504384875,0.490551889,-0.886230409,-0.221557602,1.10778797,-0.341842145
3603,3.603675,0.508693337,0.504034579,0.491306633,-0.810699403,-0.1963806,1.00707996,-0.341954678
3604,3.604696,0.507719874,0.503582776,0.492280096,-0.750274599,-0.181274399,0.931549013,-0.342175037
3605,3.605684,0.506951451,0.503226161,0.493048519,-0.659637392,-0.166168213,0.825805604,-0.342381328
3606,3.606693,0.506181777,0.50286895,0.493818194,-0.584106386,-0.120849594,0.704955995,-0.342543095
3607,3.607725,0.505387962,0.502500534,0.494612038,-0.503539979,-0.110778801,0.614318788,-0.342711896
3608,3.608681,0.504600108,0.502134919,0.495399892,-0.438079834,-0.0956726,0.533752441,-0.342960387
3609,3.609690,0.503808677,0.501767635,0.496191353,-0.377654999,-0.0856018066,0.463256806,-0.343236923
3610,3.610674,0.502817512,0.501397848,0.496988088,-0.322265625,-0.0755310059,0.397796631,-0.343635321
3611,3.611695,0.502017856,0.500936508,0.497982174,-0.261840791,-0.0453185998,0.307159394,-0.343968093
3612,3.612678,0.501219571,0.500566006,0.498780459,-0.216522202,-0.0352478027,0.271911621,-0.344256341
3613,3.613686,0.500418305,0.500194132,0.499581724,-0.1863098,-0.0151061993,0.201416001,-0.344863355
3614,3.614682,0.499616355,0.499821961,0.500383675,-0.161132813,0.0100708008,0.151062012,-0.345357895
3615,3.615694,0.498814464,0.49944979,0.501185536,-0.146026596,0.0201416016,0.125884995,-0.345737606
3616,3.616698,0.497814149,0.498985529,0.502185822,-0.115814202,0.0402832031,0.0755309984,-0.346496969
3617,3.617696,0.497011781,0.498613179,0.502988219,-0.0856018066,0.0553894006,0.0302124061,-0.34698686
3618,3.618771,0.496212393,0.49824217,0.503787577,-0.0704956055,0.0755310059,-0.00503540039,-0.347554058
3619,3.619587,0.495414764,0.497871995,0.504386008,-0.0453185998,0.105743401,-0.060424801,-0.348072082
3620,3.620694,0.494619578,0.497502923,0.505380392,0.0201416016,0.140991211,-0.161132813,-0.348463506
3621,3.621677,0.493822426,0.497132987,0.506177604,0.0553894006,0.161132813,-0.216522217,-0.349222869
3622,3.622700,0.492841721,0.496677846,0.507158339,0.105743401,0.211486802,-0.317230195,-0.349961162
3623,3.623682,0.49205786,0.496314049,0.50794214,0.156097397,0.241699189,-0.397796571,-0.35054478
3624,3.624691,0.49127847,0.495952338,0.50872153,0.206451416,0.276946992,-0.483398378,-0.351083845
3625,3.625679,0.490489155,0.495586008,0.509510815,0.246734604,0.317230195,-0.563964784,-0.351878345
3626,3.626689,0.489735484,0.495236218,0.510264516,0.271911591,0.352477998,-0.624389589,-0.352618933
3627,3.627684,0.488972962,0.494882315,0.511026978,0.297088593,0.402832001,-0.699920595,-0.353336096
3628,3.628692,0.488019645,0.4944399,0.511980355,0.322265625,0.433044404,-0.755310059,-0.3543486
3629,3.629690,0.487282097,0.49409762,0.512717962,0.332336426,0.458221376,-0.790557802,-0.355654091
3630,3.630688,0.486542881,0.493754536,0.513457119,0.352477998,0.493469208,-0.825805664,-0.357001722
3631,3.631683,0.485800743,0.49341011,0.514199257,0.347442627,0.51361078,-0.861053407,-0.358178258
3632,3.632692,0.485089749,0.493080139,0.514910281,0.337371796,0.51361078,-0.850982547,-0.359664202
3633,3.633677,0.484376848,0.492749274,0.515623152,0.302124023,0.493469208,-0.795593262,-0.361361086
3634,3.634686,0.483486354,0.492336005,0.516339242,0.271911591,0.453186005,-0.725097597,-0.36377278
3635,3.635685,0.482781768,0.492008984,0.517218232,0.246734604,0.397796571,-0.64453119,-0.365471989
3636,3.636694,0.482129484,0.491706282,0.517870545,0.281982422,0.216522202,-0.498504639,-0.367954046
3637,3.637676,0.481446564,0.491389334,0.518553436,0.367584199,0.0453185998,-0.412902802,-0.370782971
3638,3.638696,0.480804861,0.49109149,0.519195139,0.428009033,-0.0755310059,-0.352478027,-0.374387681
3639,3.639774,0.479985595,0.490711272,0.520014405,0.574035585,-0.1963806,-0.37765497,-0.377893925
3640,3.640681,0.479373097,0.490427017,0.520471036,0.825805664,-0.322265625,-0.503540039,-0.381859541
3641,3.641692,0.478774846,0.490149379,0.521225154,1.14303577,-0.478363007,-0.664672732,-0.386158019
3642,3.642674,0.478139281,0.489854395,0.521860719,1.5559386,-0.63949579,-0.825805604,-0.389936119
3643,3.643695,0.477551401,0.489581555,0.522448599,1.89331031,-0.735168397,-1.15814185,-0.394000173
3644,3.644678,0.476959884,0.489307046,0.523040116,2.21557593,-0.745239198,-1.47033668,-0.394911885
3645,3.645690,0.476438552,0.489065111,0.523561478,2.47741675,-0.694885254,-1.7825315,-0.399086088
3646,3.646685,0.475743532,0.48874253,0.524123192,2.60833716,-0.563964844,-2.04437232,-0.404929012
3647,3.647693,0.475220352,0.488499731,0.524779677,2.68386817,-0.317230195,-2.36663795,-0.407026708
3648,3.648677,0.474713385,0.488264441,0.525286615,2.70401001,-0.125884995,-2.578125,-0.409271985
3649,3.649698,0.474222958,0.488036841,0.525777042,2.67379737,0.0654601976,-2.73925757,-0.411714166
3650,3.650727,0.473707855,0.487797767,0.526292145,2.57308936,0.25176999,-2.82485938,-0.413207144
3651,3.651679,0.473272294,0.487595618,0.526727676,2.49252319,0.453186005,-2.94570923,-0.413938433
3652,3.652687,0.472726613,0.487342358,0.527166486,2.40188599,0.629424989,-3.03131104,-0.41418457
3653,3.653683,0.472332537,0.487159491,0.527667522,2.33642554,0.755309999,-3.0917356,-0.414065093
3654,3.654692,0.471912801,0.486964703,0.528087258,2.30621314,0.861053407,-3.14712477,-0.413814336
3655,3.655678,0.471578896,0.486809731,0.528421104,2.31124854,0.916442752,-3.22769117,-0.413305789
3656,3.656700,0.471196711,0.486632347,0.528803289,2.34146094,0.931549013,-3.27301002,-0.412851095
3657,3.657682,0.470856369,0.486474395,0.529143631,2.38174438,0.931549013,-3.31329346,-0.412844032
3658,3.658691,0.470458448,0.48628971,0.529487848,2.42202735,0.931549013,-3.35357642,-0.411878377
3659,3.659673,0.470138788,0.486141354,0.529861212,2.49252319,0.926513612,-3.41903687,-0.411271304
3660,3.660695,0.469862759,0.486013263,0.530137241,2.50259376,0.951690674,-3.45428443,-0.411006421
3661,3.661793,0.469618797,0.48589462,0.530392885,2.52273536,0.971832216,-3.49456763,-0.410697043
3662,3.662585,0.469396412,0.485796839,0.530603588,2.527771,0.991973877,-3.51974487,-0.41051659
3663,3.663691,0.46920681,0.485708833,0.53079319,2.57308936,0.986938417,-3.56002784,-0.410265833
3664,3.664673,0.468894958,0.485607922,0.531010687,2.60833716,0.986938417,-3.59527564,-0.409893215
3665,3.665698,0.468777806,0.485509723,0.531222165,2.63854957,0.976867676,-3.61541724,-0.4095909
3666,3.666681,0.468607724,0.485430807,0.531392276,2.66876221,0.951690674,-3.60534668,-0.409309685
3667,3.667689,0.468483955,0.485373348,0.531516075,2.69393921,0.931549013,-3.62548828,-0.409232378
3668,3.668685,0.468381822,0.485325962,0.531618178,2.72918677,0.90133667,-3.63052344,-0.409080029
3669,3.669699,0.468276292,0.485276967,0.531723678,2.73925781,0.89630121,-3.63555908,-0.408941686
3670,3.670697,0.468231857,0.485256344,0.531768084,2.75939941,0.886230409,-3.64562988,-0.408946335
3671,3.671679,0.468150288,0.485218495,0.531849742,2.78961158,0.871124148,-3.66073561,-0.408941627
3672,3.672698,0.468166679,0.485226095,0.531833291,2.78961158,0.861053407,-3.65066504,-0.408965051
3673,3.673695,0.468179882,0.485232234,0.531820118,2.78961158,0.850982606,-3.64059424,-0.408936918
3674,3.674679,0.468240499,0.485260367,0.531759501,2.79464722,0.856018066,-3.65066528,-0.408988476
3675,3.675690,0.468272775,0.485275328,0.531727195,2.77954102,0.856018066,-3.63555908,-0.408988476
3676,3.676675,0.468426138,0.485323995,0.531622291,2.78961158,0.840911746,-3.6305232,-0.409154892
3677,3.677696,0.468508452,0.485384732,0.531491578,2.75436378,0.856018066,-3.61038184,-0.409204125
3678,3.678679,0.468637943,0.485444814,0.531362057,2.73422217,0.861053407,-3.60534668,-0.409260392
3679,3.679690,0.468789518,0.485515177,0.531210482,2.71911597,0.856018066,-3.57513404,-0.409251034
3680,3.680685,0.468963146,0.485595763,0.531036854,2.70904541,0.861053407,-3.57009888,-0.409279168
3681,3.681694,0.469183147,0.485697836,0.530816793,2.69393921,0.861053407,-3.55499268,-0.409300268
3682,3.682706,0.469433874,0.485814214,0.530566156,2.66372657,0.850982606,-3.51470923,-0.409300268
3683,3.683693,0.469654351,0.485916525,0.530345619,2.62847877,0.845947206,-3.47442603,-0.409300268
3684,3.684691,0.469944656,0.486051261,0.530055344,2.60833716,0.835876405,-3.45428467,-0.409300268
3685,3.685678,0.470232248,0.486184746,0.529767752,2.578125,0.830841005,-3.40896606,-0.409300268
3686,3.686686,0.470517784,0.486317277,0.529482245,2.54791236,0.820770144,-3.36868238,-0.409300268
3687,3.687682,0.470848024,0.48647052,0.529151976,2.527771,0.800628603,-3.32839966,-0.409300268
3688,3.688691,0.471313149,0.486686379,0.528800786,2.49755836,0.790557802,-3.28811622,-0.409300268
3689,3.689675,0.471712351,0.48687166,0.528287649,2.46734595,0.77041626,-3.23776221,-0.409300268
3690,3.690695,0.472087145,0.487045586,0.527912855,2.41699219,0.755309999,-3.17230225,-0.409300268
3691,3.691680,0.472482741,0.487229198,0.527517259,2.37167335,0.740203857,-3.1118772,-0.409300268
3692,3.692690,0.472941905,0.487442285,0.527058065,2.35153174,0.720062196,-3.071594,-0.409300268
3693,3.693686,0.473516285,0.487664223,0.526579976,2.31628418,0.709991395,-3.02627563,-0.409300268
3694,3.694700,0.473976761,0.487922579,0.526023209,2.24578834,0.684814453,-2.93060279,-0.409300268
3695,3.695698,0.474497616,0.488164306,0.525502384,2.19039917,0.669708192,-2.86010742,-0.409300268
3696,3.696683,0.475036293,0.488414288,0.524963677,2.14004493,0.649566591,-2.81982398,-0.409300268
3697,3.697692,0.475553691,0.488654405,0.524446249,2.11990333,0.654602051,-2.77450538,-0.409300268
3698,3.698676,0.476108909,0.488912106,0.523891091,2.04437232,0.614318848,-2.65869117,-0.409300268
3699,3.699698,0.476681709,0.489177942,0.523318291,1.97891223,0.619354188,-2.59826636,-0.409300268
3700,3.700680,0.47742191,0.489451796,0.522728264,1.91848731,0.579071045,-2.49755836,-0.409300268
3701,3.701688,0.478050441,0.489813179,0.52194953,1.86813331,0.553893983,-2.42202735,-0.409300268
3702,3.702684,0.478677422,0.490104139,0.521322548,1.81274402,0.523681581,-2.36663818,-0.409300268
3703,3.703693,0.479320258,0.49040252,0.520679772,1.73721302,0.50857538,-2.24578834,-0.409300268
3704,3.704675,0.479946613,0.490693182,0.520053387,1.67678833,0.488433838,-2.16522217,-0.409300268
3705,3.705695,0.480636418,0.491013318,0.519363582,1.61636329,0.468292207,-2.08465552,-0.409300268
3706,3.706692,0.481513858,0.491420537,0.518645525,1.5307616,0.443115205,-1.97387683,-0.409300268
3707,3.707675,0.482205182,0.491741389,0.517794788,1.4904784,0.422973603,-1.91345203,-0.409300268
3708,3.708696,0.48293829,0.492081642,0.51706171,1.38977051,0.372619599,-1.79763782,-0.409300268
3709,3.709678,0.483657092,0.49241522,0.516342878,1.32431018,0.372619599,-1.69692981,-0.409300268
3710,3.710687,0.484426767,0.49277243,0.515573204,1.24877918,0.332336426,-1.5811156,-0.409300268
3711,3.711683,0.48515895,0.493112266,0.51484108,1.17828369,0.312194794,-1.49047852,-0.409176052
3712,3.712692,0.486121058,0.493558764,0.514072776,1.10778797,0.287017792,-1.39480579,-0.409140885
3713,3.713674,0.486913323,0.493926436,0.513086617,1.02218616,0.25176999,-1.27395618,-0.409112751
3714,3.714695,0.487714529,0.494298309,0.512285471,0.931549013,0.226593003,-1.18835449,-0.409084618
3715,3.715707,0.488496602,0.494661242,0.511503339,0.850982606,0.206451416,-1.05743408,-0.409115076
3716,3.716694,0.489324331,0.495045394,0.510675609,0.780487061,0.1863098,-0.966796875,-0.409028351
3717,3.717691,0.49012652,0.495417714,0.509873509,0.699920595,0.161132813,-0.861053407,-0.409000218
3718,3.718674,0.491168529,0.495808184,0.509032071,0.614318848,0.125884995,-0.740203857,-0.408965051
3719,3.719694,0.492010236,0.496291935,0.507989764,0.548858583,0.105743401,-0.654601991,-0.408871293
3720,3.720677,0.492851496,0.496682376,0.507148504,0.422973603,0.0704956055,-0.523681641,-0.408815026
3721,3.721690,0.493703514,0.497077793,0.506296456,0.362548798,0.0553894006,-0.417938203,-0.408838451
3722,3.722699,0.494555235,0.497473061,0.505444765,0.276946992,0.0151061993,-0.292053193,-0.408868909
3723,3.723682,0.495407909,0.497868806,0.504592061,0.1963806,0.00503540039,-0.201416001,-0.408782184
3724,3.724690,0.496484876,0.498368651,0.503730953,0.115814202,-0.0201416016,-0.0956726,-0.408747017
3725,3.725677,0.497349977,0.498770118,0.502650023,0.0553894006,-0.0402832031,-0.0151061974,-0.408718884
3726,3.726701,0.498216301,0.499172181,0.501783729,-0.0151061993,-0.0604247972,0.0755309984,-0.408749342
3727,3.727695,0.499086648,0.499576092,0.500913322,-0.0352478027,-0.0755310059,0.110778809,-0.408662617
3728,3.728690,0.499958307,0.499980658,0.500041664,-0.0755310059,-0.0755310059,0.151062012,-0.408634484
3729,3.729674,0.500829935,0.500385165,0.499170065,-0.110778801,-0.0906371996,0.201416001,-0.40860635
3730,3.730695,0.50191921,0.500890732,0.498295933,-0.140991211,-0.100708,0.241699219,-0.408498526
3731,3.731677,0.502789617,0.501294672,0.497210354,-0.176238999,-0.125884995,0.302123994,-0.40850085
3732,3.732699,0.503664553,0.501700759,0.496335477,-0.231628403,-0.130920395,0.362548798,-0.408472717
3733,3.733682,0.504521906,0.50209862,0.495478064,-0.312194794,-0.146026596,0.458221376,-0.408503175
3734,3.734690,0.505389452,0.502501249,0.494610518,-0.392761201,-0.151062012,0.543823242,-0.40843755
3735,3.735676,0.506249905,0.5029006,0.493750095,-0.473327577,-0.171203613,0.64453119,-0.408409417
3736,3.736699,0.507313609,0.503394246,0.492686331,-0.548858583,-0.1863098,0.735168397,-0.40837425
3737,3.737709,0.508169591,0.503791511,0.491830409,-0.649566591,-0.211486802,0.840911806,-0.408346117
3738,3.738696,0.50901413,0.504183471,0.4909859,-0.730133057,-0.246734604,0.941619813,-0.408376575
3739,3.739694,0.509852171,0.504572392,0.490147799,-0.815734804,-0.261840791,1.07757556,-0.40831095
3740,3.740677,0.510683417,0.504958212,0.489316612,-0.89630121,-0.287017792,1.18331897,-0.408282816
3741,3.741688,0.511506915,0.505340397,0.488493085,-0.971832216,-0.317230195,1.28906238,-0.408254683
3742,3.742683,0.512544453,0.505821884,0.487668037,-1.05239868,-0.347442627,1.39984131,-0.408219516
3743,3.743692,0.513339162,0.506190717,0.486660838,-1.13296497,-0.372619599,1.5055846,-0.408257008
3744,3.744676,0.514111757,0.506549299,0.485888243,-1.23367298,-0.397796571,1.61132789,-0.408257008
3745,3.745700,0.514930606,0.506929338,0.485069394,-1.31927478,-0.417938203,1.73721302,-0.408257008
3746,3.746683,0.515692353,0.507282853,0.484307677,-1.38977051,-0.443115205,1.83288574,-0.40818435
3747,3.747691,0.516441226,0.507630408,0.483558774,-1.46530139,-0.468292207,1.93359363,-0.408156216
3748,3.748676,0.517375648,0.508064032,0.482624322,-1.54083252,-0.478363007,2.01919556,-0.408034325
3749,3.749695,0.518094361,0.508397639,0.481905639,-1.62139881,-0.498504579,2.11990333,-0.407898366
3750,3.750692,0.518843174,0.508745134,0.481156796,-1.72210681,-0.503539979,2.21557593,-0.407734275
3751,3.751675,0.519533634,0.509065568,0.480466336,-1.80267334,-0.528717041,2.33139038,-0.40756315
3752,3.752696,0.520224273,0.509386122,0.479775697,-1.87316883,-0.528717041,2.40188599,-0.407349825
3753,3.753681,0.520932853,0.509714961,0.479067147,-1.94869983,-0.538787842,2.48748779,-0.407181025
3754,3.754690,0.521738768,0.51008898,0.478423715,-2.02423096,-0.533752382,2.5579834,-0.406810701
3755,3.755677,0.522395968,0.510394037,0.477604061,-2.10983276,-0.528717041,2.6385498,-0.406520128
3756,3.756699,0.522982359,0.510666132,0.477017641,-2.19543433,-0.51864624,2.71408057,-0.406208456
3757,3.757682,0.523605347,0.510955274,0.476394653,-2.27096558,-0.50857538,2.77954102,-0.406124115
3758,3.758691,0.524191976,0.511227548,0.475808054,-2.34649634,-0.483398378,2.82989478,-0.406145155
3759,3.759795,0.524879336,0.511546552,0.475120664,-2.42202735,-0.448150605,2.87017798,-0.404706091
3760,3.760585,0.525288939,0.511736631,0.474711061,-2.50762939,-0.407867402,2.91549683,-0.403986573
3761,3.761691,0.525988281,0.512061179,0.474011689,-2.5680542,-0.377654999,2.94570923,-0.403138161
3762,3.762676,0.526493013,0.512295485,0.473507017,-2.64358497,-0.317230195,2.94570899,-0.402261615
3763,3.763697,0.526934385,0.512500286,0.473065615,-2.66372657,-0.241699189,2.90542579,-0.401260853
3764,3.764679,0.527418554,0.512724996,0.472581446,-2.69897437,-0.1863098,2.88528419,-0.399910867
3765,3.765693,0.527837753,0.512919545,0.472162217,-2.70904541,-0.115814202,2.82485962,-0.398811638
3766,3.766675,0.5283584,0.513135016,0.471697986,-2.67379737,-0.0151061993,2.68890357,-0.396350712
3767,3.767695,0.52879566,0.513364136,0.47120437,-2.5428772,0.0805664063,2.46231079,-0.393641353
3768,3.768678,0.529165089,0.513535559,0.470834881,-2.25082374,0.166168213,2.16522217,-0.391342133
3769,3.769688,0.52951169,0.513696432,0.47048834,-1.85302722,0.221557602,1.63146961,-0.387149185
3770,3.770710,0.5297876,0.513824463,0.4702124,-1.31423938,0.100708,1.21353137,-0.382543653
3771,3.771684,0.530110657,0.513974428,0.469889373,-0.835876405,-0.206451416,1.04232788,-0.377089709
3772,3.772693,0.530427158,0.514121294,0.46961382,-0.3877258,-0.750274599,1.13800037,-0.370274037
3773,3.773821,0.530647993,0.514223754,0.469351977,-0.0604247972,-1.66168201,1.72210681,-0.36337167
3774,3.774588,0.530840218,0.514312983,0.469159812,0.0201416016,-2.19543433,2.17529273,-0.360191226
3775,3.775698,0.531089187,0.514428556,0.468910843,-0.297088593,-2.76946998,3.0665586,-0.350832641
3776,3.776680,0.531260431,0.514508009,0.468739569,-0.830841005,-2.87017822,3.70101929,-0.344736576
3777,3.777689,0.531431496,0.514587402,0.468568474,-1.46026611,-2.67379737,4.13406372,-0.34362331
3778,3.778684,0.531604052,0.514666915,0.4683972,-1.99401832,-2.28103638,4.27505493,-0.336172521
3779,3.779693,0.531693459,0.514708996,0.468306541,-2.40692139,-1.82281482,4.22973633,-0.333484262
3780,3.780675,0.531757355,0.514738619,0.468242645,-2.72415137,-1.44515979,4.12902784,-0.332340539
3781,3.781773,0.531770408,0.514744699,0.468229622,-2.87521338,-1.11785889,3.99307227,-0.332270265
3782,3.782589,0.531782866,0.514750481,0.468217134,-2.97088599,-0.966796756,3.93768263,-0.332474172
3783,3.783696,0.531820118,0.514767766,0.468179882,-3.0564878,-0.840911746,3.89739943,-0.333524168
3784,3.784679,0.531716764,0.514737904,0.468244255,-3.0665586,-0.825805664,3.89236426,-0.334705353
3785,3.785690,0.531670511,0.514698327,0.468329459,-3.0766294,-0.800628603,3.87725806,-0.335593641
3786,3.786674,0.531548262,0.514641583,0.468451738,-3.0564878,-0.795593143,3.85711622,-0.336446732
3787,3.787694,0.531475246,0.514607728,0.468524754,-3.0262754,-0.861053407,3.88732886,-0.336941272
3788,3.788677,0.531276584,0.514515519,0.468723416,-2.99102783,-0.89126581,3.8822937,-0.337435782
3789,3.789699,0.531126857,0.51444602,0.468873084,-2.94570899,-0.921478152,3.86718702,-0.337801456
3790,3.790682,0.530872822,0.514341831,0.469097704,-2.91046143,-0.946655154,3.8571167,-0.338035852
3791,3.791691,0.530665278,0.514231801,0.469334722,-2.87017822,-0.966796756,3.8369751,-0.338176459
3792,3.792689,0.530383646,0.514101088,0.469616324,-2.83996558,-0.956726015,3.79669142,-0.338218659
3793,3.793698,0.530077398,0.513958991,0.469922602,-2.81478858,-0.951690674,3.76647925,-0.338242143
3794,3.794681,0.529770315,0.513816476,0.470229685,-2.80471778,-0.926513612,3.73123145,-0.33834061
3795,3.795692,0.529485285,0.513684154,0.470514685,-2.77450538,-0.886230409,3.66073585,-0.338380486
3796,3.796675,0.528989315,0.513518572,0.470871568,-2.75939941,-0.871124148,3.63052368,-0.338558644
3797,3.797696,0.528648138,0.51329565,0.471351862,-2.71911597,-0.850982606,3.57009864,-0.338816494
3798,3.798678,0.528192222,0.513084054,0.471807808,-2.68890357,-0.835876405,3.51974463,-0.339064986
3799,3.799687,0.527736008,0.512872338,0.472264022,-2.63854957,-0.815734804,3.45428443,-0.339327514
3800,3.800683,0.527322233,0.512680292,0.472677767,-2.59826636,-0.800628603,3.39889503,-0.339552462
3801,3.801692,0.526841521,0.512457192,0.473158538,-2.55798316,-0.805664003,3.36364722,-0.339756399
3802,3.802783,0.526208639,0.51216346,0.473791361,-2.48748779,-0.785522401,3.27301025,-0.339971989
3803,3.803682,0.525677443,0.511916935,0.474322587,-2.43713355,-0.775451601,3.21258521,-0.340168923
3804,3.804694,0.525124431,0.511660278,0.474875569,-2.37167335,-0.775451601,3.15216041,-0.340300232
3805,3.805680,0.52456975,0.511402845,0.47543025,-2.28607154,-0.760345399,3.046417,-0.340410441
3806,3.806690,0.523954928,0.511117518,0.476045072,-2.22564673,-0.760345399,2.98599219,-0.340544075
3807,3.807672,0.523339272,0.510831773,0.476660699,-2.16018653,-0.745239198,2.90542579,-0.340539426
3808,3.808695,0.522505939,0.510445058,0.477314323,-2.09976196,-0.730133057,2.82989502,-0.340565234
3809,3.809678,0.521847129,0.510139287,0.478152901,-2.02423096,-0.709991395,2.73422241,-0.34054181
3810,3.810687,0.521169484,0.509824812,0.478830546,-1.95877051,-0.684814453,2.65869141,-0.340569943
3811,3.811683,0.520489872,0.509509385,0.479510158,-1.88827503,-0.659637392,2.54791236,-0.340598077
3812,3.812693,0.519775748,0.509177983,0.480224282,-1.81274402,-0.629424989,2.44216895,-0.34062621
3813,3.813716,0.518859029,0.508852661,0.480925232,-1.75231934,-0.604248047,2.35656738,-0.340661377
3814,3.814675,0.518107176,0.508491516,0.481703401,-1.67175281,-0.569000244,2.24075317,-0.34068951
3815,3.815700,0.517339528,0.508047283,0.482660472,-1.61636329,-0.553893983,2.17025733,-0.340696543
3816,3.816684,0.516569674,0.507690012,0.483430326,-1.5257262,-0.50857538,2.06954956,-0.340762168
3817,3.817694,0.515746593,0.507308006,0.484253377,-1.45523071,-0.463256806,1.91848755,-0.340790302
3818,3.818677,0.51493603,0.506931841,0.485064,-1.38473499,-0.433044404,1.81777942,-0.34088406
3819,3.819700,0.514134526,0.506559849,0.485865504,-1.3092041,-0.397796571,1.70700073,-0.340998918
3820,3.820683,0.513064682,0.506161273,0.486724317,-1.23367298,-0.367584199,1.60125721,-0.341111451
3821,3.821692,0.512223184,0.505672812,0.487776816,-1.15310657,-0.327301025,1.4804076,-0.341223985
3822,3.822676,0.511342406,0.505264044,0.488657594,-1.06246936,-0.297088593,1.37466431,-0.341329485
3823,3.823698,0.510478973,0.504863322,0.489521027,-0.991973877,-0.25176999,1.2437439,-0.341442019
3824,3.824722,0.509589493,0.5044505,0.490410507,-0.906372011,-0.216522202,1.12289417,-0.341620177
3825,3.825677,0.508706391,0.504040658,0.491293609,-0.830841005,-0.1913452,1.02218616,-0.341760844
3826,3.826691,0.50758791,0.503521562,0.492179841,-0.735168397,-0.166168213,0.90133661,-0.341929644
3827,3.827689,0.506674111,0.503097475,0.493325889,-0.649566591,-0.146026596,0.795593202,-0.342135936
3828,3.828684,0.505755603,0.502671182,0.494244397,-0.553893983,-0.115814202,0.694885254,-0.342370361
3829,3.829692,0.504840672,0.502246559,0.495159328,-0.478363007,-0.100708,0.579070985,-0.34250167
3830,3.830676,0.503916264,0.501817524,0.496083736,-0.397796571,-0.0856018066,0.483398378,-0.342815757
3831,3.831696,0.50298804,0.501386762,0.497011989,-0.312194794,-0.0704956055,0.3826904,-0.343171954
3832,3.832678,0.501823306,0.500954449,0.497943461,-0.266876191,-0.0453185998,0.312194794,-0.343661755
3833,3.833700,0.500889003,0.500412583,0.499110997,-0.221557602,-0.0251770001,0.246734604,-0.343882054
3834,3.834682,0.499953389,0.499978364,0.500046611,-0.176238999,-0.00503540039,0.1913452,-0.343886733
3835,3.835791,0.499017268,0.499543905,0.500982702,-0.146026596,0.0251770001,0.120849594,-0.344932079
3836,3.836584,0.498081267,0.499109507,0.501918733,-0.130920395,0.0402832031,0.0906371921,-0.345513314
3837,3.837691,0.497144252,0.498674631,0.502855718,-0.0956726,0.0553894006,0.0402831994,-0.346232802
3838,3.838673,0.495984048,0.498242736,0.503786385,-0.0654601976,0.0956726,-0.0302124023,-0.34696871
3839,3.839694,0.495051384,0.497703344,0.504948616,-0.0352478027,0.125884995,-0.0906371921,-0.347514778
3840,3.840678,0.494130373,0.497275889,0.505869627,0.0251770001,0.166168213,-0.176239014,-0.348098397
3841,3.841699,0.493204772,0.496846348,0.506795287,0.0906371996,0.211486802,-0.302123994,-0.348719537
3842,3.842682,0.492289066,0.496421367,0.507710993,0.151062012,0.246734604,-0.397796631,-0.349317193
3843,3.843690,0.491379619,0.495999277,0.508620381,0.201416001,0.281982422,-0.483398438,-0.350060135
3844,3.844673,0.490252674,0.495580375,0.509522915,0.25176999,0.337371796,-0.589141786,-0.350889772
3845,3.845697,0.489368528,0.495065928,0.510631502,0.302124023,0.3826904,-0.669708192,-0.351454586
3846,3.846691,0.488458067,0.49464339,0.511541963,0.332336426,0.433044404,-0.750274658,-0.352129549
3847,3.847686,0.487602234,0.494246185,0.512397766,0.362548798,0.483398378,-0.845947146,-0.35337171
3848,3.848682,0.486728013,0.493840456,0.513271987,0.372619599,0.51864624,-0.891265869,-0.354349047
3849,3.849690,0.485863686,0.493439317,0.514136314,0.3826904,0.558929443,-0.941619873,-0.355663866
3850,3.850673,0.484837413,0.493054092,0.514966369,0.3877258,0.579071045,-0.966796875,-0.356500596
3851,3.851695,0.48398748,0.492568552,0.51601249,0.3826904,0.594177186,-0.976867557,-0.358574808
3852,3.852677,0.483215421,0.492210239,0.516784549,0.342407227,0.589141846,-0.951690674,-0.360482603
3853,3.853697,0.482405722,0.491834491,0.517594337,0.322265625,0.543823183,-0.866088808,-0.362587303
3854,3.854681,0.481639087,0.491478682,0.518360913,0.292053193,0.453186005,-0.745239198,-0.365120858
3855,3.855693,0.480844051,0.491109699,0.519155979,0.297088593,0.307159424,-0.604248047,-0.367443562
3856,3.856705,0.479926109,0.490683675,0.519889355,0.362548798,0.100708,-0.463256806,-0.37077409
3857,3.857690,0.47919926,0.490346342,0.520800769,0.468292207,-0.0604247972,-0.407867402,-0.374158442
3858,3.858687,0.478490502,0.490017414,0.521509528,0.689849854,-0.216522202,-0.407867372,-0.377118587
3859,3.859682,0.477800637,0.489697218,0.522199333,1.01715076,-0.407867402,-0.609283328,-0.377144337
3860,3.860691,0.477130234,0.489386111,0.522869766,1.36459339,-0.589141846,-0.775451541,-0.384747446
3861,3.861674,0.476442665,0.489067018,0.523557365,1.77246082,-0.750274599,-1.02218628,-0.391286552
3862,3.862694,0.475696385,0.488720655,0.524149537,2.16522217,-0.810699403,-1.35452271,-0.396302223
3863,3.863678,0.475073963,0.488431782,0.524926007,2.50762939,-0.77041626,-1.73721313,-0.399564683
3864,3.864687,0.474472612,0.488152683,0.525527358,2.78961158,-0.720062196,-2.02423096,-0.4005678
3865,3.865687,0.473872334,0.487874091,0.526127636,2.87521338,-0.428009033,-2.44720435,-0.405787319
3866,3.866696,0.473378271,0.487644821,0.526621759,2.88024879,-0.176238999,-2.70400977,-0.408845872
3867,3.867709,0.472888023,0.487417281,0.527111948,2.88528442,0.0251770001,-2.91046143,-0.411977142
3868,3.868691,0.472261012,0.487126291,0.527620971,2.80471778,0.176238999,-2.98095679,-0.413205296
3869,3.869688,0.471782088,0.486904025,0.528217912,2.67883277,0.433044404,-3.1118772,-0.413852155
3870,3.870683,0.471396118,0.486724913,0.528603911,2.52273536,0.63949579,-3.20755005,-0.41455999
3871,3.871695,0.470968097,0.486526251,0.529031932,2.46231055,0.825805664,-3.28811622,-0.41449675
3872,3.872678,0.470565557,0.48633942,0.529434443,2.43209815,0.926513612,-3.35861182,-0.414231956
3873,3.873687,0.470260084,0.48619765,0.529739916,2.43209815,0.981903017,-3.41400123,-0.41371873
3874,3.874683,0.469857723,0.486046672,0.530065179,2.43209815,1.00707996,-3.43917799,-0.412835151
3875,3.875696,0.469542474,0.485864609,0.530457556,2.48748779,1.00707996,-3.49456787,-0.412190646
3876,3.876678,0.469254434,0.485730916,0.530745506,2.54791236,0.976867676,-3.52478004,-0.411560148
3877,3.877687,0.469018698,0.485621542,0.530981362,2.59826636,0.971832216,-3.57009864,-0.411309332
3878,3.878803,0.468788594,0.48551476,0.531211436,2.6335144,0.956726015,-3.59024048,-0.410920262
3879,3.879582,0.468657166,0.485453725,0.531342804,2.64358497,0.941619813,-3.58520484,-0.410777301
3880,3.880688,0.468449086,0.485357165,0.531550884,2.65869141,0.971832216,-3.63052368,-0.410615623
3881,3.881691,0.468335152,0.485304296,0.531664848,2.66372657,0.981903017,-3.64562964,-0.410463274
3882,3.882688,0.468275547,0.48527661,0.531724393,2.67379737,0.997009158,-3.66577148,-0.41026634
3883,3.883684,0.468194872,0.485239178,0.531805098,2.67883277,0.997009158,-3.67584181,-0.409996808
3884,3.884693,0.46821931,0.485250533,0.53178072,2.70401001,0.981903017,-3.68591309,-0.409830451
3885,3.885679,0.468222678,0.485252082,0.531777322,2.70904541,0.971832216,-3.68087769,-0.409567922
3886,3.886688,0.468192577,0.485243917,0.531794906,2.72918677,0.941619813,-3.67080665,-0.409366339
3887,3.887684,0.468312919,0.485293984,0.531687081,2.73925781,0.926513612,-3.66577148,-0.40923506
3888,3.888693,0.468387097,0.485328406,0.531612873,2.74932837,0.89630121,-3.65066528,-0.409204543
3889,3.889718,0.468515962,0.485388219,0.531484067,2.74429321,0.881195009,-3.62548828,-0.409092009
3890,3.890680,0.468699157,0.485473245,0.531300902,2.73925781,0.861053407,-3.60031128,-0.409110725
3891,3.891689,0.468861878,0.485548735,0.531138122,2.71408057,0.845947206,-3.56002784,-0.40911305
3892,3.892685,0.469161958,0.485660791,0.530896723,2.69897437,0.825805664,-3.52478004,-0.409077883
3893,3.893694,0.46941492,0.485805422,0.53058511,2.69393921,0.830841005,-3.52478027,-0.409108341
3894,3.894677,0.469720721,0.485947341,0.530279279,2.64862037,0.815734804,-3.47946143,-0.409108341
3895,3.895689,0.46998319,0.486069143,0.53001678,2.62344337,0.800628603,-3.42407203,-0.409108341
3896,3.896685,0.470345765,0.486237437,0.529654264,2.59323096,0.790557802,-3.38378882,-0.409166932
3897,3.897693,0.470712543,0.486407638,0.529287457,2.56301856,0.790557802,-3.35357642,-0.409274757
3898,3.898675,0.471210092,0.486590803,0.528892875,2.52273536,0.77041626,-3.29315162,-0.409265399
3899,3.899697,0.471661478,0.486848056,0.528338552,2.48245239,0.7653808,-3.24783325,-0.409293532
3900,3.900724,0.472072691,0.487038881,0.527927279,2.41699219,0.760345399,-3.17733765,-0.409300566
3901,3.901680,0.472599238,0.48728326,0.527400732,2.38174438,0.740203857,-3.12194824,-0.409300566
3902,3.902690,0.473107666,0.487519234,0.526892364,2.31124854,0.745239198,-3.0564878,-0.409300566
3903,3.903672,0.473641843,0.48776713,0.526358187,2.27600098,0.715026796,-2.99102783,-0.409300566
3904,3.904694,0.474324793,0.488084078,0.525819123,2.22061133,0.684814453,-2.90542579,-0.409300566
3905,3.905680,0.474895805,0.48834911,0.525104225,2.16522217,0.669708192,-2.83493042,-0.409300566
3906,3.906688,0.475530982,0.488643885,0.524469018,2.10983276,0.664672852,-2.77954102,-0.409300566
3907,3.907684,0.476169825,0.488940388,0.523830175,2.03933716,0.619354188,-2.65869141,-0.409300566
3908,3.908693,0.476831734,0.48924759,0.523168325,1.96380603,0.589141846,-2.552948,-0.409300566
3909,3.909676,0.477498323,0.489556938,0.522501647,1.91345203,0.574035585,-2.48748755,-0.409300566
3910,3.910696,0.478402555,0.489976585,0.521777391,1.84799182,0.553893983,-2.40188575,-0.409300566
3911,3.911722,0.479135334,0.490316689,0.520864666,1.77246082,0.523681581,-2.30621314,-0.409300566
3912,3.912683,0.479872584,0.49065882,0.520127416,1.68182349,0.503539979,-2.21557617,-0.409300566
3913,3.913692,0.480646282,0.491017908,0.519353747,1.60629261,0.468292207,-2.07458472,-0.409300566
3914,3.914674,0.481468439,0.491399467,0.518531561,1.54083252,0.438079834,-1.97891235,-0.409300566
3915,3.915697,0.482264042,0.491768718,0.517735958,1.46026611,0.402832001,-1.86309814,-0.409300566
3916,3.916682,0.48330155,0.4921529,0.51690805,1.37969971,0.372619599,-1.75231934,-0.409300566
3917,3.917691,0.484162956,0.492650002,0.515837073,1.29409778,0.357513398,-1.65161121,-0.409300566
3918,3.918685,0.485026807,0.493050933,0.514973223,1.19338977,0.327301025,-1.53076172,-0.409300566
3919,3.919696,0.485905707,0.493458807,0.514094293,1.10778797,0.281982422,-1.38977039,-0.409300566
3920,3.920679,0.486809224,0.493878126,0.513190746,1.01715076,0.25176999,-1.26892078,-0.409300566
3921,3.921688,0.487714887,0.494298458,0.512285113,0.941619813,0.236663789,-1.17828357,-0.409162283
3922,3.922712,0.488864392,0.494831949,0.511135578,0.835876405,0.201416001,-1.03729236,-0.409127116
3923,3.923685,0.489804804,0.495268375,0.510195136,0.755309999,0.166168213,-0.921478212,-0.409098983
3924,3.924694,0.490732282,0.495698839,0.509267688,0.63949579,0.130920395,-0.795593262,-0.409070849
3925,3.925682,0.491692185,0.496144325,0.508307815,0.558929443,0.105743401,-0.664672852,-0.409028649
3926,3.926691,0.492641628,0.496584982,0.507358432,0.463256806,0.0805664063,-0.543823242,-0.408979416
3927,3.927674,0.493622273,0.497040093,0.506377757,0.362548798,0.0604247972,-0.422973603,-0.408951283
3928,3.928696,0.494838685,0.497604638,0.505402029,0.276946992,0.0251770001,-0.302123994,-0.408916116
3929,3.929678,0.49582231,0.498061121,0.50417769,0.176238999,0.0100708008,-0.1863098,-0.408887982
3930,3.930687,0.496815681,0.498522133,0.503184259,0.0856018066,-0.0201416016,-0.0906371996,-0.408859849
3931,3.931683,0.497804463,0.498981029,0.502195477,0.0151061993,-0.0503540002,0.0352478027,-0.408759058
3932,3.932697,0.49879849,0.499442369,0.50120151,-0.0302123986,-0.0553894006,0.0856017992,-0.408702791
3933,3.933721,0.500043333,0.499904513,0.500205815,-0.0654601976,-0.0704956055,0.135955811,-0.408712149
3934,3.934684,0.501039863,0.500366986,0.499209195,-0.105743401,-0.0906371996,0.1963806,-0.408742607
3935,3.935696,0.502035975,0.500944912,0.497964025,-0.135955796,-0.105743401,0.241699189,-0.408676982
3936,3.936679,0.503028393,0.501405478,0.496971607,-0.176238999,-0.120849594,0.302123994,-0.408648849
3937,3.937690,0.504023075,0.501867115,0.495976895,-0.25680539,-0.146026596,0.402831972,-0.408620715
3938,3.938685,0.505015969,0.502327919,0.494984001,-0.342407227,-0.146026596,0.488433838,-0.408592582
3939,3.939693,0.505996525,0.502783,0.494003505,-0.443115205,-0.171203613,0.614318848,-0.40862304
3940,3.940677,0.506981254,0.503239989,0.493018746,-0.533752382,-0.1863098,0.720062196,-0.408536315
3941,3.941686,0.508190513,0.503801227,0.491809458,-0.624389589,-0.211486802,0.835876405,-0.408508182
3942,3.942682,0.509153962,0.504248381,0.490846038,-0.730133057,-0.241699189,0.951690555,-0.408480048
3943,3.943690,0.510108888,0.504691541,0.489891112,-0.850982606,-0.287017792,1.13800037,-0.408451915
3944,3.944720,0.511063218,0.505134463,0.488936812,-0.921478152,-0.317230195,1.23870838,-0.408496439
3945,3.945680,0.511989236,0.505564213,0.488010734,-1.01211548,-0.332336426,1.3444519,-0.408496439
3946,3.946689,0.513162673,0.50599283,0.48708722,-1.10275269,-0.372619599,1.47537231,-0.408496439
3947,3.947684,0.514060795,0.506525636,0.485939205,-1.18835437,-0.392761201,1.5811156,-0.408496439
3948,3.948693,0.514944017,0.506935537,0.485055983,-1.30416858,-0.438079834,1.70196521,-0.408496439
3949,3.949677,0.515823841,0.507343888,0.484176159,-1.38473499,-0.468292207,1.85302722,-0.408496439
3950,3.950687,0.516688347,0.507745087,0.483311653,-1.485443,-0.483398378,1.96884131,-0.408423781
3951,3.951682,0.517536581,0.508138776,0.482463419,-1.5559386,-0.50857538,2.06451392,-0.408395648
3952,3.952693,0.518572688,0.508538008,0.481603146,-1.65161133,-0.533752382,2.18536377,-0.40828079
3953,3.953676,0.519396424,0.509001911,0.480603546,-1.7422483,-0.548858583,2.29110694,-0.408165932
3954,3.954697,0.52017045,0.509361148,0.47982955,-1.83792114,-0.574035585,2.39685059,-0.40802294
3955,3.955692,0.520956457,0.509725928,0.479043573,-1.91848731,-0.579071045,2.49755836,-0.407910407
3956,3.956676,0.521705747,0.510073662,0.478294224,-2.00408936,-0.589141846,2.5932312,-0.407725215
3957,3.957699,0.522451282,0.510419667,0.477548689,-2.08465552,-0.604248047,2.68890357,-0.407584548
3958,3.958681,0.523274779,0.510730267,0.476879388,-2.17025733,-0.599212646,2.76946998,-0.407263398
3959,3.959690,0.523988187,0.511132956,0.476011813,-2.24075317,-0.584106386,2.82485962,-0.406942278
3960,3.960673,0.52466023,0.511444867,0.47533977,-2.32635498,-0.594177186,2.92053223,-0.406747788
3961,3.961696,0.525268495,0.511727154,0.474731535,-2.41699219,-0.579071045,2.99606323,-0.406304866
3962,3.962678,0.525850296,0.511997163,0.474149704,-2.50762939,-0.558929443,3.06655884,-0.406272084
3963,3.963697,0.526447296,0.512274265,0.473552763,-2.5831604,-0.523681581,3.10684204,-0.405468136
3964,3.964681,0.527151644,0.512539268,0.472981632,-2.64862037,-0.493469208,3.14208961,-0.404544681
3965,3.965693,0.527667582,0.512840569,0.472332418,-2.72415137,-0.448150605,3.17230201,-0.403771251
3966,3.966696,0.528155565,0.513067067,0.471844465,-2.80975318,-0.377654999,3.18740821,-0.402732998
3967,3.967676,0.52856952,0.513259172,0.47143051,-2.86514282,-0.297088593,3.16223145,-0.401713461
3968,3.968697,0.529045105,0.513479888,0.470954925,-2.89535499,-0.231628403,3.1269834,-0.400485307
3969,3.969680,0.529399037,0.513644099,0.470600903,-2.91046143,-0.166168213,3.07662964,-0.399125963
3970,3.970689,0.529880524,0.513826847,0.470207334,-2.87521338,-0.0654601976,2.94067359,-0.396688491
3971,3.971684,0.530236721,0.5140329,0.469763339,-2.77954102,0.0553894006,2.72415161,-0.394942373
3972,3.972692,0.530513942,0.514161587,0.469486088,-2.50259376,0.151062012,2.41195655,-0.392047822
3973,3.973675,0.530783832,0.514286816,0.469216168,-2.08969092,0.241699189,1.8479917,-0.391534537
3974,3.974696,0.531022072,0.514397383,0.468977928,-1.5206908,0.140991211,1.37969959,-0.385206401
3975,3.975681,0.531203628,0.514481664,0.468796402,-0.976867676,-0.125884995,1.10275269,-0.381083786
3976,3.976690,0.531415939,0.514573872,0.468597561,-0.473327577,-0.669708192,1.14303577,-0.375320524
3977,3.977716,0.531574309,0.514653683,0.468425691,-0.110778801,-1.43508911,1.54586792,-0.367089301
3978,3.978679,0.531700253,0.514712155,0.468299776,0.0402832031,-2.21054053,2.17025733,-0.357946336
3979,3.979688,0.531768143,0.514743626,0.468231857,-0.25680539,-2.86010718,3.1169126,-0.351013571
3980,3.980683,0.531777859,0.514748156,0.468222171,-0.810699403,-2.96585059,3.77655005,-0.345123738
3981,3.981691,0.531830132,0.514772415,0.468169868,-1.45523071,-2.74429321,4.19952393,-0.340316743
3982,3.982676,0.531748176,0.514734387,0.468251824,-2.01919556,-2.30621314,4.32540894,-0.335064381
3983,3.983697,0.531687498,0.514706194,0.468312472,-2.39685059,-1.8328855,4.22973633,-0.333172977
3984,3.984679,0.531581461,0.514657021,0.468418568,-2.70401001,-1.45523071,4.12902832,-0.332059711
3985,3.985692,0.531442225,0.514592409,0.468557775,-2.86010718,-1.10778797,3.96789503,-0.331928492
3986,3.986674,0.531245172,0.514500916,0.468754798,-2.96081543,-0.89630121,3.8571167,-0.332350433
3987,3.987695,0.531015635,0.514394403,0.468984395,-2.99606323,-0.805664003,3.80172729,-0.333238721
3988,3.988724,0.530786812,0.514288187,0.469213158,-3.02124,-0.745239198,3.76647925,-0.334340304
3989,3.989679,0.530435503,0.514125168,0.469564527,-2.98599219,-0.745239198,3.73123145,-0.335505128
3990,3.990687,0.530148983,0.51399219,0.469850987,-2.93563819,-0.780487061,3.72619605,-0.336245716
3991,3.991684,0.529806495,0.513833225,0.470193475,-2.89535499,-0.785522401,3.68087745,-0.336648822
3992,3.992695,0.529432297,0.513659596,0.470567733,-2.81478858,-0.835876405,3.65066504,-0.337213695
3993,3.993692,0.529049814,0.513482034,0.470950156,-2.76443458,-0.835876405,3.60031104,-0.337673128
3994,3.994675,0.528567612,0.513258278,0.471432358,-2.69897437,-0.845947206,3.54492164,-0.337919265
3995,3.995700,0.528024077,0.513006032,0.471975923,-2.65365601,-0.866088808,3.51974487,-0.338029414
3996,3.996682,0.527497232,0.512761474,0.472502738,-2.5831604,-0.850982606,3.43414307,-0.338085651
3997,3.997691,0.526963234,0.512513697,0.473036766,-2.52273536,-0.845947206,3.36868262,-0.338116169
3998,3.998674,0.526421249,0.512262166,0.473578751,-2.48245239,-0.785522401,3.26797485,-0.338228703
3999,3.999711,0.525829375,0.511987448,0.474170625,-2.44216919,-0.760345399,3.20251465,-0.338327169
4000,4.000683,0.525010705,0.511690557,0.474810362,-2.39685059,-0.730133057,3.12698364,-0.338519394
4001,4.001692,0.524396718,0.511322558,0.475603312,-2.34146094,-0.664672852,3.00613379,-0.338791311
4002,4.002676,0.523697793,0.510998189,0.476302207,-2.29614234,-0.654602051,2.95074439,-0.339046836
4003,4.003697,0.523010731,0.510679305,0.476989269,-2.22061133,-0.629424989,2.85003638,-0.339199185
4004,4.004680,0.522279799,0.510340095,0.477720231,-2.15011597,-0.604248047,2.75436401,-0.339599937
4005,4.005691,0.521541715,0.509997547,0.478458226,-2.06954932,-0.594177186,2.66372657,-0.339881152
4006,4.006676,0.520729423,0.509620547,0.479270577,-2.00408936,-0.584106386,2.5881958,-0.340160012
4007,4.007697,0.519709289,0.509147108,0.480290711,-1.90338135,-0.548858583,2.45223999,-0.340413094
4008,4.008680,0.518882036,0.508763194,0.481118023,-1.80267334,-0.538787842,2.35656738,-0.340586483
4009,4.009691,0.518033803,0.508369505,0.481966168,-1.71203613,-0.50857538,2.22061157,-0.340804428
4010,4.010721,0.51716572,0.507966638,0.48283428,-1.63146961,-0.488433838,2.11990356,-0.340891182
4011,4.011684,0.516278625,0.507554948,0.483721405,-1.535797,-0.468292207,2.00408912,-0.341015458
4012,4.012693,0.515132427,0.507134795,0.484626591,-1.44515979,-0.438079834,1.88323963,-0.341270983
4013,4.013676,0.514217913,0.506598532,0.485782087,-1.34948719,-0.407867402,1.75735462,-0.341353059
4014,4.014699,0.513285995,0.506166041,0.486714005,-1.2437439,-0.372619599,1.65161133,-0.341428101
4015,4.015685,0.512327969,0.50572145,0.487672031,-1.14807117,-0.337371796,1.485443,-0.341526568
4016,4.016693,0.511355996,0.505270362,0.488644004,-1.06246936,-0.297088593,1.35955799,-0.341625035
4017,4.017676,0.510371029,0.504813194,0.489628971,-0.971832216,-0.25680539,1.22863758,-0.34166491
4018,4.018699,0.509123385,0.504234195,0.4906331,-0.881195009,-0.216522202,1.09771717,-0.341770411
4019,4.019682,0.508113384,0.503765464,0.491886646,-0.795593143,-0.1913452,0.986938357,-0.341875911
4020,4.020691,0.507093906,0.503292263,0.492906064,-0.664672852,-0.161132813,0.850982666,-0.342098594
4021,4.021720,0.506066263,0.502815366,0.493933767,-0.569000244,-0.125884995,0.694885254,-0.342218161
4022,4.022685,0.505027235,0.502333164,0.494972765,-0.478363007,-0.105743401,0.584106386,-0.342417419
4023,4.023695,0.503983915,0.501848936,0.496016085,-0.392761201,-0.0956726,0.488433808,-0.342658877
4024,4.024677,0.502944291,0.501366436,0.497055709,-0.307159424,-0.0805664063,0.38772583,-0.343043238
4025,4.025690,0.501631558,0.500757217,0.498368472,-0.25176999,-0.0503540002,0.302123994,-0.343347877
4026,4.026672,0.500578105,0.500268281,0.499421895,-0.1963806,-0.0201416016,0.216522202,-0.34368065
4027,4.027695,0.499524742,0.499779433,0.500475287,-0.176238999,0,0.176238999,-0.344207972
4028,4.028677,0.498471439,0.499290615,0.501528621,-0.130920395,0.0352478027,0.0956725925,-0.34425953
4029,4.029699,0.497417033,0.498801261,0.502583027,-0.115814202,0.0503540002,0.0654602051,-0.345262647
4030,4.030681,0.496369064,0.498314887,0.503630936,-0.0856018066,0.0956726,-0.0100707933,-0.345986903
4031,4.031690,0.495065331,0.497709811,0.504934669,-0.0302123986,0.140991211,-0.110778809,-0.346774369
4032,4.032720,0.494025499,0.497227222,0.505974472,0.0251770001,0.1963806,-0.221557602,-0.347334504
4033,4.033685,0.492991686,0.496747434,0.507008314,0.0906371996,0.231628403,-0.322265595,-0.348025858
4034,4.034693,0.491965055,0.496270955,0.508034945,0.161132813,0.276946992,-0.438079804,-0.348637551
4035,4.035681,0.490932375,0.495791703,0.509067655,0.226593003,0.322265625,-0.548858643,-0.349284381
4036,4.036690,0.489671052,0.495326489,0.510069907,0.281982422,0.377654999,-0.659637451,-0.349989802
4037,4.037686,0.488692105,0.49475199,0.511307895,0.332336426,0.417938203,-0.750274658,-0.350929618
4038,4.038695,0.487699121,0.494291157,0.512300909,0.372619599,0.473327577,-0.840911746,-0.351513207
4039,4.039677,0.486728311,0.493840605,0.513271749,0.392761201,0.533752382,-0.926513553,-0.351534337
4040,4.040698,0.485771686,0.49339661,0.514228284,0.428009033,0.579071045,-1.00708008,-0.353990555
4041,4.041681,0.484842509,0.4929654,0.515157521,0.422973603,0.63446039,-1.05743396,-0.355202258
4042,4.042690,0.483664244,0.492530614,0.516094327,0.417938203,0.659637392,-1.07757556,-0.355406195
4043,4.043717,0.482774466,0.492005587,0.517225504,0.417938203,0.659637392,-1.07757556,-0.35879758
4044,4.044678,0.481890678,0.491595447,0.518109322,0.3877258,0.649566591,-1.03729236,-0.359425753
4045,4.045690,0.48102659,0.491194427,0.51897341,0.342407227,0.594177186,-0.936584413,-0.362915605
4046,4.046672,0.480167717,0.490795791,0.519832253,0.327301025,0.478363007,-0.805664063,-0.365207821
4047,4.047694,0.47936213,0.490421921,0.52063781,0.352477998,0.287017792,-0.63949579,-0.36841172
4048,4.048676,0.478580594,0.490059227,0.521419406,0.458221376,0.0453185998,-0.503539979,-0.371439844
4049,4.049696,0.477581143,0.489595383,0.522418857,0.569000244,-0.125884995,-0.443115234,-0.373682827
4050,4.050680,0.476855099,0.489258438,0.52314496,0.820770144,-0.271911591,-0.548858523,-0.380378932
4051,4.051689,0.476137042,0.488925159,0.523862958,1.30416858,-0.523681581,-0.780487001,-0.384585947
4052,4.052692,0.475426018,0.488595158,0.524573922,1.71707129,-0.735168397,-0.981902897,-0.388000816
4053,4.053687,0.474761516,0.488286793,0.525238514,2.15515137,-0.861053407,-1.2940979,-0.392920375
4054,4.054715,0.473949939,0.487910122,0.526050031,2.55294776,-0.850982606,-1.70196509,-0.39659068
4055,4.055681,0.473391861,0.48765111,0.526608109,2.87521338,-0.795593143,-2.07962036,-0.400830507
4056,4.056690,0.472800851,0.487376839,0.527199149,3.0313108,-0.594177186,-2.44720435,-0.405639857
4057,4.057685,0.472239524,0.487116307,0.527760446,3.0413816,-0.221557602,-2.81982398,-0.408764124
4058,4.058694,0.471708685,0.486869961,0.528291345,3.0262754,-0.0100708008,-3.0162046,-0.411309451
4059,4.059678,0.471277595,0.486669898,0.528722405,2.95578003,0.166168213,-3.12194824,-0.41249305
4060,4.060686,0.470705181,0.486464083,0.529165864,2.81478858,0.438079834,-3.25286841,-0.414543837
4061,4.061681,0.47030285,0.486217499,0.52969712,2.65869141,0.664672852,-3.32336426,-0.414932877
4062,4.062690,0.469934314,0.486046463,0.530065656,2.5328064,0.835876405,-3.38882422,-0.414914191
4063,4.063675,0.469600022,0.485891312,0.530399978,2.50259376,0.981903017,-3.48449683,-0.414623618
4064,4.064696,0.469276011,0.48574096,0.530723989,2.48245239,1.05239868,-3.53485107,-0.414072871
4065,4.065724,0.468975365,0.485629529,0.530964017,2.50762939,1.06750476,-3.57513428,-0.412992448
4066,4.066684,0.468755245,0.485523254,0.531193018,2.5428772,1.04736316,-3.59024048,-0.412373692
4067,4.067696,0.468571037,0.48541379,0.531428993,2.59826636,1.04232776,-3.64059401,-0.411583811
4068,4.068679,0.468397796,0.485333383,0.531602263,2.62847877,1.00707996,-3.63555861,-0.411175936
4069,4.069688,0.468311131,0.48529315,0.531688869,2.69897437,0.946655154,-3.64562941,-0.410866529
4070,4.070685,0.468210667,0.485246509,0.531789303,2.70904541,0.941619813,-3.65066528,-0.410721213
4071,4.071694,0.468197376,0.48524034,0.531802595,2.71911597,0.961761415,-3.68087745,-0.41066733
4072,4.072677,0.468195677,0.485239565,0.531804323,2.70401001,0.976867676,-3.68087769,-0.410545409
4073,4.073698,0.468245357,0.485262632,0.531754673,2.69897437,0.997009158,-3.69598341,-0.410404742
4074,4.074682,0.468301386,0.48528862,0.531698585,2.67379737,0.986938417,-3.66073585,-0.41019845
4075,4.075695,0.468419552,0.485343486,0.531580508,2.68386817,0.971832216,-3.65570045,-0.41002965
4076,4.076699,0.468574494,0.485415369,0.531425476,2.67883277,0.951690674,-3.63052344,-0.409788191
4077,4.077674,0.468790948,0.485515833,0.531209052,2.66876221,0.926513612,-3.59527588,-0.40957725
4078,4.078695,0.469081551,0.485610157,0.53100574,2.67379737,0.906372011,-3.58016944,-0.409403741
4079,4.079679,0.469354808,0.485777527,0.530645192,2.65365601,0.881195009,-3.53485107,-0.409359157
4080,4.080688,0.469688058,0.485932171,0.530311942,2.6335144,0.861053407,-3.49456787,-0.40921849
4081,4.081683,0.469985008,0.486070007,0.530014992,2.60833716,0.840911746,-3.44924879,-0.409237206
4082,4.082692,0.470389009,0.486257493,0.529610991,2.58819556,0.810699403,-3.39889503,-0.409232497
4083,4.083676,0.470804095,0.486450136,0.529195905,2.54791236,0.785522401,-3.33343482,-0.409204364
4084,4.084697,0.471371353,0.486669362,0.528723598,2.51769996,0.7653808,-3.28308082,-0.409234822
4085,4.085683,0.471863359,0.486941755,0.528136671,2.47238135,0.750274599,-3.22265601,-0.409234822
4086,4.086694,0.472388685,0.487185538,0.527611315,2.40692139,0.740203857,-3.16223121,-0.409234822
4087,4.087695,0.472946823,0.48744458,0.527053118,2.37167335,0.709991395,-3.0816648,-0.409234822
4088,4.088678,0.473537117,0.487718523,0.526462853,2.29110718,0.699920595,-2.99102783,-0.409234822
4089,4.089688,0.474159032,0.488007158,0.525840938,2.23068237,0.679778993,-2.91046143,-0.409234822
4090,4.090683,0.474851668,0.488328606,0.525148273,2.16522217,0.654602051,-2.81982422,-0.409234822
4091,4.091692,0.475689262,0.488717347,0.524310768,2.11486816,0.654602051,-2.76947021,-0.409234822
4092,4.092677,0.476389438,0.489042282,0.523610532,2.03430152,0.614318848,-2.64862037,-0.409234822
4093,4.093697,0.477155447,0.489397794,0.522844553,1.94366443,0.584106386,-2.52777076,-0.409234822
4094,4.094679,0.477912664,0.489749223,0.522087336,1.88323963,0.563964844,-2.44720459,-0.409234822
4095,4.095692,0.478714705,0.490121454,0.521285295,1.79763782,0.528717041,-2.32635498,-0.409234822
4096,4.096674,0.479542464,0.490505636,0.520457566,1.72210681,0.51361078,-2.23571754,-0.409234822
4097,4.097695,0.480627388,0.491009146,0.519372642,1.63146961,0.483398378,-2.11486793,-0.409234822
4098,4.098698,0.481494129,0.491411388,0.518505871,1.5307616,0.443115205,-1.97387683,-0.409234822
4099,4.099677,0.482412815,0.49183777,0.517587185,1.45019519,0.417938203,-1.86813343,-0.409234822
4100,4.100700,0.483338356,0.492267311,0.516661644,1.34445179,0.3826904,-1.72714221,-0.409234822
4101,4.101682,0.484296769,0.49271211,0.515703261,1.2638855,0.342407227,-1.60629272,-0.409234822
4102,4.102691,0.485505193,0.493148834,0.514762104,1.16821277,0.317230195,-1.485443,-0.409234822
4103,4.103673,0.486492306,0.493731052,0.513777971,1.09268188,0.281982422,-1.37466431,-0.409234822
4104,4.104696,0.487496018,0.494196862,0.512503922,0.951690674,0.25176999,-1.23870838,-0.409234822
4105,4.105699,0.488515437,0.494670004,0.511484623,0.866088808,0.211486802,-1.07757556,-0.409169197
4106,4.106695,0.489549071,0.495149702,0.510450959,0.7653808,0.176238999,-0.941619813,-0.409141064
4107,4.107679,0.490595818,0.49563548,0.509404123,0.654602051,0.140991211,-0.795593262,-0.40911293
4108,4.108687,0.491914541,0.49612686,0.508345485,0.548858583,0.105743401,-0.654601991,-0.409077764
4109,4.109717,0.492992759,0.496747941,0.507007241,0.463256806,0.0805664063,-0.543823242,-0.409042597
4110,4.110681,0.494073451,0.497249454,0.50592649,0.347442627,0.0553894006,-0.402832031,-0.40898633
4111,4.111689,0.495158225,0.497752905,0.504841745,0.211486802,0.0151061993,-0.226593003,-0.408958197
4112,4.112685,0.496259987,0.498264253,0.503740013,0.130920395,-0.0151061993,-0.115814194,-0.408930063
4113,4.113694,0.497355133,0.498772502,0.502644837,0.0402832031,-0.0402832031,0,-0.40890193
4114,4.114677,0.498459905,0.499285251,0.501540124,-0.0151061993,-0.0553894006,0.070495598,-0.408873796
4115,4.115702,0.499844193,0.49992767,0.500155747,-0.0503540002,-0.0755310059,0.12588501,-0.40883863
4116,4.116684,0.500951767,0.50044173,0.499048263,-0.100708,-0.0856018066,0.186309814,-0.408810496
4117,4.117692,0.502060354,0.500956237,0.497939646,-0.146026596,-0.110778801,0.25680539,-0.40875423
4118,4.118675,0.503163755,0.501468301,0.496836215,-0.1863098,-0.125884995,0.312194794,-0.408719063
4119,4.119697,0.504265487,0.501979589,0.495734483,-0.276946992,-0.140991211,0.417938203,-0.408749521
4120,4.120721,0.505640447,0.502617717,0.494359523,-0.377654999,-0.161132813,0.538787842,-0.408742487
4121,4.121681,0.506720185,0.503118873,0.493279815,-0.483398378,-0.171203613,0.654601991,-0.408742487
4122,4.122690,0.507801116,0.503620505,0.492198884,-0.609283388,-0.1963806,0.7704162,-0.408669829
4123,4.123686,0.508887112,0.504124522,0.491112888,-0.704955995,-0.241699189,0.946655154,-0.408641696
4124,4.124695,0.509950459,0.504618049,0.490049571,-0.815734804,-0.271911591,1.08764637,-0.408613563
4125,4.125680,0.510993242,0.505101979,0.489006728,-0.916442752,-0.302124023,1.21856678,-0.408585429
4126,4.126689,0.512268901,0.505579293,0.487978339,-1.02218616,-0.347442627,1.36962879,-0.408622921
4127,4.127684,0.513329387,0.506186187,0.486670613,-1.11282337,-0.377654999,1.4904784,-0.408622921
4128,4.128694,0.514323533,0.506647587,0.485676467,-1.23367298,-0.412902832,1.61636353,-0.408622921
4129,4.129676,0.515298963,0.507100284,0.484701037,-1.3293457,-0.448150605,1.74728382,-0.408622921
4130,4.130697,0.516280413,0.507555783,0.483719617,-1.43508911,-0.483398378,1.91848755,-0.408622921
4131,4.131688,0.517230034,0.5079965,0.482769966,-1.5257262,-0.51361078,2.03933692,-0.408622921
4132,4.132682,0.518158734,0.508427501,0.481841266,-1.61132801,-0.543823183,2.15515113,-0.408622921
4133,4.133691,0.519288659,0.508951902,0.480711311,-1.70700061,-0.569000244,2.27600098,-0.408622921
4134,4.134674,0.520150304,0.50935179,0.479849696,-1.78756702,-0.589141846,2.37670898,-0.408543229
4135,4.135698,0.52098608,0.509739697,0.47901395,-1.90841663,-0.619354188,2.52777076,-0.40839088
4136,4.136683,0.521846712,0.510139108,0.478153288,-1.98898315,-0.63949579,2.628479,-0.408306479
4137,4.137692,0.522647381,0.510510683,0.477352589,-2.07962036,-0.649566591,2.72918701,-0.408163488
4138,4.138676,0.523438811,0.510877967,0.476561189,-2.16018653,-0.664672852,2.82485938,-0.408050954
4139,4.139698,0.524326324,0.511289895,0.475673676,-2.21557593,-0.649566591,2.86514258,-0.407779038
4140,4.140681,0.525052369,0.51162684,0.474947631,-2.31124854,-0.659637392,2.97088599,-0.407617271
4141,4.141690,0.525728047,0.51194042,0.474271923,-2.41699219,-0.684814453,3.10180664,-0.407382846
4142,4.142694,0.526372015,0.512239277,0.473627955,-2.50259376,-0.674743593,3.17733741,-0.407061756
4143,4.143681,0.526983261,0.512522995,0.473016769,-2.5831604,-0.654602051,3.23776245,-0.406736016
4144,4.144690,0.527678013,0.512791097,0.472439051,-2.65365601,-0.63949579,3.29315186,-0.40626964
4145,4.145678,0.528257191,0.513114214,0.471895635,-2.73422217,-0.609283388,3.34350562,-0.40573296
4146,4.146687,0.528734326,0.513335645,0.471265703,-2.81982398,-0.579071045,3.38882422,-0.405121237
4147,4.147682,0.529221177,0.513561606,0.470778853,-2.88528442,-0.51361078,3.39889526,-0.404352456
4148,4.148693,0.529648602,0.513759971,0.470351428,-2.96081543,-0.448150605,3.40896606,-0.403829843
4149,4.149676,0.529991269,0.513918996,0.470008761,-3.01116943,-0.372619599,3.38378906,-0.403072774
4150,4.150698,0.530473709,0.514104784,0.469608516,-3.04641724,-0.292053193,3.33847046,-0.400930583
4151,4.151681,0.530778527,0.514284372,0.469221503,-3.0665586,-0.221557602,3.28811622,-0.399341524
4152,4.152691,0.531019866,0.514396369,0.468980134,-3.02124,-0.115814202,3.15216064,-0.397794634
4153,4.153692,0.531271338,0.514513075,0.468728662,-2.92053223,0.0453185998,2.87521362,-0.395486087
4154,4.154681,0.531458676,0.514600039,0.468541324,-2.68386817,0.146026596,2.53784156,-0.392854065
4155,4.155694,0.531581104,0.514656842,0.468418896,-2.32635498,0.236663789,2.08969116,-0.389971226
4156,4.156677,0.531688511,0.514706731,0.468311548,-1.76239002,0.206451416,1.5559386,-0.385785282
4157,4.157700,0.531766057,0.514742672,0.468233913,-1.14303577,-0.0151061993,1.15814197,-0.379539192
4158,4.158701,0.531757534,0.514738739,0.468242496,-0.458221376,-0.498504579,1.10275269,-0.37250796
4159,4.159696,0.531733692,0.514727652,0.468266308,-0.0755310059,-1.4753722,1.5509032,-0.36654073
4160,4.160679,0.531694531,0.514709473,0.468305469,0.0856018066,-2.28103638,2.19543457,-0.359790742
4161,4.161688,0.531539559,0.51463753,0.468460411,-0.161132813,-2.79968238,2.96081519,-0.35428524
4162,4.162683,0.531394482,0.514570236,0.468605518,-0.63949579,-2.98095679,3.62045264,-0.348868877
4163,4.163691,0.531206012,0.514482737,0.468793958,-1.29409778,-2.79464722,4.08874512,-0.339285314
4164,4.164697,0.530994892,0.514384806,0.469005138,-1.97891223,-2.26592994,4.24987745,-0.336292326
4165,4.165688,0.530719042,0.514256775,0.469280928,-2.33139038,-1.79763782,4.12902832,-0.333076715
4166,4.166697,0.530403733,0.514110446,0.469596326,-2.5680542,-1.40991199,3.97796631,-0.331883758
4167,4.167680,0.530025184,0.513934731,0.469974816,-2.71911597,-1.10778797,3.82690382,-0.331647068
4168,4.168688,0.529527783,0.513763189,0.470344394,-2.80471778,-0.881195009,3.68591285,-0.332158029
4169,4.169684,0.529086709,0.5134992,0.470913291,-2.80471778,-0.775451601,3.58016944,-0.333090842
4170,4.170693,0.528607965,0.513276994,0.471392035,-2.79968238,-0.735168397,3.52478004,-0.333918184
4171,4.171676,0.528114319,0.513047874,0.471885651,-2.76443458,-0.669708192,3.46435547,-0.334897846
4172,4.172698,0.527539551,0.512781143,0.472460449,-2.70904541,-0.674743593,3.38378906,-0.335772038
4173,4.173680,0.526972592,0.512518048,0.473027438,-2.6133728,-0.689849854,3.30322266,-0.336498559
4174,4.174689,0.52632755,0.512218654,0.47367245,-2.5328064,-0.725097597,3.25790405,-0.336969644
4175,4.175694,0.525520027,0.51184392,0.474480033,-2.45223999,-0.715026796,3.16726685,-0.337307185
4176,4.176684,0.524799764,0.511509597,0.475200236,-2.37167335,-0.720062196,3.0917356,-0.337546259
4177,4.177693,0.524067163,0.511169612,0.475932807,-2.26592994,-0.725097597,2.99102759,-0.337635309
4178,4.178677,0.523321629,0.510823607,0.476678431,-2.17529273,-0.715026796,2.89031959,-0.337764174
4179,4.179698,0.522526026,0.510454357,0.477473944,-2.11990333,-0.679778993,2.79968238,-0.337836891
4180,4.180680,0.521666229,0.510055363,0.478333801,-2.05947876,-0.619354188,2.67883301,-0.3379049
4181,4.181691,0.520612359,0.509566247,0.479387641,-1.99401832,-0.579071045,2.57308936,-0.338045567
4182,4.182685,0.519740283,0.509161472,0.480259687,-1.92855835,-0.51864624,2.44720459,-0.33828935
4183,4.183694,0.518795729,0.50872314,0.481204271,-1.83792114,-0.463256806,2.30117798,-0.338523775
4184,4.184677,0.517885804,0.508300841,0.482114196,-1.75735462,-0.417938203,2.17529273,-0.338872969
4185,4.185701,0.516908646,0.507847309,0.483091354,-1.66671741,-0.392761201,2.05947852,-0.339198709
4186,4.186692,0.515673339,0.507274032,0.484076947,-1.5710448,-0.357513398,1.92855823,-0.33968851
4187,4.187684,0.51464951,0.506798863,0.485350519,-1.48040771,-0.312194794,1.79260254,-0.340033025
4188,4.188693,0.51361835,0.506320298,0.48638162,-1.36962891,-0.297088593,1.68182361,-0.340304881
4189,4.189675,0.512568712,0.505833149,0.487431258,-1.25884998,-0.261840791,1.560974,-0.340686888
4190,4.190698,0.511502206,0.505338192,0.488497794,-1.14807117,-0.231628403,1.37969959,-0.341024369
4191,4.191681,0.510419786,0.504835844,0.489580184,-1.04232776,-0.201416001,1.24374378,-0.341282159
4192,4.192689,0.509046853,0.504330337,0.490669459,-0.931549013,-0.181274399,1.11282337,-0.341668844
4193,4.193685,0.507934391,0.503682375,0.492065609,-0.815734804,-0.140991211,0.956726015,-0.341978192
4194,4.194694,0.506810784,0.503160894,0.493189245,-0.674743593,-0.125884995,0.835876405,-0.342207849
4195,4.195680,0.50567764,0.502635002,0.494322389,-0.569000244,-0.0956726,0.664672852,-0.342423439
4196,4.196689,0.504536331,0.502105296,0.495463639,-0.458221376,-0.0956726,0.553893983,-0.342617929
4197,4.197692,0.503388405,0.501572549,0.496611595,-0.367584199,-0.0755310059,0.443115205,-0.343046784
4198,4.198675,0.502235532,0.501037538,0.497764468,-0.276946992,-0.0553894006,0.332336396,-0.343349099
4199,4.199697,0.500788867,0.500366151,0.499211162,-0.226593003,-0.0201416016,0.246734604,-0.3438389
4200,4.200679,0.499630749,0.499828607,0.500369191,-0.1863098,0.0100708008,0.176238999,-0.344415456
4201,4.201688,0.498471797,0.499290764,0.501528203,-0.140991211,0.0251770001,0.115814209,-0.344799846
4202,4.202684,0.497312278,0.498752624,0.502687752,-0.0956726,0.0553894006,0.0402831994,-0.345383435
4203,4.203692,0.496159971,0.498217821,0.503840029,-0.0704956055,0.100708,-0.0302123949,-0.346072525
4204,4.204676,0.495010078,0.497684151,0.504989862,-0.0302123986,0.151062012,-0.120849609,-0.346700698
4205,4.205701,0.493581593,0.497021198,0.506418407,0.0302123986,0.1963806,-0.226593003,-0.3473804
4206,4.206684,0.492447555,0.496494919,0.507552505,0.110778801,0.241699189,-0.352477998,-0.34804368
4207,4.207693,0.491323084,0.495973021,0.508676887,0.211486802,0.302124023,-0.51361084,-0.348531157
4208,4.208720,0.490209788,0.495456338,0.509790182,0.271911591,0.367584199,-0.63949579,-0.349325657
4209,4.209675,0.489117563,0.49494943,0.510882437,0.342407227,0.407867402,-0.750274658,-0.350176394
4210,4.210699,0.487753123,0.494436711,0.511987209,0.392761201,0.463256806,-0.856018007,-0.351193547
4211,4.211695,0.486686051,0.493820995,0.513314009,0.417938203,0.51361078,-0.931548953,-0.351282626
4212,4.212679,0.485636473,0.493333876,0.514363527,0.453186005,0.584106386,-1.03729236,-0.352754503
4213,4.213689,0.48459363,0.492849886,0.51540637,0.468292207,0.64453125,-1.11282349,-0.3543998
4214,4.214684,0.483582348,0.49238053,0.516417623,0.468292207,0.679778993,-1.14807117,-0.355597466
4215,4.215698,0.482620478,0.49193415,0.517379582,0.463256806,0.709991395,-1.17324817,-0.357092798
4216,4.216680,0.481611848,0.491466016,0.518388093,0.448150605,0.704955995,-1.15310657,-0.358859986
4217,4.217689,0.480468273,0.490935296,0.519531727,0.402832001,0.679778993,-1.08261096,-0.361691266
4218,4.218673,0.47954309,0.490505904,0.52045691,0.352477998,0.599212646,-0.951690674,-0.364194423
4219,4.219728,0.478660703,0.49009639,0.521339297,0.362548798,0.397796571,-0.76034534,-0.367126435
4220,4.220678,0.477806866,0.489700139,0.522193134,0.448150605,0.146026596,-0.594177186,-0.370874047
4221,4.221687,0.476982862,0.489317715,0.523017168,0.574035585,-0.0704956055,-0.503539979,-0.372613102
4222,4.222683,0.476208657,0.488958389,0.523791313,0.795593143,-0.246734604,-0.548858523,-0.378528714
4223,4.223692,0.475243568,0.488510489,0.524756432,1.16821277,-0.488433838,-0.679778934,-0.379869312
4224,4.224675,0.474544287,0.488185972,0.525455713,1.62643433,-0.709991395,-0.916442931,-0.388044298
4225,4.225700,0.473880559,0.487877935,0.526119411,2.23068237,-0.906372011,-1.3243103,-0.393467724
4226,4.226681,0.473210841,0.487567127,0.526789188,2.69393921,-0.90133667,-1.79260254,-0.397534132
4227,4.227690,0.472554624,0.487262547,0.527445376,2.97592139,-0.835876405,-2.14004493,-0.401755214
4228,4.228673,0.471955985,0.48698473,0.528044045,3.14712501,-0.604248047,-2.54287696,-0.405376345
4229,4.229695,0.471334308,0.486696184,0.528665662,3.16223121,-0.271911591,-2.89031959,-0.409459203
4230,4.230698,0.470822185,0.48645854,0.529177845,3.12698364,0.0100708008,-3.1018064,-0.411198258
4231,4.231675,0.470419586,0.486271679,0.529580414,3.0413816,0.201416001,-3.21762085,-0.413279474
4232,4.232696,0.469939768,0.486048996,0.530060232,2.89031959,0.483398378,-3.37371802,-0.414622486
4233,4.233679,0.469619989,0.485900611,0.53038007,2.72415137,0.725097597,-3.44924903,-0.415133417
4234,4.234687,0.469294161,0.485749364,0.53070581,2.60330176,0.89630121,-3.49960303,-0.415255338
4235,4.235687,0.468896955,0.485565037,0.531103075,2.5428772,0.991973877,-3.53485107,-0.414856941
4236,4.236695,0.468716174,0.485481113,0.531283796,2.527771,1.07757568,-3.60534668,-0.414024949
4237,4.237677,0.468504131,0.485382706,0.53149581,2.5428772,1.11282337,-3.63052368,-0.413106233
4238,4.238688,0.468360513,0.485316068,0.531639457,2.5831604,1.07254028,-3.65570068,-0.412482768
4239,4.239683,0.468235463,0.485258043,0.531764567,2.6133728,1.04232776,-3.65570068,-0.411847591
4240,4.240691,0.468197763,0.485232055,0.531820476,2.66876221,1.02722156,-3.69598389,-0.411163181
4241,4.241694,0.468171775,0.485228449,0.531828165,2.69897437,0.986938417,-3.68591285,-0.410870165
4242,4.242676,0.468240619,0.485260427,0.531759381,2.71408057,0.941619813,-3.65570045,-0.410755306
4243,4.243699,0.46835351,0.485312819,0.53164649,2.69897437,0.951690674,-3.65066504,-0.410642833
4244,4.244682,0.468435258,0.485350758,0.531564713,2.68386817,0.961761415,-3.64562964,-0.410556078
4245,4.245694,0.468636334,0.485444069,0.531363666,2.65869141,0.966796756,-3.62548828,-0.410466969
4246,4.246677,0.468856215,0.485546112,0.531143785,2.64358497,0.966796756,-3.6103816,-0.410312235
4247,4.247697,0.469143331,0.485679358,0.530856669,2.6335144,0.946655154,-3.58016968,-0.409991086
4248,4.248680,0.46948573,0.485838294,0.5305143,2.60330176,0.921478152,-3.5247798,-0.409859776
4249,4.249688,0.469870448,0.48601684,0.530129552,2.578125,0.89630121,-3.47442627,-0.409611285
4250,4.250684,0.470273316,0.48620379,0.529726684,2.54791236,0.871124148,-3.41903639,-0.409487009
4251,4.251692,0.47069487,0.486399442,0.52930516,2.51769996,0.835876405,-3.35357642,-0.409325242
4252,4.252695,0.471332192,0.48669523,0.52879566,2.48748779,0.810699403,-3.29818726,-0.409266591
4253,4.253678,0.471846819,0.486934066,0.528291345,2.44720435,0.780487061,-3.22769141,-0.409205616
4254,4.254687,0.47242406,0.487201959,0.52757591,2.40188599,0.745239198,-3.14712524,-0.409193873
4255,4.255685,0.473061949,0.487498015,0.526938021,2.34146094,0.725097597,-3.0665586,-0.409210265
4256,4.256694,0.473695278,0.487791926,0.526304722,2.28103638,0.689849854,-2.97088623,-0.409182131
4257,4.257677,0.474448442,0.488141477,0.525551558,2.21054053,0.659637392,-2.87017798,-0.409226656
4258,4.258698,0.475343257,0.48846975,0.524844229,2.15011597,0.63949579,-2.78961182,-0.409226656
4259,4.259681,0.476115048,0.488914967,0.524100244,2.08465552,0.614318848,-2.69897437,-0.409226656
4260,4.260690,0.476921082,0.489289045,0.523078918,1.99905372,0.604248047,-2.60330176,-0.409226656
4261,4.261673,0.477742583,0.489670306,0.522257447,1.89331031,0.553893983,-2.47741675,-0.409226656
4262,4.262707,0.478614479,0.490074933,0.521385491,1.80267334,0.528717041,-2.33139038,-0.409226656
4263,4.263696,0.479533345,0.490501404,0.520466685,1.72210681,0.498504579,-2.22061133,-0.409226656
4264,4.264681,0.4804492,0.490926445,0.5195508,1.64154029,0.468292207,-2.10983253,-0.409226656
4265,4.265693,0.481668741,0.49149245,0.518331289,1.535797,0.438079834,-1.97387683,-0.409226656
4266,4.266676,0.482648045,0.491946936,0.517351985,1.44515979,0.407867402,-1.85302722,-0.409226656
4267,4.267699,0.483693212,0.492431998,0.516306818,1.32431018,0.367584199,-1.69189441,-0.409226656
4268,4.268682,0.484722435,0.49290964,0.515277505,1.22360218,0.337371796,-1.560974,-0.409226656
4269,4.269691,0.485786945,0.493403673,0.514213026,1.12792969,0.292053193,-1.41998291,-0.409226656
4270,4.270674,0.486861944,0.493902624,0.513138056,1.01211548,0.266876191,-1.2789917,-0.409226656
4271,4.271697,0.488265455,0.494553983,0.511734545,0.911407411,0.231628403,-1.14303577,-0.409226656
4272,4.272680,0.489391237,0.495076448,0.510608792,0.815734804,0.1963806,-1.01211536,-0.409226656
4273,4.273689,0.490532786,0.495606244,0.509467185,0.674743593,0.146026596,-0.820770204,-0.409226656
4274,4.274710,0.491695136,0.496145695,0.508304834,0.558929443,0.115814202,-0.674743652,-0.409153998
4275,4.275700,0.492856801,0.496684819,0.50714314,0.438079834,0.0755310059,-0.51361084,-0.409125865
4276,4.276697,0.494332075,0.497229844,0.505968869,0.337371796,0.0352478027,-0.372619599,-0.409090698
4277,4.277680,0.495515317,0.497918665,0.504779696,0.211486802,0.0100708008,-0.221557602,-0.408982873
4278,4.278689,0.496719658,0.498477578,0.503280342,0.120849594,-0.0201416016,-0.100707993,-0.408985198
4279,4.279685,0.497922331,0.499035746,0.502077699,0.0100708008,-0.0453185998,0.035247799,-0.408957064
4280,4.280694,0.499127865,0.499595255,0.500872135,-0.0302123986,-0.0704956055,0.100708008,-0.408856273
4281,4.281677,0.500337183,0.500156462,0.499662817,-0.0906371996,-0.0856018066,0.176239014,-0.408858597
4282,4.282700,0.501848102,0.500716925,0.498455197,-0.130920395,-0.100708,0.231628388,-0.408823431
4283,4.283682,0.503052533,0.501416683,0.497250885,-0.166168213,-0.115814202,0.281982422,-0.408860922
4284,4.284691,0.504251063,0.501972914,0.495748937,-0.236663789,-0.140991211,0.377654999,-0.408860922
4285,4.285677,0.505450845,0.50252974,0.494549155,-0.3877258,-0.156097397,0.543823183,-0.40878123
4286,4.286696,0.506639779,0.50308156,0.493360251,-0.498504579,-0.1863098,0.684814394,-0.408753097
4287,4.287692,0.507825911,0.503632009,0.492174089,-0.614318848,-0.206451416,0.820770264,-0.408724964
4288,4.288677,0.50899601,0.504175067,0.49100396,-0.725097597,-0.241699189,0.966796756,-0.40869683
4289,4.289687,0.510432363,0.504841685,0.489567637,-0.830841005,-0.281982422,1.11282349,-0.408741355
4290,4.290681,0.51157093,0.50537008,0.48842907,-0.936584413,-0.317230195,1.25381458,-0.408741355
4291,4.291691,0.512713194,0.505900204,0.487286806,-1.07254028,-0.377654999,1.45019531,-0.408741355
4292,4.292686,0.513819098,0.50641346,0.486180931,-1.17828369,-0.402832001,1.58111572,-0.408741355
4293,4.293694,0.514869809,0.506901085,0.485130191,-1.2890625,-0.458221376,1.74728394,-0.408741355
4294,4.294678,0.515957355,0.507405818,0.484042615,-1.38473499,-0.478363007,1.86309803,-0.408741355
4295,4.295701,0.51724118,0.508001626,0.48275879,-1.485443,-0.50857538,1.99401832,-0.408741355
4296,4.296684,0.518265188,0.508476913,0.481734842,-1.61132801,-0.553893983,2.14004517,-0.408741355
4297,4.297699,0.5192644,0.508940637,0.48073563,-1.71707129,-0.584106386,2.30117774,-0.408741355
4298,4.298695,0.520205081,0.509377182,0.47979489,-1.8077085,-0.609283388,2.41699195,-0.408741355
4299,4.299677,0.521131873,0.509807348,0.478868186,-1.90841663,-0.624389589,2.53280616,-0.40867573
4300,4.300699,0.522246599,0.510223031,0.477972358,-1.99905372,-0.659637392,2.65869117,-0.408640563
4301,4.301682,0.523119926,0.510729969,0.477109015,-2.09472632,-0.679778993,2.77450538,-0.408532739
4302,4.302690,0.523903608,0.511093736,0.476096421,-2.17025733,-0.699920595,2.87017798,-0.408403814
4303,4.303674,0.524708271,0.511467159,0.475291729,-2.27600098,-0.715026796,2.97088599,-0.408246756
4304,4.304694,0.525477767,0.51182425,0.474522233,-2.34649634,-0.730133057,3.0766294,-0.408054531
4305,4.305681,0.526189983,0.512154818,0.473810017,-2.44720435,-0.730133057,3.17733741,-0.407913864
4306,4.306689,0.526821077,0.512447715,0.473178923,-2.51769996,-0.740203857,3.25790381,-0.407578647
4307,4.307684,0.527649999,0.512832403,0.472349972,-2.59323096,-0.730133057,3.32336402,-0.40724349
4308,4.308694,0.528210819,0.513092697,0.471789181,-2.66876221,-0.715026796,3.38378906,-0.406976342
4309,4.309691,0.528774917,0.51335448,0.471225113,-2.76946998,-0.684814453,3.45428443,-0.406505287
4310,4.310673,0.529274106,0.513586164,0.470725894,-2.84500098,-0.669708192,3.51470923,-0.406444371
4311,4.311693,0.529706538,0.513786852,0.470293462,-2.91046143,-0.619354188,3.52981567,-0.405537367
4312,4.312678,0.530142307,0.513989091,0.469857663,-2.97592139,-0.558929443,3.53485084,-0.405082643
4313,4.313687,0.530570745,0.514187932,0.469514132,-3.0313108,-0.503539979,3.53485084,-0.40378654
4314,4.314681,0.530882001,0.514332414,0.469118029,-3.08670044,-0.433044404,3.51974487,-0.403006077
4315,4.315695,0.531172395,0.51446718,0.468827635,-3.14208961,-0.322265625,3.46435523,-0.40144515
4316,4.316819,0.531465113,0.514603019,0.468534917,-3.14712501,-0.221557602,3.36868262,-0.401091218
4317,4.317585,0.531515956,0.514626622,0.468484074,-3.1320188,-0.161132813,3.29315162,-0.399167031
4318,4.318788,0.531692445,0.514708519,0.468307585,-2.99102783,0.00503540039,3.02124,-0.395876408
4319,4.319680,0.531811535,0.514763772,0.46820125,-2.81478858,0.105743401,2.70904517,-0.394444376
4320,4.320690,0.531833351,0.514773905,0.46816662,-2.49755836,0.226593003,2.27096534,-0.389625609
4321,4.321674,0.531808317,0.514762282,0.468191713,-1.8077085,0.226593003,1.71707129,-0.385981053
4322,4.322695,0.531660795,0.514693856,0.468339235,-1.16821277,0.0100708008,1.15814197,-0.382313132
4323,4.323677,0.531542301,0.514638841,0.468457729,-0.614318848,-0.448150605,1.06246948,-0.374836594
4324,4.324699,0.531353652,0.514573812,0.468597829,-0.130920395,-1.20346069,1.3343811,-0.366851419
4325,4.325686,0.531130672,0.514447808,0.468784481,0.0704956055,-2.00408936,1.93359375,-0.359609216
4326,4.326694,0.530886352,0.51433444,0.469113678,-0.00503540039,-2.6335144,2.6385498,-0.353545904
4327,4.327678,0.5305475,0.514177144,0.4694525,-0.523681581,-2.93563819,3.30322242,-0.346784145
4328,4.328687,0.530212104,0.514021516,0.469787925,-1.15814209,-2.76946998,3.92761207,-0.342307568
4329,4.329712,0.529807806,0.513833821,0.470192164,-1.70196521,-2.36160278,4.06356812,-0.337427914
4330,4.330684,0.529336393,0.513615072,0.470663637,-2.09976196,-1.88827503,3.98803711,-0.334003657
4331,4.331693,0.528738618,0.513337612,0.471261352,-2.34649634,-1.4753722,3.82186842,-0.332592696
4332,4.332677,0.528171778,0.513074577,0.471828252,-2.48748779,-1.15814209,3.64562988,-0.331978619
4333,4.333698,0.527586102,0.51280278,0.472413927,-2.5831604,-0.866088808,3.44924927,-0.332039565
4334,4.334681,0.526981175,0.512521982,0.473018825,-2.59323096,-0.725097597,3.31832862,-0.332749695
4335,4.335692,0.526293635,0.512202919,0.473706305,-2.55798316,-0.654602051,3.21258521,-0.333703578
4336,4.336677,0.52558893,0.511875868,0.4744111,-2.50259376,-0.624389589,3.1269834,-0.334577769
4337,4.337698,0.524635375,0.511433303,0.475364625,-2.42202735,-0.619354188,3.0413816,-0.335576236
4338,4.338681,0.523904681,0.511094213,0.476095349,-2.33642554,-0.624389589,2.96081519,-0.33577317
4339,4.339692,0.523025155,0.51068604,0.476974905,-2.24075317,-0.599212646,2.83996582,-0.336471617
4340,4.340791,0.521966577,0.510288358,0.477831572,-2.11990333,-0.624389589,2.74429297,-0.336919338
4341,4.341583,0.521296024,0.509883523,0.478703976,-2.03933716,-0.609283388,2.64862061,-0.337059975
4342,4.342690,0.520390749,0.50946337,0.479609221,-1.94366443,-0.574035585,2.51769996,-0.337233394
4343,4.343687,0.519165397,0.508894682,0.480576962,-1.83792114,-0.569000244,2.40692139,-0.337334186
4344,4.344696,0.518179238,0.508437037,0.481820792,-1.73721302,-0.528717041,2.26593018,-0.337458462
4345,4.345682,0.517193437,0.507979512,0.482806563,-1.63650501,-0.463256806,2.13500953,-0.337620229
4346,4.346691,0.516140461,0.507490814,0.483859509,-1.56097412,-0.402832001,1.96380615,-0.337781996
4347,4.347674,0.515077472,0.506997466,0.484922498,-1.48040771,-0.357513398,1.83792114,-0.337950796
4348,4.348697,0.513728678,0.506498992,0.485996604,-1.39480579,-0.297088593,1.69189441,-0.338314116
4349,4.349680,0.512606919,0.505850911,0.487123728,-1.29409778,-0.241699189,1.535797,-0.33868438
4350,4.350689,0.51146841,0.505322516,0.48853159,-1.16821277,-0.1863098,1.37969959,-0.338972628
4351,4.351691,0.510339439,0.504798532,0.489660531,-1.07254028,-0.146026596,1.21856689,-0.339443684
4352,4.352689,0.50917697,0.50425905,0.49082303,-0.951690674,-0.125884995,1.07757568,-0.339788198
4353,4.353684,0.507988334,0.503707409,0.492011666,-0.835876405,-0.100708,0.936584413,-0.340247571
4354,4.354693,0.50680244,0.50315702,0.493197531,-0.725097597,-0.0956726,0.820770204,-0.340821773
4355,4.355681,0.505314648,0.502466559,0.494393468,-0.619354188,-0.0755310059,0.694885194,-0.341351479
4356,4.356689,0.504093766,0.501899898,0.495906234,-0.503539979,-0.0553894006,0.558929384,-0.341829628
4357,4.357685,0.502892852,0.501342595,0.497107178,-0.372619599,-0.0251770001,0.428009003,-0.341965586
4358,4.358694,0.501670659,0.500775337,0.498329341,-0.302124023,0.0100708008,0.292053223,-0.342846841
4359,4.359676,0.500453174,0.500210345,0.499546856,-0.246734604,0.0302123986,0.216522202,-0.343453914
4360,4.360696,0.499233782,0.499644399,0.500766218,-0.1963806,0.0553894006,0.140991196,-0.344403088
4361,4.361774,0.497711271,0.498937786,0.502288699,-0.151062012,0.0755310059,0.0755310059,-0.345035851
4362,4.362683,0.496499807,0.498375565,0.503500223,-0.110778801,0.0956726,0.0151062012,-0.345806897
4363,4.363694,0.495287865,0.497813106,0.504712164,-0.0704956055,0.151062012,-0.0805664063,-0.346495926
4364,4.364676,0.49408564,0.497255147,0.50591439,-0.0151061993,0.226593003,-0.211486802,-0.347088873
4365,4.365700,0.492892116,0.496701211,0.507107913,0.0704956055,0.261840791,-0.332336396,-0.347981811
4366,4.366683,0.491702467,0.496149123,0.508297563,0.146026596,0.297088593,-0.443115175,-0.348785698
4367,4.367692,0.490239859,0.495470315,0.509760141,0.231628403,0.352477998,-0.584106386,-0.349734902
4368,4.368720,0.489085943,0.494934767,0.510914028,0.307159424,0.412902832,-0.689849794,-0.350625515
4369,4.369692,0.487947911,0.494406611,0.512052059,0.362548798,0.478363007,-0.840911806,-0.351384878
4370,4.370675,0.486827791,0.493886769,0.513172269,0.402832001,0.528717041,-0.931549072,-0.352418482
4371,4.371695,0.485738337,0.493381143,0.514261663,0.448150605,0.594177186,-1.04232776,-0.353442729
4372,4.372719,0.484393299,0.492756903,0.515340507,0.453186005,0.64453125,-1.09771729,-0.355024755
4373,4.373675,0.483343005,0.492269456,0.516383648,0.468292207,0.669708192,-1.13800037,-0.356414557
4374,4.374695,0.482303202,0.491786897,0.517696798,0.473327577,0.694885254,-1.16821289,-0.357898176
4375,4.375682,0.48131761,0.491329461,0.518682361,0.428009033,0.689849854,-1.14807117,-0.360033303
4376,4.376691,0.480329752,0.490870982,0.519670188,0.412902832,0.664672852,-1.07757568,-0.361838013
4377,4.377674,0.479385972,0.490433007,0.520614028,0.367584199,0.558929443,-0.926513672,-0.36395207
4378,4.378694,0.478472441,0.49000901,0.521527529,0.372619599,0.392761201,-0.7653808,-0.367437243
4379,4.379678,0.47739324,0.489508152,0.52240932,0.468292207,0.135955796,-0.604247987,-0.371599764
4380,4.380687,0.476535022,0.489109874,0.523464978,0.594177186,-0.0805664063,-0.51361078,-0.375420034
4381,4.381681,0.475729346,0.488735944,0.524270654,0.90133667,-0.332336426,-0.543823242,-0.37884894
4382,4.382692,0.474959433,0.488378614,0.525040507,1.3343811,-0.543823183,-0.790557921,-0.383620858
4383,4.383717,0.474246949,0.488047957,0.525753021,1.8077085,-0.810699403,-0.997009099,-0.388434917
4384,4.384676,0.473531514,0.48771593,0.526468456,2.30621314,-0.931549013,-1.37466407,-0.39320913
4385,4.385700,0.472696096,0.487328202,0.527303874,2.74932837,-0.911407411,-1.8379209,-0.398810685
4386,4.386682,0.47211194,0.48705712,0.52788806,3.0413816,-0.820770144,-2.22061157,-0.402682543
4387,4.387693,0.471569777,0.486805499,0.528430223,3.19244361,-0.488433838,-2.70400977,-0.406671613
4388,4.388675,0.471001446,0.486541718,0.528998554,3.21258521,-0.1913452,-3.02124,-0.407534122
4389,4.389696,0.470497638,0.486307919,0.529502392,3.15216041,0.0402832031,-3.19244361,-0.407255203
4390,4.390680,0.470084131,0.486115992,0.529915869,3.04641724,0.246734604,-3.29315186,-0.412746608
4391,4.391689,0.469600022,0.485891312,0.530308783,2.87521338,0.528717041,-3.40393043,-0.415155977
4392,4.392684,0.469311833,0.48575756,0.530688107,2.73925781,0.7653808,-3.50463867,-0.415448934
4393,4.393693,0.46897155,0.485599667,0.531028509,2.59826636,0.951690674,-3.54995704,-0.415298909
4394,4.394792,0.468696296,0.485485524,0.531274259,2.5428772,1.05743408,-3.60031128,-0.414586484
4395,4.395585,0.46855092,0.485404432,0.53144908,2.53784156,1.09268188,-3.63052344,-0.413939655
4396,4.396695,0.468397766,0.485333353,0.531602263,2.56301856,1.11282337,-3.67584181,-0.412812322
4397,4.397678,0.468221366,0.485251486,0.531734049,2.59826636,1.08261108,-3.68087745,-0.412153691
4398,4.398687,0.468198419,0.485240847,0.531801641,2.6335144,1.05743408,-3.69094849,-0.412064582
4399,4.399683,0.468197107,0.485240221,0.531802893,2.67379737,1.00707996,-3.67584205,-0.411354423
4400,4.400692,0.468242705,0.48526141,0.531757355,2.70401001,0.971832216,-3.67584229,-0.410850465
4401,4.401675,0.468335122,0.485304266,0.531664848,2.70904541,0.936584413,-3.64562988,-0.410686374
4402,4.402696,0.468449146,0.485357195,0.531550825,2.69393921,0.931549013,-3.62548828,-0.410592645
4403,4.403680,0.468688548,0.485468298,0.531365156,2.67379737,0.951690674,-3.62548804,-0.410564512
4404,4.404690,0.468956739,0.485592782,0.531043291,2.62847877,0.946655154,-3.60534644,-0.410409778
4405,4.405701,0.469221294,0.485715538,0.530778646,2.60330176,0.941619813,-3.54492164,-0.410269111
4406,4.406699,0.469555944,0.485870868,0.530444026,2.5831604,0.931549013,-3.51470947,-0.409997195
4407,4.407682,0.469959438,0.486058146,0.530040622,2.5428772,0.911407411,-3.45428467,-0.409807295
4408,4.408691,0.470359415,0.486243755,0.529640615,2.5428772,0.881195009,-3.42407227,-0.409617394
4409,4.409674,0.4709737,0.486482233,0.529126704,2.49755836,0.845947206,-3.34350562,-0.409450918
4410,4.410697,0.471494526,0.48677057,0.528505504,2.45727539,0.805664003,-3.26293945,-0.409347743
4411,4.411680,0.47203514,0.487021446,0.52796483,2.41195655,0.780487061,-3.19747925,-0.409214109
4412,4.412689,0.47263965,0.487302005,0.52736032,2.36160278,0.740203857,-3.10180664,-0.409211725
4413,4.413685,0.473348022,0.487630755,0.526651919,2.33139038,0.740203857,-3.07159424,-0.409199983
4414,4.414695,0.473989427,0.48792845,0.526010573,2.24075317,0.684814453,-2.92556763,-0.409209341
4415,4.415707,0.474897832,0.488350034,0.525102139,2.18536377,0.659637392,-2.84500122,-0.409181207
4416,4.416691,0.475666344,0.488706708,0.524333656,2.14004493,0.649566591,-2.78961158,-0.409232765
4417,4.417689,0.476470709,0.489080012,0.523529291,2.03933716,0.609283388,-2.628479,-0.409232765
4418,4.418672,0.477345705,0.489486098,0.522654295,1.93862903,0.563964844,-2.50259399,-0.409232765
4419,4.419695,0.478199601,0.48988238,0.521800339,1.86309803,0.533752382,-2.39685035,-0.409232765
4420,4.420678,0.479086936,0.490294218,0.520913064,1.77749634,0.50857538,-2.28607178,-0.409232765
4421,4.421852,0.480276674,0.490846366,0.519723296,1.65664661,0.468292207,-2.12493873,-0.409232765
4422,4.422593,0.4809874,0.491176218,0.51901257,1.58615112,0.443115205,-2.02926636,-0.409232765
4423,4.423688,0.482232869,0.491754264,0.517767191,1.4753722,0.407867402,-1.90338123,-0.409232765
4424,4.424684,0.483272135,0.492236584,0.516727924,1.36459339,0.3826904,-1.74728382,-0.409232765
4425,4.425697,0.484322041,0.492723823,0.515677929,1.26892078,0.347442627,-1.61636341,-0.409232765
4426,4.426762,0.485666603,0.493347853,0.514333367,1.13296497,0.312194794,-1.4804076,-0.409232765
4427,4.427682,0.486766249,0.493858218,0.513489187,1.05743408,0.271911591,-1.3293457,-0.409232765
4428,4.428691,0.487894952,0.494382024,0.512105048,0.956726015,0.25176999,-1.20849597,-0.409232765
4429,4.429674,0.489022315,0.494905233,0.510977685,0.805664003,0.1963806,-1.03729236,-0.409232765
4430,4.430696,0.490191072,0.495447665,0.509808898,0.694885254,0.151062012,-0.845947266,-0.409232765
4431,4.431678,0.491349995,0.495985508,0.508650005,0.584106386,0.125884995,-0.709991395,-0.409232765
4432,4.432687,0.492529452,0.496532887,0.507470489,0.473327577,0.0805664063,-0.553893983,-0.409153074
4433,4.433683,0.494014382,0.497222066,0.506285071,0.352477998,0.0503540002,-0.402832001,-0.409117907
4434,4.434691,0.49521327,0.497778475,0.50478673,0.246734604,0.0201416016,-0.266876221,-0.409089774
4435,4.435677,0.496429712,0.498343021,0.503570318,0.120849594,-0.0100708008,-0.135955811,-0.408981949
4436,4.436697,0.497645736,0.498907387,0.502354264,0.0352478027,-0.0453185998,0.0100707971,-0.408984274
4437,4.437715,0.498862326,0.499471992,0.501137674,-0.0302123986,-0.0553894006,0.0856017992,-0.40895614
4438,4.438683,0.500080645,0.500037432,0.499919355,-0.0704956055,-0.0856018066,0.156097412,-0.408920974
4439,4.439692,0.50160563,0.500745177,0.498700202,-0.120849594,-0.100708,0.221557587,-0.408857673
4440,4.440675,0.50282079,0.501309156,0.49717921,-0.161132813,-0.115814202,0.276947021,-0.40882954
4441,4.441695,0.504039526,0.501874745,0.495960504,-0.25176999,-0.135955796,0.38772577,-0.408859998
4442,4.442679,0.505243659,0.502433598,0.49475643,-0.357513398,-0.151062012,0.508575439,-0.408859998
4443,4.443688,0.506438076,0.502987921,0.493561894,-0.463256806,-0.1863098,0.649566591,-0.408794373
4444,4.444682,0.507627249,0.503539801,0.492372721,-0.569000244,-0.201416001,0.77041626,-0.40876624
4445,4.445693,0.509104788,0.504225552,0.490895212,-0.689849854,-0.231628403,0.921478271,-0.408731073
4446,4.446677,0.510250866,0.504757464,0.489749134,-0.800628603,-0.271911591,1.07254016,-0.40870294
4447,4.447698,0.511405349,0.50529325,0.488594651,-0.941619813,-0.322265625,1.2638855,-0.408740431
4448,4.448710,0.512544751,0.505822062,0.487455249,-1.05239868,-0.367584199,1.41998291,-0.408740431
4449,4.449681,0.513645709,0.506332994,0.486354291,-1.15310657,-0.402832001,1.5559386,-0.408740431
4450,4.450689,0.514736593,0.506839275,0.485263437,-1.2638855,-0.438079834,1.70196533,-0.408740431
4451,4.451685,0.516069412,0.507457852,0.484194338,-1.37466419,-0.488433838,1.86309803,-0.408740431
4452,4.452693,0.517109096,0.507940352,0.482890874,-1.46530139,-0.50857538,1.97387671,-0.408740431
4453,4.453676,0.518138051,0.508417904,0.481861949,-1.60125721,-0.538787842,2.11486816,-0.408740431
4454,4.454698,0.519111454,0.508869648,0.480888546,-1.69692981,-0.579071045,2.27600098,-0.408740431
4455,4.455683,0.520087004,0.509322405,0.479912996,-1.79260242,-0.614318848,2.40692139,-0.408740431
4456,4.456692,0.52101773,0.50975436,0.47898227,-1.89331031,-0.63446039,2.52777076,-0.408740431
4457,4.457675,0.522137523,0.510155857,0.478117198,-1.97891223,-0.654602051,2.6335144,-0.408667773
4458,4.458699,0.522996664,0.510672808,0.477003336,-2.07458496,-0.679778993,2.75436401,-0.408581048
4459,4.459789,0.52382195,0.511055827,0.47617805,-2.18536377,-0.704955995,2.89031982,-0.408503681
4460,4.460593,0.524631679,0.511431575,0.475582033,-2.24578834,-0.720062196,2.96585059,-0.40836069
4461,4.461688,0.525365949,0.511772394,0.474634051,-2.35656738,-0.730133057,3.08670044,-0.408196598
4462,4.462685,0.526082397,0.512104869,0.473917574,-2.42706275,-0.730133057,3.15719581,-0.40801844
4463,4.463694,0.526945174,0.512505293,0.473239541,-2.49755836,-0.745239198,3.24279761,-0.407755882
4464,4.464677,0.527552366,0.512787104,0.472447634,-2.58819556,-0.740203857,3.32839942,-0.40750739
4465,4.465701,0.528162658,0.513070345,0.471837342,-2.67379737,-0.730133057,3.40393043,-0.407244891
4466,4.466672,0.528709531,0.513324142,0.471290469,-2.74932837,-0.720062196,3.46939063,-0.406998843
4467,4.467696,0.529190898,0.51354754,0.470809102,-2.82485938,-0.689849854,3.51470923,-0.40634498
4468,4.468679,0.529651999,0.51376152,0.470348001,-2.90542579,-0.649566591,3.55499244,-0.405930132
4469,4.469688,0.530190766,0.514011562,0.469809204,-2.95578003,-0.614318848,3.57009888,-0.405095756
4470,4.470698,0.530552983,0.514179707,0.469447047,-3.01116943,-0.558929443,3.57009888,-0.404533207
4471,4.471695,0.530845582,0.514315486,0.469154418,-3.1068418,-0.478363007,3.58520484,-0.403337926
4472,4.472678,0.531166494,0.514464438,0.468833536,-3.1370542,-0.377654999,3.51470923,-0.40244028
4473,4.473687,0.531367421,0.51455766,0.468632609,-3.16726661,-0.287017792,3.45428443,-0.401160598
4474,4.474812,0.531584442,0.514658391,0.468415558,-3.14712501,-0.171203613,3.33343482,-0.399243414
4475,4.475591,0.531629562,0.514679313,0.468370438,-3.096771,-0.0654601976,3.16223121,-0.398617595
4476,4.476690,0.531780243,0.514749289,0.468219757,-2.95578003,0.0604247972,2.89535522,-0.395425439
4477,4.477684,0.531782746,0.514750421,0.468217283,-2.6335144,0.1863098,2.55798316,-0.391729355
4478,4.478696,0.531788707,0.514753163,0.468211263,-2.17529273,0.261840791,1.91345191,-0.38838014
4479,4.479678,0.531672299,0.514699161,0.468327671,-1.5458678,0.135955796,1.40991199,-0.385940313
4480,4.480746,0.531524181,0.514630437,0.468475819,-0.946655154,-0.146026596,1.09268177,-0.377174675
4481,4.481681,0.531353414,0.514551163,0.468574643,-0.372619599,-0.735168397,1.10778797,-0.371828616
4482,4.482691,0.531062424,0.514416099,0.468937546,-0.0453185998,-1.5156554,1.560974,-0.365402013
4483,4.483674,0.530897975,0.514339805,0.469102085,0.0906371996,-2.28103638,2.18032837,-0.356952816
4484,4.484695,0.53063786,0.514219105,0.46936214,-0.241699189,-2.85003638,3.0917356,-0.354857504
4485,4.485682,0.53025943,0.51404345,0.46974057,-0.77041626,-2.89535499,3.66577125,-0.344603568
4486,4.486691,0.529837012,0.513847411,0.470162988,-1.37466419,-2.6133728,3.98803711,-0.339838743
4487,4.487685,0.529300451,0.513598382,0.470581979,-1.88323963,-2.15011597,4.03335571,-0.335476995
4488,4.488694,0.528780878,0.513357282,0.471219152,-2.19039917,-1.70700061,3.8973999,-0.3332012
4489,4.489678,0.528264403,0.513117552,0.471735597,-2.42706275,-1.31927478,3.70605421,-0.331895769
4490,4.490687,0.527661443,0.512837708,0.472338557,-2.51769996,-0.961761415,3.47946143,-0.331970781
4491,4.491714,0.527040184,0.5125494,0.472959816,-2.5428772,-0.785522401,3.32839966,-0.33229661
4492,4.492686,0.52639997,0.512252271,0.47360003,-2.54791236,-0.684814453,3.23272681,-0.333147407
4493,4.493695,0.525498033,0.511833668,0.474501997,-2.49252319,-0.63949579,3.13201904,-0.334455162
4494,4.494680,0.524770439,0.511496007,0.475229561,-2.43209815,-0.614318848,3.046417,-0.335139543
4495,4.495692,0.523986161,0.511132002,0.476013809,-2.33642554,-0.584106386,2.95578003,-0.335702091
4496,4.496674,0.523166478,0.510751605,0.476833522,-2.22564673,-0.599212646,2.82485938,-0.335741967
4497,4.497697,0.522312701,0.510355353,0.477687329,-2.12997437,-0.604248047,2.73422241,-0.336681813
4498,4.498679,0.521408916,0.509935915,0.478591084,-2.05444312,-0.584106386,2.63854957,-0.337040454
4499,4.499687,0.520289361,0.509416342,0.479508668,-1.94366443,-0.584106386,2.52777076,-0.337260783
4500,4.500683,0.519286692,0.508951008,0.480713308,-1.84799182,-0.548858583,2.39685035,-0.33738029
4501,4.501692,0.518318415,0.508501589,0.481681585,-1.73217762,-0.538787842,2.28103638,-0.337481081
4502,4.502723,0.517294049,0.508026183,0.482705921,-1.64154029,-0.488433838,2.12997413,-0.337612391
4503,4.503688,0.516284585,0.50755769,0.483715415,-1.5710448,-0.433044404,2.00408912,-0.337715566
4504,4.504697,0.515211463,0.507059634,0.484788507,-1.4753722,-0.367584199,1.84295642,-0.337914824
4505,4.505684,0.513844073,0.506425083,0.485882282,-1.38473499,-0.322265625,1.70700061,-0.338205516
4506,4.506693,0.512746692,0.505915761,0.487253308,-1.29409778,-0.261840791,1.5559386,-0.338526636
4507,4.507675,0.511610329,0.505388379,0.488389701,-1.16317749,-0.216522202,1.40991199,-0.338845342
4508,4.508695,0.510483563,0.504865408,0.489516407,-1.08261108,-0.151062012,1.2336731,-0.33924374
4509,4.509678,0.509308219,0.504319966,0.490691811,-0.971832216,-0.130920395,1.10275257,-0.339632779
4510,4.510687,0.508135617,0.503775775,0.491864413,-0.850982606,-0.115814202,0.966796815,-0.339874178
4511,4.511682,0.506653428,0.503087878,0.493043363,-0.730133057,-0.100708,0.830841064,-0.340528071
4512,4.512690,0.505465031,0.502536356,0.494534999,-0.629424989,-0.0805664063,0.709991395,-0.340586662
4513,4.513715,0.504251182,0.501972973,0.495748788,-0.478363007,-0.0553894006,0.533752382,-0.34109059
4514,4.514673,0.503042281,0.501411915,0.496957719,-0.3877258,-0.0201416016,0.407867402,-0.342014045
4515,4.515699,0.501825452,0.500847161,0.498174518,-0.312194794,0.0151061993,0.297088593,-0.342656255
4516,4.516682,0.500605524,0.500281036,0.499394506,-0.25680539,0.0453185998,0.211486787,-0.343260944
4517,4.517690,0.499080598,0.49957332,0.500613987,-0.1963806,0.0553894006,0.140991196,-0.344092935
4518,4.518674,0.497863322,0.499008358,0.502136648,-0.166168213,0.0755310059,0.090637207,-0.344842911
4519,4.519694,0.496650964,0.49844569,0.503349006,-0.105743401,0.105743401,0.0151062012,-0.345538974
4520,4.520676,0.495442122,0.497884691,0.504557908,-0.0755310059,0.161132813,-0.0856018066,-0.346256137
4521,4.521698,0.494235277,0.497324586,0.505764723,-0.0201416016,0.216522202,-0.1963806,-0.347135007
4522,4.522681,0.493035078,0.496767551,0.506964862,0.0453185998,0.266876191,-0.312194794,-0.347908437
4523,4.523690,0.491568595,0.496086985,0.508143842,0.140991211,0.307159424,-0.448150635,-0.348761559
4524,4.524716,0.490392715,0.495541245,0.509607255,0.226593003,0.357513398,-0.569000185,-0.349624038
4525,4.525677,0.489237666,0.495005161,0.510762274,0.302124023,0.402832001,-0.689849794,-0.350317776
4526,4.526696,0.488098532,0.494476497,0.511901438,0.367584199,0.468292207,-0.835876405,-0.351325572
4527,4.527692,0.486977041,0.493956,0.5130229,0.402832001,0.538787842,-0.941619873,-0.352028728
4528,4.528676,0.485874683,0.493444413,0.514125288,0.438079834,0.584106386,-1.02218628,-0.353207648
4529,4.529697,0.484538376,0.492824227,0.515206873,0.453186005,0.624389589,-1.07757556,-0.354496717
4530,4.530680,0.483446568,0.492317528,0.516553402,0.463256806,0.674743593,-1.13800037,-0.356212348
4531,4.531689,0.482430011,0.491845727,0.517569959,0.473327577,0.699920595,-1.17324817,-0.357602209
4532,4.532684,0.481411427,0.491373003,0.518588543,0.453186005,0.694885254,-1.14807129,-0.359188914
4533,4.533693,0.480449826,0.490926743,0.519550204,0.417938203,0.669708192,-1.08764637,-0.361729532
4534,4.534676,0.479518473,0.49049449,0.520481527,0.367584199,0.584106386,-0.951690555,-0.363991231
4535,4.535721,0.478394598,0.489972889,0.521605372,0.372619599,0.422973603,-0.795593202,-0.367265463
4536,4.536678,0.477500468,0.489557922,0.522499502,0.463256806,0.166168213,-0.629425049,-0.36987406
4537,4.537688,0.476619542,0.489149094,0.523380458,0.624389589,-0.0906371996,-0.533752382,-0.374031901
4538,4.538684,0.475827992,0.48878172,0.524172008,0.845947206,-0.292053193,-0.553894043,-0.37818265
4539,4.539693,0.475073367,0.488431513,0.524926662,1.27899158,-0.51864624,-0.76034534,-0.383045942
4540,4.540676,0.474315941,0.488079995,0.525684059,1.7422483,-0.760345399,-0.981902897,-0.38786003
4541,4.541696,0.473447233,0.487676799,0.526362896,2.24075317,-0.911407411,-1.3293457,-0.394279569
4542,4.542681,0.472753048,0.487354666,0.527247012,2.68386817,-0.931549013,-1.7523191,-0.398334235
4543,4.543691,0.472185373,0.487091184,0.527814627,3.0665586,-0.815734804,-2.15515137,-0.402524829
4544,4.544674,0.471637964,0.486837149,0.528362036,3.19244361,-0.538787842,-2.65365577,-0.406244367
4545,4.545700,0.471064508,0.486570984,0.528935432,3.19747901,-0.221557602,-2.97592139,-0.409195125
4546,4.546716,0.470487446,0.486367196,0.529374659,3.16726661,0.0151061993,-3.18237281,-0.412258387
4547,4.547680,0.470032513,0.486140192,0.529863715,3.071594,0.201416001,-3.27301002,-0.413320094
4548,4.548690,0.469645232,0.485912293,0.530354738,2.89535499,0.483398378,-3.37875342,-0.414986521
4549,4.549685,0.469278306,0.485742003,0.530721664,2.70401001,0.785522401,-3.47442627,-0.415382624
4550,4.550697,0.468980819,0.485603958,0.531019211,2.60330176,0.956726015,-3.56002784,-0.415228009
4551,4.551679,0.468753904,0.485498637,0.531246126,2.527771,1.04232776,-3.57009888,-0.414794445
4552,4.552688,0.468548357,0.48540324,0.531451583,2.53784156,1.09771717,-3.63555861,-0.413999945
4553,4.553684,0.468331575,0.485302627,0.531610727,2.55294776,1.10275269,-3.65570045,-0.412982792
4554,4.554693,0.468230665,0.485255808,0.531769335,2.5831604,1.09268188,-3.67584229,-0.412075758
4555,4.555678,0.468201876,0.485242456,0.531798184,2.6184082,1.05743408,-3.67584229,-0.411749989
4556,4.556687,0.468169421,0.485227376,0.531830609,2.68386817,0.991973877,-3.67584205,-0.411168724
4557,4.557716,0.468259633,0.485269248,0.531740367,2.70904541,0.961761415,-3.67080688,-0.410796016
4558,4.558679,0.468321025,0.48529774,0.531678975,2.70904541,0.941619813,-3.65066528,-0.410660058
4559,4.559687,0.468494862,0.485378414,0.531545699,2.69897437,0.931549013,-3.63052344,-0.410594463
4560,4.560683,0.468711108,0.485478759,0.531288862,2.68386817,0.941619813,-3.62548804,-0.410535812
4561,4.561692,0.468899071,0.48556602,0.531100929,2.64358497,0.946655154,-3.60534644,-0.41048187
4562,4.562674,0.469207168,0.485708982,0.530792832,2.60330176,0.946655154,-3.5499568,-0.410362303
4563,4.563697,0.469535917,0.48586157,0.530464113,2.58819556,0.936584413,-3.52478004,-0.410111487
4564,4.564680,0.469909608,0.486035019,0.530090451,2.54791236,0.911407411,-3.45931983,-0.40994972
4565,4.565691,0.470415503,0.486269772,0.529695928,2.527771,0.886230409,-3.41400146,-0.409738719
4566,4.566675,0.470888525,0.486489326,0.529111445,2.49755836,0.866088808,-3.36364722,-0.409569919
4567,4.567695,0.471472442,0.486760318,0.528527558,2.44720435,0.810699403,-3.30322242,-0.409466743
4568,4.568725,0.472007066,0.487008452,0.527992964,2.40692139,0.785522401,-3.19244385,-0.40931201
4569,4.569680,0.472583741,0.487276077,0.527416289,2.36160278,0.760345399,-3.12194824,-0.409251034
4570,4.570689,0.47322309,0.487572789,0.52677691,2.31124854,0.730133057,-3.0413816,-0.409204125
4571,4.571684,0.474077731,0.487969428,0.526098073,2.24075317,0.689849854,-2.93060303,-0.409236908
4572,4.572693,0.474844426,0.488325238,0.525155544,2.19039917,0.654602051,-2.84500122,-0.409201741
4573,4.573676,0.475568414,0.488661259,0.524431586,2.12997437,0.649566591,-2.77450538,-0.409232199
4574,4.574698,0.476405799,0.489049882,0.523594201,2.03933716,0.589141846,-2.628479,-0.409232199
4575,4.575684,0.477203131,0.489419937,0.522796869,1.94869983,0.574035585,-2.52273536,-0.409232199
4576,4.576692,0.47807157,0.489822984,0.52192843,1.86309803,0.528717041,-2.39181519,-0.409232199
4577,4.577675,0.47920236,0.49024874,0.521011055,1.79260242,0.50857538,-2.30117774,-0.409232199
4578,4.578697,0.480157435,0.490791053,0.519842625,1.69189441,0.483398378,-2.17529273,-0.409232199
4579,4.579720,0.481110215,0.49123323,0.518889785,1.5710448,0.448150605,-2.01919532,-0.409232199
4580,4.580699,0.482120782,0.491702229,0.517879248,1.48040771,0.412902832,-1.89331055,-0.409232199
4581,4.581695,0.483142734,0.492176503,0.516857266,1.38977051,0.3877258,-1.77749634,-0.409232199
4582,4.582678,0.48418954,0.49266234,0.51581043,1.2840271,0.347442627,-1.63146973,-0.409232199
4583,4.583700,0.485530764,0.493284822,0.514740288,1.18331909,0.322265625,-1.50558472,-0.409232199
4584,4.584682,0.486627698,0.493793875,0.513372242,1.07254028,0.266876191,-1.3394165,-0.409232199
4585,4.585694,0.487734824,0.494307697,0.512265146,0.941619813,0.231628403,-1.21856689,-0.409232199
4586,4.586676,0.488888264,0.494843036,0.511111796,0.820770144,0.201416001,-1.02218616,-0.409232199
4587,4.587699,0.490038574,0.495376885,0.509961426,0.709991395,0.166168213,-0.876159608,-0.409232199
4588,4.588683,0.491196603,0.49591434,0.508803427,0.594177186,0.125884995,-0.720062196,-0.409232199
4589,4.589691,0.492671996,0.496599078,0.507624507,0.493469208,0.0906371996,-0.584106386,-0.409159541
4590,4.590721,0.493869603,0.497154862,0.506130338,0.337371796,0.0604247972,-0.433044404,-0.409131408
4591,4.591684,0.495070368,0.497712135,0.504929602,0.226593003,0.0251770001,-0.292053193,-0.409103274
4592,4.592694,0.496278435,0.498272806,0.503721535,0.130920395,-0.0151061993,-0.115814194,-0.40899545
4593,4.593676,0.497489989,0.498835087,0.502510011,0.0503540002,-0.0302123986,-0.0201416016,-0.408939183
4594,4.594697,0.498709261,0.499400973,0.501290739,-0.0251770001,-0.0503540002,0.0755309984,-0.408962607
4595,4.595684,0.500233173,0.499966741,0.500071645,-0.0704956055,-0.0654601976,0.135955811,-0.408920407
4596,4.596694,0.501451015,0.500673413,0.498548955,-0.105743401,-0.0906371996,0.1963806,-0.408864141
4597,4.597677,0.502669036,0.501238704,0.497330934,-0.176238999,-0.115814202,0.276947021,-0.408836007
4598,4.598700,0.503881991,0.50180161,0.496117979,-0.236663789,-0.135955796,0.372619569,-0.408866465
4599,4.599682,0.505089164,0.502361894,0.494910806,-0.347442627,-0.161132813,0.508575439,-0.408859432
4600,4.600692,0.506288886,0.502918661,0.493711114,-0.463256806,-0.161132813,0.624389648,-0.408859432
4601,4.601724,0.507781386,0.503611326,0.492218584,-0.569000244,-0.1913452,0.760345459,-0.408859432
4602,4.602683,0.508951604,0.504154444,0.491048396,-0.674743593,-0.231628403,0.906372011,-0.408786774
4603,4.603692,0.510106742,0.504690588,0.489893287,-0.820770144,-0.276946992,1.06246936,-0.40875864
4604,4.604676,0.511281013,0.505235553,0.488719016,-0.936584413,-0.317230195,1.25381458,-0.408730507
4605,4.605700,0.512414336,0.505761504,0.487585664,-1.04232776,-0.352477998,1.39480579,-0.408702374
4606,4.606683,0.513508022,0.506269097,0.486491978,-1.14807117,-0.392761201,1.5408324,-0.408739865
4607,4.607694,0.514871597,0.50690192,0.485398501,-1.2538147,-0.438079834,1.69189453,-0.408739865
4608,4.608677,0.515925169,0.507390916,0.484074831,-1.34445179,-0.473327577,1.8177793,-0.408739865
4609,4.609698,0.516994059,0.507886946,0.483005911,-1.485443,-0.51361078,1.97387671,-0.408739865
4610,4.610682,0.517998397,0.508353114,0.482001603,-1.5710448,-0.553893983,2.12493873,-0.408739865
4611,4.611691,0.519004703,0.508820117,0.480995297,-1.68182349,-0.589141846,2.27096534,-0.408739865
4612,4.612719,0.520189047,0.509245455,0.480078757,-1.78756702,-0.609283388,2.39685035,-0.408739865
4613,4.613684,0.521115363,0.509701192,0.47909674,-1.87820435,-0.629424989,2.50762939,-0.408739865
4614,4.614693,0.52202791,0.51022321,0.47797212,-1.97387683,-0.654602051,2.628479,-0.408739865
4615,4.615679,0.522891164,0.510623813,0.477108806,-2.08465552,-0.684814453,2.74429321,-0.408667207
4616,4.616690,0.523739636,0.511017621,0.476260394,-2.16522217,-0.704955995,2.87017822,-0.408580482
4617,4.617686,0.524515331,0.511377573,0.475484639,-2.25585937,-0.720062196,2.97592163,-0.408444524
4618,4.618693,0.525253773,0.5117203,0.474746197,-2.32635498,-0.740203857,3.06655884,-0.408280432
4619,4.619675,0.526148677,0.512064338,0.474004954,-2.40692139,-0.745239198,3.15216064,-0.408139765
4620,4.620697,0.526821196,0.512447774,0.473178804,-2.48748779,-0.745239198,3.23272705,-0.407881916
4621,4.621680,0.527476072,0.512751698,0.472523928,-2.57308936,-0.755309999,3.31329322,-0.407699049
4622,4.622688,0.528069139,0.513026953,0.471930891,-2.66372657,-0.750274599,3.41400123,-0.407384962
4623,4.623713,0.52859807,0.513272405,0.4714019,-2.73422217,-0.730133057,3.46435523,-0.407087356
4624,4.624683,0.529153407,0.513530135,0.470846564,-2.80975318,-0.720062196,3.52981544,-0.406740516
4625,4.625695,0.529706657,0.513786912,0.470356166,-2.87017822,-0.679778993,3.54995728,-0.406752229
4626,4.626678,0.530118525,0.513978064,0.469881505,-2.94067359,-0.649566591,3.59024024,-0.405650645
4627,4.627687,0.530461788,0.514137387,0.469538212,-3.0162046,-0.589141846,3.59527564,-0.404804587
4628,4.628682,0.530833006,0.514309645,0.469166994,-3.071594,-0.50857538,3.58016944,-0.404033542
4629,4.629691,0.531110346,0.514438391,0.468889713,-3.12698364,-0.422973603,3.54995728,-0.403091371
4630,4.630673,0.531292021,0.514522672,0.468707979,-3.15719557,-0.342407227,3.49960279,-0.401865602
4631,4.631696,0.53154099,0.514638245,0.468473017,-3.16726661,-0.241699189,3.40896583,-0.400400728
4632,4.632694,0.531693161,0.514708877,0.468306869,-3.1320188,-0.146026596,3.27804542,-0.399271041
4633,4.633691,0.531748295,0.514734447,0.468251705,-3.0262754,0.0201416016,3.0665586,-0.396737427
4634,4.634720,0.531781852,0.514750004,0.468218178,-2.79968238,0.115814202,2.68386817,-0.393575668
4635,4.635690,0.531768441,0.514743805,0.468231559,-2.46231055,0.246734604,2.21557593,-0.390603811
4636,4.636699,0.531733453,0.514727533,0.468266547,-1.90338135,0.231628403,1.67175293,-0.390242904
4637,4.637681,0.531542242,0.514677882,0.468373597,-1.2638855,0.0553894006,1.20849609,-0.381421059
4638,4.638690,0.531402111,0.514573753,0.468597859,-0.709991395,-0.342407227,1.05239868,-0.374556184
4639,4.639673,0.531215489,0.514487147,0.468784511,-0.110778801,-1.05743408,1.2538147,-0.368136644
4640,4.640695,0.530908763,0.514344811,0.469091266,0.0906371996,-2.03933716,1.94869995,-0.361306936
4641,4.641677,0.530630231,0.514215529,0.469369769,-0.0100708008,-2.64862037,2.65869117,-0.354624927
4642,4.642697,0.530282021,0.514053941,0.46971795,-0.412902832,-2.89535499,3.30825782,-0.348296791
4643,4.643681,0.529784024,0.513882637,0.470087051,-1.01211548,-2.80471778,3.81683326,-0.340925694
4644,4.644690,0.529336274,0.513615012,0.470663726,-1.59118629,-2.42706275,4.01824903,-0.336753845
4645,4.645720,0.528868139,0.513397753,0.471131891,-2.06954932,-1.8328855,3.90243483,-0.334140539
4646,4.646686,0.528334081,0.513149917,0.471665949,-2.31124854,-1.43005359,3.74130201,-0.332598358
4647,4.647694,0.527780294,0.512892902,0.472219706,-2.44216919,-1.10778797,3.54995728,-0.331930429
4648,4.648676,0.527141511,0.512596428,0.472858518,-2.50762939,-0.89126581,3.39889526,-0.332141399
4649,4.649699,0.526314437,0.512212574,0.473494232,-2.527771,-0.745239198,3.27301025,-0.332837492
4650,4.650682,0.525568366,0.511866331,0.474431634,-2.49252319,-0.659637392,3.15216064,-0.333685875
4651,4.651690,0.524826467,0.511521995,0.475173533,-2.42202735,-0.589141846,3.03634644,-0.334625691
4652,4.652674,0.524047911,0.511160672,0.475952089,-2.36160278,-0.604248047,2.96585083,-0.33542493
4653,4.653695,0.523270786,0.510800004,0.476729244,-2.25585937,-0.579071045,2.83493042,-0.33561483
4654,4.654678,0.522385538,0.510389149,0.477614462,-2.17529273,-0.569000244,2.74429297,-0.336423427
4655,4.655689,0.521295786,0.509883404,0.478461623,-2.05444312,-0.584106386,2.63854957,-0.336871147
4656,4.656720,0.520358145,0.50944823,0.479641855,-1.93862903,-0.563964844,2.5378418,-0.337131321
4657,4.657677,0.519438267,0.509021342,0.480561733,-1.83792114,-0.553893983,2.42706275,-0.337321162
4658,4.658687,0.51844269,0.508559287,0.48155728,-1.73217762,-0.528717041,2.26089478,-0.337471128
4659,4.659682,0.517421544,0.50808537,0.482578427,-1.65664661,-0.488433838,2.14508057,-0.337564886
4660,4.660690,0.516415417,0.507618427,0.483584613,-1.5660094,-0.448150605,2.01415992,-0.337682128
4661,4.661674,0.515077293,0.507121742,0.484654784,-1.48040771,-0.392761201,1.87316895,-0.337886095
4662,4.662695,0.513992071,0.506493747,0.486007959,-1.37969971,-0.327301025,1.70700073,-0.338047862
4663,4.663678,0.512886167,0.505980492,0.487113863,-1.2840271,-0.276946992,1.5760802,-0.338216662
4664,4.664687,0.511770666,0.505462766,0.488229305,-1.17324817,-0.216522202,1.38977039,-0.338661969
4665,4.665688,0.510618985,0.504928291,0.489380985,-1.09268188,-0.166168213,1.2588501,-0.338994741
4666,4.666696,0.509453654,0.504387438,0.490546316,-0.981903017,-0.130920395,1.11282337,-0.33928299
4667,4.667725,0.508000791,0.503713191,0.491999209,-0.856018066,-0.120849594,0.976867676,-0.339850157
4668,4.668677,0.506807625,0.503159404,0.493192375,-0.745239198,-0.0956726,0.840911806,-0.340304822
4669,4.669699,0.505606294,0.502601862,0.494393706,-0.614318848,-0.0704956055,0.725097597,-0.340864986
4670,4.670682,0.504405618,0.502044678,0.495594412,-0.503539979,-0.0503540002,0.553893983,-0.341343135
4671,4.671691,0.503191411,0.501481116,0.496808589,-0.397796571,-0.0201416016,0.417938173,-0.341479093
4672,4.672674,0.501976013,0.500917077,0.498023987,-0.317230195,0.0151061993,0.302123994,-0.342294723
4673,4.673697,0.500452578,0.500210047,0.499242812,-0.261840791,0.0402832031,0.221557587,-0.343246311
4674,4.674679,0.499233544,0.499644279,0.500766456,-0.206451416,0.0553894006,0.151062012,-0.343968153
4675,4.675691,0.498015285,0.4990789,0.501984715,-0.166168213,0.0805664063,0.110778801,-0.344694674
4676,4.676675,0.496799946,0.498514861,0.503200114,-0.110778801,0.100708,0.0100708008,-0.345442295
4677,4.677696,0.495589226,0.497952938,0.504410744,-0.0805664063,0.140991211,-0.0604248047,-0.346187592
4678,4.678720,0.494075865,0.497394145,0.505614877,-0.0302123986,0.216522202,-0.1863098,-0.347174287
4679,4.679674,0.492897511,0.496841609,0.50680536,0.0503540002,0.25680539,-0.307159394,-0.347978175
4680,4.680695,0.491708815,0.496152043,0.508291185,0.115814202,0.297088593,-0.412902802,-0.348751605
4681,4.681679,0.490530491,0.495605201,0.509469509,0.221557602,0.352477998,-0.553893983,-0.349525034
4682,4.682689,0.489381105,0.495071769,0.510618925,0.297088593,0.412902832,-0.709991455,-0.35021174
4683,4.683683,0.488239884,0.494542122,0.511760116,0.352477998,0.463256806,-0.815734804,-0.351205468
4684,4.684690,0.486848444,0.494020551,0.512883902,0.3877258,0.51864624,-0.90637207,-0.352009416
4685,4.685695,0.485726774,0.493375748,0.513988793,0.422973603,0.579071045,-1.00204468,-0.353305519
4686,4.686692,0.484647125,0.492874712,0.515352845,0.443115205,0.629424989,-1.07254016,-0.35435313
4687,4.687675,0.483590037,0.492384106,0.516409934,0.458221376,0.674743593,-1.12792957,-0.356171846
4688,4.688696,0.482557207,0.491904795,0.517442822,0.453186005,0.699920595,-1.15310657,-0.357437491
4689,4.689722,0.481550068,0.491437346,0.518449903,0.443115205,0.699920595,-1.14303577,-0.358595312
4690,4.690675,0.480585545,0.490989715,0.519414485,0.412902832,0.664672852,-1.07757568,-0.361217976
4691,4.691695,0.479402035,0.490440458,0.520381093,0.3826904,0.594177186,-0.976867557,-0.363971889
4692,4.692678,0.47848922,0.490016788,0.52151072,0.3826904,0.438079834,-0.820770264,-0.367321104
4693,4.693700,0.477590412,0.489599675,0.522409618,0.478363007,0.120849594,-0.63446039,-0.370684385
4694,4.694682,0.476760119,0.489214331,0.523239851,0.599212646,-0.0805664063,-0.51864624,-0.374949992
4695,4.695694,0.475927263,0.488827825,0.524072766,0.825805664,-0.266876191,-0.558929443,-0.378807813
4696,4.696676,0.475168049,0.488475472,0.52483201,1.2437439,-0.473327577,-0.770416319,-0.383577287
4697,4.697699,0.474205852,0.488028914,0.52557373,1.68685913,-0.720062196,-0.966796935,-0.38777262
4698,4.698682,0.473510295,0.487706095,0.526489735,2.18032813,-0.89630121,-1.28402686,-0.387770295
4699,4.699690,0.472853839,0.487401426,0.527146161,2.74932837,-0.921478152,-1.72210693,-0.392743737
4700,4.700715,0.472237408,0.487115353,0.527762651,3.0413816,-0.830841005,-2.21054053,-0.401928902
4701,4.701676,0.471661925,0.486848265,0.528338075,3.18237257,-0.589141846,-2.59323072,-0.405610979
4702,4.702698,0.471151114,0.486611187,0.528848886,3.20251441,-0.246734604,-2.95577979,-0.408226609
4703,4.703681,0.470544368,0.48637259,0.529362977,3.17230225,-0.0100708008,-3.16223145,-0.41189456
4704,4.704689,0.470060259,0.486104906,0.529939711,3.1018064,0.181274399,-3.28308082,-0.413964093
4705,4.705688,0.469691187,0.485933632,0.530308843,2.87017822,0.468292207,-3.37371802,-0.414643764
4706,4.706697,0.469318658,0.485760748,0.530681372,2.72918677,0.7653808,-3.49456763,-0.415377408
4707,4.707680,0.469040096,0.485631466,0.530959904,2.6184082,0.931549013,-3.54995728,-0.415295422
4708,4.708688,0.468782812,0.485512048,0.531217217,2.55798316,1.04736316,-3.6053462,-0.41504702
4709,4.709684,0.468550891,0.485413998,0.531428456,2.52273536,1.11282337,-3.63555861,-0.41392675
4710,4.710692,0.46834749,0.485310018,0.53165251,2.5428772,1.10778797,-3.65066528,-0.413045526
4711,4.711716,0.468240738,0.485260487,0.531759262,2.58819556,1.08764637,-3.67584181,-0.412152529
4712,4.712677,0.468206048,0.485244364,0.531793952,2.65869141,1.03225708,-3.69094849,-0.411899388
4713,4.713697,0.468167752,0.485226601,0.531832278,2.67883277,1.01211548,-3.69094825,-0.411280632
4714,4.714681,0.46822691,0.485254049,0.53177309,2.69897437,0.976867676,-3.67584205,-0.410842299
4715,4.715693,0.468309969,0.485292614,0.531692386,2.72415137,0.936584413,-3.66073585,-0.410645396
4716,4.716676,0.468449175,0.485357225,0.531550825,2.72918677,0.916442752,-3.64562941,-0.41058448
4717,4.717698,0.468634903,0.485443413,0.531365097,2.68890357,0.941619813,-3.61541724,-0.41056335
4718,4.718681,0.468916297,0.485574007,0.531083703,2.65869141,0.931549013,-3.59024048,-0.410553932
4719,4.719690,0.469169289,0.485691428,0.530830741,2.62847877,0.931549013,-3.56002784,-0.410469532
4720,4.720673,0.469516575,0.485852599,0.530483425,2.59826636,0.931549013,-3.52981544,-0.410312474
4721,4.721696,0.469959497,0.486058146,0.530139446,2.56301856,0.911407411,-3.47442603,-0.410012424
4722,4.722720,0.470359504,0.486243814,0.529640496,2.51769996,0.90133667,-3.42407203,-0.409843624
4723,4.723678,0.470850229,0.486471534,0.529149771,2.49755836,0.866088808,-3.35357666,-0.409660757
4724,4.724687,0.471360445,0.486708343,0.528639555,2.44216919,0.830841005,-3.27301025,-0.40949899
4725,4.725687,0.471935123,0.486975044,0.528064847,2.41195655,0.795593143,-3.20754957,-0.409402847
4726,4.726696,0.472506672,0.487240314,0.527493358,2.35656738,0.7653808,-3.12194824,-0.409320772
4727,4.727679,0.473305941,0.487524807,0.526880324,2.31628418,0.735168397,-3.05145264,-0.409194171
4728,4.728688,0.474010259,0.487938106,0.525989711,2.26089454,0.704955995,-2.96585059,-0.409219921
4729,4.729684,0.474671364,0.488244951,0.525328636,2.19039917,0.664672852,-2.86010718,-0.409222245
4730,4.730693,0.47547102,0.488616049,0.52452898,2.13500953,0.659637392,-2.79464698,-0.409194112
4731,4.731676,0.476247638,0.488976479,0.523752332,2.03933716,0.594177186,-2.6335144,-0.409231603
4732,4.732697,0.477078795,0.48936224,0.522921205,1.96884143,0.569000244,-2.5378418,-0.409231603
4733,4.733712,0.47819978,0.489882469,0.52180016,1.88323963,0.543823183,-2.42706275,-0.409231603
4734,4.734677,0.479087234,0.490294367,0.520912826,1.78756702,0.51864624,-2.30621338,-0.409231603
4735,4.735703,0.480054438,0.49074325,0.519945562,1.69189441,0.483398378,-2.19039893,-0.409231603
4736,4.736674,0.481002778,0.491183341,0.518997192,1.5811156,0.448150605,-2.02926612,-0.409231603
4737,4.737691,0.481980711,0.49163723,0.518019319,1.49551392,0.412902832,-1.90841675,-0.409231603
4738,4.738688,0.483000249,0.492110401,0.516999781,1.39984119,0.392761201,-1.79260242,-0.409231603
4739,4.739684,0.484309793,0.492601067,0.515942454,1.29913318,0.357513398,-1.65664661,-0.409231603
4740,4.740693,0.485406786,0.493227273,0.514593244,1.18835437,0.322265625,-1.51062,-0.409231603
4741,4.741676,0.486489624,0.49372983,0.513510406,1.05743408,0.292053193,-1.36962891,-0.409231603
4742,4.742696,0.487594187,0.49424246,0.512405872,0.961761415,0.231628403,-1.19338977,-0.409231603
4743,4.743681,0.4887456,0.494776815,0.51125437,0.835876405,0.206451416,-1.04232788,-0.409231603
4744,4.744718,0.490175754,0.495313495,0.51009804,0.725097597,0.161132813,-0.886230409,-0.409231603
4745,4.745683,0.491357088,0.495849639,0.508942723,0.614318848,0.125884995,-0.740203857,-0.409231603
4746,4.746692,0.492535651,0.496535808,0.507464409,0.498504579,0.100708,-0.599212587,-0.409158945
4747,4.747677,0.493720293,0.497085571,0.506279707,0.367584199,0.0553894006,-0.443115205,-0.409130812
4748,4.748687,0.494920015,0.497642368,0.505079985,0.25176999,0.0251770001,-0.276946992,-0.409102678
4749,4.749681,0.496130317,0.498204052,0.503869653,0.140991211,0,-0.140991211,-0.409015954
4750,4.750691,0.497340202,0.498765588,0.502659798,0.0503540002,-0.0352478027,-0.0151061974,-0.408959687
4751,4.751686,0.498860776,0.499329776,0.501444101,-0.0251770001,-0.0553894006,0.0805663988,-0.408962011
4752,4.752694,0.500081003,0.500037611,0.499919027,-0.0553894006,-0.0805664063,0.135955811,-0.408868253
4753,4.753676,0.50130111,0.500603855,0.49869892,-0.115814202,-0.0906371996,0.201416001,-0.408870578
4754,4.754699,0.502517283,0.501168251,0.497482687,-0.166168213,-0.115814202,0.281982422,-0.408835411
4755,4.755714,0.503730774,0.501731455,0.496269196,-0.231628403,-0.130920395,0.362548798,-0.408865869
4756,4.756680,0.504942775,0.502293944,0.495057255,-0.332336426,-0.151062012,0.483398438,-0.408865869
4757,4.757688,0.506438375,0.50285393,0.493850738,-0.438079834,-0.151062012,0.589141846,-0.408865869
4758,4.758684,0.507621467,0.503537118,0.492378533,-0.548858583,-0.201416001,0.750274599,-0.408793211
4759,4.759693,0.508805394,0.504086614,0.491194636,-0.689849854,-0.231628403,0.886230409,-0.408765078
4760,4.760675,0.50996238,0.504623532,0.49003762,-0.810699403,-0.276946992,1.08764637,-0.408736944
4761,4.761696,0.511120498,0.505161047,0.488879502,-0.926513612,-0.307159424,1.2336731,-0.408708811
4762,4.762680,0.512264013,0.505691767,0.487735987,-1.02218616,-0.347442627,1.36962879,-0.408739269
4763,4.763689,0.513645947,0.50620997,0.486619353,-1.13296497,-0.3877258,1.5206908,-0.408739269
4764,4.764684,0.514736772,0.506839335,0.485263199,-1.23870838,-0.422973603,1.66168201,-0.408739269
4765,4.765697,0.5158059,0.507335544,0.4841941,-1.35452271,-0.483398378,1.81274402,-0.408739269
4766,4.766721,0.516878486,0.507833362,0.483121544,-1.485443,-0.50857538,1.99401832,-0.408739269
4767,4.767681,0.517886877,0.508301318,0.482113093,-1.5710448,-0.538787842,2.10983276,-0.408739269
4768,4.768690,0.518882334,0.508763313,0.481117666,-1.66671741,-0.574035585,2.24075294,-0.408739269
4769,4.769686,0.520071268,0.509205043,0.480165839,-1.7674253,-0.604248047,2.37167335,-0.408739269
4770,4.770694,0.521034718,0.509762228,0.478965282,-1.86309803,-0.624389589,2.48748755,-0.408739269
4771,4.771679,0.521935105,0.510180116,0.478064895,-1.97387683,-0.659637392,2.6133728,-0.408739269
4772,4.772688,0.522785187,0.510574639,0.477214783,-2.06954932,-0.689849854,2.75939918,-0.408666611
4773,4.773682,0.523637831,0.510970354,0.476362169,-2.16018653,-0.694885254,2.85507178,-0.408579886
4774,4.774693,0.524418116,0.511332452,0.475581855,-2.24578834,-0.715026796,2.96081519,-0.408443928
4775,4.775679,0.525366187,0.511686623,0.474818856,-2.30117774,-0.715026796,3.0162046,-0.408251703
4776,4.776687,0.526103318,0.512114584,0.473896652,-2.40692139,-0.740203857,3.14712524,-0.408080578
4777,4.777710,0.526739419,0.512409806,0.473260581,-2.50259376,-0.750274599,3.25286841,-0.407874286
4778,4.778682,0.527420938,0.512726128,0.472579092,-2.58819556,-0.750274599,3.33847022,-0.407639861
4779,4.779690,0.528019547,0.513003945,0.471980482,-2.64862037,-0.735168397,3.38378882,-0.407363325
4780,4.780675,0.528554201,0.51325202,0.471445769,-2.72415137,-0.725097597,3.44924903,-0.407124311
4781,4.781695,0.529214203,0.513558388,0.470930994,-2.79464722,-0.715026796,3.50967407,-0.406479836
4782,4.782677,0.529652178,0.51376164,0.470347881,-2.86010718,-0.679778993,3.53988624,-0.405997038
4783,4.783688,0.53006947,0.513955295,0.46993053,-2.94570899,-0.63446039,3.57009864,-0.405443907
4784,4.784683,0.530466735,0.514139652,0.469533265,-3.0162046,-0.563964844,3.58016944,-0.404827476
4785,4.785695,0.530770719,0.514280736,0.469229311,-3.0615232,-0.498504579,3.56002784,-0.403957933
4786,4.786679,0.531102836,0.514434874,0.468897134,-3.1068418,-0.422973603,3.52981544,-0.403018117
4787,4.787688,0.531367421,0.51453346,0.468684644,-3.15216041,-0.337371796,3.48953223,-0.401527494
4788,4.788712,0.531521857,0.514629364,0.468478173,-3.16726661,-0.236663789,3.40393043,-0.40135166
4789,4.789692,0.531654656,0.514690995,0.468345344,-3.12194824,-0.0956726,3.26797462,-0.399190754
4790,4.790690,0.53179127,0.514754355,0.4682087,-3.0162046,0.0402832031,2.97592139,-0.396896243
4791,4.791673,0.531805456,0.514760971,0.468194574,-2.78961158,0.130920395,2.65869117,-0.393406421
4792,4.792696,0.53174746,0.51473403,0.46825251,-2.40188599,0.25680539,2.14508057,-0.3925111
4793,4.793680,0.531722605,0.514732242,0.468256503,-1.84799182,0.226593003,1.62139881,-0.386131436
4794,4.794688,0.531609714,0.514670134,0.468390286,-1.19842529,0.0352478027,1.16317749,-0.379995495
4795,4.795687,0.531425297,0.514584541,0.468574703,-0.51361078,-0.402832001,1.05239856,-0.375129879
4796,4.796696,0.531219602,0.514489055,0.468780369,-0.0906371996,-1.3343811,1.42501831,-0.36731109
4797,4.797679,0.530943334,0.514360845,0.469056666,0.100708,-2.11990333,2.01919532,-0.360973597
4798,4.798688,0.530694902,0.51424557,0.469305098,-0.0453185998,-2.68890357,2.73422217,-0.353150129
4799,4.799691,0.530259311,0.514043391,0.469740689,-0.483398378,-2.90039039,3.38378882,-0.345882177
4800,4.800684,0.529836953,0.513847411,0.470163077,-1.09268188,-2.76443458,3.85711646,-0.340297014
4801,4.801694,0.529417932,0.513652921,0.470582098,-1.75231934,-2.37670875,4.01824903,-0.336087674
4802,4.802677,0.528885901,0.513405979,0.471114069,-2.11486816,-1.8077085,3.92257667,-0.333586931
4803,4.803699,0.528403044,0.513181925,0.471596986,-2.32635498,-1.40487659,3.73123169,-0.332464248
4804,4.804682,0.527788222,0.512896538,0.472211778,-2.46734595,-1.09771717,3.565063,-0.331979126
4805,4.805694,0.527061522,0.512633204,0.472779214,-2.5328064,-0.871124148,3.40393066,-0.332283854
4806,4.806677,0.526357949,0.51223278,0.473642051,-2.51769996,-0.735168397,3.25286841,-0.332918972
4807,4.807686,0.525678813,0.511917591,0.474321187,-2.48748779,-0.654602051,3.15719581,-0.333910346
4808,4.808683,0.524940968,0.511575162,0.475059062,-2.43713355,-0.599212646,3.0363462,-0.33475405
4809,4.809692,0.524166226,0.511215568,0.475833774,-2.35153174,-0.589141846,2.94067359,-0.335494697
4810,4.810717,0.523355901,0.510839522,0.476644099,-2.27096558,-0.569000244,2.83996582,-0.336261064
4811,4.811685,0.522312403,0.510447502,0.477488846,-2.18032813,-0.584106386,2.76443458,-0.33657518
4812,4.812695,0.521374702,0.509920001,0.478625268,-2.07962036,-0.569000244,2.64862061,-0.336900979
4813,4.813677,0.520491004,0.509509921,0.479508996,-1.97891223,-0.584106386,2.56301856,-0.337191612
4814,4.814697,0.51954335,0.509070098,0.48045668,-1.84799182,-0.553893983,2.40188575,-0.337273628
4815,4.815683,0.51858139,0.50862366,0.48141861,-1.77246082,-0.528717041,2.30117798,-0.337454051
4816,4.816692,0.517562628,0.508150876,0.482437402,-1.66671741,-0.488433838,2.15515137,-0.337540776
4817,4.817674,0.516532719,0.507672846,0.483467281,-1.5660094,-0.443115205,2.00912452,-0.337737709
4818,4.818695,0.515199184,0.507053971,0.484800816,-1.5005492,-0.372619599,1.87316883,-0.337833852
4819,4.819679,0.514117539,0.506551981,0.485882491,-1.40487659,-0.322265625,1.72714221,-0.338112801
4820,4.820688,0.513014972,0.506040275,0.486985028,-1.30416858,-0.25680539,1.560974,-0.33835426
4821,4.821712,0.511893272,0.505519688,0.488106698,-1.19842529,-0.216522202,1.41494751,-0.338703424
4822,4.822685,0.510754108,0.504990995,0.489245892,-1.09771717,-0.166168213,1.26388538,-0.339108855
4823,4.823694,0.509322762,0.504454911,0.490401059,-0.991973877,-0.130920395,1.12289429,-0.339568198
4824,4.824677,0.508141816,0.503778636,0.491858184,-0.876159668,-0.110778801,0.986938477,-0.339889288
4825,4.825701,0.506945372,0.50322336,0.493054628,-0.745239198,-0.0856018066,0.856018007,-0.340503335
4826,4.826684,0.50575614,0.502671421,0.49424386,-0.629424989,-0.0805664063,0.709991395,-0.34061116
4827,4.827692,0.504556477,0.502114654,0.495443493,-0.51864624,-0.0604247972,0.579071045,-0.341265023
4828,4.828676,0.503342867,0.501551449,0.496657133,-0.402832001,-0.0302123986,0.433044404,-0.341916621
4829,4.829697,0.501823783,0.500846446,0.497872055,-0.327301025,0.0151061993,0.312194824,-0.342601031
4830,4.830679,0.500605285,0.500280917,0.499394745,-0.261840791,0.0453185998,0.216522187,-0.343170613
4831,4.831690,0.499385804,0.499714941,0.500614166,-0.1963806,0.0553894006,0.161132798,-0.343944043
4832,4.832715,0.498167247,0.499149412,0.501832724,-0.161132813,0.0704956055,0.090637207,-0.344715089
4833,4.833675,0.496951461,0.498585165,0.503048539,-0.115814202,0.0906371996,0.025177002,-0.345390052
4834,4.834696,0.495740145,0.498023003,0.504259884,-0.0906371996,0.140991211,-0.0503540114,-0.345968932
4835,4.835681,0.494235069,0.497463703,0.505464911,-0.0352478027,0.206451416,-0.171203613,-0.347175926
4836,4.836692,0.49303484,0.496767461,0.50696516,0.0302123986,0.246734604,-0.276946992,-0.347949356
4837,4.837675,0.491868854,0.496226341,0.508131206,0.115814202,0.297088593,-0.412902802,-0.348643094
4838,4.838695,0.490690857,0.495679617,0.509309173,0.211486802,0.352477998,-0.563964784,-0.349402457
4839,4.839679,0.489533126,0.495142311,0.510466874,0.281982422,0.407867402,-0.689849854,-0.350147754
4840,4.840688,0.488381475,0.494607836,0.511618555,0.352477998,0.458221376,-0.810699344,-0.351061791
4841,4.841697,0.486976713,0.49395588,0.512734473,0.3877258,0.51361078,-0.901336551,-0.351532906
4842,4.842692,0.485874355,0.493444264,0.514125645,0.438079834,0.569000244,-1.00708008,-0.353117317
4843,4.843716,0.484792829,0.492942333,0.515207171,0.458221376,0.624389589,-1.08261096,-0.354378223
4844,4.844674,0.483720869,0.492444843,0.516279161,0.473327577,0.664672852,-1.13800049,-0.355372012
4845,4.845700,0.48268491,0.491964042,0.51731509,0.473327577,0.699920595,-1.17324817,-0.357024342
4846,4.846683,0.481689006,0.491501838,0.518311024,0.468292207,0.694885254,-1.16317749,-0.359276652
4847,4.847691,0.480449528,0.49103871,0.519308984,0.443115205,0.684814453,-1.12792969,-0.361650914
4848,4.848675,0.479485631,0.490479231,0.520514369,0.402832001,0.614318848,-1.01715088,-0.363563418
4849,4.849696,0.478601635,0.490069002,0.521398425,0.3826904,0.478363007,-0.850982606,-0.367025107
4850,4.850679,0.477716506,0.489658207,0.522283494,0.453186005,0.176238999,-0.629424989,-0.36778447
4851,4.851687,0.47684586,0.489254147,0.523154199,0.584106386,-0.0402832031,-0.543823183,-0.371914148
4852,4.852682,0.476027042,0.488874108,0.523972929,0.805664003,-0.216522202,-0.589141786,-0.37757194
4853,4.853691,0.47505343,0.488519669,0.524736702,1.16821277,-0.438079834,-0.730132937,-0.383958638
4854,4.854694,0.474295408,0.488070458,0.525704622,1.5962218,-0.699920595,-0.89630121,-0.38787505
4855,4.855679,0.473615974,0.48775512,0.526383996,2.08969092,-0.886230409,-1.20346045,-0.392072737
4856,4.856688,0.47293365,0.48743847,0.52706635,2.68386817,-0.936584413,-1.7472837,-0.395921171
4857,4.857684,0.472334117,0.487160206,0.527665854,3.00613379,-0.886230409,-2.11990333,-0.400880545
4858,4.858693,0.471753925,0.486890972,0.528246105,3.17230225,-0.654602051,-2.5177002,-0.404201627
4859,4.859676,0.471192509,0.48663038,0.528807461,3.19747901,-0.297088593,-2.90039039,-0.409362555
4860,4.860698,0.470578551,0.48634544,0.529421389,3.18237257,-0.0453185998,-3.13705397,-0.411797732
4861,4.861681,0.470136166,0.486140132,0.529863834,3.12194824,0.146026596,-3.26797485,-0.413372725
4862,4.862690,0.469737798,0.485955268,0.530262232,2.91046143,0.483398378,-3.39385986,-0.414439112
4863,4.863673,0.469408333,0.485802352,0.530591667,2.73422217,0.745239198,-3.47946143,-0.415360242
4864,4.864696,0.469099939,0.485659212,0.530900002,2.6133728,0.921478152,-3.53485107,-0.415414184
4865,4.865724,0.468728989,0.485487074,0.531270981,2.55294776,1.03225708,-3.58520484,-0.414858788
4866,4.866677,0.468523324,0.485391617,0.531476676,2.5428772,1.08261108,-3.62548828,-0.414026797
4867,4.867687,0.46836406,0.485317707,0.53163594,2.5428772,1.11282337,-3.64562988,-0.413094014
4868,4.868683,0.468251497,0.485265464,0.531748533,2.57308936,1.09771717,-3.67080641,-0.412273675
4869,4.869692,0.468236178,0.485258341,0.531763792,2.62847877,1.06246936,-3.69094801,-0.411896348
4870,4.870675,0.468192101,0.485237896,0.531807899,2.65869141,1.02218616,-3.68087769,-0.411533058
4871,4.871696,0.46823445,0.485239178,0.531805158,2.70401001,0.986938417,-3.69094849,-0.410799414
4872,4.872680,0.468321055,0.48529774,0.531678915,2.70904541,0.936584413,-3.64562988,-0.410628289
4873,4.873689,0.468429238,0.485347956,0.531570733,2.69897437,0.926513612,-3.63555908,-0.410553306
4874,4.874685,0.468609184,0.485431463,0.531390786,2.67883277,0.941619813,-3.62045264,-0.410576731
4875,4.875698,0.468860149,0.48554793,0.531139791,2.66876221,0.941619813,-3.61038208,-0.410501689
4876,4.876688,0.469107568,0.485662788,0.530892491,2.6335144,0.931549013,-3.56506348,-0.410389155
4877,4.877677,0.469425261,0.48581022,0.530574739,2.60833716,0.926513612,-3.53485084,-0.410241455
4878,4.878687,0.469909698,0.486035049,0.530090332,2.5831604,0.911407411,-3.49456787,-0.409990638
4879,4.879682,0.470327735,0.486229032,0.529672205,2.5428772,0.89126581,-3.43414307,-0.409828871
4880,4.880690,0.470812738,0.486454159,0.529187262,2.49252319,0.861053407,-3.35357666,-0.409718663
4881,4.881684,0.471271574,0.486667097,0.528728426,2.45223999,0.830841005,-3.28308105,-0.409563929
4882,4.882693,0.471819222,0.486921251,0.528180778,2.41195655,0.805664003,-3.21762061,-0.409481853
4883,4.883676,0.472452164,0.487215012,0.527547836,2.37670875,0.77041626,-3.14712501,-0.409313053
4884,4.884697,0.47320196,0.487562984,0.526798069,2.32131934,0.740203857,-3.0615232,-0.409338802
4885,4.885683,0.473902076,0.487887919,0.526097953,2.24578834,0.709991395,-2.97592139,-0.409202844
4886,4.886691,0.474599212,0.488211453,0.525400758,2.18536377,0.664672852,-2.85003662,-0.409191102
4887,4.887694,0.475374132,0.488571107,0.524625897,2.12997437,0.654602051,-2.78457642,-0.409207493
4888,4.888677,0.476165265,0.488938272,0.523834765,2.04940772,0.599212646,-2.64862037,-0.409237951
4889,4.889700,0.47720328,0.489419997,0.522990286,1.96884143,0.574035585,-2.54287696,-0.409230918
4890,4.890682,0.478071749,0.489823073,0.521928251,1.89834583,0.553893983,-2.45223975,-0.409230918
4891,4.891690,0.478989244,0.490248889,0.521010816,1.78253162,0.51361078,-2.31124854,-0.409230918
4892,4.892673,0.479936123,0.490688324,0.520063877,1.69189441,0.483398378,-2.20550513,-0.409230918
4893,4.893695,0.480865538,0.491119653,0.519134462,1.60125721,0.453186005,-2.05444312,-0.409230918
4894,4.894677,0.481869519,0.491585612,0.518130481,1.50558472,0.433044404,-1.93862915,-0.409230918
4895,4.895696,0.483143032,0.492050618,0.517128587,1.41494751,0.3877258,-1.80267334,-0.409230918
4896,4.896693,0.484189868,0.492662489,0.515810132,1.3092041,0.357513398,-1.66671753,-0.409230918
4897,4.897676,0.485248297,0.493153721,0.514751732,1.18835437,0.322265625,-1.51062,-0.409230918
4898,4.898712,0.486351848,0.493665874,0.513648152,1.07254028,0.276946992,-1.3494873,-0.409230918
4899,4.899679,0.487453848,0.494177312,0.512546122,0.966796756,0.25176999,-1.21856678,-0.409230918
4900,4.900688,0.488594294,0.494706601,0.511405706,0.861053407,0.1963806,-1.05743396,-0.409230918
4901,4.901684,0.489741594,0.495239049,0.510258436,0.745239198,0.171203613,-0.916442811,-0.409230918
4902,4.902693,0.491196841,0.495914459,0.508803189,0.63446039,0.120849594,-0.755309999,-0.409230918
4903,4.903675,0.492369711,0.496458769,0.507630289,0.51361078,0.0956726,-0.609283388,-0.409230918
4904,4.904695,0.493576109,0.497018665,0.506423891,0.367584199,0.0604247972,-0.428009003,-0.409151226
4905,4.905683,0.494769782,0.49757266,0.505230248,0.266876191,0.0302123986,-0.297088593,-0.409123093
4906,4.906692,0.49597615,0.498132527,0.50402385,0.166168213,-0.0100708008,-0.156097412,-0.409036368
4907,4.907675,0.497188479,0.498695165,0.502811491,0.0654601976,-0.0352478027,-0.0302123949,-0.408980101
4908,4.908697,0.498710543,0.499401569,0.501289487,-0.00503540039,-0.0553894006,0.060424801,-0.408975393
4909,4.909711,0.499928534,0.49996683,0.500071466,-0.0704956055,-0.0805664063,0.13092041,-0.408947259
4910,4.910681,0.50114882,0.500533164,0.49885121,-0.110778801,-0.100708,0.211486802,-0.408984751
4911,4.911690,0.50236541,0.501097798,0.49763459,-0.166168213,-0.115814202,0.281982422,-0.408905059
4912,4.912684,0.503582418,0.501662612,0.496417612,-0.221557602,-0.135955796,0.357513398,-0.408876926
4913,4.913696,0.505089581,0.5022223,0.495211661,-0.317230195,-0.156097397,0.473327577,-0.408841759
4914,4.914678,0.506289244,0.502918839,0.493710756,-0.422973603,-0.161132813,0.584106445,-0.408813626
4915,4.915690,0.507473648,0.503468513,0.492526352,-0.563964844,-0.1863098,0.730132997,-0.408865184
4916,4.916673,0.508659005,0.504018664,0.491341025,-0.679778993,-0.231628403,0.876159608,-0.408865184
4917,4.917696,0.509817779,0.504556417,0.490182191,-0.785522401,-0.271911591,1.05743396,-0.408865184
4918,4.918678,0.510977685,0.505094767,0.489022285,-0.906372011,-0.302124023,1.20849609,-0.408865184
4919,4.919687,0.512404799,0.50562197,0.48788631,-1.01715076,-0.352477998,1.36962879,-0.408865184
4920,4.920711,0.513497651,0.506264269,0.486502349,-1.11785889,-0.3877258,1.50558472,-0.408865184
4921,4.921680,0.514601707,0.50677669,0.485398293,-1.22360218,-0.417938203,1.64154041,-0.408865184
4922,4.922692,0.515673637,0.507274151,0.484326363,-1.34948719,-0.463256806,1.81274402,-0.408865184
4923,4.923675,0.516722441,0.507760882,0.483277529,-1.46026611,-0.498504579,1.95877075,-0.408865184
4924,4.924696,0.517746627,0.508236229,0.482253373,-1.5660094,-0.543823183,2.10983253,-0.408865184
4925,4.925683,0.518729746,0.508692503,0.481270224,-1.66168201,-0.569000244,2.23068237,-0.408865184
4926,4.926692,0.519953012,0.509260237,0.480046988,-1.75231934,-0.604248047,2.35656738,-0.408865184
4927,4.927675,0.520903409,0.509701312,0.479096591,-1.8429563,-0.63446039,2.47741675,-0.408865184
4928,4.928696,0.521824419,0.510128736,0.478175581,-1.96380603,-0.659637392,2.62344337,-0.408799559
4929,4.929681,0.522678733,0.510525227,0.477321297,-2.05947876,-0.684814453,2.74429321,-0.408771425
4930,4.930690,0.523554206,0.510931551,0.476445794,-2.14004493,-0.704955995,2.84500098,-0.408677667
4931,4.931714,0.524515569,0.511377692,0.475679696,-2.22564673,-0.725097597,2.95074439,-0.408541709
4932,4.932681,0.525274038,0.511729717,0.474725962,-2.29110718,-0.725097597,3.01620483,-0.408398718
4933,4.933690,0.526015878,0.512073994,0.473984122,-2.40692139,-0.750274599,3.14208961,-0.408286184
4934,4.934674,0.526678145,0.512381375,0.473321885,-2.48245239,-0.7653808,3.23272681,-0.408100992
4935,4.935698,0.527343273,0.512690067,0.472656727,-2.55294776,-0.77041626,3.32336402,-0.407894701
4936,4.936681,0.527924895,0.512960017,0.472075135,-2.6335144,-0.7653808,3.39889526,-0.407646209
4937,4.937690,0.528666377,0.513210356,0.471535623,-2.69393921,-0.750274599,3.44421387,-0.407372028
4938,4.938675,0.529130399,0.513519466,0.470969915,-2.76443458,-0.740203857,3.50463843,-0.407154083
4939,4.939696,0.529620409,0.513746858,0.470379561,-2.86514282,-0.709991395,3.54492188,-0.406507224
4940,4.940679,0.530043602,0.513943255,0.469956368,-2.93060279,-0.669708192,3.60031104,-0.405982226
4941,4.941689,0.530422509,0.514119148,0.469577491,-2.99606323,-0.629424989,3.62548828,-0.405370504
4942,4.942691,0.530756593,0.51427418,0.469243407,-3.0514524,-0.574035585,3.62548804,-0.404857188
4943,4.943683,0.530996084,0.514385343,0.469003946,-3.0917356,-0.498504579,3.59024024,-0.404219627
4944,4.944693,0.531292081,0.514522731,0.468707919,-3.14712501,-0.422973603,3.57009864,-0.402721971
4945,4.945679,0.531527042,0.514631748,0.468472987,-3.17230225,-0.322265625,3.49456787,-0.401189208
4946,4.946687,0.531665742,0.514696121,0.468334258,-3.17733765,-0.201416001,3.37875366,-0.399855614
4947,4.947683,0.531732619,0.514727175,0.468267381,-3.1118772,-0.0805664063,3.19244361,-0.398831367
4948,4.948697,0.531803071,0.514759839,0.468196929,-2.98599219,0.0553894006,2.93060279,-0.396100909
4949,4.949694,0.531818926,0.514747381,0.46822381,-2.74932837,0.151062012,2.59826636,-0.395730525
4950,4.950676,0.531708241,0.51471585,0.468272328,-2.34146094,0.261840791,2.07962012,-0.389064878
4951,4.951698,0.53160131,0.5146662,0.46839869,-1.5811156,0.226593003,1.5206908,-0.383826554
4952,4.952680,0.531422794,0.514583349,0.468577206,-0.956726015,-0.120849594,1.07757556,-0.378527343
4953,4.953695,0.531198263,0.51447916,0.468801707,-0.428009033,-0.669708192,1.09771729,-0.372534364
4954,4.954684,0.531001866,0.514388025,0.468998134,-0.0503540002,-1.45019519,1.5005492,-0.366447628
4955,4.955696,0.530605912,0.514263988,0.469265401,0.105743401,-2.21557593,2.10983253,-0.358005464
4956,4.956679,0.530306041,0.514065087,0.469693959,-0.105743401,-2.72415137,2.82989478,-0.351555437
4957,4.957687,0.529889047,0.513871551,0.470110923,-0.699920595,-2.89031959,3.43414283,-0.346300751
4958,4.958682,0.52947557,0.513679683,0.47052443,-1.29409778,-2.6335144,3.9276123,-0.340703875
4959,4.959691,0.529017925,0.513467252,0.470982075,-1.77749634,-2.17025733,3.94775367,-0.33613354
4960,4.960674,0.528471351,0.513213575,0.47152862,-2.12493873,-1.71203613,3.83697486,-0.333243698
4961,4.961696,0.527780175,0.512961507,0.472071886,-2.32131934,-1.3343811,3.65570045,-0.33207652
4962,4.962679,0.527119815,0.512586355,0.472722292,-2.43713355,-1.03225708,3.46939063,-0.332163274
4963,4.963688,0.526463568,0.512281775,0.473536432,-2.49755836,-0.830841005,3.32336426,-0.332538277
4964,4.964691,0.525788784,0.511968613,0.474211216,-2.48245239,-0.674743593,3.15719604,-0.333147615
4965,4.965686,0.525015235,0.511609614,0.474984735,-2.43713355,-0.609283388,3.046417,-0.334101528
4966,4.966695,0.524264932,0.511261404,0.475735068,-2.36663818,-0.594177186,2.96081543,-0.33506009
4967,4.967679,0.523459017,0.510887384,0.476540983,-2.28607154,-0.558929443,2.84500098,-0.335674196
4968,4.968688,0.52238524,0.51038903,0.477614731,-2.20046997,-0.563964844,2.76443481,-0.336067975
4969,4.969683,0.521521151,0.50998801,0.478478879,-2.09472632,-0.569000244,2.66372657,-0.336698472
4970,4.970693,0.520607293,0.509563863,0.479392678,-1.96884143,-0.574035585,2.54287696,-0.33702898
4971,4.971676,0.519663274,0.509125769,0.480336726,-1.86813331,-0.569000244,2.43713355,-0.33720243
4972,4.972697,0.518704951,0.508680999,0.481295049,-1.75231934,-0.543823183,2.29614258,-0.337263346
4973,4.973680,0.517689466,0.508209705,0.482310534,-1.65664661,-0.503539979,2.16018653,-0.337364107
4974,4.974689,0.516376138,0.507600188,0.483623832,-1.5710448,-0.468292207,2.03933692,-0.337509483
4975,4.975716,0.515332758,0.50711596,0.484667271,-1.4753722,-0.397796571,1.90338123,-0.337591559
4976,4.976685,0.514253736,0.506615162,0.485746235,-1.37466419,-0.337371796,1.71203601,-0.337783784
4977,4.977694,0.513164282,0.506109536,0.486835688,-1.29409778,-0.287017792,1.5811156,-0.3380557
4978,4.978676,0.512043893,0.505589604,0.487956107,-1.20346069,-0.216522202,1.41998291,-0.338318229
4979,4.979699,0.510618746,0.505057395,0.489102781,-1.10778797,-0.176238999,1.28402698,-0.338737696
4980,4.980682,0.509453475,0.504387379,0.490546554,-1.00204468,-0.135955796,1.13800049,-0.338974386
4981,4.981690,0.508282602,0.503843963,0.491717428,-0.861053407,-0.110778801,1.00204456,-0.339642316
4982,4.982673,0.50709939,0.503294826,0.49290061,-0.750274599,-0.0906371996,0.876159608,-0.339780599
4983,4.983696,0.505915225,0.502745271,0.494084805,-0.63949579,-0.0805664063,0.720062196,-0.34035477
4984,4.984679,0.504703522,0.502182901,0.495296448,-0.538787842,-0.0553894006,0.594177246,-0.340607911
4985,4.985691,0.50318867,0.501621723,0.496505678,-0.428009033,-0.0251770001,0.453186035,-0.341653228
4986,4.986721,0.501977324,0.500917673,0.498022646,-0.342407227,0.00503540039,0.337371826,-0.342236847
4987,4.987678,0.500758111,0.500351846,0.499241918,-0.281982422,0.0302123986,0.25177002,-0.343010277
4988,4.988687,0.499538094,0.499785632,0.500461876,-0.201416001,0.0654601976,0.135955811,-0.343612581
4989,4.989683,0.498317987,0.499219358,0.501681983,-0.176238999,0.0805664063,0.0956725925,-0.344339103
4990,4.990691,0.497103065,0.498655528,0.502896905,-0.120849594,0.0956726,0.0251769945,-0.345065624
4991,4.991675,0.495891094,0.498093039,0.504108906,-0.100708,0.151062012,-0.0503540114,-0.345921069
4992,4.992696,0.494389325,0.497396082,0.505610645,-0.0453185998,0.206451416,-0.161132813,-0.346921831
4993,4.993679,0.493189007,0.496839017,0.506811023,0.0201416016,0.25176999,-0.271911591,-0.347674161
4994,4.994688,0.492003232,0.496288687,0.507996798,0.115814202,0.312194794,-0.428009003,-0.348527282
4995,4.995688,0.4908292,0.495743811,0.509170771,0.201416001,0.357513398,-0.558929384,-0.349263221
4996,4.996696,0.489668697,0.495205224,0.510331273,0.276946992,0.402832001,-0.679778993,-0.34997806
4997,4.997699,0.488230318,0.494673729,0.511476576,0.342407227,0.458221376,-0.800628603,-0.351189762
4998,4.998675,0.487115741,0.494020373,0.512614906,0.377654999,0.50857538,-0.88623035,-0.352192909
4999,4.999692,0.486010909,0.493507653,0.513989091,0.428009033,0.563964844,-0.986938477,-0.352879673
5000,5.000690,0.484926701,0.493004471,0.515073299,0.448150605,0.624389589,-1.07254016,-0.354210913
5001,5.001674,0.48385185,0.49250561,0.51614809,0.453186005,0.674743593,-1.12792957,-0.355741352
5002,5.002695,0.482799232,0.49201709,0.517200768,0.473327577,0.689849854,-1.16317749,-0.356845289
5003,5.003678,0.481828034,0.49156636,0.518171966,0.473327577,0.689849854,-1.16317749,-0.358755469
5004,5.004687,0.480569959,0.490982503,0.519430101,0.438079834,0.669708192,-1.10778809,-0.361497641
5005,5.005686,0.479634911,0.490548551,0.520365119,0.397796571,0.624389589,-1.02218616,-0.362095356
5006,5.006695,0.478697509,0.490113497,0.521302521,0.377654999,0.448150605,-0.825805604,-0.365118802
5007,5.007678,0.477807641,0.489700496,0.522192359,0.443115205,0.211486802,-0.654601991,-0.368165672
5008,5.008698,0.476968795,0.489311188,0.523031235,0.563964844,-0.0302123986,-0.533752441,-0.373497725
5009,5.009675,0.47614637,0.48892948,0.5238536,0.760345399,-0.206451416,-0.553893983,-0.377217263
5010,5.010697,0.475167871,0.488475382,0.524832129,1.11785889,-0.433044404,-0.684814453,-0.377685994
5011,5.011679,0.474405855,0.488121718,0.525594175,1.5509032,-0.674743593,-0.876159608,-0.38688755
5012,5.012688,0.47372219,0.487804413,0.526277781,2.16522217,-0.89630121,-1.2689209,-0.39120239
5013,5.013682,0.473014116,0.487475783,0.526985824,2.64358497,-0.936584413,-1.70700049,-0.395629734
5014,5.014690,0.472409517,0.487195224,0.527590513,2.96585059,-0.89126581,-2.07458472,-0.399583668
5015,5.015677,0.471846491,0.486933887,0.528153479,3.17230225,-0.674743593,-2.49755859,-0.402689129
5016,5.016698,0.471128076,0.486600488,0.528871894,3.20754981,-0.332336426,-2.87521338,-0.408323497
5017,5.017680,0.47066018,0.486383349,0.52933979,3.20251441,-0.0906371996,-3.1118772,-0.410475045
5018,5.018689,0.470165342,0.486153692,0.529834688,3.096771,0.171203613,-3.26797462,-0.413589895
5019,5.019693,0.469785154,0.485977232,0.530214846,2.92556739,0.463256806,-3.38882422,-0.414979786
5020,5.020676,0.469401479,0.485799164,0.530598521,2.75436378,0.709991395,-3.46435523,-0.415347755
5021,5.021697,0.469015419,0.485664606,0.530888498,2.62847877,0.906372011,-3.53485084,-0.415382981
5022,5.022679,0.468807518,0.485523522,0.531157315,2.5428772,1.02722156,-3.57009888,-0.414996326
5023,5.023687,0.468571484,0.485413998,0.531428576,2.52273536,1.08261108,-3.60534644,-0.414337754
5024,5.024683,0.468431592,0.485349029,0.531568348,2.527771,1.12289417,-3.65066528,-0.413299531
5025,5.025694,0.46826297,0.485270798,0.53173703,2.57308936,1.10778797,-3.68087721,-0.412448734
5026,5.026677,0.468267053,0.485272706,0.531732976,2.6184082,1.06750476,-3.68591309,-0.41175735
5027,5.027700,0.468167752,0.485226095,0.53183341,2.66876221,1.02218616,-3.69094849,-0.411323726
5028,5.028682,0.468201667,0.485242337,0.531798303,2.69897437,0.976867676,-3.67584205,-0.410775244
5029,5.029691,0.468307674,0.485291541,0.531692326,2.72415137,0.936584413,-3.66073585,-0.410583019
5030,5.030719,0.468410045,0.485339046,0.531589925,2.70401001,0.916442752,-3.62045288,-0.410552561
5031,5.031679,0.46858418,0.485419869,0.53141582,2.68386817,0.931549013,-3.61541724,-0.410575986
5032,5.032687,0.468804628,0.485522181,0.531195402,2.67379737,0.936584413,-3.61038184,-0.410559535
5033,5.033684,0.469120175,0.485668629,0.530879796,2.6335144,0.936584413,-3.57009888,-0.41036731
5034,5.034692,0.469468206,0.485830128,0.530531764,2.60833716,0.936584413,-3.54492164,-0.410189152
5035,5.035679,0.469860613,0.48601225,0.530139387,2.57308936,0.916442752,-3.48953199,-0.409989893
5036,5.036688,0.470273137,0.4862037,0.529726803,2.527771,0.89126581,-3.41903687,-0.409828126
5037,5.037683,0.470752746,0.486426294,0.529247224,2.50259376,0.866088808,-3.36868262,-0.409645259
5038,5.038691,0.471229047,0.486647338,0.528770924,2.45223999,0.835876405,-3.28811646,-0.409542084
5039,5.039674,0.47172606,0.486878037,0.52827394,2.42706275,0.805664003,-3.23272681,-0.40938735
5040,5.040694,0.472506851,0.487240374,0.527493119,2.38174438,0.7653808,-3.14712524,-0.409284174
5041,5.041724,0.473141223,0.487534791,0.526858747,2.33139038,0.735168397,-3.06655884,-0.409230232
5042,5.042680,0.473815173,0.487847567,0.526184797,2.25082374,0.694885254,-3.0162046,-0.409211457
5043,5.043688,0.474547982,0.488187671,0.525452018,2.20046997,0.669708192,-2.87017822,-0.409220815
5044,5.044684,0.475277871,0.488526404,0.524722099,2.15011597,0.63949579,-2.78961182,-0.409192681
5045,5.045696,0.476266682,0.488909096,0.523897529,2.04437232,0.604248047,-2.64862037,-0.409230173
5046,5.046678,0.477115363,0.489379197,0.52309525,1.98394775,0.574035585,-2.5579834,-0.409230173
5047,5.047687,0.477979004,0.489780009,0.522020996,1.90338135,0.543823183,-2.44720459,-0.409230173
5048,5.048682,0.478858292,0.490188092,0.521141708,1.79763782,0.523681581,-2.32131934,-0.409230173
5049,5.049692,0.479786217,0.490618765,0.520213842,1.69692981,0.483398378,-2.18032813,-0.409230173
5050,5.050675,0.480774492,0.491077423,0.519225538,1.61636329,0.463256806,-2.07962012,-0.409230173
5051,5.051697,0.48198092,0.491520911,0.518269956,1.5206908,0.422973603,-1.94366443,-0.409230173
5052,5.052701,0.483027399,0.492122978,0.516972601,1.41998279,0.392761201,-1.81274402,-0.409230173
5053,5.053699,0.484057724,0.492601156,0.515942276,1.29409778,0.352477998,-1.66671741,-0.409230173
5054,5.054697,0.485113353,0.493091106,0.514886677,1.18331909,0.317230195,-1.50054932,-0.409230173
5055,5.055685,0.486203462,0.493597001,0.513796568,1.08764637,0.276946992,-1.36459339,-0.409230173
5056,5.056695,0.487313837,0.494112313,0.512686133,0.976867676,0.246734604,-1.22360229,-0.409230173
5057,5.057678,0.488461345,0.49464488,0.511538625,0.866088808,0.211486802,-1.07757556,-0.409230173
5058,5.058687,0.489894301,0.495309919,0.510105669,0.760345399,0.181274399,-0.941619813,-0.409230173
5059,5.059683,0.491050512,0.49584654,0.508949518,0.64453125,0.140991211,-0.785522461,-0.409230173
5060,5.060692,0.492234051,0.496395797,0.507765949,0.503539979,0.100708,-0.604247987,-0.409164548
5061,5.061675,0.493416756,0.496944726,0.506583273,0.3826904,0.0654601976,-0.448150605,-0.409136415
5062,5.062696,0.494619548,0.497502923,0.505380452,0.276946992,0.0352478027,-0.312194794,-0.409108281
5063,5.063793,0.496124417,0.49820134,0.503875554,0.135955796,-0.0151061993,-0.161132813,-0.409000456
5064,5.064585,0.497036844,0.498624802,0.502963185,0.0704956055,-0.0302123986,-0.0402832069,-0.408958256
5065,5.065696,0.498557389,0.499330491,0.501442611,-0.0201416016,-0.0553894006,0.060424801,-0.408967614
5066,5.066679,0.499776185,0.499896139,0.500223875,-0.0654601976,-0.0654601976,0.120849609,-0.408939481
5067,5.067687,0.50099647,0.500462472,0.49900353,-0.110778801,-0.0906371996,0.201416001,-0.408911347
5068,5.068683,0.502213538,0.501027286,0.497786462,-0.156097397,-0.115814202,0.271911591,-0.408883214
5069,5.069693,0.503731012,0.501588523,0.496577233,-0.201416001,-0.125884995,0.327300996,-0.408848047
5070,5.070677,0.50493902,0.502292216,0.495362282,-0.307159424,-0.146026596,0.453186035,-0.408819914
5071,5.071699,0.506144643,0.502851725,0.493855357,-0.448150605,-0.156097397,0.563964784,-0.408864439
5072,5.072682,0.507337332,0.503405273,0.492662698,-0.548858583,-0.1963806,0.704956055,-0.408864439
5073,5.073691,0.508525848,0.503956854,0.491474152,-0.654602051,-0.226593003,0.881195068,-0.408798814
5074,5.074699,0.509688318,0.504496336,0.490311623,-0.775451601,-0.261840791,1.03729236,-0.40877068
5075,5.075700,0.511120796,0.505032361,0.489156723,-0.886230409,-0.302124023,1.18835449,-0.408735514
5076,5.076682,0.512254596,0.505687356,0.488036752,-0.997009158,-0.332336426,1.32934558,-0.40870738
5077,5.077690,0.513380945,0.506210089,0.486618996,-1.10778797,-0.377654999,1.485443,-0.408737838
5078,5.078685,0.514477789,0.506719172,0.485522211,-1.23870838,-0.428009033,1.66671741,-0.408737838
5079,5.079694,0.515528738,0.507206917,0.484471291,-1.3343811,-0.468292207,1.80267334,-0.408737838
5080,5.080676,0.516579688,0.507694662,0.483420342,-1.45523071,-0.50857538,1.96380615,-0.408737838
5081,5.081696,0.51787293,0.508177519,0.482379884,-1.5559386,-0.533752382,2.08969092,-0.408737838
5082,5.082681,0.518867552,0.508756459,0.481363773,-1.64154029,-0.563964844,2.20550513,-0.408737838
5083,5.083689,0.51983434,0.509205163,0.48016566,-1.7422483,-0.594177186,2.33642554,-0.408737838
5084,5.084714,0.52075541,0.509632587,0.47924456,-1.86309803,-0.63446039,2.49755836,-0.408737838
5085,5.085704,0.521713257,0.510077178,0.478286743,-1.96884143,-0.659637392,2.62847877,-0.408737838
5086,5.086688,0.522589564,0.510483861,0.477410406,-2.03430152,-0.679778993,2.71408057,-0.408679247
5087,5.087683,0.523432612,0.510875106,0.476567358,-2.12997437,-0.704955995,2.83493042,-0.408651114
5088,5.088692,0.524418294,0.511332572,0.475581706,-2.22061133,-0.725097597,2.94570899,-0.408522189
5089,5.089675,0.525181353,0.511686742,0.474818677,-2.28103638,-0.715026796,2.99606323,-0.408379197
5090,5.090697,0.525927782,0.512033105,0.474072218,-2.39685059,-0.745239198,3.14208984,-0.408156514
5091,5.091679,0.526616096,0.512352586,0.473383904,-2.47238135,-0.760345399,3.23272681,-0.408015847
5092,5.092688,0.527221799,0.512633681,0.472778201,-2.55294776,-0.760345399,3.31329322,-0.407729864
5093,5.093684,0.527873933,0.512936354,0.472126126,-2.62847877,-0.7653808,3.39385962,-0.40753293
5094,5.094693,0.52857697,0.51326263,0.47142303,-2.69897437,-0.735168397,3.43414283,-0.407134533
5095,5.095708,0.529069126,0.513491035,0.470930904,-2.78457642,-0.735168397,3.50967383,-0.406743169
5096,5.096688,0.5295645,0.51372093,0.4704355,-2.86514282,-0.684814453,3.54995728,-0.406710386
5097,5.097697,0.529993176,0.51391989,0.470006824,-2.92556739,-0.659637392,3.58520484,-0.406262666
5098,5.098680,0.530377626,0.514098287,0.469622344,-2.99102783,-0.604248047,3.59527588,-0.405264229
5099,5.099688,0.530741751,0.514267325,0.469258279,-3.04641724,-0.538787842,3.58520508,-0.404404074
5100,5.100685,0.531102955,0.514434934,0.468897074,-3.1118772,-0.478363007,3.59024024,-0.403211147
5101,5.101693,0.531290531,0.514521956,0.468709439,-3.14712501,-0.3877258,3.53485084,-0.402329892
5102,5.102675,0.531481385,0.514610529,0.468518585,-3.17230225,-0.25680539,3.45932007,-0.400911927
5103,5.103698,0.53165096,0.514689267,0.46834904,-3.15216041,-0.1863098,3.33847022,-0.3995924
5104,5.104681,0.531723678,0.514723003,0.468276322,-3.08670044,-0.0553894006,3.14208984,-0.397651792
5105,5.105692,0.531799972,0.514758408,0.468199998,-2.92556739,0.0704956055,2.85507178,-0.394206554
5106,5.106700,0.531823218,0.514769197,0.468176812,-2.64358497,0.181274399,2.46231055,-0.391091734
5107,5.107888,0.531672299,0.514699161,0.468327701,-2.05947876,0.25176999,1.80770874,-0.386521429
5108,5.108593,0.531646848,0.514687359,0.468353152,-1.58615112,0.166168213,1.41998291,-0.385283917
5109,5.109699,0.531469464,0.514605045,0.468530566,-0.815734804,-0.236663789,1.05239856,-0.37988627
5110,5.110681,0.531275332,0.514514923,0.468724668,-0.276946992,-0.881195009,1.15814197,-0.371411294
5111,5.111690,0.531035066,0.514403403,0.468964905,0.0151061993,-1.66671741,1.65161121,-0.362840176
5112,5.112673,0.530670524,0.514234245,0.469250917,0.110778801,-2.39181495,2.28103614,-0.355930775
5113,5.113696,0.530303836,0.514064074,0.469696164,-0.307159424,-2.81982398,3.0262754,-0.348937005
5114,5.114679,0.529940605,0.513895512,0.470059425,-0.881195009,-2.85003638,3.62045264,-0.343663603
5115,5.115691,0.529485762,0.513684392,0.470514268,-1.46530139,-2.51769996,3.98300123,-0.340581566
5116,5.116673,0.529080331,0.51349622,0.470919669,-1.91848731,-2.05947876,3.97796607,-0.337757349
5117,5.117712,0.528402925,0.513181865,0.471506238,-2.20550537,-1.61132801,3.8168335,-0.332573026
5118,5.118691,0.527788103,0.512896478,0.472211897,-2.39181495,-1.2538147,3.64562964,-0.331963629
5119,5.119687,0.52719897,0.512623072,0.472801,-2.49252319,-0.966796756,3.45932007,-0.332048029
5120,5.120683,0.52656877,0.512330592,0.47343123,-2.52273536,-0.750274599,3.30825806,-0.332479298
5121,5.121693,0.52585721,0.512000382,0.47414276,-2.48748779,-0.669708192,3.15719604,-0.333428532
5122,5.122675,0.52514863,0.511671543,0.47485137,-2.45727539,-0.609283388,3.06655884,-0.334267557
5123,5.123698,0.524185181,0.511306942,0.475636899,-2.39181495,-0.589141846,2.98095679,-0.335343331
5124,5.124681,0.523337245,0.510830879,0.476419717,-2.28103638,-0.548858583,2.82989502,-0.335861355
5125,5.125692,0.522528887,0.510455668,0.477471113,-2.20046997,-0.579071045,2.77954102,-0.336194187
5126,5.126675,0.521650136,0.510047853,0.478349864,-2.07458496,-0.599212646,2.68386841,-0.336824685
5127,5.127698,0.520723164,0.509617627,0.479276806,-1.96884143,-0.594177186,2.56301856,-0.337096602
5128,5.128712,0.519767106,0.50917393,0.480232894,-1.87316883,-0.563964844,2.43713379,-0.337241918
5129,5.129692,0.518783391,0.508717418,0.481216609,-1.77246082,-0.553893983,2.32635474,-0.337389529
5130,5.130688,0.517576396,0.508157253,0.482423633,-1.67678833,-0.523681581,2.20046997,-0.337462217
5131,5.131684,0.516519427,0.507666707,0.483480603,-1.5760802,-0.473327577,2.04940772,-0.337551326
5132,5.132694,0.515478253,0.507183492,0.484521776,-1.48040771,-0.397796571,1.87820435,-0.337684959
5133,5.133676,0.514401078,0.506683528,0.485598892,-1.39984119,-0.347442627,1.74728382,-0.337825626
5134,5.134697,0.513302863,0.506173909,0.486697167,-1.31423938,-0.281982422,1.5962218,-0.337987393
5135,5.135685,0.512184918,0.50565505,0.487815082,-1.21353137,-0.221557602,1.43508899,-0.338404596
5136,5.136694,0.510753751,0.504990816,0.489246219,-1.12792969,-0.176238999,1.3041687,-0.338735014
5137,5.137678,0.509598732,0.504454792,0.490401298,-1.02218616,-0.140991211,1.16317737,-0.339243561
5138,5.138687,0.508436143,0.50391525,0.491563857,-0.886230409,-0.115814202,1.00204456,-0.339491993
5139,5.139791,0.50695616,0.503228366,0.492746532,-0.760345399,-0.0956726,0.856018007,-0.340263069
5140,5.140583,0.506060123,0.502812505,0.493939847,-0.674743593,-0.0805664063,0.755309999,-0.340476364
5141,5.141691,0.504854083,0.502252817,0.495145947,-0.543823183,-0.0553894006,0.599212587,-0.34092164
5142,5.142684,0.503342628,0.50155133,0.496354371,-0.438079834,-0.0251770001,0.463256836,-0.341582596
5143,5.143692,0.502124369,0.50098592,0.497875631,-0.347442627,0.0100708008,0.337371826,-0.342278719
5144,5.144675,0.500909686,0.50042218,0.499090284,-0.25680539,0.0503540002,0.261840791,-0.343014628
5145,5.145699,0.499690115,0.499856174,0.500309885,-0.211486802,0.0553894006,0.156097397,-0.343595833
5146,5.146681,0.498472631,0.499291152,0.501527369,-0.181274399,0.0654601976,0.115814202,-0.344359845
5147,5.147690,0.497256935,0.498726934,0.502743065,-0.135955796,0.0856018066,0.050353989,-0.345327765
5148,5.148674,0.495733023,0.498019695,0.503957808,-0.0956726,0.135955796,-0.0402831957,-0.346066028
5149,5.149695,0.49453482,0.497463584,0.50546515,-0.0654601976,0.1963806,-0.13092041,-0.346942574
5150,5.150720,0.493343115,0.496910512,0.506656885,0.0201416016,0.25680539,-0.276946992,-0.347636312
5151,5.151676,0.492150694,0.496357143,0.507849336,0.110778801,0.292053193,-0.402832001,-0.348409742
5152,5.152698,0.490982234,0.49581483,0.509017706,0.1963806,0.347442627,-0.543823242,-0.349162072
5153,5.153681,0.489820898,0.495275855,0.510179102,0.261840791,0.397796571,-0.659637332,-0.349811286
5154,5.154689,0.488372028,0.494603425,0.511627972,0.332336426,0.438079834,-0.77041626,-0.351032346
5155,5.155688,0.487265319,0.494089812,0.512734711,0.372619599,0.50857538,-0.881194949,-0.352087051
5156,5.156697,0.486136883,0.493566096,0.513863087,0.433044404,0.569000244,-1.00204468,-0.352956623
5157,5.157679,0.485049039,0.493061244,0.514950991,0.448150605,0.624389589,-1.07254016,-0.354105055
5158,5.158764,0.483720541,0.492444664,0.516016662,0.473327577,0.664672852,-1.13800049,-0.35490194
5159,5.159593,0.482954741,0.492089272,0.517045259,0.468292207,0.704955995,-1.17324817,-0.356118351
5160,5.160676,0.481703222,0.491508424,0.51809001,0.468292207,0.704955995,-1.17324817,-0.359294116
5161,5.161769,0.480690777,0.491038561,0.519309223,0.433044404,0.674743593,-1.10778797,-0.361314416
5162,5.162585,0.479971856,0.490704894,0.520028114,0.397796571,0.629424989,-1.02722156,-0.363006562
5163,5.163692,0.478793979,0.49015823,0.521205962,0.367584199,0.463256806,-0.830841005,-0.366365165
5164,5.164674,0.477917045,0.489751279,0.522082984,0.438079834,0.236663789,-0.674743652,-0.369048744
5165,5.165700,0.476845682,0.489359975,0.522926092,0.553893983,-0.0100708008,-0.543823183,-0.372210503
5166,5.166682,0.476026863,0.488874018,0.523752809,0.745239198,-0.1863098,-0.558929384,-0.377685487
5167,5.167690,0.475263059,0.488519549,0.524736941,1.04232776,-0.412902832,-0.62942493,-0.378351092
5168,5.168673,0.474496514,0.488163799,0.525503516,1.61636329,-0.725097597,-0.840911865,-0.385764331
5169,5.169694,0.473745495,0.487815231,0.526254475,2.11486816,-0.89630121,-1.21856689,-0.391684651
5170,5.170676,0.473137856,0.487533242,0.526862144,2.6133728,-0.941619813,-1.67175293,-0.396388531
5171,5.171698,0.472333997,0.487160176,0.527492702,2.93563819,-0.881195009,-2.05444312,-0.400445551
5172,5.172693,0.471708894,0.48687005,0.528291106,3.15216041,-0.694885254,-2.45727515,-0.404526025
5173,5.173690,0.47119242,0.48663035,0.52880758,3.19244361,-0.357513398,-2.83493018,-0.407863498
5174,5.174672,0.470719188,0.486410737,0.529280841,3.17230225,-0.0352478027,-3.0917356,-0.411308855
5175,5.175697,0.470195234,0.48616755,0.529804766,3.1068418,0.146026596,-3.25286841,-0.412923664
5176,5.176680,0.469857126,0.486010641,0.530142903,2.94067359,0.422973603,-3.36364722,-0.414735436
5177,5.177689,0.469468206,0.485830128,0.530531764,2.77954102,0.669708192,-3.44924927,-0.415290922
5178,5.178685,0.469075352,0.485647827,0.530827224,2.64862037,0.881195009,-3.52981544,-0.415279269
5179,5.179694,0.468787581,0.485514253,0.531212389,2.55798316,0.997009158,-3.5549922,-0.414920717
5180,5.180678,0.468595326,0.485425025,0.531404614,2.54791236,1.08261108,-3.61038208,-0.414187163
5181,5.181686,0.468424588,0.485345781,0.531575382,2.54791236,1.10778797,-3.65570021,-0.413521558
5182,5.182712,0.468300432,0.485288173,0.531699538,2.57308936,1.10275269,-3.67584205,-0.412551254
5183,5.183693,0.468197763,0.485240549,0.531802297,2.6133728,1.07254028,-3.68591309,-0.411916107
5184,5.184691,0.468166828,0.485226184,0.531833172,2.63854957,1.03729248,-3.67584205,-0.411962956
5185,5.185677,0.46816954,0.485227436,0.53183043,2.66876221,1.00204468,-3.67080688,-0.410840273
5186,5.186700,0.468295038,0.48528567,0.531704962,2.70401001,0.941619813,-3.64562988,-0.410526156
5187,5.187683,0.468391538,0.485330462,0.531608462,2.73422217,0.921478152,-3.65570021,-0.410462856
5188,5.188692,0.468559921,0.485408634,0.531440139,2.70401001,0.926513612,-3.63052368,-0.410437107
5189,5.189675,0.468799382,0.485519737,0.531200647,2.67883277,0.926513612,-3.60534644,-0.410444081
5190,5.190698,0.469132155,0.485674173,0.530867815,2.6335144,0.916442752,-3.54995728,-0.410317481
5191,5.191680,0.469449639,0.485821515,0.530550361,2.6184082,0.926513612,-3.54492188,-0.410277605
5192,5.192689,0.469812155,0.485989779,0.530187845,2.57308936,0.916442752,-3.48953199,-0.41010648
5193,5.193699,0.470219165,0.486178666,0.529780805,2.53784156,0.886230409,-3.42407203,-0.409855664
5194,5.194697,0.470693409,0.486398757,0.529306591,2.51769996,0.876159668,-3.39385962,-0.409693897
5195,5.195697,0.471187174,0.486627907,0.528812826,2.46231055,0.840911746,-3.30322218,-0.409555554
5196,5.196680,0.471819371,0.48692134,0.528321505,2.43713355,0.810699403,-3.24783301,-0.409473479
5197,5.197689,0.472408533,0.487194747,0.527591407,2.38677955,0.7653808,-3.15216041,-0.409339845
5198,5.198685,0.473059833,0.487497032,0.526940167,2.32131934,0.730133057,-3.0615232,-0.40929997
5199,5.199694,0.473728895,0.487807542,0.526271105,2.26089454,0.709991395,-2.97088599,-0.409194469
5200,5.200677,0.4744367,0.488136023,0.5255633,2.20046997,0.669708192,-2.87017822,-0.409189761
5201,5.201698,0.475374371,0.488491178,0.524798095,2.14508057,0.64453125,-2.78961182,-0.409199119
5202,5.202683,0.476184309,0.488947093,0.524035692,2.05947876,0.609283388,-2.66876221,-0.409229577
5203,5.203692,0.476991594,0.489321768,0.523008406,1.99401832,0.604248047,-2.59826636,-0.409229577
5204,5.204781,0.478054523,0.489815086,0.522130609,1.88323963,0.543823183,-2.42706275,-0.409229577
5205,5.205679,0.478778303,0.490150988,0.521221697,1.8077085,0.51361078,-2.32131934,-0.409229577
5206,5.206688,0.479668707,0.490564227,0.520331323,1.70700061,0.483398378,-2.19039893,-0.409229577
5207,5.207684,0.480653495,0.491021276,0.519346535,1.63146961,0.458221376,-2.08969092,-0.409229577
5208,5.208692,0.481855422,0.491579086,0.518144608,1.5307616,0.428009033,-1.95877063,-0.409229577
5209,5.209674,0.482898921,0.492063373,0.517101109,1.42501819,0.392761201,-1.81777942,-0.409229577
5210,5.210694,0.483926058,0.492540061,0.516073942,1.3092041,0.357513398,-1.66671753,-0.409229577
5211,5.211678,0.484966666,0.493023008,0.515033305,1.19842529,0.327301025,-1.52572632,-0.409229577
5212,5.212687,0.486077249,0.493538439,0.513922751,1.09268188,0.281982422,-1.37466431,-0.409229577
5213,5.213701,0.48746416,0.494052172,0.512815714,0.997009158,0.261840791,-1.25884998,-0.409229577
5214,5.214698,0.488594651,0.49470678,0.511405408,0.89126581,0.221557602,-1.11282337,-0.409229577
5215,5.215725,0.489750057,0.495242983,0.510249913,0.745239198,0.171203613,-0.941619813,-0.409229577
5216,5.216683,0.490904361,0.49577868,0.509095609,0.624389589,0.140991211,-0.805664003,-0.409229577
5217,5.217692,0.49208644,0.496327281,0.50791353,0.51864624,0.0956726,-0.614318848,-0.409170985
5218,5.218675,0.493267715,0.496875525,0.506732285,0.402832001,0.0704956055,-0.473327607,-0.409142852
5219,5.219697,0.494469553,0.497433305,0.505530417,0.287017792,0.0302123986,-0.317230195,-0.409107685
5220,5.220680,0.495979577,0.498134106,0.504325867,0.176238999,0.0100708008,-0.1863098,-0.40902096
5221,5.221689,0.497188717,0.498695254,0.502811253,0.0856018066,-0.0302123986,-0.055389408,-0.408964694
5222,5.222685,0.498405188,0.49925983,0.501594782,-0.0251770001,-0.0654601976,0.0503540002,-0.408974051
5223,5.223694,0.499624133,0.499825567,0.500375867,-0.0503540002,-0.0654601976,0.115814194,-0.408945918
5224,5.224676,0.500843465,0.500391424,0.499156505,-0.105743401,-0.0856018066,0.191345215,-0.408983409
5225,5.225700,0.502367675,0.500956774,0.497938365,-0.146026596,-0.105743401,0.25176999,-0.408896685
5226,5.226792,0.503582597,0.501662672,0.496417373,-0.216522202,-0.125884995,0.342407197,-0.408868551
5227,5.227585,0.504487038,0.502082467,0.495512962,-0.292053193,-0.140991211,0.433044404,-0.408847451
5228,5.228692,0.505995035,0.502782285,0.494004935,-0.433044404,-0.161132813,0.574035645,-0.408870876
5229,5.229674,0.507188916,0.50333637,0.492811084,-0.538787842,-0.1963806,0.735168457,-0.408863842
5230,5.230695,0.508365571,0.503882468,0.491634429,-0.649566591,-0.226593003,0.876159608,-0.408863842
5231,5.231679,0.509535551,0.504425466,0.490464479,-0.760345399,-0.266876191,1.02722156,-0.408798218
5232,5.232699,0.510986745,0.505098939,0.489013225,-0.876159668,-0.302124023,1.17828369,-0.408763051
5233,5.233683,0.512133121,0.50563097,0.487866849,-0.976867676,-0.342407227,1.3192749,-0.408734918
5234,5.234691,0.513231993,0.506141007,0.486768037,-1.12792969,-0.392761201,1.47537231,-0.408706784
5235,5.235677,0.51434195,0.50665611,0.48565805,-1.2286377,-0.433044404,1.66168213,-0.408744276
5236,5.236698,0.515408039,0.507150888,0.484591961,-1.33941638,-0.468292207,1.80770862,-0.408744276
5237,5.237698,0.516475856,0.507646501,0.483524173,-1.44012439,-0.503539979,1.94366431,-0.408744276
5238,5.238696,0.517746806,0.508236289,0.482253164,-1.535797,-0.528717041,2.06451416,-0.408744276
5239,5.239678,0.518774629,0.508713365,0.481225401,-1.63146961,-0.563964844,2.19543457,-0.408744276
5240,5.240687,0.519730806,0.509157121,0.480269194,-1.75735462,-0.599212646,2.32635474,-0.408744276
5241,5.241683,0.520656466,0.509586692,0.479343534,-1.84799182,-0.624389589,2.47238135,-0.408744276
5242,5.242692,0.521584332,0.510017335,0.478415698,-1.93862903,-0.649566591,2.58819556,-0.408744276
5243,5.243675,0.522446275,0.510417342,0.477553725,-2.03933716,-0.674743593,2.71408081,-0.408744276
5244,5.244696,0.523498356,0.510905623,0.476501673,-2.12493873,-0.689849854,2.81478858,-0.408657551
5245,5.245683,0.524301171,0.511278212,0.475698829,-2.19039917,-0.689849854,2.88024902,-0.408491135
5246,5.246692,0.525048256,0.511624932,0.474951714,-2.28607154,-0.720062196,3.00613379,-0.408406734
5247,5.247701,0.525777698,0.511963487,0.474222302,-2.39181495,-0.745239198,3.1370542,-0.408249676
5248,5.248694,0.526511133,0.512303829,0.473488837,-2.45223999,-0.750274599,3.20251465,-0.408057451
5249,5.249692,0.527186215,0.512617171,0.472813815,-2.54791236,-0.755309999,3.30322242,-0.407916784
5250,5.250675,0.527947187,0.512881577,0.472244024,-2.6335144,-0.760345399,3.39385986,-0.407581568
5251,5.251698,0.528487086,0.513220906,0.471512944,-2.68890357,-0.755309999,3.44421363,-0.407239407
5252,5.252681,0.529053271,0.513483703,0.470946759,-2.77954102,-0.730133057,3.49456763,-0.406869143
5253,5.253690,0.529507875,0.513694644,0.470492125,-2.83996558,-0.704955995,3.54492164,-0.406580895
5254,5.254673,0.529918253,0.513885081,0.470081717,-2.90542579,-0.669708192,3.57513404,-0.40638873
5255,5.255697,0.530332088,0.514077187,0.469667941,-2.97592139,-0.619354188,3.59527564,-0.405195773
5256,5.256680,0.53078109,0.514285564,0.469298244,-3.0413816,-0.563964844,3.60534644,-0.404473901
5257,5.257689,0.531020761,0.514396787,0.468979269,-3.096771,-0.488433838,3.58520484,-0.403461426
5258,5.258715,0.531263411,0.51450938,0.468736559,-3.15216041,-0.3826904,3.53485084,-0.402563781
5259,5.259691,0.531485081,0.514612257,0.468514889,-3.16726661,-0.276946992,3.44421363,-0.401157528
5260,5.260689,0.531635463,0.514682055,0.468364537,-3.15719557,-0.1863098,3.34350538,-0.399727851
5261,5.261684,0.531714022,0.514718533,0.468285978,-3.1068418,-0.0704956055,3.17733741,-0.397813022
5262,5.262695,0.531752586,0.514736414,0.468247354,-2.97592139,0.0553894006,2.92053199,-0.395049781
5263,5.263678,0.531801403,0.514759064,0.468198597,-2.71408057,0.156097397,2.55798316,-0.393488854
5264,5.264687,0.531778097,0.514748275,0.468221903,-2.19039917,0.261840791,2.04437256,-0.389682591
5265,5.265704,0.531657517,0.514692307,0.468342513,-1.535797,0.161132813,1.37466419,-0.383703679
5266,5.266686,0.531490445,0.514614761,0.468509555,-0.921478152,-0.151062012,1.07254016,-0.379581004
5267,5.267684,0.531277239,0.514515817,0.468722731,-0.367584199,-0.725097597,1.09268177,-0.375031799
5268,5.268692,0.531001747,0.514387965,0.46893239,-0.0151061993,-1.5005492,1.5156554,-0.365459919
5269,5.269676,0.530685782,0.514241338,0.469314247,0.120849594,-2.27096558,2.15011597,-0.357706755
5270,5.270688,0.530421436,0.514118671,0.469578594,-0.231628403,-2.82485938,2.89031982,-0.354896635
5271,5.271698,0.53001523,0.513930142,0.4699848,-0.750274599,-2.88528442,3.63555908,-0.345964581
5272,5.272680,0.529565394,0.513721347,0.470434576,-1.36459339,-2.59826636,3.96285963,-0.345556825
5273,5.273688,0.529118955,0.513514161,0.470881075,-1.8328855,-2.13500953,3.96789503,-0.337407619
5274,5.274684,0.528471291,0.513213575,0.471371174,-2.16018653,-1.67678833,3.83697486,-0.332992017
5275,5.275695,0.527861536,0.512930572,0.472138435,-2.36160278,-1.3092041,3.67080688,-0.332159996
5276,5.276678,0.527320862,0.512679636,0.472679108,-2.49252319,-0.997009158,3.47946167,-0.331953764
5277,5.277686,0.526652336,0.512369394,0.473347694,-2.51266456,-0.785522401,3.29818702,-0.332354605
5278,5.278682,0.525945544,0.51204139,0.474054456,-2.49252319,-0.679778993,3.17230225,-0.333275706
5279,5.279690,0.525221765,0.511705458,0.474778235,-2.46231055,-0.619354188,3.0816648,-0.334154576
5280,5.280780,0.524284065,0.511270285,0.475715935,-2.37167335,-0.589141846,2.96081519,-0.3352561
5281,5.281677,0.523458838,0.510887265,0.476541132,-2.30117774,-0.569000244,2.87017798,-0.335945189
5282,5.282698,0.522582471,0.510480583,0.477417558,-2.20046997,-0.563964844,2.76443481,-0.336439699
5283,5.283682,0.521761715,0.510099649,0.478238314,-2.08465552,-0.589141846,2.67379737,-0.336821765
5284,5.284691,0.520838499,0.509671211,0.479161531,-1.98898315,-0.574035585,2.5630188,-0.337124139
5285,5.285677,0.519886017,0.509229124,0.480113953,-1.88827503,-0.548858583,2.43713355,-0.337269455
5286,5.286698,0.518660307,0.508660257,0.481339693,-1.78756702,-0.548858583,2.33642554,-0.337438166
5287,5.287681,0.517703295,0.508216143,0.482296705,-1.68685913,-0.523681581,2.21054077,-0.337524891
5288,5.288689,0.516649306,0.507726967,0.483350724,-1.5710448,-0.473327577,2.06451416,-0.337686658
5289,5.289672,0.515611172,0.507245183,0.484388828,-1.47033679,-0.422973603,1.89331043,-0.3377828
5290,5.290694,0.514536798,0.506746531,0.485463172,-1.39984119,-0.347442627,1.74728382,-0.337916434
5291,5.291736,0.513153553,0.506104589,0.486846477,-1.31423938,-0.297088593,1.61132801,-0.338150859
5292,5.292674,0.512034118,0.505720317,0.487674505,-1.21856678,-0.231628403,1.45019519,-0.338333726
5293,5.293694,0.510905623,0.505061328,0.489094377,-1.11785889,-0.181274399,1.2991333,-0.338713408
5294,5.294677,0.50974375,0.504522085,0.49025625,-1.00707996,-0.140991211,1.17828369,-0.338987589
5295,5.295702,0.508583009,0.503983378,0.491416991,-0.89126581,-0.120849594,1.01211536,-0.339596927
5296,5.296685,0.507395983,0.503432512,0.492604047,-0.77041626,-0.0956726,0.866088867,-0.33973521
5297,5.297693,0.506209731,0.502881944,0.493790299,-0.669708192,-0.0805664063,0.750274599,-0.340367973
5298,5.298675,0.504699528,0.502324522,0.494991392,-0.558929443,-0.0604247972,0.619354248,-0.341038316
5299,5.299698,0.503488541,0.501619041,0.496511459,-0.448150605,-0.0352478027,0.483398408,-0.341453165
5300,5.300681,0.502281427,0.501058817,0.497718543,-0.337371796,0.0100708008,0.352477998,-0.34196648
5301,5.301689,0.501061916,0.500492811,0.498938054,-0.276946992,0.0352478027,0.241699189,-0.342793852
5302,5.302742,0.499842763,0.499927014,0.500157237,-0.221557602,0.0503540002,0.171203598,-0.343691468
5303,5.303673,0.498624682,0.499361724,0.501375318,-0.181274399,0.0704956055,0.110778794,-0.344204724
5304,5.304695,0.497102827,0.498655409,0.502595603,-0.140991211,0.0856018066,0.0553894043,-0.345193744
5305,5.305681,0.495890856,0.498092949,0.504109144,-0.100708,0.140991211,-0.0402832106,-0.34593904
5306,5.306690,0.494689047,0.497535169,0.505310953,-0.0453185998,0.206451416,-0.135955796,-0.346787453
5307,5.307685,0.493486822,0.49697724,0.506513238,0.0151061993,0.246734604,-0.261840791,-0.347481191
5308,5.308694,0.492298305,0.496425629,0.507701695,0.0956726,0.297088593,-0.392761201,-0.348254621
5309,5.309678,0.491121203,0.495879322,0.508878767,0.171203613,0.337371796,-0.508575439,-0.349145234
5310,5.310686,0.489660174,0.49520129,0.510042846,0.25680539,0.392761201,-0.649566591,-0.349991322
5311,5.311682,0.488523126,0.49467358,0.511476934,0.327301025,0.438079834,-0.765380859,-0.350588977
5312,5.312691,0.487384766,0.494145244,0.512615204,0.377654999,0.503539979,-0.861053467,-0.351917863
5313,5.313715,0.48628509,0.49363488,0.51371491,0.422973603,0.553893983,-0.976867557,-0.352925718
5314,5.314680,0.485183775,0.49312377,0.514816225,0.443115205,0.614318848,-1.05743408,-0.354043722
5315,5.315692,0.484127849,0.4926337,0.515872121,0.468292207,0.659637392,-1.12792957,-0.355290562
5316,5.316676,0.482812583,0.492149055,0.516916454,0.483398378,0.689849854,-1.17324829,-0.357172608
5317,5.317697,0.481784433,0.491546124,0.518215537,0.463256806,0.704955995,-1.16821277,-0.358780473
5318,5.318708,0.480812013,0.491094828,0.519187987,0.422973603,0.674743593,-1.09771717,-0.360831231
5319,5.319693,0.479853481,0.490649968,0.520146549,0.397796571,0.624389589,-1.02218616,-0.362115651
5320,5.320676,0.478941381,0.490226656,0.521058619,0.367584199,0.488433838,-0.856018066,-0.365912497
5321,5.321698,0.478026867,0.489802241,0.521973133,0.417938203,0.25176999,-0.669708192,-0.369821906
5322,5.322681,0.477005124,0.489328057,0.522820413,0.538787842,0.0100708008,-0.548858643,-0.373801619
5323,5.323691,0.476146162,0.488929391,0.523853838,0.689849854,-0.166168213,-0.523681641,-0.37733835
5324,5.324716,0.475339293,0.488554925,0.524660707,1.12289417,-0.438079834,-0.684814334,-0.382311732
5325,5.325688,0.474567562,0.48819676,0.525432408,1.5509032,-0.684814453,-0.866088748,-0.385522634
5326,5.326697,0.473894358,0.487884313,0.526105583,2.05444312,-0.871124148,-1.18331897,-0.389933586
5327,5.327681,0.473198086,0.487561196,0.526801944,2.5428772,-0.931549013,-1.61132813,-0.390057802
5328,5.328690,0.472409338,0.487195134,0.527459681,2.89535499,-0.886230409,-2.00912452,-0.400895238
5329,5.329686,0.471801639,0.486913115,0.528198421,3.12194824,-0.725097597,-2.39685059,-0.404870212
5330,5.330694,0.471257359,0.48666048,0.528742611,3.19747901,-0.322265625,-2.77954078,-0.408348322
5331,5.331678,0.470755577,0.486427635,0.529244483,3.19244361,-0.0755310059,-3.1169126,-0.410368621
5332,5.332687,0.470320374,0.486225635,0.529679596,3.12194824,0.120849594,-3.24279785,-0.41024676
5333,5.333682,0.469881862,0.486022115,0.530118108,2.96081543,0.3826904,-3.34350586,-0.41346702
5334,5.334691,0.469377011,0.485787809,0.530512929,2.78457642,0.664672852,-3.44924927,-0.415250629
5335,5.335696,0.469086885,0.485653192,0.530913174,2.63854957,0.840911746,-3.49456787,-0.415363073
5336,5.336682,0.468817919,0.48552835,0.53118211,2.5680542,1.01211548,-3.53485107,-0.415168583
5337,5.337692,0.468619913,0.48543644,0.531380057,2.51266456,1.07757568,-3.59024024,-0.41436702
5338,5.338675,0.4684183,0.48534289,0.5315817,2.53784156,1.11282337,-3.65066481,-0.413527995
5339,5.339695,0.468288213,0.485282511,0.531711817,2.5831604,1.08764637,-3.67080688,-0.412564725
5340,5.340678,0.468216598,0.485255569,0.531769931,2.60330176,1.08261108,-3.68591285,-0.411688179
5341,5.341687,0.46816662,0.485226095,0.53183341,2.63854957,1.04736316,-3.68591261,-0.411329567
5342,5.342682,0.468214065,0.485248089,0.531785905,2.69897437,0.991973877,-3.68087721,-0.410781085
5343,5.343691,0.468257874,0.485268414,0.531742096,2.70904541,0.956726015,-3.66577148,-0.410581827
5344,5.344675,0.468348622,0.485310525,0.531651318,2.73422217,0.921478152,-3.65570021,-0.410464644
5345,5.345699,0.468536347,0.485397667,0.531463683,2.70904541,0.916442752,-3.62548828,-0.410410762
5346,5.346690,0.468804657,0.485522181,0.531195283,2.68890357,0.916442752,-3.6053462,-0.410452902
5347,5.347685,0.46907115,0.48564586,0.53092885,2.65869141,0.916442752,-3.57513428,-0.410375535
5348,5.348696,0.469407529,0.485801995,0.530592501,2.60833716,0.916442752,-3.54492188,-0.410232544
5349,5.349678,0.469740391,0.48595646,0.530259609,2.57308936,0.911407411,-3.48449683,-0.410127044
5350,5.350687,0.470142215,0.486142933,0.529857755,2.54791236,0.886230409,-3.43414283,-0.409948885
5351,5.351683,0.470634729,0.486371517,0.529365242,2.50762939,0.876159668,-3.38378906,-0.40973556
5352,5.352692,0.471229166,0.486647427,0.528899789,2.47238135,0.835876405,-3.30825782,-0.409590185
5353,5.353674,0.471793503,0.48690933,0.528206527,2.42202735,0.810699403,-3.23272681,-0.409449518
5354,5.354695,0.47235468,0.487169772,0.52764535,2.38174438,0.77041626,-3.17733741,-0.409315884
5355,5.355682,0.472978979,0.487459481,0.527020991,2.31628418,0.740203857,-3.05648804,-0.409320533
5356,5.356690,0.473643184,0.487767756,0.526356816,2.26592994,0.720062196,-2.98599219,-0.409308791
5357,5.357714,0.474527895,0.488094032,0.52565378,2.21557593,0.684814453,-2.90039039,-0.409252524
5358,5.358675,0.475297749,0.488437891,0.524912953,2.15011597,0.64453125,-2.79464722,-0.409196258
5359,5.359696,0.476064652,0.488891572,0.523935378,2.06954932,0.609283388,-2.67883277,-0.409212649
5360,5.360679,0.476904899,0.489281535,0.523095131,1.98898315,0.604248047,-2.5932312,-0.409184515
5361,5.361688,0.477760166,0.489678472,0.522239864,1.90841663,0.548858583,-2.45727515,-0.40922904
5362,5.362683,0.478648335,0.490090668,0.521351695,1.81777942,0.528717041,-2.34649658,-0.40922904
5363,5.363691,0.479567856,0.490517408,0.520432115,1.71707129,0.488433838,-2.20550513,-0.40922904
5364,5.364674,0.480744243,0.490958124,0.519482434,1.63650501,0.468292207,-2.10479712,-0.40922904
5365,5.365698,0.481744856,0.491527766,0.518255174,1.54083252,0.433044404,-1.97387695,-0.40922904
5366,5.366680,0.482743442,0.491991192,0.517256558,1.41998279,0.402832001,-1.85302722,-0.40922904
5367,5.367688,0.483781934,0.492473185,0.516218066,1.3293457,0.362548798,-1.69189453,-0.40922904
5368,5.368691,0.484868407,0.492977411,0.515131593,1.21353137,0.332336426,-1.5458678,-0.40922904
5369,5.369705,0.485929102,0.493469656,0.514070868,1.11282337,0.287017792,-1.39984119,-0.40922904
5370,5.370697,0.487334192,0.49412179,0.512965322,0.997009158,0.25680539,-1.25381458,-0.40922904
5371,5.371693,0.488452405,0.494640738,0.511547565,0.89630121,0.221557602,-1.11785877,-0.40922904
5372,5.372675,0.489597678,0.495172262,0.510402322,0.750274599,0.181274399,-0.956726015,-0.40922904
5373,5.373696,0.490758389,0.495710969,0.509241641,0.654602051,0.151062012,-0.805664063,-0.40922904
5374,5.374679,0.491939098,0.496258914,0.508060873,0.528717041,0.100708,-0.629425049,-0.40922904
5375,5.375692,0.493118852,0.496806443,0.506881118,0.407867402,0.0704956055,-0.478363007,-0.409156382
5376,5.376675,0.494619787,0.497367829,0.505671442,0.307159424,0.0251770001,-0.332336426,-0.409121215
5377,5.377697,0.495822102,0.498061031,0.504177928,0.201416001,0.0100708008,-0.211486802,-0.409093082
5378,5.378680,0.497037083,0.498624921,0.502962947,0.0755310059,-0.0251770001,-0.070495598,-0.408985257
5379,5.379719,0.498253137,0.499189287,0.501746893,-0.00503540039,-0.0503540002,0.0553894006,-0.408987582
5380,5.380676,0.499471784,0.499754846,0.500528216,-0.0553894006,-0.0604247972,0.115814194,-0.408959448
5381,5.381699,0.500691772,0.500321031,0.499308199,-0.0956726,-0.0856018066,0.181274414,-0.408989906
5382,5.382681,0.502213776,0.500885546,0.498091847,-0.130920395,-0.105743401,0.236663789,-0.408917248
5383,5.383690,0.503428459,0.501591146,0.496571541,-0.1863098,-0.125884995,0.312194794,-0.408889115
5384,5.384673,0.504641652,0.502154171,0.495358318,-0.297088593,-0.151062012,0.438079804,-0.408860981
5385,5.385700,0.505840719,0.5027107,0.494159311,-0.417938203,-0.166168213,0.584106445,-0.408832848
5386,5.386683,0.507034779,0.503264844,0.492965221,-0.528717041,-0.1863098,0.715026855,-0.408863306
5387,5.387691,0.508225024,0.50381726,0.491774976,-0.63949579,-0.226593003,0.866088808,-0.408863306
5388,5.388675,0.509680927,0.504361451,0.490602374,-0.745239198,-0.25176999,0.997009158,-0.408863306
5389,5.389696,0.510843575,0.505032539,0.489156425,-0.861053407,-0.292053193,1.15310657,-0.408863306
5390,5.390726,0.511963487,0.505552292,0.488036513,-1.00204468,-0.342407227,1.3444519,-0.408863306
5391,5.391677,0.513103783,0.506081462,0.486896217,-1.11282337,-0.3877258,1.5005492,-0.408863306
5392,5.392686,0.514217079,0.506598175,0.485782951,-1.21353137,-0.422973603,1.63650501,-0.408863306
5393,5.393682,0.515274644,0.507088959,0.484725326,-1.31927478,-0.458221376,1.7774961,-0.408863306
5394,5.394692,0.516606152,0.50770694,0.483654678,-1.41998279,-0.498504579,1.91848731,-0.408863306
5395,5.395678,0.517606378,0.508171141,0.482393622,-1.5257262,-0.528717041,2.05444336,-0.408863306
5396,5.396686,0.518651247,0.508656085,0.481348753,-1.64657581,-0.574035585,2.18032813,-0.408863306
5397,5.397682,0.519626677,0.509108782,0.480373323,-1.7422483,-0.599212646,2.34146094,-0.408863306
5398,5.398691,0.520540476,0.509532869,0.479459524,-1.83792114,-0.63446039,2.47238159,-0.408863306
5399,5.399674,0.521472216,0.509965301,0.478527814,-1.92352283,-0.654602051,2.578125,-0.408863306
5400,5.400696,0.522571862,0.510475636,0.477644026,-2.01919556,-0.679778993,2.69897461,-0.408776581
5401,5.401725,0.523414195,0.510866582,0.476585805,-2.12493873,-0.709991395,2.79968262,-0.408682823
5402,5.402678,0.524222076,0.511241496,0.475777924,-2.21557593,-0.704955995,2.87521338,-0.408567965
5403,5.403687,0.524994195,0.511599839,0.475005805,-2.28103638,-0.720062196,3.00109863,-0.408424973
5404,5.404681,0.525709033,0.511931598,0.474290967,-2.37670875,-0.760345399,3.1370542,-0.40831244
5405,5.405694,0.526426792,0.512264729,0.473573208,-2.45223999,-0.755309999,3.20755005,-0.408134282
5406,5.406676,0.527243614,0.512580276,0.472893327,-2.53784156,-0.77041626,3.30825782,-0.407892823
5407,5.407697,0.527873993,0.512936354,0.472126007,-2.60330176,-0.77041626,3.37371802,-0.407665431
5408,5.408680,0.528441727,0.513199866,0.471558273,-2.69897437,-0.750274599,3.42407203,-0.407388896
5409,5.409689,0.528944492,0.513433158,0.471055478,-2.75939941,-0.740203857,3.49960327,-0.407149881
5410,5.410684,0.529403865,0.513646364,0.470596135,-2.83493042,-0.715026796,3.54995728,-0.406648368
5411,5.411692,0.529890239,0.513872087,0.470109761,-2.90542579,-0.689849854,3.59527564,-0.406273395
5412,5.412721,0.530377746,0.514098346,0.469622254,-2.97088599,-0.649566591,3.62045264,-0.405439019
5413,5.413683,0.530741811,0.514267325,0.469258189,-3.0262754,-0.594177186,3.62045264,-0.404677272
5414,5.414691,0.530962586,0.514369786,0.469037414,-3.0917356,-0.50857538,3.62548804,-0.403896809
5415,5.415677,0.531260431,0.514508009,0.468739539,-3.14208961,-0.428009033,3.57009864,-0.402837455
5416,5.416697,0.531463027,0.514602005,0.468536943,-3.16726661,-0.327301025,3.49456763,-0.40174526
5417,5.417681,0.531644404,0.514686227,0.468355626,-3.17733765,-0.226593003,3.40393066,-0.40015623
5418,5.418690,0.531748891,0.514734685,0.468271196,-3.14208961,-0.130920395,3.27301002,-0.398281187
5419,5.419685,0.531799972,0.514758408,0.468200028,-3.04641724,0.00503540039,3.04138184,-0.396586686
5420,5.420694,0.531804204,0.514760375,0.468195826,-2.75939941,0.146026596,2.73422217,-0.394615591
5421,5.421678,0.531761467,0.514740527,0.468238533,-2.39181495,0.261840791,2.12997413,-0.39002651
5422,5.422687,0.531671941,0.514698982,0.468328059,-1.80267334,0.241699189,1.56097412,-0.386028051
5423,5.423722,0.53144443,0.514635801,0.468464285,-1.15814209,0.0302123986,1.12792969,-0.37890774
5424,5.424683,0.531275272,0.514539421,0.468671858,-0.589141846,-0.433044404,1.02218628,-0.372846752
5425,5.425694,0.531035006,0.514403403,0.468964994,-0.130920395,-1.17324817,1.30416858,-0.366574883
5426,5.426679,0.530724645,0.514259338,0.469275355,0.110778801,-1.96884143,1.86813343,-0.360145956
5427,5.427688,0.5303936,0.514105737,0.469606429,-0.0604247972,-2.70401001,2.76443481,-0.352807701
5428,5.428682,0.530041456,0.513942242,0.469958484,-0.478363007,-2.91046143,3.38882446,-0.346484274
5429,5.429693,0.529644549,0.513758063,0.470355451,-1.10275269,-2.73422217,3.83697486,-0.34501946
5430,5.430676,0.529034078,0.513521016,0.470866263,-1.65664661,-2.32131934,3.97796583,-0.336675763
5431,5.431696,0.528538942,0.513244987,0.471461058,-2.02926636,-1.86309803,3.8923645,-0.334074199
5432,5.432680,0.527956486,0.51297462,0.472043484,-2.33139038,-1.45523071,3.73626709,-0.332285911
5433,5.433690,0.527377188,0.512705803,0.472622842,-2.44216919,-1.05743408,3.49960327,-0.332058579
5434,5.434730,0.526714027,0.512398005,0.473285973,-2.48245239,-0.845947206,3.32839966,-0.332311749
5435,5.435686,0.526033342,0.5120821,0.473966658,-2.48748779,-0.709991395,3.19747925,-0.332825005
5436,5.436695,0.525128543,0.511662185,0.474665672,-2.46231055,-0.629424989,3.0917356,-0.334010929
5437,5.437678,0.524362922,0.511306882,0.475637078,-2.37670875,-0.579071045,2.95577979,-0.334957778
5438,5.438686,0.523580074,0.510943532,0.476419896,-2.28103638,-0.548858583,2.85507178,-0.335733593
5439,5.439683,0.522761226,0.510563493,0.477238744,-2.22061133,-0.579071045,2.79968238,-0.336286694
5440,5.440692,0.52183795,0.510135055,0.47816208,-2.11486816,-0.563964844,2.67883301,-0.336614877
5441,5.441676,0.520936728,0.509716749,0.479063272,-2.00408936,-0.579071045,2.5831604,-0.336954743
5442,5.442697,0.519798279,0.509188414,0.479979604,-1.90338135,-0.563964844,2.46734619,-0.337191463
5443,5.443680,0.518813014,0.508731127,0.481186986,-1.8077085,-0.533752382,2.34146094,-0.337303936
5444,5.444689,0.517801523,0.508261681,0.482198447,-1.67678833,-0.51361078,2.21054053,-0.337449253
5445,5.445695,0.516791999,0.507793188,0.483207941,-1.5811156,-0.478363007,2.05947852,-0.337566495
5446,5.446682,0.515743732,0.507306695,0.484256268,-1.485443,-0.428009033,1.91345203,-0.337662637
5447,5.447692,0.514660537,0.506803989,0.485339463,-1.41998279,-0.372619599,1.79260242,-0.337796271
5448,5.448675,0.513302505,0.506297052,0.486431718,-1.3343811,-0.307159424,1.64154053,-0.338030696
5449,5.449696,0.512174904,0.505650401,0.487825096,-1.23870838,-0.246734604,1.485443,-0.338272154
5450,5.450680,0.511048675,0.505127728,0.488951355,-1.12792969,-0.1863098,1.32934558,-0.338607281
5451,5.451690,0.509896457,0.504592955,0.490103573,-1.02722156,-0.146026596,1.17324817,-0.338911921
5452,5.452686,0.508722723,0.504048228,0.491277277,-0.90133667,-0.115814202,1.01715088,-0.339366585
5453,5.453696,0.507543981,0.503501177,0.492456049,-0.785522401,-0.0906371996,0.876159608,-0.339893907
5454,5.454679,0.506059945,0.502953649,0.493635774,-0.674743593,-0.0805664063,0.755309999,-0.340428293
5455,5.455691,0.504853845,0.502252698,0.495146155,-0.569000244,-0.0654601976,0.634460449,-0.340500951
5456,5.456694,0.50364536,0.501691818,0.49635461,-0.428009033,-0.0201416016,0.448150635,-0.34138453
5457,5.457685,0.502431512,0.501128495,0.497568518,-0.352477998,0.00503540039,0.347442597,-0.342080653
5458,5.458697,0.501213133,0.500563025,0.498786867,-0.281982422,0.0402832031,0.241699219,-0.342671305
5459,5.459679,0.499994904,0.499997616,0.500005066,-0.236663789,0.0553894006,0.181274384,-0.343334585
5460,5.460689,0.4984712,0.499290496,0.501224279,-0.1863098,0.0704956055,0.115814194,-0.34419468
5461,5.461672,0.497254521,0.498725832,0.502745509,-0.151062012,0.0906371996,0.0604248121,-0.345045418
5462,5.462695,0.496041894,0.498163015,0.503958046,-0.0956726,0.140991211,-0.0201415941,-0.345776647
5463,5.463677,0.494835138,0.497602969,0.505164862,-0.0604247972,0.1913452,-0.13092041,-0.346653193
5464,5.464698,0.493635923,0.497046411,0.506364048,-0.00503540039,0.25176999,-0.246734589,-0.347353965
5465,5.465685,0.492440164,0.496491462,0.507559836,0.0906371996,0.297088593,-0.3877258,-0.348164886
5466,5.466695,0.490974873,0.495811433,0.508718669,0.161132813,0.332336426,-0.493469238,-0.349163324
5467,5.467699,0.489820659,0.495275766,0.510179341,0.25176999,0.392761201,-0.624389589,-0.349847704
5468,5.468682,0.488665223,0.494739503,0.511334777,0.327301025,0.428009033,-0.735168457,-0.350628167
5469,5.469691,0.487534672,0.494214833,0.512465358,0.372619599,0.498504579,-0.871124148,-0.351746112
5470,5.470673,0.486422509,0.493698657,0.513577461,0.412902832,0.553893983,-0.966796815,-0.352491468
5471,5.471695,0.485330462,0.493191868,0.514669597,0.443115205,0.604248047,-1.04736328,-0.353803962
5472,5.472678,0.483995795,0.492700785,0.515727639,0.468292207,0.649566591,-1.11785877,-0.355503142
5473,5.473686,0.482941031,0.492082924,0.517059028,0.463256806,0.689849854,-1.15310669,-0.356972694
5474,5.474682,0.481938481,0.49161762,0.518061519,0.463256806,0.694885254,-1.15814209,-0.358671904
5475,5.475694,0.480948955,0.491158366,0.519051015,0.438079834,0.684814453,-1.12289429,-0.360031307
5476,5.476780,0.479735613,0.490595281,0.520028412,0.3826904,0.624389589,-1.00707996,-0.362501621
5477,5.477584,0.479055643,0.490279704,0.520944357,0.362548798,0.543823183,-0.906371951,-0.364763349
5478,5.478696,0.477934361,0.489759296,0.522065639,0.412902832,0.297088593,-0.709991455,-0.369486004
5479,5.479685,0.477073759,0.489359885,0.522926211,0.533752382,0.0302123986,-0.563964784,-0.372232884
5480,5.480694,0.476209253,0.488958687,0.523790777,0.740203857,-0.1863098,-0.51361084,-0.376018018
5481,5.481677,0.475455254,0.488608748,0.524544716,1.06246936,-0.407867402,-0.654601932,-0.37738207
5482,5.482699,0.474699706,0.488258094,0.525300264,1.49551392,-0.649566591,-0.845947325,-0.381940663
5483,5.483681,0.473940074,0.487905562,0.526059985,1.98898315,-0.840911746,-1.14807141,-0.390307873
5484,5.484690,0.473137677,0.487533152,0.526698411,2.47741675,-0.926513612,-1.55090308,-0.394053251
5485,5.485676,0.472507149,0.487240523,0.527492881,2.86514282,-0.906372011,-1.95877075,-0.400547773
5486,5.486698,0.47189483,0.486956358,0.528105199,3.15719557,-0.694885254,-2.35656714,-0.403941572
5487,5.487681,0.471345782,0.486701518,0.528654158,3.21258521,-0.352477998,-2.86010718,-0.408087701
5488,5.488689,0.470839053,0.486466348,0.529160917,3.17733765,-0.105743401,-3.07159424,-0.410670519
5489,5.489691,0.4702425,0.486229241,0.529671848,3.1320188,0.110778801,-3.24279761,-0.413393974
5490,5.490674,0.469833046,0.486045092,0.530068755,2.99102783,0.352477998,-3.34350586,-0.414694816
5491,5.491697,0.469468117,0.485830098,0.530531883,2.80975318,0.63446039,-3.44421363,-0.415355772
5492,5.492679,0.469123691,0.485670269,0.530876338,2.63854957,0.835876405,-3.50463867,-0.415313601
5493,5.493687,0.468849003,0.485542774,0.531150997,2.5680542,1.01211548,-3.58016968,-0.415083975
5494,5.494683,0.46867007,0.485459715,0.53132987,2.53784156,1.06750476,-3.6053462,-0.414434791
5495,5.495694,0.468487948,0.485375226,0.531512082,2.5428772,1.11785889,-3.66073608,-0.413560569
5496,5.496677,0.468300402,0.485288858,0.531698108,2.57308936,1.09771717,-3.67080641,-0.412522286
5497,5.497697,0.468197703,0.485240489,0.531802237,2.59323096,1.06750476,-3.66073561,-0.411910594
5498,5.498682,0.468192428,0.485238075,0.531807601,2.65869141,1.04232776,-3.69598389,-0.411348045
5499,5.499691,0.46820876,0.485245645,0.53179127,2.69897437,1.00204468,-3.70101905,-0.410937846
5500,5.500694,0.468297094,0.485286623,0.531702876,2.70401001,0.956726015,-3.66073608,-0.410694063
5501,5.501675,0.468356788,0.485314339,0.531643212,2.71911597,0.926513612,-3.64562964,-0.410511255
5502,5.502695,0.468584925,0.485420227,0.531511545,2.70904541,0.926513612,-3.63555908,-0.410487831
5503,5.503679,0.468799472,0.485519797,0.531200588,2.67379737,0.931549013,-3.60534644,-0.410478413
5504,5.504688,0.469035387,0.48562929,0.530964673,2.64358497,0.936584413,-3.58016944,-0.410431504
5505,5.505686,0.469341755,0.485771447,0.530658245,2.6133728,0.931549013,-3.54492188,-0.410347104
5506,5.506698,0.469693333,0.485934615,0.530306637,2.578125,0.911407411,-3.48953247,-0.410117388
5507,5.507681,0.470089674,0.486118585,0.529910386,2.55798316,0.89630121,-3.45428443,-0.409962654
5508,5.508690,0.470670253,0.486388028,0.529446542,2.51266456,0.876159668,-3.38882422,-0.409700096
5509,5.509673,0.471141517,0.486606717,0.528858483,2.47741675,0.845947206,-3.32336402,-0.409589887
5510,5.510696,0.471701115,0.486866444,0.528298855,2.44216919,0.805664003,-3.25790358,-0.409435153
5511,5.511699,0.472257495,0.487124652,0.527742505,2.37670875,0.760345399,-3.1370542,-0.409360111
5512,5.512678,0.472898841,0.487422317,0.527101159,2.34146094,0.755309999,-3.096771,-0.409313202
5513,5.513688,0.473558068,0.487728268,0.526441932,2.27600098,0.730133057,-3.00613403,-0.409242868
5514,5.514683,0.474436849,0.488061786,0.525723219,2.22061133,0.674743593,-2.89535499,-0.409202993
5515,5.515697,0.475221694,0.488500327,0.524778247,2.15515137,0.649566591,-2.80471802,-0.409219384
5516,5.516679,0.47598356,0.488853931,0.52401644,2.05444312,0.619354188,-2.69897461,-0.409191251
5517,5.517688,0.476782024,0.489224523,0.523218036,1.99401832,0.599212646,-2.59323096,-0.409228742
5518,5.518684,0.477633774,0.489619792,0.522366166,1.91345203,0.558929443,-2.47238159,-0.409228742
5519,5.519694,0.478535593,0.490038335,0.521464407,1.8328855,0.523681581,-2.35656714,-0.409228742
5520,5.520676,0.479668885,0.490463287,0.520548701,1.73721302,0.503539979,-2.24075294,-0.409228742
5521,5.521697,0.480623037,0.491007119,0.519376934,1.64154029,0.468292207,-2.10983253,-0.409228742
5522,5.522688,0.481620252,0.491469949,0.518379807,1.5307616,0.433044404,-1.96380603,-0.409228742
5523,5.523682,0.482615381,0.491931766,0.517384589,1.43005359,0.392761201,-1.82281482,-0.409228742
5524,5.524692,0.483676791,0.492424369,0.516323209,1.32431018,0.372619599,-1.69692981,-0.409228742
5525,5.525678,0.484710425,0.492904097,0.515289605,1.2286377,0.332336426,-1.56097412,-0.409228742
5526,5.526686,0.486066401,0.493416756,0.514185011,1.11785889,0.297088593,-1.41494751,-0.409228742
5527,5.527682,0.487174451,0.494047642,0.512825608,1.01211548,0.261840791,-1.2739563,-0.409228742
5528,5.528692,0.488310575,0.494574934,0.511689484,0.89630121,0.221557602,-1.10778809,-0.409228742
5529,5.529675,0.489453793,0.495105475,0.510546207,0.775451601,0.181274399,-0.956726015,-0.409228742
5530,5.530698,0.490612686,0.495643318,0.509387314,0.654602051,0.140991211,-0.795593262,-0.409228742
5531,5.531694,0.491785288,0.496187538,0.508214712,0.548858583,0.100708,-0.649566591,-0.409228742
5532,5.532678,0.493267953,0.496739954,0.507024407,0.417938203,0.0755310059,-0.493469208,-0.409156084
5533,5.533694,0.494465411,0.497431397,0.505534589,0.287017792,0.0453185998,-0.357513398,-0.409127951
5534,5.534679,0.495671064,0.497990936,0.504328966,0.1863098,0.0100708008,-0.221557602,-0.409099817
5535,5.535690,0.496883035,0.498553425,0.503116965,0.0856018066,-0.0352478027,-0.0503540039,-0.408999026
5536,5.536685,0.498101115,0.499118716,0.501898885,-0.00503540039,-0.0604247972,0.0654601976,-0.408942759
5537,5.537693,0.499319524,0.499684185,0.500680506,-0.0352478027,-0.0553894006,0.090637207,-0.408966184
5538,5.538676,0.500843704,0.500250161,0.499461025,-0.0956726,-0.0856018066,0.181274414,-0.408851326
5539,5.539698,0.502061844,0.500956893,0.497938126,-0.140991211,-0.115814202,0.25680542,-0.40885365
5540,5.540680,0.503282189,0.501523256,0.496717811,-0.206451416,-0.130920395,0.317230195,-0.408825517
5541,5.541689,0.504487276,0.502082527,0.495512724,-0.287017792,-0.146026596,0.433044374,-0.408863008
5542,5.542684,0.505690932,0.502641141,0.494309038,-0.397796571,-0.161132813,0.558929384,-0.408863008
5543,5.543693,0.506891668,0.503198445,0.493108332,-0.51361078,-0.181274399,0.694885194,-0.408863008
5544,5.544716,0.508372426,0.503885627,0.491627544,-0.629424989,-0.211486802,0.840911806,-0.408783317
5545,5.545684,0.509550929,0.504432619,0.490449101,-0.735168397,-0.266876191,1.00204456,-0.408755183
5546,5.546693,0.510691702,0.504962027,0.489308268,-0.871124148,-0.292053193,1.12289417,-0.40872705
5547,5.547676,0.511841178,0.505495489,0.488158792,-0.981903017,-0.337371796,1.31927478,-0.408698916
5548,5.548698,0.512954473,0.506012201,0.487045497,-1.09771717,-0.377654999,1.4753722,-0.408743441
5549,5.549680,0.514069259,0.50652957,0.485930741,-1.20346069,-0.417938203,1.62139893,-0.408743441
5550,5.550689,0.515408278,0.507032514,0.484846979,-1.3092041,-0.448150605,1.75735474,-0.408743441
5551,5.551684,0.516462982,0.507640481,0.483537018,-1.40991199,-0.498504579,1.90841651,-0.408743441
5552,5.552693,0.517507315,0.508125186,0.482492685,-1.54083252,-0.528717041,2.03430152,-0.408743441
5553,5.553676,0.518498063,0.508584976,0.481501907,-1.64154029,-0.553893983,2.19543433,-0.408743441
5554,5.554698,0.5194754,0.509038568,0.4805246,-1.73217762,-0.594177186,2.32635474,-0.408743441
5555,5.555703,0.520673037,0.509493947,0.479543477,-1.82281482,-0.619354188,2.44216895,-0.408743441
5556,5.556679,0.521601677,0.509913027,0.478640407,-1.92855835,-0.64453125,2.5730896,-0.408743441
5557,5.557688,0.522464216,0.510425687,0.477535784,-2.01415992,-0.664672852,2.67883277,-0.40868485
5558,5.558683,0.523292363,0.510810018,0.476707608,-2.12493873,-0.689849854,2.78961182,-0.408656716
5559,5.559691,0.524142265,0.511204481,0.475857735,-2.19543433,-0.704955995,2.90039039,-0.4084903
5560,5.560674,0.524899781,0.511556029,0.475100249,-2.28103638,-0.715026796,2.99606323,-0.408333242
5561,5.561695,0.525680482,0.511918366,0.474319518,-2.37670875,-0.745239198,3.121948,-0.408227742
5562,5.562677,0.526511312,0.51222527,0.473658174,-2.43713355,-0.740203857,3.17733741,-0.408007383
5563,5.563699,0.527164757,0.512607217,0.472835273,-2.52273536,-0.755309999,3.27804542,-0.407787025
5564,5.564681,0.527778149,0.512891889,0.472221881,-2.62344337,-0.750274599,3.34350562,-0.407559633
5565,5.565692,0.528373063,0.513167977,0.471626908,-2.68890357,-0.745239198,3.43414283,-0.407224506
5566,5.566695,0.528927207,0.513425171,0.471072882,-2.77450538,-0.730133057,3.50463843,-0.406847209
5567,5.567681,0.529345989,0.513619542,0.470654011,-2.83996558,-0.694885254,3.53485084,-0.406734735
5568,5.568690,0.529942155,0.513847768,0.470162302,-2.91046143,-0.664672852,3.57513428,-0.406230778
5569,5.569674,0.530308068,0.514066041,0.469691932,-2.95578003,-0.619354188,3.57513428,-0.405197203
5570,5.570695,0.530701816,0.514248729,0.469298154,-3.0514524,-0.538787842,3.58016944,-0.404440194
5571,5.571678,0.530977488,0.5143767,0.469022483,-3.0917356,-0.463256806,3.55499244,-0.403458208
5572,5.572687,0.531207144,0.514483273,0.468792856,-3.14208961,-0.392761201,3.53485084,-0.402532429
5573,5.573684,0.531465232,0.514603078,0.468534768,-3.16726661,-0.287017792,3.45428443,-0.401290238
5574,5.574693,0.531635463,0.514682055,0.468397737,-3.15719557,-0.201416001,3.35861158,-0.399408221
5575,5.575680,0.531714022,0.514718533,0.468285978,-3.1068418,-0.0755310059,3.18237281,-0.397624612
5576,5.576690,0.531796157,0.51475662,0.468203813,-2.92556739,0.0503540002,2.92556739,-0.395175427
5577,5.577693,0.531806231,0.514761329,0.468193799,-2.64358497,0.1863098,2.45727515,-0.392168403
5578,5.578674,0.531769395,0.514744222,0.468230605,-2.20550537,0.271911591,1.93359375,-0.388280094
5579,5.579696,0.531635404,0.514682055,0.468364596,-1.5660094,0.166168213,1.39984119,-0.383639514
5580,5.580680,0.531490445,0.514656544,0.468419641,-0.941619813,-0.115814202,1.05743396,-0.377688736
5581,5.581689,0.531277239,0.514515817,0.46872279,-0.3826904,-0.699920595,1.08261096,-0.371100456
5582,5.582684,0.53106755,0.514418483,0.46893245,0.0352478027,-1.4753722,1.5156554,-0.363790274
5583,5.583697,0.530811667,0.51429975,0.469188303,0.100708,-2.41195655,2.31124854,-0.358186364
5584,5.584695,0.53046155,0.514137268,0.46953848,-0.206451416,-2.82485938,3.0313108,-0.353648841
5585,5.585682,0.530090868,0.513965189,0.469909102,-0.730133057,-2.90039039,3.63052344,-0.344353527
5586,5.586692,0.529588759,0.513772607,0.470324069,-1.33941638,-2.62344337,3.96285963,-0.340352744
5587,5.587674,0.529118836,0.513514102,0.470881164,-1.84799182,-2.14508057,3.99307251,-0.335451961
5588,5.588689,0.528583229,0.513265491,0.471416742,-2.22564673,-1.60125721,3.82690382,-0.332869142
5589,5.589675,0.5280509,0.513018489,0.4719491,-2.39685059,-1.2437439,3.64059448,-0.332135528
5590,5.590697,0.52743268,0.512731552,0.47256729,-2.50259376,-0.956726015,3.45931983,-0.332053542
5591,5.591680,0.526796341,0.512436211,0.473203629,-2.527771,-0.780487061,3.30825806,-0.332459033
5592,5.592688,0.525965989,0.512132168,0.473858774,-2.51769996,-0.689849854,3.20754981,-0.333450466
5593,5.593684,0.525201559,0.5116961,0.474798471,-2.47238135,-0.629424989,3.1018064,-0.334397316
5594,5.594693,0.524460554,0.511352181,0.475539476,-2.39181495,-0.563964844,2.96081543,-0.335271537
5595,5.595679,0.523663402,0.510982215,0.476336598,-2.27600098,-0.569000244,2.84500122,-0.335965306
5596,5.596689,0.52281332,0.510587692,0.47718668,-2.20046997,-0.604248047,2.80471802,-0.3365044
5597,5.597686,0.521983147,0.510202408,0.478016853,-2.10983276,-0.604248047,2.71408081,-0.33682555
5598,5.598694,0.520838201,0.509671032,0.478915542,-2.00408936,-0.594177186,2.5982666,-0.337097436
5599,5.599697,0.519901633,0.509236395,0.480098367,-1.88827503,-0.574035585,2.48245215,-0.33725211
5600,5.600685,0.518935621,0.508788049,0.481064379,-1.79260242,-0.548858583,2.35656714,-0.337395042
5601,5.601695,0.517913282,0.508313596,0.482086718,-1.69189441,-0.523681581,2.21557593,-0.337481797
5602,5.602676,0.516921282,0.50785321,0.483078748,-1.5962218,-0.483398378,2.07962012,-0.337643564
5603,5.603697,0.515875936,0.507368028,0.484124064,-1.50558472,-0.428009033,1.93359375,-0.337725639
5604,5.604680,0.514536619,0.506872058,0.485192806,-1.43508911,-0.362548798,1.79763794,-0.337901473
5605,5.605692,0.513451457,0.506242871,0.486548573,-1.34445179,-0.302124023,1.64657581,-0.338173389
5606,5.606675,0.512335062,0.505724728,0.487664938,-1.26892078,-0.241699189,1.51062,-0.338370323
5607,5.607695,0.511200309,0.505198061,0.488799691,-1.13296497,-0.181274399,1.31423938,-0.33870545
5608,5.608678,0.51003319,0.504656434,0.48996684,-1.02722156,-0.146026596,1.17324817,-0.338979632
5609,5.609687,0.508868992,0.504116118,0.491131008,-0.916442752,-0.115814202,1.03225696,-0.339530379
5610,5.610713,0.507389903,0.503429651,0.492610097,-0.805664003,-0.0956726,0.90133661,-0.340090513
5611,5.611675,0.506204545,0.50287956,0.493795484,-0.689849854,-0.0856018066,0.77545166,-0.340533495
5612,5.612696,0.505004287,0.502322495,0.494995713,-0.553893983,-0.0604247972,0.64956665,-0.340613186
5613,5.613679,0.503793597,0.501760602,0.496206373,-0.448150605,-0.0402832031,0.488433808,-0.341503799
5614,5.614688,0.502585411,0.501199901,0.497414589,-0.362548798,-0.00503540039,0.367584199,-0.34209913
5615,5.615686,0.501366258,0.500634074,0.498633742,-0.297088593,0.0251770001,0.271911591,-0.342778862
5616,5.616695,0.499842405,0.499926865,0.499852836,-0.231628403,0.0453185998,0.1863098,-0.343531191
5617,5.617679,0.498621166,0.499360085,0.501378834,-0.1963806,0.0604247972,0.135955811,-0.344346762
5618,5.618688,0.497408301,0.498797178,0.50259167,-0.140991211,0.0906371996,0.0604248121,-0.345035791
5619,5.619684,0.496193051,0.498233199,0.503806949,-0.105743401,0.130920395,-0.0251769945,-0.345621705
5620,5.620694,0.494985461,0.497672737,0.505014539,-0.0604247972,0.181274399,-0.120849602,-0.346514642
5621,5.621720,0.493486553,0.497115701,0.506214738,-0.00503540039,0.236663789,-0.231628388,-0.347501338
5622,5.622681,0.492298067,0.496557474,0.507417619,0.0755310059,0.287017792,-0.362548798,-0.348274767
5623,5.623690,0.491113901,0.495875925,0.508886039,0.151062012,0.332336426,-0.483398438,-0.349027097
5624,5.624686,0.489964902,0.495342702,0.510035098,0.261840791,0.372619599,-0.609283388,-0.349866152
5625,5.625698,0.488807708,0.494805634,0.511192262,0.332336426,0.443115205,-0.77545166,-0.350557566
5626,5.626680,0.487674981,0.494279921,0.512324989,0.362548798,0.498504579,-0.861053348,-0.351600528
5627,5.627689,0.486560464,0.493762702,0.513439596,0.412902832,0.548858583,-0.961761415,-0.352259159
5628,5.628684,0.48519522,0.493243873,0.514557421,0.448150605,0.609283388,-1.05743396,-0.353984147
5629,5.629693,0.484114945,0.49262774,0.515885115,0.463256806,0.649566591,-1.11282337,-0.355409116
5630,5.630675,0.483069807,0.492142677,0.516930223,0.468292207,0.684814453,-1.15310669,-0.356923193
5631,5.631695,0.482063949,0.491675854,0.517936051,0.468292207,0.699920595,-1.16821277,-0.35850057
5632,5.632721,0.481071025,0.49121502,0.518928945,0.438079834,0.694885254,-1.13296509,-0.360495061
5633,5.633677,0.480090261,0.490759879,0.519909799,0.397796571,0.64453125,-1.04232788,-0.362013847
5634,5.634686,0.478941202,0.490340561,0.520813107,0.362548798,0.523681581,-0.88623035,-0.365859926
5635,5.635703,0.478044122,0.489810228,0.521955848,0.407867402,0.327301025,-0.735168457,-0.369089603
5636,5.636687,0.477179408,0.48940894,0.522820652,0.533752382,0.0503540002,-0.563964784,-0.37272945
5637,5.637683,0.476329565,0.489014506,0.523670435,0.720062196,-0.156097397,-0.563964784,-0.37668103
5638,5.638692,0.475513309,0.488635689,0.524486721,1.00204468,-0.372619599,-0.629425049,-0.37788102
5639,5.639675,0.474792033,0.488300949,0.525207937,1.44012439,-0.624389589,-0.815734804,-0.38187477
5640,5.640695,0.473894238,0.487884283,0.525972128,1.92352283,-0.825805664,-1.09771717,-0.387952119
5641,5.641680,0.473197937,0.487561107,0.526802063,2.41195655,-0.921478152,-1.4904784,-0.395299733
5642,5.642689,0.47254017,0.487255841,0.5274598,2.88528442,-0.89630121,-1.93862915,-0.399806768
5643,5.643789,0.471966386,0.486989558,0.528033614,3.1320188,-0.745239198,-2.38677955,-0.404182583
5644,5.644594,0.471389443,0.486721814,0.528610587,3.19244361,-0.488433838,-2.70400977,-0.407034904
5645,5.645691,0.470899999,0.486494631,0.529099941,3.19747901,-0.130920395,-3.0665586,-0.409903646
5646,5.646674,0.470430791,0.486276895,0.529569209,3.14712501,0.0805664063,-3.22769141,-0.412809908
5647,5.647696,0.469857812,0.486010969,0.530142188,3.00109839,0.322265625,-3.32336402,-0.414481044
5648,5.648679,0.469511271,0.485850126,0.530488729,2.82485938,0.594177186,-3.41903663,-0.415027112
5649,5.649687,0.46918568,0.485699028,0.53081429,2.64862037,0.856018066,-3.50463843,-0.415275574
5650,5.650683,0.468880802,0.485557526,0.531119227,2.56301856,0.971832216,-3.53485084,-0.415186554
5651,5.651692,0.468646348,0.485448718,0.531353652,2.5328064,1.05743408,-3.59024048,-0.41447407
5652,5.652675,0.468458056,0.485361338,0.531541944,2.5428772,1.09771717,-3.64059448,-0.413374901
5653,5.653698,0.468338519,0.485305846,0.531661451,2.58819556,1.09268188,-3.66073608,-0.412566304
5654,5.654689,0.468204826,0.485243797,0.531795144,2.60833716,1.07254028,-3.67080665,-0.411886603
5655,5.655703,0.468168408,0.485226929,0.531831622,2.64358497,1.03729248,-3.68087745,-0.411534995
5656,5.656672,0.468229383,0.485255212,0.531770647,2.67379737,1.00204468,-3.67584205,-0.410913855
5657,5.657696,0.468236268,0.4852584,0.531763732,2.71911597,0.961761415,-3.68087745,-0.410656005
5658,5.658679,0.468390733,0.485330075,0.531609237,2.72415137,0.941619813,-3.66577125,-0.410498977
5659,5.659687,0.468536377,0.485397696,0.531463623,2.71911597,0.911407411,-3.63052344,-0.410494298
5660,5.660683,0.468770146,0.485506177,0.531229854,2.67883277,0.926513612,-3.62548804,-0.410405189
5661,5.661692,0.46900028,0.485612988,0.53099972,2.64358497,0.911407411,-3.55499244,-0.410409838
5662,5.662675,0.469301015,0.485752553,0.530698955,2.6184082,0.911407411,-3.52981567,-0.410332471
5663,5.663697,0.4696711,0.485924304,0.53032887,2.57308936,0.911407411,-3.48449683,-0.410248071
5664,5.664763,0.470166087,0.48615405,0.529833913,2.5328064,0.90133667,-3.45428443,-0.410004288
5665,5.665685,0.470588207,0.48634994,0.529411793,2.51266456,0.871124148,-3.38378859,-0.409790963
5666,5.666694,0.471123338,0.486598283,0.528876662,2.47238135,0.845947206,-3.32839966,-0.409622163
5667,5.667676,0.471631795,0.486834288,0.528368235,2.41699219,0.810699403,-3.22769165,-0.40952602
5668,5.668697,0.472182959,0.487090051,0.527817011,2.37167335,0.785522401,-3.15719581,-0.409385353
5669,5.669679,0.472797692,0.487375349,0.527202308,2.34649634,0.755309999,-3.1018064,-0.409310311
5670,5.670688,0.473622411,0.487708598,0.526484311,2.29614234,0.740203857,-3.0363462,-0.409321994
5671,5.671684,0.474346399,0.488094121,0.525653601,2.23571777,0.694885254,-2.93060303,-0.409186035
5672,5.672692,0.475087225,0.488437921,0.524912715,2.14004493,0.654602051,-2.80471802,-0.409181327
5673,5.673675,0.475845665,0.488789946,0.524154365,2.07458496,0.624389589,-2.69897461,-0.409204751
5674,5.674695,0.476678014,0.489176214,0.523321986,1.99401832,0.604248047,-2.59826636,-0.409235209
5675,5.675724,0.477760404,0.489577889,0.522456586,1.91848731,0.563964844,-2.48245215,-0.409228176
5676,5.676682,0.47840631,0.489978343,0.52159369,1.8429563,0.51864624,-2.36160254,-0.409228176
5677,5.677691,0.479551822,0.490509957,0.520448148,1.75735462,0.493469208,-2.25082374,-0.409228176
5678,5.678674,0.480517715,0.490958244,0.519482315,1.66168201,0.468292207,-2.12997413,-0.409228176
5679,5.679694,0.481481433,0.491405517,0.518518627,1.5458678,0.433044404,-1.97891223,-0.409228176
5680,5.680677,0.482487887,0.491872609,0.517512143,1.43508911,0.397796571,-1.83288574,-0.409228176
5681,5.681698,0.48355937,0.49236986,0.51644063,1.33941638,0.372619599,-1.71203601,-0.409228176
5682,5.682681,0.484601289,0.492853433,0.515398741,1.23870838,0.347442627,-1.586151,-0.409228176
5683,5.683689,0.485940635,0.49347505,0.514059424,1.13800049,0.307159424,-1.44515991,-0.409228176
5684,5.684684,0.487045288,0.493987709,0.512954712,0.997009158,0.261840791,-1.28402698,-0.409228176
5685,5.685695,0.488178402,0.494513571,0.511821568,0.89630121,0.226593003,-1.12289417,-0.409228176
5686,5.686780,0.489606261,0.495176256,0.510689855,0.785522401,0.181274399,-0.966796815,-0.409228176
5687,5.687768,0.490765959,0.495714456,0.509234011,0.674743593,0.151062012,-0.825805604,-0.409228176
5688,5.688584,0.49164483,0.49612236,0.5083552,0.553893983,0.110778801,-0.664672792,-0.409228176
5689,5.689691,0.493124545,0.496809095,0.506875455,0.438079834,0.0654601976,-0.503540039,-0.409148484
5690,5.690673,0.494324386,0.497365922,0.505675554,0.332336426,0.0503540002,-0.38269043,-0.409120351
5691,5.691696,0.495516479,0.497919172,0.504483461,0.1913452,0.00503540039,-0.1963806,-0.409092218
5692,5.692678,0.496734023,0.498484254,0.503265977,0.0906371996,-0.0251770001,-0.0654601976,-0.408984393
5693,5.693687,0.497949034,0.499048144,0.502050936,0.0201416016,-0.0453185998,0.0251769982,-0.408986717
5694,5.694682,0.499167293,0.499613523,0.500832677,-0.0352478027,-0.0704956055,0.105743408,-0.408951551
5695,5.695694,0.50069201,0.50032115,0.49930796,-0.0856018066,-0.0856018066,0.171203613,-0.408989042
5696,5.696677,0.501909912,0.500886381,0.498090088,-0.146026596,-0.105743401,0.236663789,-0.408909351
5697,5.697693,0.503125489,0.501450539,0.496874541,-0.201416001,-0.130920395,0.332336396,-0.408881217
5698,5.698690,0.504339874,0.50201416,0.495660126,-0.281982422,-0.146026596,0.428009033,-0.408853084
5699,5.699672,0.505545497,0.502573669,0.494454533,-0.3877258,-0.166168213,0.553894043,-0.40882495
5700,5.700695,0.507029474,0.50312686,0.493262529,-0.493469208,-0.1863098,0.679778993,-0.408862442
5701,5.701678,0.508218765,0.50381434,0.491781265,-0.604248047,-0.216522202,0.820770264,-0.408789784
5702,5.702687,0.509390414,0.504358113,0.490609616,-0.740203857,-0.241699189,0.961761355,-0.40876165
5703,5.703682,0.510548115,0.504895389,0.489451885,-0.861053407,-0.297088593,1.15814197,-0.408733517
5704,5.704691,0.511699557,0.505429745,0.488300383,-0.966796756,-0.327301025,1.29409778,-0.408705384
5705,5.705678,0.512815297,0.50594759,0.487184703,-1.08764637,-0.367584199,1.45523059,-0.408742875
5706,5.706686,0.514194846,0.506466091,0.486067533,-1.17828369,-0.422973603,1.60125732,-0.408742875
5707,5.707709,0.515287042,0.507094741,0.484712988,-1.29409778,-0.453186005,1.74728382,-0.408742875
5708,5.708689,0.516332567,0.507579982,0.483667433,-1.41998279,-0.483398378,1.88323951,-0.408742875
5709,5.709698,0.517393708,0.508072436,0.482606262,-1.5257262,-0.51864624,2.04437256,-0.408742875
5710,5.710681,0.518374085,0.508527458,0.481625915,-1.63146961,-0.553893983,2.18536353,-0.408742875
5711,5.711690,0.519370317,0.508989811,0.480629683,-1.72714221,-0.594177186,2.32131934,-0.408742875
5712,5.712675,0.520323336,0.509432077,0.479676634,-1.81777942,-0.624389589,2.44216895,-0.408742875
5713,5.713696,0.521472454,0.50996542,0.478527546,-1.91345203,-0.64453125,2.5579834,-0.408742875
5714,5.714680,0.522374034,0.510383844,0.477626026,-2.00408936,-0.664672852,2.66876221,-0.408742875
5715,5.715692,0.523207009,0.51077044,0.476793021,-2.10983276,-0.689849854,2.79968262,-0.408670217
5716,5.716675,0.524004519,0.511140525,0.475995451,-2.18032813,-0.699920595,2.88024879,-0.408517867
5717,5.717696,0.524804711,0.511511922,0.475195318,-2.28103638,-0.720062196,3.00109863,-0.408433467
5718,5.718704,0.525729597,0.511941135,0.474450707,-2.35656738,-0.760345399,3.11691284,-0.408262342
5719,5.719698,0.526426911,0.512264788,0.473573089,-2.43209815,-0.750274599,3.18237281,-0.408070117
5720,5.720696,0.527106822,0.512580335,0.472893208,-2.53784156,-0.760345399,3.28308082,-0.407863826
5721,5.721679,0.527703762,0.512857378,0.472296268,-2.6133728,-0.755309999,3.36868286,-0.4076294
5722,5.722688,0.528281331,0.51312542,0.471718669,-2.68386817,-0.745239198,3.42910743,-0.407366872
5723,5.723684,0.528817296,0.51337415,0.471182734,-2.76443458,-0.740203857,3.50463843,-0.407083303
5724,5.724693,0.529450655,0.513603151,0.470689297,-2.81478858,-0.715026796,3.52981544,-0.406490386
5725,5.725680,0.529866636,0.513861179,0.470133424,-2.88024879,-0.679778993,3.56002784,-0.405979455
5726,5.726688,0.530285895,0.514055729,0.469714105,-2.96585059,-0.63446039,3.59527588,-0.405454457
5727,5.727684,0.530636787,0.514218569,0.469363213,-3.0262754,-0.563964844,3.59024024,-0.404713809
5728,5.728693,0.530967176,0.514371932,0.469032854,-3.0766294,-0.493469208,3.57009864,-0.404092669
5729,5.729706,0.531202614,0.514481187,0.468797356,-3.1320188,-0.422973603,3.55499244,-0.403120041
5730,5.730699,0.531463087,0.514580548,0.468583196,-3.16726661,-0.317230195,3.48449683,-0.401678622
5731,5.731695,0.531644404,0.514686227,0.468355596,-3.16223121,-0.236663789,3.39889503,-0.400553614
5732,5.732679,0.531754076,0.514737129,0.468245953,-3.1370542,-0.115814202,3.25286841,-0.398228645
5733,5.733687,0.531766415,0.514742851,0.468233615,-2.99606323,0.0453185998,2.95074463,-0.395751327
5734,5.734682,0.531807542,0.514761925,0.468192458,-2.74932837,0.135955796,2.61337256,-0.394556016
5735,5.735695,0.531776547,0.51474756,0.468223453,-2.38174438,0.266876191,2.11486816,-0.391117752
5736,5.736678,0.531698704,0.51471144,0.468301326,-1.79260242,0.231628403,1.560974,-0.385427117
5737,5.737687,0.531510651,0.514624119,0.468489319,-1.15310657,0.0151061993,1.13800037,-0.380594343
5738,5.738683,0.531328082,0.514539421,0.468671918,-0.594177186,-0.453186005,1.04736316,-0.372941971
5739,5.739692,0.531124055,0.514444709,0.468875945,-0.0654601976,-1.38977051,1.45523071,-0.366004467
5740,5.740731,0.530800283,0.514294446,0.469199717,0.115814202,-2.17025733,2.05444312,-0.359934151
5741,5.741691,0.530528903,0.514168501,0.469471097,-0.0503540002,-2.72415137,2.77450538,-0.352638036
5742,5.742688,0.530065238,0.513987839,0.469860375,-0.498504579,-2.92556739,3.42407203,-0.345639646
5743,5.743684,0.52964437,0.513758004,0.4703556,-1.13296497,-2.73925781,3.8722229,-0.339599788
5744,5.744693,0.529156744,0.513531685,0.470843256,-1.81777942,-2.30117774,3.99810743,-0.336913854
5745,5.745679,0.528649569,0.513296306,0.471350431,-2.14508057,-1.70700061,3.8520813,-0.333843559
5746,5.746687,0.528122544,0.513051748,0.471877515,-2.33139038,-1.3343811,3.66577148,-0.332334161
5747,5.747683,0.527531207,0.512777269,0.472468793,-2.45223999,-1.04736316,3.49960327,-0.332090437
5748,5.748692,0.526735127,0.512484014,0.473100662,-2.51266456,-0.845947206,3.35861182,-0.332437366
5749,5.749674,0.52601248,0.512072444,0.473772198,-2.527771,-0.694885254,3.22265625,-0.33310765
5750,5.750695,0.52533412,0.511757612,0.47466591,-2.46231055,-0.629424989,3.096771,-0.334279537
5751,5.751703,0.524557531,0.511397183,0.475442469,-2.36160278,-0.599212646,2.96081543,-0.335142016
5752,5.752694,0.523783743,0.511038065,0.476216227,-2.30117774,-0.569000244,2.87017798,-0.335887343
5753,5.753691,0.522937179,0.510645211,0.477062851,-2.22061133,-0.599212646,2.81982398,-0.336374849
5754,5.754673,0.522075653,0.510245323,0.477924347,-2.12493873,-0.599212646,2.72415137,-0.33673349
5755,5.755697,0.520969689,0.509732068,0.479030311,-2.03430152,-0.589141846,2.62344337,-0.337047577
5756,5.756681,0.520004332,0.509284019,0.479995638,-1.92855835,-0.579071045,2.50762939,-0.337281942
5757,5.757690,0.51907295,0.508851767,0.48092705,-1.80267334,-0.548858583,2.35153198,-0.337387383
5758,5.758685,0.5180673,0.508385062,0.4819327,-1.70196521,-0.51361078,2.21557593,-0.337474138
5759,5.759695,0.517063558,0.507919192,0.482936382,-1.5962218,-0.493469208,2.08969092,-0.337642938
5760,5.760678,0.515995204,0.507423401,0.484004825,-1.51062,-0.453186005,1.96380603,-0.337725013
5761,5.761687,0.514660299,0.50680387,0.485339671,-1.43508911,-0.377654999,1.81274414,-0.337879747
5762,5.762707,0.513557315,0.506291986,0.486442715,-1.3293457,-0.307159424,1.66671741,-0.338013381
5763,5.763693,0.512455761,0.505780756,0.487544268,-1.23367298,-0.246734604,1.4804076,-0.338226706
5764,5.764688,0.511343062,0.505264342,0.488656968,-1.14303577,-0.1913452,1.33438098,-0.33859238
5765,5.765687,0.510177553,0.50472343,0.489822447,-1.04232776,-0.151062012,1.19338977,-0.338969678
5766,5.766695,0.508722484,0.504183948,0.490984857,-0.931549013,-0.120849594,1.05239856,-0.339246213
5767,5.767678,0.507537723,0.503498256,0.492462248,-0.810699403,-0.100708,0.911407411,-0.340007901
5768,5.768687,0.506353915,0.50294888,0.493646115,-0.674743593,-0.0856018066,0.790557802,-0.340115726
5769,5.769684,0.505158663,0.50239414,0.494841337,-0.569000244,-0.0654601976,0.634460449,-0.340767264
5770,5.770693,0.503950894,0.501833618,0.496049106,-0.453186005,-0.0302123986,0.483398408,-0.341226637
5771,5.771675,0.502732992,0.501268387,0.497267038,-0.367584199,0.00503540039,0.362548798,-0.341812611
5772,5.772698,0.501212895,0.500704169,0.498482764,-0.302124023,0.0251770001,0.276947021,-0.342815757
5773,5.773790,0.499994665,0.499997526,0.500005305,-0.236663789,0.0654601976,0.171203583,-0.343272746
5774,5.774676,0.498774529,0.499431252,0.501225471,-0.201416001,0.0604247972,0.140991211,-0.344067246
5775,5.775701,0.497558087,0.498866707,0.502441943,-0.151062012,0.0906371996,0.0604248121,-0.344807833
5776,5.776673,0.496341377,0.498302042,0.503658652,-0.105743401,0.130920395,-0.0251769945,-0.345693737
5777,5.777695,0.495128155,0.497738987,0.504871905,-0.0755310059,0.176238999,-0.100707993,-0.346467167
5778,5.778678,0.493934631,0.497185051,0.506065369,-0.0100708008,0.236663789,-0.226592988,-0.347271055
5779,5.779687,0.492439926,0.496491343,0.507560074,0.0704956055,0.281982422,-0.352478027,-0.348314017
5780,5.780683,0.491267264,0.495947123,0.508732736,0.146026596,0.317230195,-0.463256776,-0.349035889
5781,5.781692,0.490093648,0.495402455,0.509906352,0.236663789,0.3826904,-0.619354188,-0.349722594
5782,5.782676,0.48894158,0.494867772,0.51105839,0.322265625,0.428009033,-0.750274658,-0.350547582
5783,5.783698,0.487805784,0.494340628,0.512194157,0.367584199,0.488433838,-0.856018066,-0.351583511
5784,5.784689,0.486422271,0.493698537,0.513301432,0.412902832,0.553893983,-0.966796815,-0.352671057
5785,5.785680,0.485341728,0.493197083,0.514658272,0.448150605,0.599212646,-1.04736328,-0.353849977
5786,5.786690,0.484247118,0.492689073,0.515752912,0.463256806,0.649566591,-1.10275257,-0.355153054
5787,5.787685,0.483212322,0.492208809,0.516787708,0.473327577,0.694885254,-1.16821289,-0.356130421
5788,5.788696,0.482189834,0.491734266,0.517810166,0.463256806,0.704955995,-1.16821277,-0.358148396
5789,5.789679,0.481193513,0.491271883,0.518806517,0.448150605,0.689849854,-1.13800049,-0.3583875
5790,5.790689,0.479987264,0.490815103,0.519790769,0.417938203,0.64453125,-1.06246948,-0.36169222
5791,5.791672,0.479022086,0.490264118,0.520730913,0.372619599,0.543823183,-0.916442752,-0.364968807
5792,5.792694,0.478137076,0.489853382,0.521862924,0.412902832,0.372619599,-0.770416141,-0.368371964
5793,5.793787,0.477267504,0.489449799,0.522732496,0.538787842,0.0352478027,-0.574035645,-0.372250855
5794,5.794591,0.476431549,0.489061862,0.523568511,0.609283388,-0.0906371996,-0.518646181,-0.375923485
5795,5.795722,0.475649625,0.488698959,0.524350405,0.941619813,-0.357513398,-0.584106445,-0.3818461
5796,5.796682,0.474884987,0.488344103,0.525115073,1.40487659,-0.594177186,-0.810699403,-0.384944528
5797,5.797691,0.473939925,0.487905473,0.526060104,1.86309803,-0.815734804,-1.04736328,-0.390473425
5798,5.798674,0.473258942,0.487589419,0.526741028,2.36160278,-0.936584413,-1.42501831,-0.39184922
5799,5.799694,0.472639203,0.487301797,0.527360797,2.86514282,-0.90133667,-1.96380615,-0.399107814
5800,5.800676,0.472016305,0.487012714,0.527983665,3.1118772,-0.7653808,-2.34649634,-0.402466446
5801,5.801699,0.471524268,0.486784369,0.528475761,3.18740821,-0.458221376,-2.72918677,-0.407254755
5802,5.802682,0.470938563,0.486512542,0.529061437,3.18740821,-0.151062012,-3.0363462,-0.410446972
5803,5.803690,0.470351636,0.486240149,0.529648364,3.1370542,0.0704956055,-3.20754981,-0.411958665
5804,5.804674,0.469907284,0.486033916,0.530092716,3.0313108,0.307159424,-3.33847022,-0.414363354
5805,5.805698,0.46955508,0.485870451,0.53044492,2.79968238,0.64453125,-3.44421363,-0.414890707
5806,5.806712,0.469223887,0.48571676,0.530776143,2.65869141,0.835876405,-3.49456787,-0.414714932
5807,5.807681,0.468913317,0.485572606,0.531086624,2.578125,0.971832216,-3.54995728,-0.414543897
5808,5.808690,0.468645155,0.485484213,0.53127718,2.5328064,1.06246936,-3.59527588,-0.414318919
5809,5.809685,0.468462855,0.485363543,0.531537116,2.54791236,1.10275269,-3.65066504,-0.413367391
5810,5.810694,0.468327045,0.485300541,0.531672955,2.5831604,1.09268188,-3.66577125,-0.412547112
5811,5.811677,0.468237936,0.485259175,0.531762064,2.62344337,1.05743408,-3.67584205,-0.411858022
5812,5.812699,0.468195647,0.485239565,0.531804383,2.64358497,1.03729248,-3.68087745,-0.41126734
5813,5.813681,0.468174994,0.485229969,0.531825006,2.68386817,0.986938417,-3.67080665,-0.41096729
5814,5.814690,0.468271971,0.48525387,0.531773448,2.71408057,0.961761415,-3.67584205,-0.410732895
5815,5.815676,0.468381941,0.485326022,0.531649888,2.71911597,0.921478152,-3.64059401,-0.410671979
5816,5.816698,0.468538553,0.48539871,0.531461477,2.70904541,0.916442752,-3.6305232,-0.410657883
5817,5.817798,0.468741536,0.485492915,0.531258523,2.67883277,0.936584413,-3.61541724,-0.41060394
5818,5.818590,0.468965977,0.485597074,0.531034052,2.64862037,0.931549013,-3.58016944,-0.410549998
5819,5.819697,0.469285369,0.485745281,0.530714631,2.60833716,0.941619813,-3.54995704,-0.410444498
5820,5.820680,0.469649583,0.48591432,0.530350447,2.5831604,0.931549013,-3.51470947,-0.410221815
5821,5.821688,0.470113486,0.486129612,0.529886484,2.55294776,0.911407411,-3.46435523,-0.409980357
5822,5.822684,0.470553517,0.486333847,0.529446483,2.51266456,0.881195009,-3.39385962,-0.409752965
5823,5.823692,0.471013933,0.48654753,0.528986096,2.47741675,0.845947206,-3.32336402,-0.409563065
5824,5.824675,0.471563101,0.486802369,0.52843684,2.42706275,0.815734804,-3.24279761,-0.409452856
5825,5.825701,0.47217539,0.487086535,0.527824581,2.39181495,0.790557802,-3.18237281,-0.40937078
5826,5.826684,0.472740382,0.487348765,0.527259588,2.33139038,0.760345399,-3.09173584,-0.409333229
5827,5.827692,0.473579258,0.487738073,0.526420712,2.31628418,0.740203857,-3.05648804,-0.409255862
5828,5.828691,0.47427696,0.488061875,0.52572298,2.21557593,0.694885254,-2.93060303,-0.409230053
5829,5.829688,0.474992692,0.488394082,0.525007308,2.15011597,0.654602051,-2.80471802,-0.409232378
5830,5.830683,0.47580424,0.488770723,0.52419579,2.10983276,0.629424989,-2.73925781,-0.409204245
5831,5.831691,0.476593167,0.489136845,0.523406804,2.02423096,0.614318848,-2.6385498,-0.409234703
5832,5.832675,0.477435827,0.489527911,0.522564113,1.92855835,0.558929443,-2.48748779,-0.409227669
5833,5.833697,0.478552908,0.490046382,0.521447122,1.85302722,0.543823183,-2.39685035,-0.409227669
5834,5.834679,0.479484111,0.490478545,0.520515919,1.74728382,0.503539979,-2.25082374,-0.409227669
5835,5.835694,0.480381995,0.490895241,0.519617975,1.65161133,0.468292207,-2.11990356,-0.409227669
5836,5.836676,0.481357634,0.491348058,0.518642366,1.56097412,0.433044404,-1.99401855,-0.409227669
5837,5.837697,0.48236078,0.49181363,0.517639279,1.46026611,0.402832001,-1.86309814,-0.409227669
5838,5.838710,0.483664125,0.492418498,0.516610026,1.35955799,0.372619599,-1.73217762,-0.409227669
5839,5.839689,0.484734893,0.492915452,0.515265107,1.24877918,0.337371796,-1.586151,-0.409227669
5840,5.840699,0.485792726,0.493406385,0.514207304,1.13296497,0.302124023,-1.45019519,-0.409227669
5841,5.841682,0.486906171,0.493923157,0.513093889,1.00707996,0.261840791,-1.26892078,-0.409227669
5842,5.842691,0.488037109,0.494448006,0.511962891,0.911407411,0.221557602,-1.13296497,-0.409227669
5843,5.843674,0.489158154,0.494968265,0.510841787,0.800628603,0.1913452,-0.991973817,-0.409227669
5844,5.844697,0.490612924,0.495511919,0.509670496,0.684814453,0.161132813,-0.845947266,-0.409227669
5845,5.845683,0.491785645,0.496187717,0.508214414,0.584106386,0.110778801,-0.694885194,-0.409169078
5846,5.846692,0.49297598,0.496740133,0.50702399,0.428009033,0.0755310059,-0.543823242,-0.409140944
5847,5.847697,0.49416551,0.497292191,0.50583446,0.312194794,0.0453185998,-0.357513398,-0.409112811
5848,5.848694,0.495372921,0.497852564,0.504627049,0.216522202,0.00503540039,-0.221557602,-0.409084678
5849,5.849707,0.496582508,0.49841395,0.503417492,0.105743401,-0.0151061993,-0.0906371996,-0.408983886
5850,5.850689,0.497795343,0.498976827,0.502204657,0.0251770001,-0.0453185998,0.0201415997,-0.408979177
5851,5.851697,0.499319762,0.499684304,0.500680268,-0.0352478027,-0.0654601976,0.100708,-0.408951044
5852,5.852682,0.500539243,0.50025028,0.499460787,-0.0856018066,-0.0856018066,0.171203613,-0.408922911
5853,5.853691,0.501759231,0.500816464,0.498240769,-0.135955796,-0.100708,0.236663789,-0.408894777
5854,5.854675,0.502976239,0.501381278,0.497023761,-0.1863098,-0.130920395,0.317230195,-0.408866644
5855,5.855700,0.504192173,0.501945615,0.495807827,-0.261840791,-0.135955796,0.397796571,-0.408838511
5856,5.856682,0.505391061,0.502502024,0.494608968,-0.367584199,-0.156097397,0.523681581,-0.408868968
5857,5.857692,0.506886423,0.503196001,0.493113577,-0.483398378,-0.181274399,0.664672792,-0.40879631
5858,5.858675,0.508065164,0.503743052,0.491934836,-0.594177186,-0.206451416,0.800628603,-0.408768177
5859,5.859697,0.509259522,0.504297376,0.490740508,-0.730133057,-0.25176999,0.981903076,-0.408740044
5860,5.860710,0.510412574,0.504832506,0.489587426,-0.845947206,-0.287017792,1.13296497,-0.40871191
5861,5.861697,0.511548579,0.505359709,0.488451421,-0.961761415,-0.322265625,1.2840271,-0.408742368
5862,5.862693,0.512954712,0.505887508,0.487314135,-1.06246936,-0.367584199,1.43005359,-0.408742368
5863,5.863676,0.514058471,0.506524563,0.486215621,-1.17828369,-0.412902832,1.59118652,-0.408742368
5864,5.864697,0.515153229,0.507032633,0.484846771,-1.3092041,-0.443115205,1.71707141,-0.408742368
5865,5.865683,0.516214609,0.507525206,0.483785391,-1.40487659,-0.488433838,1.89331043,-0.408742368
5866,5.866691,0.517252147,0.508006752,0.482747853,-1.51062,-0.50857538,2.01919532,-0.408742368
5867,5.867674,0.518264174,0.508476436,0.481735826,-1.60629261,-0.548858583,2.15515113,-0.408742368
5868,5.868696,0.519475698,0.508926511,0.480765969,-1.72210681,-0.584106386,2.30621314,-0.408742368
5869,5.869678,0.520424366,0.509478986,0.479794085,-1.8077085,-0.619354188,2.42706275,-0.408742368
5870,5.870687,0.521376848,0.509921014,0.478623182,-1.89834583,-0.629424989,2.52777076,-0.408742368
5871,5.871713,0.522265315,0.510333359,0.477734685,-2.01919556,-0.664672852,2.68386841,-0.408662677
5872,5.872699,0.523102582,0.510721922,0.476897389,-2.09976196,-0.689849854,2.78961182,-0.408568919
5873,5.873697,0.523904502,0.511094093,0.476095498,-2.17025733,-0.684814453,2.85507178,-0.408418894
5874,5.874679,0.524689496,0.511458397,0.475310445,-2.27096558,-0.715026796,2.98599243,-0.408254802
5875,5.875690,0.525660217,0.511908948,0.474339783,-2.35153174,-0.730133057,3.0816648,-0.408055544
5876,5.876673,0.526321054,0.512215614,0.473678917,-2.43209815,-0.730133057,3.16223121,-0.407842219
5877,5.877695,0.527005255,0.512533188,0.472994745,-2.53784156,-0.735168397,3.27301002,-0.407607794
5878,5.878678,0.527606845,0.512812376,0.472393155,-2.60833716,-0.735168397,3.34350562,-0.40741086
5879,5.879687,0.528189123,0.513082623,0.471810877,-2.68890357,-0.715026796,3.40393043,-0.407141328
5880,5.880682,0.528775454,0.513354719,0.471224546,-2.75939941,-0.699920595,3.45932007,-0.40676403
5881,5.881691,0.529392719,0.513641238,0.470607311,-2.84500098,-0.664672852,3.50967383,-0.406775743
5882,5.882704,0.529814124,0.513836801,0.470185876,-2.92556739,-0.63446039,3.52981544,-0.405667126
5883,5.883692,0.530238926,0.514033914,0.469761074,-2.98095679,-0.569000244,3.54995704,-0.404821068
5884,5.884688,0.530571163,0.514188111,0.469428837,-3.04641724,-0.50857538,3.55499268,-0.404125005
5885,5.885687,0.53095603,0.514366746,0.469044,-3.08670044,-0.422973603,3.50967407,-0.403276592
5886,5.886696,0.53123194,0.514467299,0.468827307,-3.12698364,-0.337371796,3.46435547,-0.401509434
5887,5.887678,0.531440318,0.514591515,0.468607426,-3.15719557,-0.241699189,3.39889479,-0.401089877
5888,5.888686,0.531602323,0.514666677,0.468397677,-3.12194824,-0.146026596,3.26797485,-0.398661792
5889,5.889681,0.531692564,0.514708579,0.468307465,-3.0262754,0.0201416016,3.0665586,-0.396496177
5890,5.890690,0.531735897,0.514728665,0.468264073,-2.79968238,0.110778801,2.68890357,-0.393831283
5891,5.891673,0.531757653,0.514738798,0.468242347,-2.47741675,0.241699189,2.23571754,-0.390821844
5892,5.892694,0.531769395,0.514738798,0.468242258,-1.92352283,0.25176999,1.67175281,-0.385808557
5893,5.893707,0.531660497,0.514693677,0.468339473,-1.26892078,0.0553894006,1.21353137,-0.38513124
5894,5.894699,0.531555295,0.514644861,0.468444735,-0.558929443,-0.332336426,1.03225708,-0.375264078
5895,5.895699,0.531328559,0.514539599,0.468671411,-0.0956726,-1.25884998,1.35452259,-0.367121935
5896,5.896683,0.531105757,0.514436245,0.468894273,0.100708,-2.06954932,1.96884131,-0.360744566
5897,5.897692,0.530861497,0.514322877,0.469138503,-0.00503540039,-2.66876221,2.67379761,-0.354871124
5898,5.898675,0.530522823,0.514165699,0.469477147,-0.412902832,-2.93563819,3.34854102,-0.348911017
5899,5.899696,0.530066907,0.513954103,0.469933063,-1.05743408,-2.80975318,3.86718726,-0.341896176
5900,5.900696,0.529699385,0.513783514,0.470300615,-1.77246082,-2.40188599,4.05349731,-0.336941481
5901,5.901693,0.529217064,0.513559699,0.470782936,-2.13500953,-1.81274402,3.94775343,-0.333686024
5902,5.902676,0.528738022,0.513337374,0.471261978,-2.34649634,-1.43508911,3.78158545,-0.332275122
5903,5.903696,0.528193414,0.51308459,0.471806556,-2.49755836,-1.11282337,3.6103816,-0.331975132
5904,5.904707,0.527432561,0.512802422,0.472414643,-2.55798316,-0.866088808,3.42407203,-0.332228273
5905,5.905700,0.526796162,0.512436152,0.473203868,-2.59323096,-0.715026796,3.30825782,-0.333041579
5906,5.906697,0.526141107,0.512132168,0.473858953,-2.53784156,-0.654602051,3.22265625,-0.33402124
5907,5.907681,0.525446296,0.511809647,0.474553674,-2.47741675,-0.654602051,3.14712524,-0.334907144
5908,5.908690,0.52463454,0.511432946,0.47536549,-2.37670875,-0.594177186,2.97088599,-0.335572809
5909,5.909674,0.523884773,0.511084974,0.476115227,-2.32131934,-0.609283388,2.93060279,-0.335582227
5910,5.910695,0.522813141,0.510702491,0.476939321,-2.24578834,-0.579071045,2.82485938,-0.336667389
5911,5.911678,0.521965504,0.510194242,0.477797359,-2.10983276,-0.604248047,2.71408081,-0.337082267
5912,5.912686,0.521050751,0.509769678,0.478949249,-2.01919556,-0.629424989,2.64862061,-0.337391675
5913,5.913682,0.520154357,0.509353697,0.479845673,-1.90841663,-0.589141846,2.52273536,-0.337485433
5914,5.914690,0.519164324,0.508894205,0.480835676,-1.82281482,-0.533752382,2.35656714,-0.337576807
5915,5.915702,0.51819247,0.508443177,0.48180753,-1.72714221,-0.50857538,2.23571754,-0.337663531
5916,5.916695,0.516921043,0.507972598,0.482821465,-1.61132801,-0.51361078,2.12493873,-0.337874532
5917,5.917691,0.515863121,0.507362068,0.48413685,-1.535797,-0.443115205,1.97891223,-0.337956607
5918,5.918676,0.514806986,0.506871939,0.485193014,-1.46026611,-0.377654999,1.83792114,-0.338097274
5919,5.919697,0.513705552,0.506360769,0.486294448,-1.35452271,-0.287017792,1.64154053,-0.338303566
5920,5.920680,0.512605667,0.505850315,0.487394333,-1.2638855,-0.236663789,1.50054932,-0.338610649
5921,5.921691,0.511467159,0.50532192,0.488532811,-1.16821277,-0.1963806,1.36459339,-0.338959813
5922,5.922674,0.510330021,0.50479418,0.489670008,-1.06246936,-0.151062012,1.21353137,-0.339365244
5923,5.923695,0.508875847,0.504119277,0.491124153,-0.956726015,-0.120849594,1.07757556,-0.33983162
5924,5.924679,0.507697701,0.503572524,0.492302328,-0.830841005,-0.105743401,0.936584413,-0.340328485
5925,5.925691,0.506503046,0.503018081,0.493496984,-0.689849854,-0.0856018066,0.77545166,-0.340387076
5926,5.926704,0.505304813,0.50246197,0.494695216,-0.584106386,-0.0654601976,0.649566591,-0.341118306
5927,5.927696,0.504098833,0.501902282,0.495901197,-0.478363007,-0.0453185998,0.523681581,-0.341226131
5928,5.928693,0.502884507,0.50133872,0.497115493,-0.367584199,-0.0151061993,0.3826904,-0.342177689
5929,5.929675,0.501366019,0.500633955,0.49832949,-0.297088593,0.0100708008,0.287017792,-0.342979223
5930,5.930697,0.500146925,0.500068188,0.499853045,-0.231628403,0.0402832031,0.1913452,-0.343567491
5931,5.931680,0.498927683,0.499502331,0.501072347,-0.1863098,0.0604247972,0.140991196,-0.344228387
5932,5.932689,0.497708142,0.498936355,0.502291858,-0.140991211,0.0805664063,0.0604248047,-0.344954908
5933,5.933684,0.496492803,0.498372316,0.503507197,-0.110778801,0.115814202,-0.00503540039,-0.345702529
5934,5.934693,0.495286435,0.49781245,0.504713595,-0.0654601976,0.171203613,-0.105743416,-0.346661091
5935,5.935679,0.493789941,0.497117907,0.505915821,-0.0100708008,0.216522202,-0.206451401,-0.347406387
5936,5.936687,0.492582142,0.496557355,0.507417858,0.0604247972,0.261840791,-0.322265595,-0.348151684
5937,5.937766,0.491406977,0.496011972,0.508593023,0.151062012,0.322265625,-0.473327637,-0.34889698
5938,5.938673,0.490230858,0.495466143,0.509769201,0.246734604,0.377654999,-0.624389589,-0.349759459
5939,5.939696,0.489093244,0.494938165,0.510906756,0.312194794,0.422973603,-0.735168397,-0.350481331
5940,5.940678,0.487946689,0.494406044,0.512053311,0.357513398,0.478363007,-0.835876405,-0.351341486
5941,5.941687,0.486538768,0.493752629,0.513461232,0.412902832,0.533752382,-0.946655214,-0.352091521
5942,5.942682,0.485465467,0.493254513,0.514534593,0.443115205,0.589141846,-1.03225708,-0.353657126
5943,5.943690,0.484392166,0.492756397,0.515607893,0.473327577,0.659637392,-1.13296497,-0.354990691
5944,5.944673,0.48332864,0.492262781,0.51667136,0.473327577,0.684814453,-1.15814209,-0.355391502
5945,5.945699,0.482316107,0.491792858,0.517683864,0.468292207,0.704955995,-1.17324817,-0.357941538
5946,5.946681,0.481316417,0.491328895,0.518683553,0.448150605,0.699920595,-1.14807117,-0.358998567
5947,5.947689,0.480105728,0.490767032,0.519894242,0.412902832,0.659637392,-1.07254028,-0.362312675
5948,5.948718,0.479153633,0.490325153,0.520846367,0.367584199,0.538787842,-0.931549072,-0.364722043
5949,5.949682,0.478230655,0.489896804,0.521769345,0.407867402,0.332336426,-0.775451541,-0.367454857
5950,5.950693,0.477374285,0.48949936,0.522625685,0.51361078,0.0604247972,-0.574035585,-0.370832235
5951,5.951675,0.476571292,0.489126682,0.523428679,0.63446039,-0.125884995,-0.50857538,-0.375355691
5952,5.952696,0.475571364,0.488735497,0.524271607,0.89630121,-0.327301025,-0.569000185,-0.381273627
5953,5.953694,0.474811792,0.488310099,0.525188208,1.3343811,-0.538787842,-0.795593262,-0.384381413
5954,5.954691,0.474027693,0.487946212,0.525972366,1.79260242,-0.790557802,-1.00204468,-0.389856428
5955,5.955677,0.473341882,0.487627923,0.526658118,2.41699219,-0.936584413,-1.37466419,-0.391260356
5956,5.956697,0.472738653,0.48734796,0.527261317,2.83493042,-0.906372011,-1.92855835,-0.397862703
5957,5.957681,0.472089142,0.48704654,0.527910888,3.08670044,-0.790557802,-2.29614258,-0.402972043
5958,5.958690,0.47154662,0.48679474,0.52845335,3.18740821,-0.488433838,-2.69897437,-0.407654911
5959,5.959764,0.47089985,0.486494571,0.52910012,3.20251441,-0.135955796,-3.02124,-0.410251826
5960,5.960593,0.470520556,0.486318558,0.529479504,3.14208961,0.0402832031,-3.18237281,-0.411787003
5961,5.961674,0.470005095,0.486079305,0.529994905,3.00613379,0.327301025,-3.29818726,-0.414112002
5962,5.962694,0.469575435,0.485879928,0.530424595,2.81982398,0.604248047,-3.42407203,-0.415049523
5963,5.963677,0.469262749,0.485734791,0.530737221,2.67379737,0.805664003,-3.47946143,-0.415319085
5964,5.964686,0.468995839,0.485610902,0.531004131,2.59323096,0.966796756,-3.5600276,-0.415204287
5965,5.965685,0.468671173,0.485460222,0.531299412,2.5328064,1.06750476,-3.60031128,-0.414456695
5966,5.966694,0.46848309,0.485372961,0.53151691,2.5428772,1.09268188,-3.63555908,-0.413589537
5967,5.967678,0.468291104,0.485283852,0.531708896,2.5680542,1.09771717,-3.65570021,-0.412682533
5968,5.968688,0.468221277,0.485251456,0.531778753,2.59826636,1.07254028,-3.67080665,-0.412091911
5969,5.969683,0.468198359,0.485240817,0.531801641,2.65869141,1.03225708,-3.69094849,-0.412082493
5970,5.970689,0.468171865,0.485228509,0.531828165,2.68890357,0.997009158,-3.68591261,-0.411191881
5971,5.971698,0.46826151,0.485270113,0.53173846,2.69897437,0.956726015,-3.65570045,-0.410730094
5972,5.972681,0.468340516,0.48530677,0.531659484,2.71408057,0.916442752,-3.6305232,-0.410636336
5973,5.973691,0.468541443,0.485400051,0.531458557,2.70401001,0.926513612,-3.63052368,-0.410603553
5974,5.974673,0.468663901,0.485456884,0.531336129,2.67883277,0.931549013,-3.61038184,-0.410558969
5975,5.975697,0.468957007,0.485592902,0.531043053,2.65365601,0.941619813,-3.59527588,-0.410549551
5976,5.976682,0.469246089,0.485727072,0.530753911,2.6133728,0.946655154,-3.56002808,-0.410444051
5977,5.977691,0.46962291,0.485901952,0.53037709,2.58819556,0.931549013,-3.51974463,-0.410186201
5978,5.978675,0.47006163,0.486105561,0.5299384,2.55294776,0.90133667,-3.45428443,-0.409993976
5979,5.979697,0.470449269,0.486285478,0.529550791,2.51266456,0.886230409,-3.39889503,-0.409825176
5980,5.980680,0.470974237,0.486529082,0.529025733,2.48245239,0.866088808,-3.34854126,-0.409656376
5981,5.981698,0.471472442,0.486760318,0.528527558,2.43713355,0.825805664,-3.26293921,-0.409494609
5982,5.982695,0.472035766,0.487021744,0.527964234,2.40188599,0.795593143,-3.19747925,-0.4093633
5983,5.983678,0.472819448,0.487385482,0.527337849,2.34146094,0.77041626,-3.1118772,-0.409353882
5984,5.984687,0.473473758,0.487689137,0.526526272,2.31628418,0.730133057,-3.04641724,-0.409269482
5985,5.985687,0.474187672,0.48802045,0.525812328,2.22061133,0.694885254,-2.94570899,-0.409185082
5986,5.986696,0.474898756,0.488350481,0.525101304,2.16018653,0.654602051,-2.81478858,-0.409180373
5987,5.987678,0.475667268,0.488707125,0.524332702,2.09976196,0.64453125,-2.74429321,-0.409203798
5988,5.988688,0.476509005,0.489097804,0.523491025,2.04437232,0.614318848,-2.65869117,-0.409234256
5989,5.989685,0.477561504,0.489586234,0.522671282,1.94366443,0.558929443,-2.50259399,-0.409234256
5990,5.990693,0.478440821,0.489994347,0.521559179,1.85806262,0.528717041,-2.38677979,-0.409234256
5991,5.991702,0.479335517,0.490409583,0.520664454,1.75735462,0.493469208,-2.25082374,-0.409234256
5992,5.992700,0.480246395,0.490832329,0.519753635,1.65664661,0.458221376,-2.11486793,-0.409234256
5993,5.993698,0.481219292,0.491283864,0.518780768,1.5660094,0.438079834,-2.00408936,-0.409234256
5994,5.994679,0.482234031,0.49175477,0.517765939,1.46530139,0.412902832,-1.87820423,-0.409234256
5995,5.995690,0.483533561,0.49235788,0.516466379,1.36962891,0.3826904,-1.75231934,-0.409234256
5996,5.996673,0.484589398,0.492847919,0.515410602,1.26892078,0.352477998,-1.62139881,-0.409234256
5997,5.997695,0.48567915,0.493353665,0.51432085,1.14303577,0.297088593,-1.44012439,-0.409234256
5998,5.998677,0.486756921,0.493853867,0.513243079,1.02722156,0.25680539,-1.28402698,-0.409234256
5999,5.999698,0.487896174,0.49438259,0.512103796,0.926513612,0.231628403,-1.15814197,-0.409234256
6000,6.000682,0.489023566,0.494905829,0.510976434,0.815734804,0.1913452,-1.00707996,-0.409234256
6001,6.001691,0.490474999,0.495579451,0.509525061,0.699920595,0.161132813,-0.861053407,-0.409234256
6002,6.002769,0.491638452,0.49611938,0.508361518,0.553893983,0.105743401,-0.659637392,-0.409234256
6003,6.003683,0.492827535,0.49667123,0.507172406,0.443115205,0.0755310059,-0.553893983,-0.409161597
6004,6.004691,0.494010925,0.497220457,0.505989075,0.332336426,0.0352478027,-0.367584229,-0.409133464
6005,6.005678,0.495214731,0.497779161,0.504785299,0.231628403,0.0100708008,-0.241699204,-0.409105331
6006,6.006687,0.496736825,0.498343676,0.503568828,0.115814202,-0.0201416016,-0.0956726,-0.409004539
6007,6.007698,0.497946143,0.499046803,0.502053857,0.0402832031,-0.0352478027,-0.00503540039,-0.408992797
6008,6.008694,0.499167532,0.499613643,0.500832438,-0.0251770001,-0.0604247972,0.0856017992,-0.40895763
6009,6.009679,0.500386894,0.500179529,0.499613076,-0.0856018066,-0.0856018066,0.156097412,-0.408863872
6010,6.010688,0.501605749,0.500745237,0.498394221,-0.130920395,-0.0956726,0.226592988,-0.408866197
6011,6.011682,0.50282675,0.501311898,0.49717328,-0.1863098,-0.125884995,0.312194794,-0.408838063
6012,6.012693,0.504034519,0.50187242,0.495965481,-0.25176999,-0.140991211,0.392761201,-0.408861488
6013,6.013716,0.505545676,0.502573729,0.494454294,-0.357513398,-0.156097397,0.51361078,-0.408861488
6014,6.014677,0.506748378,0.503131926,0.493251592,-0.463256806,-0.171203613,0.634460449,-0.408861488
6015,6.015701,0.507930458,0.503680527,0.492069513,-0.599212646,-0.216522202,0.815734863,-0.40878883
6016,6.016683,0.509099007,0.50422287,0.490901023,-0.715026796,-0.246734604,0.961761415,-0.408760697
6017,6.017694,0.510268509,0.50476563,0.489731491,-0.820770144,-0.287017792,1.10778797,-0.408732563
6018,6.018676,0.5114066,0.505293846,0.4885934,-0.941619813,-0.317230195,1.25884998,-0.40870443
6019,6.019697,0.512825787,0.505952477,0.487174183,-1.05743408,-0.357513398,1.41494751,-0.408741921
6020,6.020681,0.513921618,0.506461024,0.486078382,-1.15310657,-0.407867402,1.560974,-0.408741921
6021,6.021690,0.514995277,0.506959319,0.485004723,-1.29409778,-0.453186005,1.70700061,-0.408741921
6022,6.022685,0.516057849,0.507452488,0.483942151,-1.38473499,-0.483398378,1.86813331,-0.408741921
6023,6.023693,0.517123878,0.507947206,0.482876062,-1.5005492,-0.528717041,2.02926636,-0.408741921
6024,6.024721,0.518388867,0.508534312,0.481860757,-1.60125721,-0.553893983,2.15515113,-0.408741921
6025,6.025679,0.519370496,0.508989871,0.480872303,-1.69692981,-0.579071045,2.27600098,-0.408741921
6026,6.026690,0.520323575,0.509432197,0.479676425,-1.80267334,-0.609283388,2.41195679,-0.408741921
6027,6.027685,0.521246672,0.509860635,0.478753358,-1.92352283,-0.64453125,2.52273536,-0.408741921
6028,6.028693,0.52215606,0.510282695,0.47784397,-2.00912452,-0.654602051,2.66372657,-0.40868333
6029,6.029677,0.522979438,0.510664821,0.477020562,-2.09472632,-0.679778993,2.77450538,-0.408655196
6030,6.030687,0.523804009,0.511047482,0.476195991,-2.17529273,-0.679778993,2.85507178,-0.408547372
6031,6.031682,0.524844348,0.51153028,0.475406528,-2.25585937,-0.725097597,2.98095703,-0.40836218
6032,6.032690,0.525569797,0.511866987,0.474430203,-2.34649634,-0.730133057,3.0766294,-0.408198088
6033,6.033674,0.526277304,0.512195349,0.473722726,-2.43209815,-0.745239198,3.17230201,-0.40801993
6034,6.034695,0.526945949,0.512505651,0.473054022,-2.51769996,-0.735168397,3.25286841,-0.407799572
6035,6.035728,0.527574956,0.512797594,0.472425044,-2.59826636,-0.750274599,3.34854102,-0.407558113
6036,6.036678,0.528163314,0.513070643,0.471836686,-2.67379737,-0.740203857,3.41400123,-0.407302618
6037,6.037687,0.528840244,0.513384819,0.471267015,-2.73925781,-0.720062196,3.45932007,-0.406869084
6038,6.038683,0.529310763,0.513603151,0.470689207,-2.80975318,-0.694885254,3.50463843,-0.406426162
6039,6.039692,0.529808342,0.513834119,0.470191717,-2.89535499,-0.64453125,3.53988624,-0.406257421
6040,6.040675,0.530167282,0.514000654,0.469832689,-2.97088599,-0.594177186,3.56506324,-0.405242592
6041,6.041698,0.530553401,0.514179885,0.469446629,-3.0313108,-0.543823183,3.57513404,-0.40465197
6042,6.042680,0.530821502,0.51430434,0.469178528,-3.08166504,-0.473327577,3.55499268,-0.403749645
6043,6.043690,0.531202734,0.514481246,0.468907386,-3.1169126,-0.3877258,3.50463843,-0.402287185
6044,6.044673,0.531416833,0.514580607,0.468583167,-3.15216041,-0.292053193,3.44421363,-0.400913745
6045,6.045698,0.531559527,0.514646828,0.468440473,-3.14712501,-0.166168213,3.31329322,-0.399359852
6046,6.046710,0.531731069,0.51472646,0.468268931,-3.08670044,-0.0553894006,3.14208984,-0.39883247
6047,6.047682,0.531780303,0.514749289,0.468219697,-2.94067359,0.0604247972,2.88024879,-0.395415276
6048,6.048691,0.531782746,0.514750421,0.468217283,-2.66876221,0.1863098,2.48245239,-0.392464519
6049,6.049675,0.53180182,0.51474148,0.468236566,-2.22564673,0.261840791,1.96380591,-0.387620002
6050,6.050697,0.531698644,0.51471138,0.468301326,-1.61132801,0.176238999,1.43508899,-0.383211374
6051,6.051680,0.531524003,0.514630318,0.468475968,-0.840911746,-0.216522202,1.08764648,-0.377607495
6052,6.052689,0.531402946,0.51457417,0.468597054,-0.281982422,-0.850982606,1.13296509,-0.372748882
6053,6.053685,0.531136096,0.514450312,0.468863934,0.0201416016,-1.63650501,1.61636341,-0.364414483
6054,6.054694,0.530922115,0.51435101,0.469077885,0.110778801,-2.38677955,2.27600074,-0.356750399
6055,6.055680,0.530528843,0.514168501,0.469411165,-0.206451416,-2.82485938,3.0313108,-0.34908396
6056,6.056688,0.530163467,0.513998926,0.469836533,-0.715026796,-2.91046143,3.62548828,-0.344591022
6057,6.057781,0.529730082,0.51379776,0.470269918,-1.47033679,-2.52273536,3.99307203,-0.339971513
6058,6.058585,0.52932328,0.513608992,0.47060588,-1.8328855,-2.19039917,4.02328491,-0.335227787
6059,6.059695,0.528780282,0.513356984,0.471219748,-2.25082374,-1.61636329,3.86718702,-0.333259046
6060,6.060690,0.528263748,0.513117254,0.471736282,-2.42202735,-1.23870838,3.66073561,-0.33201924
6061,6.061685,0.527552962,0.512787402,0.472295225,-2.52273536,-0.991973877,3.51470923,-0.332190365
6062,6.062693,0.526899219,0.512483954,0.473100781,-2.5428772,-0.800628603,3.34350586,-0.332630992
6063,6.063676,0.526227653,0.512172282,0.473772347,-2.54791236,-0.664672852,3.21762061,-0.333577842
6064,6.064698,0.525517404,0.511842668,0.474482566,-2.47238135,-0.63446039,3.1068418,-0.334393442
6065,6.065684,0.524749935,0.511486471,0.475250036,-2.39181495,-0.604248047,2.99606299,-0.33523953
6066,6.066693,0.523966193,0.511122763,0.476033807,-2.33642554,-0.594177186,2.93060279,-0.336005926
6067,6.067676,0.522955239,0.510653555,0.476834446,-2.26089454,-0.589141846,2.85003638,-0.336451262
6068,6.068695,0.522057891,0.510237098,0.477942109,-2.14004493,-0.609283388,2.74932837,-0.336784095
6069,6.069693,0.521181345,0.509830296,0.478818685,-2.00408936,-0.614318848,2.65365577,-0.337154418
6070,6.070675,0.520255983,0.509400845,0.479743987,-1.91848731,-0.569000244,2.48748755,-0.337271601
6071,6.071695,0.519316196,0.508964658,0.480683804,-1.8328855,-0.553893983,2.38677955,-0.337400466
6072,6.072678,0.518317223,0.508501053,0.481682777,-1.73217762,-0.538787842,2.27096558,-0.337480217
6073,6.073688,0.517063439,0.507919192,0.482707143,-1.62643433,-0.51361078,2.14004517,-0.337684184
6074,6.074682,0.516007543,0.507429123,0.483992457,-1.5660094,-0.438079834,2.00408936,-0.337721735
6075,6.075693,0.514941692,0.506934464,0.485058308,-1.45523071,-0.347442627,1.80267334,-0.33791396
6076,6.076677,0.513842702,0.506424427,0.486157268,-1.35452271,-0.302124023,1.65664673,-0.338185877
6077,6.077698,0.51274538,0.505915165,0.487254649,-1.26892078,-0.246734604,1.5156554,-0.338448405
6078,6.078777,0.511324704,0.505255818,0.488675296,-1.15310657,-0.181274399,1.35955799,-0.338816345
6079,6.079676,0.510185421,0.504860997,0.489526004,-1.07757568,-0.156097397,1.2336731,-0.339345992
6080,6.080696,0.50902921,0.504190445,0.490970761,-0.961761415,-0.130920395,1.09268177,-0.339763165
6081,6.081681,0.507839203,0.503638208,0.492160797,-0.820770144,-0.100708,0.966796875,-0.339974105
6082,6.082690,0.506651998,0.503087223,0.493348032,-0.720062196,-0.0906371996,0.810699403,-0.340604544
6083,6.083684,0.505454957,0.502531648,0.494545072,-0.594177186,-0.0654601976,0.659637392,-0.34111315
6084,6.084695,0.504249752,0.501972318,0.495750248,-0.483398378,-0.0453185998,0.528716981,-0.341591299
6085,6.085681,0.502737045,0.501270294,0.496963888,-0.3826904,-0.0201416016,0.402832001,-0.342045993
6086,6.086689,0.50151819,0.500704587,0.49848181,-0.317230195,0.0251770001,0.292053193,-0.342859298
6087,6.087685,0.500299215,0.500138879,0.499700785,-0.231628403,0.0503540002,0.1963806,-0.343522578
6088,6.088694,0.499079853,0.499572963,0.500920117,-0.1913452,0.0553894006,0.135955796,-0.344017088
6089,6.089717,0.497861862,0.499007672,0.502138138,-0.156097397,0.0805664063,0.075530991,-0.344811589
6090,6.090681,0.49664703,0.498443902,0.503353,-0.110778801,0.100708,0.0100708008,-0.345582634
6091,6.091690,0.495127916,0.497738868,0.504562974,-0.0755310059,0.156097397,-0.0805663913,-0.346672446
6092,6.092673,0.493934393,0.497184932,0.506065607,-0.0251770001,0.206451416,-0.181274414,-0.347445875
6093,6.093695,0.49273634,0.49662891,0.507263601,0.0755310059,0.276946992,-0.352477998,-0.348153681
6094,6.094677,0.491567194,0.496086329,0.508432806,0.156097397,0.317230195,-0.473327577,-0.348898977
6095,6.095689,0.490391344,0.495540619,0.509608686,0.236663789,0.362548798,-0.599212587,-0.34965834
6096,6.096685,0.489219308,0.494996667,0.510780692,0.302124023,0.417938203,-0.720062256,-0.350338012
6097,6.097695,0.487815142,0.49434498,0.512184858,0.372619599,0.468292207,-0.840911806,-0.351362199
6098,6.098679,0.48668769,0.49382174,0.51331234,0.392761201,0.523681581,-0.916442752,-0.352585644
6099,6.099687,0.485589504,0.493312061,0.514410496,0.453186005,0.599212646,-1.02722168,-0.353427082
6100,6.100717,0.484524965,0.492818028,0.515475094,0.463256806,0.654602051,-1.11785889,-0.354908288
6101,6.101676,0.483471692,0.49232918,0.516528308,0.468292207,0.679778993,-1.14807117,-0.355266899
6102,6.102699,0.482428908,0.49184522,0.517571092,0.463256806,0.699920595,-1.16317737,-0.357526273
6103,6.103682,0.481178284,0.49126482,0.518589675,0.448150605,0.699920595,-1.14807117,-0.360270798
6104,6.104691,0.480240434,0.490829557,0.519759595,0.422973603,0.654602051,-1.07757568,-0.36245513
6105,6.105678,0.47930178,0.490393907,0.52069819,0.372619599,0.574035585,-0.951690555,-0.364880919
6106,6.106688,0.478376478,0.489964485,0.521623492,0.3877258,0.362548798,-0.750274599,-0.36725986
6107,6.107682,0.477499515,0.489557475,0.522500455,0.498504579,0.0956726,-0.594177186,-0.371129423
6108,6.108692,0.476637214,0.489157319,0.523362815,0.609283388,-0.0956726,-0.51361078,-0.374143481
6109,6.109676,0.475610763,0.488781363,0.524172843,0.850982606,-0.292053193,-0.558929443,-0.378275484
6110,6.110697,0.474884808,0.488343984,0.525115132,1.27899158,-0.50857538,-0.7704162,-0.384659886
6111,6.111714,0.474116117,0.48798725,0.525883913,1.86813331,-0.810699403,-1.05743384,-0.389342725
6112,6.112697,0.473446518,0.487676501,0.526553512,2.35656738,-0.936584413,-1.41998291,-0.392942697
6113,6.113693,0.472773969,0.487364352,0.527226031,2.79464722,-0.911407411,-1.88323975,-0.398045003
6114,6.114678,0.472184718,0.487090886,0.527815282,3.071594,-0.810699403,-2.26089454,-0.402624726
6115,6.115690,0.471478879,0.486763299,0.528362632,3.20251441,-0.538787842,-2.66372657,-0.406723976
6116,6.116673,0.470915377,0.486501783,0.529084623,3.21762061,-0.226593003,-2.99102759,-0.410045058
6117,6.117696,0.470510274,0.48631376,0.529489696,3.15719557,0.0604247972,-3.21762037,-0.411936462
6118,6.118678,0.470032066,0.486091822,0.529967904,3.0313108,0.281982422,-3.31329322,-0.414050519
6119,6.119687,0.469620675,0.485900909,0.530379295,2.85003638,0.563964844,-3.41400123,-0.415159166
6120,6.120684,0.46925351,0.485730529,0.53074652,2.70401001,0.790557802,-3.49456787,-0.415416986
6121,6.121693,0.468937963,0.48558408,0.530945718,2.58819556,0.951690674,-3.53988624,-0.415220171
6122,6.122721,0.468673021,0.485461086,0.53132695,2.527771,1.06750476,-3.58016968,-0.414587379
6123,6.123687,0.468504012,0.485382646,0.531495929,2.54791236,1.09771717,-3.63555908,-0.413717896
6124,6.124695,0.468381733,0.485325933,0.531618297,2.5680542,1.08764637,-3.65570068,-0.412890583
6125,6.125682,0.468205303,0.485244036,0.531794727,2.58819556,1.09771717,-3.68591261,-0.412180394
6126,6.126690,0.468201816,0.485242397,0.531798124,2.62847877,1.05743408,-3.68591285,-0.411458522
6127,6.127684,0.468200266,0.485241681,0.531830549,2.68386817,1.00707996,-3.69094801,-0.410933524
6128,6.128692,0.468226522,0.48525387,0.531773448,2.69897437,0.966796756,-3.66577101,-0.410748333
6129,6.129676,0.468299776,0.485287875,0.531700253,2.71911597,0.951690674,-3.66073608,-0.410617083
6130,6.130696,0.468470037,0.485366911,0.531530023,2.70904541,0.916442752,-3.62548828,-0.410532743
6131,6.131679,0.468661606,0.485455811,0.531338394,2.68890357,0.926513612,-3.61541724,-0.41054675
6132,6.132687,0.468948752,0.485589057,0.531051219,2.64358497,0.931549013,-3.57513404,-0.410448283
6133,6.133716,0.46926108,0.485734016,0.53073895,2.62344337,0.936584413,-3.56002784,-0.410321683
6134,6.134680,0.469601423,0.485891968,0.530398607,2.578125,0.921478152,-3.49960327,-0.410209149
6135,6.135691,0.469962746,0.486059666,0.530037284,2.54791236,0.89126581,-3.44924903,-0.410016924
6136,6.136674,0.470416039,0.48627004,0.529583931,2.51769996,0.876159668,-3.39385962,-0.409745008
6137,6.137694,0.470912218,0.486500323,0.529087782,2.48245239,0.866088808,-3.34854126,-0.409620732
6138,6.138678,0.471427739,0.486739576,0.528572261,2.45727539,0.825805664,-3.28308105,-0.409458965
6139,6.139687,0.472087026,0.487045556,0.527992308,2.40692139,0.785522401,-3.19244385,-0.409341723
6140,6.140682,0.472740501,0.487348825,0.527259469,2.35153174,0.7653808,-3.1169126,-0.409332305
6141,6.141693,0.473410994,0.487659991,0.526588976,2.32635498,0.745239198,-3.08166504,-0.409254938
6142,6.142675,0.474078506,0.487969786,0.525921524,2.23068237,0.684814453,-2.91549683,-0.40922913
6143,6.143696,0.474825293,0.488316357,0.525174677,2.17025733,0.659637392,-2.82989478,-0.409231454
6144,6.144793,0.475785166,0.488761842,0.524214804,2.07458496,0.649566591,-2.76946998,-0.409196287
6145,6.145585,0.476369292,0.489032954,0.523630679,2.02926636,0.604248047,-2.6335144,-0.409233779
6146,6.146696,0.477418095,0.489519715,0.522581935,1.95877051,0.569000244,-2.52777076,-0.409233779
6147,6.147678,0.47829476,0.489926577,0.52170527,1.85302722,0.538787842,-2.41699219,-0.409233779
6148,6.148686,0.479219884,0.490355909,0.520780087,1.75231934,0.503539979,-2.25585937,-0.409233779
6149,6.149683,0.480174184,0.490798801,0.519825816,1.66168201,0.478363007,-2.14004493,-0.409233779
6150,6.150691,0.48114121,0.491247594,0.51885879,1.5660094,0.438079834,-2.00408936,-0.409233779
6151,6.151674,0.482360989,0.491696179,0.517892241,1.48040771,0.402832001,-1.88323975,-0.409233779
6152,6.152694,0.483390152,0.492291331,0.516609848,1.38473499,0.377654999,-1.76239002,-0.409233779
6153,6.153678,0.484456241,0.492786109,0.515543759,1.2538147,0.342407227,-1.61636341,-0.409233779
6154,6.154687,0.485531926,0.493285328,0.514468014,1.15814209,0.302124023,-1.46026611,-0.409233779
6155,6.155701,0.486639649,0.493799448,0.513360381,1.04232776,0.271911591,-1.31423938,-0.409233779
6156,6.156699,0.487745821,0.494312823,0.512254179,0.946655154,0.241699189,-1.18835437,-0.409233779
6157,6.157681,0.489175588,0.494976372,0.511110544,0.825805664,0.1863098,-1.01211548,-0.409233779
6158,6.158690,0.490329862,0.495512068,0.509670138,0.709991395,0.161132813,-0.871124208,-0.409233779
6159,6.159673,0.491498262,0.496054322,0.508501709,0.574035585,0.120849594,-0.720062256,-0.409233779
6160,6.160695,0.492679209,0.496602416,0.507320821,0.463256806,0.0805664063,-0.543823242,-0.409175187
6161,6.161678,0.493866086,0.497153252,0.506133974,0.342407227,0.0503540002,-0.39276123,-0.409147054
6162,6.162687,0.495067894,0.497711003,0.504932106,0.241699189,0.0100708008,-0.25176999,-0.409118921
6163,6.163683,0.496585459,0.498415321,0.503717244,0.135955796,-0.0151061993,-0.120849594,-0.409018129
6164,6.164701,0.497797459,0.49897781,0.50220257,0.0402832031,-0.0453185998,0.00503539667,-0.408961862
6165,6.165713,0.499016106,0.499543369,0.500983894,-0.0302123986,-0.0654601976,0.0956725925,-0.40897122
6166,6.166691,0.500234663,0.500108898,0.499765337,-0.0805664063,-0.0805664063,0.161132813,-0.408943087
6167,6.167688,0.501453638,0.500674605,0.498546332,-0.125884995,-0.100708,0.226592988,-0.408835262
6168,6.168684,0.502670527,0.501239419,0.497329503,-0.161132813,-0.110778801,0.271911621,-0.408851653
6169,6.169693,0.504182458,0.501941085,0.496119618,-0.246734604,-0.140991211,0.38772583,-0.408816487
6170,6.170676,0.505395532,0.502504051,0.494604439,-0.342407227,-0.161132813,0.503540039,-0.408868045
6171,6.171697,0.506594062,0.503060341,0.493405968,-0.483398378,-0.176238999,0.659637392,-0.408868045
6172,6.172681,0.507770479,0.503606319,0.492229521,-0.594177186,-0.206451416,0.800628603,-0.408795387
6173,6.173691,0.508960068,0.504158378,0.491039932,-0.704955995,-0.236663789,0.941619754,-0.408767253
6174,6.174674,0.510124147,0.504698634,0.489875853,-0.815734804,-0.271911591,1.08764637,-0.40873912
6175,6.175699,0.511558056,0.50536412,0.488441944,-0.931549013,-0.317230195,1.24877918,-0.408703953
6176,6.176708,0.51267612,0.505882978,0.48732385,-1.06246936,-0.357513398,1.38473499,-0.408741444
6177,6.177696,0.513806522,0.506407619,0.486193478,-1.17324817,-0.407867402,1.55090332,-0.408741444
6178,6.178693,0.514872789,0.506902456,0.485127181,-1.27899158,-0.448150605,1.72714221,-0.408741444
6179,6.179677,0.515951693,0.507403195,0.484048307,-1.38473499,-0.478363007,1.86309803,-0.408741444
6180,6.180699,0.516995311,0.507887542,0.483004689,-1.48040771,-0.50857538,1.98898315,-0.408741444
6181,6.181682,0.518264353,0.508476496,0.482000411,-1.5760802,-0.553893983,2.12997413,-0.408741444
6182,6.182691,0.51923418,0.50892663,0.48076582,-1.67678833,-0.584106386,2.26089478,-0.408741444
6183,6.183674,0.520206213,0.509377718,0.479793787,-1.80267334,-0.609283388,2.39685035,-0.408741444
6184,6.184696,0.521116376,0.509800136,0.478883684,-1.90841663,-0.63949579,2.54791236,-0.408741444
6185,6.185683,0.522046328,0.510231733,0.477953643,-1.97891223,-0.654602051,2.6335144,-0.408741444
6186,6.186691,0.522874057,0.510615885,0.477125943,-2.08969092,-0.689849854,2.77954078,-0.408668786
6187,6.187784,0.523923695,0.511103034,0.476076305,-2.17025733,-0.684814453,2.85507178,-0.408567995
6188,6.188681,0.524709284,0.511467636,0.475290716,-2.25082374,-0.725097597,2.97592139,-0.408425003
6189,6.189690,0.52547878,0.511824727,0.47452122,-2.35656738,-0.745239198,3.06655884,-0.408274978
6190,6.190674,0.526190996,0.512155294,0.473809034,-2.41699219,-0.755309999,3.17230225,-0.408089787
6191,6.191695,0.52684325,0.512457967,0.473156691,-2.50762939,-0.77041626,3.27804565,-0.407883495
6192,6.192676,0.527476788,0.512751997,0.472523183,-2.578125,-0.760345399,3.33847046,-0.407714695
6193,6.193699,0.528189242,0.513082683,0.471907884,-2.65365601,-0.750274599,3.40393066,-0.407358378
6194,6.194682,0.528775573,0.513354778,0.471224397,-2.71911597,-0.735168397,3.45428443,-0.407009214
6195,6.195693,0.529274762,0.513586462,0.470725238,-2.81982398,-0.709991395,3.50967407,-0.406603783
6196,6.196676,0.529730737,0.513798058,0.470269233,-2.89031959,-0.674743593,3.56506324,-0.406113952
6197,6.197697,0.530166864,0.514000475,0.469833136,-2.96585059,-0.629424989,3.59527564,-0.405682713
6198,6.198720,0.530595481,0.514159977,0.469489425,-3.00613379,-0.579071045,3.58520484,-0.404909253
6199,6.199680,0.530931473,0.514321148,0.469142169,-3.071594,-0.528717041,3.60031104,-0.404267073
6200,6.200689,0.531172693,0.514467299,0.468827307,-3.1320188,-0.428009033,3.56002784,-0.40346548
6201,6.201685,0.531392574,0.514569342,0.468607396,-3.17230225,-0.322265625,3.48953223,-0.401628047
6202,6.202694,0.531541169,0.514638305,0.468458831,-3.17230225,-0.216522202,3.38882446,-0.400046021
6203,6.203677,0.53169322,0.514708877,0.46830675,-3.1370542,-0.105743401,3.24279761,-0.398906916
6204,6.204699,0.531748414,0.514734507,0.468251646,-3.0262754,0.0151061993,3.0111692,-0.396715492
6205,6.205685,0.531782866,0.514750481,0.46824339,-2.82485938,0.110778801,2.71408057,-0.393054545
6206,6.206693,0.531757712,0.514738798,0.468242258,-2.48245239,0.241699189,2.24075317,-0.389714688
6207,6.207675,0.531660616,0.514693737,0.468339384,-1.77246082,0.246734604,1.67678821,-0.385704488
6208,6.208697,0.53159219,0.514661968,0.46840781,-1.13800049,0.00503540039,1.13296509,-0.380850583
6209,6.209712,0.531377017,0.51456213,0.468622983,-0.579071045,-0.468292207,1.04736328,-0.374920905
6210,6.210685,0.531190455,0.514475524,0.468809545,-0.115814202,-1.2286377,1.3444519,-0.368496656
6211,6.211694,0.530861437,0.514322817,0.469091564,0.100708,-2.01919556,1.91848755,-0.35972634
6212,6.212676,0.530571282,0.51418817,0.469428718,0.0251770001,-2.62344337,2.59826636,-0.352402121
6213,6.213698,0.530187607,0.514010131,0.469812423,-0.523681581,-2.92053223,3.29315162,-0.346807629
6214,6.214680,0.52980721,0.513833582,0.47019279,-1.15310657,-2.73925781,3.8923645,-0.340943575
6215,6.215692,0.529358983,0.513625562,0.470640987,-1.70196521,-2.30621314,4.00817823,-0.338534206
6216,6.216674,0.528867483,0.513397455,0.471132517,-2.08465552,-1.81777942,3.90243483,-0.338878721
6217,6.217697,0.528215706,0.513094962,0.471784294,-2.30117774,-1.43005359,3.73123121,-0.333084941
6218,6.218689,0.527629077,0.512822688,0.472370893,-2.44216919,-1.11785889,3.56002808,-0.331770092
6219,6.219697,0.526980281,0.512521565,0.473019689,-2.52273536,-0.835876405,3.39385986,-0.332067758
6220,6.220715,0.526313603,0.512212157,0.473686367,-2.51266456,-0.715026796,3.22769141,-0.332869351
6221,6.221676,0.525587916,0.511875391,0.474412113,-2.48748779,-0.63446039,3.12194824,-0.33386305
6222,6.222698,0.524825573,0.511521578,0.475174427,-2.41195655,-0.609283388,3.02124,-0.334704429
6223,6.223681,0.523884535,0.511169076,0.475933969,-2.33642554,-0.584106386,2.92053199,-0.335646629
6224,6.224689,0.523060501,0.510702431,0.476939499,-2.25585937,-0.584106386,2.83996582,-0.335707605
6225,6.225688,0.522184789,0.510295987,0.477815211,-2.13500953,-0.579071045,2.74932837,-0.336598217
6226,6.226698,0.5213117,0.509890795,0.4786883,-2.03430152,-0.584106386,2.61840796,-0.336977959
6227,6.227681,0.520389438,0.509462774,0.479610533,-1.93862903,-0.563964844,2.50259399,-0.337179542
6228,6.228689,0.519421697,0.509013653,0.480578303,-1.8328855,-0.548858583,2.38174415,-0.337327182
6229,6.229685,0.518192291,0.508443058,0.481543779,-1.74728382,-0.538787842,2.28607178,-0.337474793
6230,6.230694,0.517192006,0.507978857,0.482808024,-1.65664661,-0.498504579,2.15515113,-0.337606102
6231,6.231786,0.516151905,0.507496119,0.483848125,-1.535797,-0.433044404,1.96884143,-0.337767869
6232,6.232592,0.515087962,0.507002354,0.484643877,-1.4753722,-0.392761201,1.86813343,-0.337849945
6233,6.233698,0.513979614,0.506487966,0.486020386,-1.35955799,-0.312194794,1.67175281,-0.33806327
6234,6.234682,0.512884915,0.505979896,0.487115055,-1.27899158,-0.25680539,1.535797,-0.338290662
6235,6.235695,0.51148504,0.505330205,0.488240004,-1.17324817,-0.201416001,1.37466419,-0.338689059
6236,6.236678,0.510321438,0.504790187,0.489678532,-1.09771717,-0.161132813,1.25884998,-0.339000732
6237,6.237700,0.509168088,0.504254937,0.490831912,-0.956726015,-0.125884995,1.10778809,-0.339319438
6238,6.238682,0.507993042,0.503709555,0.492006958,-0.835876405,-0.110778801,0.946655214,-0.339926451
6239,6.239691,0.506806195,0.503158748,0.493193805,-0.730133057,-0.0856018066,0.815734863,-0.340240508
6240,6.240674,0.505604863,0.502601206,0.494395137,-0.609283388,-0.0654601976,0.674743593,-0.340852231
6241,6.241697,0.504098594,0.501902163,0.495595843,-0.503539979,-0.0503540002,0.553893983,-0.341391325
6242,6.242701,0.502888858,0.501340747,0.497111171,-0.397796571,-0.0251770001,0.422973573,-0.341996014
6243,6.243697,0.501670241,0.500775158,0.498329729,-0.302124023,0.0251770001,0.302123994,-0.342661679
6244,6.244680,0.500451446,0.50020951,0.499548525,-0.246734604,0.0503540002,0.1963806,-0.343231261
6245,6.245692,0.499232113,0.499643624,0.500767887,-0.201416001,0.0654601976,0.135955811,-0.343974203
6246,6.246675,0.498013854,0.499078244,0.501986206,-0.166168213,0.0856018066,0.0805664063,-0.344679624
6247,6.247698,0.496498108,0.49837476,0.503201544,-0.125884995,0.100708,0.0251769945,-0.345567852
6248,6.248681,0.495286196,0.497812331,0.504713833,-0.0805664063,0.161132813,-0.0805664063,-0.346233457
6249,6.249690,0.494083971,0.497254372,0.505916059,-0.0251770001,0.211486802,-0.176239014,-0.347154528
6250,6.250674,0.492890447,0.496700436,0.507109523,0.0503540002,0.266876191,-0.317230195,-0.347906858
6251,6.251696,0.491707385,0.496151388,0.508292615,0.135955796,0.307159424,-0.443115234,-0.348731846
6252,6.252679,0.4905366,0.495608032,0.509463429,0.226593003,0.362548798,-0.589141786,-0.349622458
6253,6.253693,0.489093035,0.494938076,0.510620117,0.297088593,0.402832001,-0.699920595,-0.350592762
6254,6.254691,0.487946481,0.494405955,0.512053549,0.347442627,0.463256806,-0.810699463,-0.351387292
6255,6.255677,0.48681587,0.493881226,0.51318413,0.402832001,0.51864624,-0.916442811,-0.35244903
6256,6.256699,0.485725522,0.493375182,0.514274478,0.443115205,0.604248047,-1.04736328,-0.353334993
6257,6.257680,0.484633654,0.492868453,0.515366316,0.463256806,0.63949579,-1.10275257,-0.354363889
6258,6.258689,0.483601928,0.492389649,0.516398132,0.473327577,0.664672852,-1.13800049,-0.356184959
6259,6.259684,0.482301772,0.491904259,0.517443955,0.468292207,0.699920595,-1.16821277,-0.357961565
6260,6.260693,0.481286585,0.491315097,0.518713474,0.453186005,0.694885254,-1.14807129,-0.360017002
6261,6.261676,0.480344117,0.490877658,0.519655824,0.428009033,0.664672852,-1.09268188,-0.361859202
6262,6.262696,0.479401022,0.490439981,0.520599008,0.372619599,0.574035585,-0.946655154,-0.363598317
6263,6.263737,0.47847119,0.490008444,0.52152878,0.372619599,0.402832001,-0.775451601,-0.366617024
6264,6.264680,0.47760722,0.489607483,0.52239275,0.468292207,0.140991211,-0.609283447,-0.368217796
6265,6.265694,0.47653389,0.489109337,0.523296237,0.594177186,-0.0704956055,-0.523681581,-0.375216216
6266,6.266676,0.475747526,0.488744408,0.524252534,0.815734804,-0.261840791,-0.553894043,-0.377733439
6267,6.267697,0.474978238,0.488387346,0.525021732,1.3293457,-0.528717041,-0.735168338,-0.377634972
6268,6.268680,0.474245936,0.488047481,0.525754035,1.78756702,-0.77041626,-1.01715076,-0.387263089
6269,6.269689,0.473551571,0.487725258,0.526448429,2.28103638,-0.911407411,-1.36962891,-0.391727954
6270,6.270683,0.472896218,0.487421095,0.527103782,2.73422217,-0.926513612,-1.8077085,-0.397927165
6271,6.271693,0.472111166,0.487056732,0.527741194,3.0313108,-0.845947206,-2.18536353,-0.402858406
6272,6.272690,0.471523941,0.48678422,0.528476059,3.18740821,-0.604248047,-2.58316016,-0.406704545
6273,6.273673,0.471023828,0.486552119,0.528976202,3.19244361,-0.25680539,-2.94570899,-0.409903795
6274,6.274710,0.470543832,0.486329347,0.529456139,3.14712501,0.0251770001,-3.17230201,-0.411856174
6275,6.275685,0.470059782,0.486104697,0.529940248,3.0615232,0.246734604,-3.30825782,-0.412099898
6276,6.276693,0.46969077,0.485933453,0.53030926,2.89031959,0.523681581,-3.41400123,-0.414783478
6277,6.277677,0.469287068,0.485771894,0.530657351,2.71911597,0.755309999,-3.47442603,-0.415503025
6278,6.278697,0.468971133,0.485599458,0.531028867,2.6133728,0.931549013,-3.54492188,-0.41537416
6279,6.279680,0.468700528,0.485473871,0.531299472,2.527771,1.03729248,-3.57009888,-0.41483748
6280,6.280688,0.468525738,0.485392749,0.531474292,2.52273536,1.10778797,-3.6305232,-0.41391173
6281,6.281684,0.468347341,0.485309958,0.531652689,2.55294776,1.10778797,-3.66073561,-0.41305396
6282,6.282692,0.468265861,0.485272139,0.531734169,2.5831604,1.10275269,-3.68591309,-0.412285179
6283,6.283675,0.468173087,0.485232651,0.531819284,2.6335144,1.05743408,-3.69094849,-0.411556304
6284,6.284696,0.468171865,0.485228509,0.531828165,2.66372657,1.02722156,-3.69094801,-0.411000788
6285,6.285790,0.468242794,0.48526144,0.531757236,2.69393921,0.971832216,-3.66577148,-0.410663247
6286,6.286582,0.468310088,0.4852916,0.531692207,2.71408057,0.926513612,-3.64059424,-0.410541356
6287,6.287688,0.468474418,0.485368907,0.531525552,2.70904541,0.90133667,-3.61038208,-0.41048044
6288,6.288684,0.468635142,0.485443503,0.531364799,2.68890357,0.936584413,-3.62548804,-0.410531968
6289,6.289693,0.46893239,0.485581487,0.531132817,2.64862037,0.926513612,-3.57513404,-0.410478026
6290,6.290676,0.469246179,0.485727102,0.530753851,2.62344337,0.926513612,-3.54995704,-0.410393625
6291,6.291696,0.469580621,0.485882312,0.53041935,2.59323096,0.916442752,-3.52478004,-0.410250634
6292,6.292680,0.469959944,0.486058354,0.530040026,2.55798316,0.906372011,-3.46435523,-0.410065442
6293,6.293690,0.470359981,0.486244023,0.529640019,2.5328064,0.89126581,-3.42407227,-0.409845084
6294,6.294685,0.470827639,0.486461043,0.529172301,2.48748779,0.856018066,-3.34350586,-0.409676284
6295,6.295696,0.471495271,0.486770898,0.528638899,2.44216919,0.830841005,-3.27301025,-0.409552008
6296,6.296728,0.47208035,0.487042457,0.52791965,2.38677955,0.785522401,-3.20251465,-0.409469932
6297,6.297682,0.47266224,0.487312496,0.52733773,2.34146094,0.7653808,-3.12194824,-0.409357399
6298,6.298691,0.473306656,0.487611592,0.526693344,2.29614234,0.725097597,-3.02124,-0.40931049
6299,6.299674,0.473990411,0.487928927,0.526009619,2.24578834,0.694885254,-2.94067359,-0.409305781
6300,6.300695,0.474712491,0.488264024,0.525287509,2.17025733,0.664672852,-2.83493018,-0.409329206
6301,6.301679,0.475667417,0.488625526,0.524508655,2.11990333,0.649566591,-2.76946998,-0.40935263
6302,6.302689,0.476471841,0.489080548,0.523528159,2.03933716,0.599212646,-2.6385498,-0.40935263
6303,6.303684,0.477328926,0.48947832,0.522671044,1.94366443,0.563964844,-2.52273536,-0.40935263
6304,6.304695,0.478183538,0.489874959,0.521816492,1.84799182,0.538787842,-2.38677979,-0.40935263
6305,6.305682,0.479088217,0.490294814,0.520911813,1.77749634,0.503539979,-2.28103638,-0.40935263
6306,6.306691,0.480039626,0.490736365,0.519960403,1.68685913,0.478363007,-2.16522217,-0.40935263
6307,6.307735,0.481249362,0.491297781,0.518750608,1.5760802,0.448150605,-2.02926612,-0.40935263
6308,6.308680,0.482262433,0.491767973,0.517737567,1.49551392,0.407867402,-1.90338135,-0.40935263
6309,6.309689,0.483273566,0.49223724,0.516726434,1.37466419,0.377654999,-1.78253162,-0.40935263
6310,6.310685,0.484323412,0.492724478,0.515676618,1.2538147,0.342407227,-1.59622192,-0.40935263
6311,6.311693,0.485384762,0.493217021,0.514615178,1.17324817,0.302124023,-1.4753722,-0.40935263
6312,6.312676,0.486501664,0.493735403,0.513498366,1.05239868,0.266876191,-1.3192749,-0.40935263
6313,6.313699,0.487896532,0.494382769,0.512394667,0.946655154,0.241699189,-1.18835437,-0.40935263
6314,6.314682,0.489032626,0.494910032,0.510967374,0.840911746,0.1963806,-1.03729236,-0.409279972
6315,6.315694,0.490169346,0.495437592,0.509830713,0.699920595,0.156097397,-0.886230409,-0.409251839
6316,6.316676,0.491351604,0.495986253,0.508648336,0.584106386,0.130920395,-0.715026796,-0.409223706
6317,6.317699,0.492537081,0.496536463,0.507462978,0.473327577,0.0805664063,-0.553893983,-0.409136981
6318,6.318715,0.494025528,0.497086167,0.506278396,0.357513398,0.0503540002,-0.407867402,-0.409066647
6319,6.319688,0.495214969,0.497642964,0.505078614,0.25680539,0.0201416016,-0.276946992,-0.409090072
6320,6.320697,0.496431381,0.498343796,0.50356859,0.146026596,-0.00503540039,-0.140991196,-0.409061939
6321,6.321681,0.497645587,0.498907328,0.502354443,0.0302123986,-0.0352478027,-0.0151061974,-0.409012705
6322,6.322689,0.498861343,0.499471545,0.501138628,-0.0302123986,-0.0654601976,0.0956725925,-0.408970505
6323,6.323683,0.500082374,0.500038207,0.499917626,-0.0654601976,-0.0805664063,0.146026611,-0.408942372
6324,6.324788,0.501606047,0.500745356,0.498393953,-0.110778801,-0.0956726,0.206451401,-0.408921272
6325,6.325591,0.502520621,0.501169801,0.497479349,-0.171203613,-0.120849594,0.292053223,-0.408900172
6326,6.326689,0.504041195,0.50187552,0.495958805,-0.231628403,-0.140991211,0.372619629,-0.408865005
6327,6.327684,0.505241096,0.502432406,0.494758904,-0.347442627,-0.151062012,0.483398438,-0.408836871
6328,6.328693,0.506444871,0.50299108,0.493555129,-0.463256806,-0.176238999,0.63949579,-0.408867329
6329,6.329723,0.507634938,0.503543377,0.492365032,-0.579071045,-0.211486802,0.790557861,-0.408867329
6330,6.330687,0.508813739,0.504090488,0.491186261,-0.684814453,-0.231628403,0.916442871,-0.408867329
6331,6.331696,0.510260582,0.504761934,0.490020424,-0.810699403,-0.266876191,1.07757556,-0.408867329
6332,6.332678,0.511415899,0.505298138,0.488584131,-0.916442752,-0.307159424,1.22360218,-0.408867329
6333,6.333687,0.512546241,0.505822718,0.487453789,-1.05743408,-0.347442627,1.36962879,-0.408867329
6334,6.334682,0.513668954,0.506343782,0.486331046,-1.15310657,-0.407867402,1.560974,-0.408867329
6335,6.335694,0.514749765,0.506845415,0.485250235,-1.26892078,-0.438079834,1.70700061,-0.408867329
6336,6.336676,0.515819669,0.507341921,0.484180301,-1.35955799,-0.478363007,1.83792102,-0.408867329
6337,6.337699,0.517110527,0.507941008,0.483147055,-1.46530139,-0.51864624,1.98394763,-0.408867329
6338,6.338681,0.518125057,0.508411884,0.481874943,-1.5660094,-0.553893983,2.11990333,-0.408867329
6339,6.339689,0.519112825,0.508870304,0.480887204,-1.70196521,-0.574035585,2.24075294,-0.408867329
6340,6.340741,0.520072401,0.50931561,0.47992757,-1.78253162,-0.614318848,2.39685059,-0.408867329
6341,6.341689,0.521019042,0.509755015,0.478981018,-1.88323963,-0.629424989,2.51266456,-0.408867329
6342,6.342683,0.521918774,0.510172546,0.478081256,-1.97891223,-0.664672852,2.64358521,-0.408867329
6343,6.343691,0.523016095,0.510681808,0.47719568,-2.06451416,-0.699920595,2.76443481,-0.408787638
6344,6.344675,0.523823082,0.511056364,0.476176947,-2.15515137,-0.720062196,2.87521362,-0.408700913
6345,6.345698,0.524593592,0.511413932,0.475406379,-2.25082374,-0.740203857,2.96585083,-0.408644646
6346,6.346681,0.525387108,0.511782169,0.474612862,-2.33139038,-0.750274599,3.08166504,-0.408508688
6347,6.347689,0.52608341,0.512105346,0.47391659,-2.40692139,-0.7653808,3.17230225,-0.408344597
6348,6.348684,0.526782572,0.512429833,0.473217398,-2.48245239,-0.780487061,3.26293945,-0.408173472
6349,6.349693,0.527575076,0.512797654,0.472578347,-2.5680542,-0.775451601,3.34350586,-0.407939047
6350,6.350675,0.528163433,0.513070703,0.471836567,-2.62847877,-0.780487061,3.40896583,-0.407697588
6351,6.351693,0.528710306,0.513324499,0.471289724,-2.72415137,-0.77041626,3.47946167,-0.407362431
6352,6.352689,0.529214799,0.513558626,0.47078523,-2.77954102,-0.750274599,3.52981567,-0.407116383
6353,6.353684,0.529652596,0.513761818,0.470347375,-2.86010718,-0.735168397,3.59527564,-0.406790644
6354,6.354693,0.530093789,0.51396656,0.469906181,-2.91046143,-0.689849854,3.60031128,-0.406232864
6355,6.355678,0.530505002,0.514139831,0.469532907,-2.98095679,-0.649566591,3.63052344,-0.405637562
6356,6.356687,0.530895054,0.514338434,0.469104946,-3.03634644,-0.594177186,3.63052368,-0.40485239
6357,6.357684,0.531142056,0.514453053,0.468857914,-3.1068418,-0.523681581,3.61541724,-0.40405786
6358,6.358693,0.53136766,0.514557779,0.46863234,-3.14208961,-0.433044404,3.57513404,-0.403261006
6359,6.359676,0.531522036,0.514629424,0.468477964,-3.17733765,-0.342407227,3.51974487,-0.401896954
6360,6.360699,0.531679928,0.514702678,0.468320042,-3.19244361,-0.241699189,3.43414283,-0.400364161
6361,6.361778,0.531729937,0.514725924,0.468270063,-3.12194824,-0.110778801,3.29315138,-0.398254782
6362,6.362680,0.531807959,0.514762104,0.468192041,-3.0665586,0.00503540039,3.0615232,-0.39725399
6363,6.363689,0.531763434,0.51474148,0.468236595,-2.77954102,0.105743401,2.74932837,-0.393799275
6364,6.364685,0.531722486,0.514722466,0.468277484,-2.39685059,0.25176999,2.14508057,-0.390206277
6365,6.365697,0.531609595,0.514670074,0.468390435,-1.8429563,0.241699189,1.60125709,-0.386414081
6366,6.366681,0.531450093,0.514596045,0.468549937,-1.19842529,0.0302123986,1.16821289,-0.380791426
6367,6.367690,0.531185448,0.514488935,0.468780607,-0.649566591,-0.402832001,1.05239856,-0.37377426
6368,6.368674,0.530897498,0.514339566,0.469102472,-0.151062012,-1.11282337,1.26388538,-0.366972715
6369,6.369695,0.530588746,0.514196277,0.469411224,0.105743401,-2.08969092,1.82785022,-0.360635221
6370,6.370678,0.530234873,0.514032066,0.469765127,-0.0251770001,-2.64862037,2.67379737,-0.35426724
6371,6.371687,0.529860139,0.51385814,0.470139861,-0.422973603,-2.87521338,3.29818702,-0.351686776
6372,6.372712,0.529417336,0.513652623,0.470582634,-1.01715076,-2.74932837,3.76647902,-0.340732068
6373,6.373677,0.528825879,0.513427019,0.471068799,-1.5811156,-2.37167335,3.95278883,-0.336372644
6374,6.374687,0.528263628,0.513117194,0.471736372,-1.97891223,-1.89331031,3.87222242,-0.3348234
6375,6.375685,0.527638674,0.512827158,0.472361326,-2.27096558,-1.46530139,3.69598389,-0.332364827
6376,6.376694,0.527039289,0.512548983,0.472960711,-2.38677955,-1.09771717,3.48449659,-0.331982821
6377,6.377679,0.526399016,0.512251854,0.473601013,-2.44216919,-0.830841005,3.27301025,-0.332142234
6378,6.378690,0.525677979,0.511917174,0.474322021,-2.44720435,-0.720062196,3.16726661,-0.332707077
6379,6.379688,0.524749756,0.511583924,0.475040168,-2.42202735,-0.63949579,3.0615232,-0.333902359
6380,6.380683,0.523985088,0.511131525,0.476014942,-2.35656738,-0.589141846,2.94570923,-0.334666401
6381,6.381691,0.523146927,0.510742545,0.476853102,-2.25585937,-0.563964844,2.83996558,-0.335327357
6382,6.382675,0.522311449,0.510354757,0.477688551,-2.17025733,-0.558929443,2.72918677,-0.335346133
6383,6.383764,0.521197915,0.509943187,0.478575319,-2.07458496,-0.553893983,2.628479,-0.336468786
6384,6.384593,0.520522594,0.509524584,0.479477406,-1.95877051,-0.558929443,2.5579834,-0.336801618
6385,6.385681,0.51930064,0.50906235,0.48047334,-1.86309803,-0.553893983,2.41699195,-0.337082922
6386,6.386689,0.5183025,0.508494198,0.4816975,-1.7674253,-0.503539979,2.27096534,-0.337258697
6387,6.387684,0.517306328,0.508031905,0.482693642,-1.63650501,-0.493469208,2.15011573,-0.33735007
6388,6.388693,0.516270161,0.507551014,0.48372981,-1.535797,-0.478363007,2.01415992,-0.337495416
6389,6.389676,0.515222192,0.507064641,0.484777808,-1.45019519,-0.397796571,1.8479917,-0.337605625
6390,6.390698,0.514138758,0.506561816,0.485861242,-1.35955799,-0.347442627,1.70700061,-0.337694734
6391,6.391680,0.512735069,0.506044507,0.486975908,-1.27395618,-0.292053193,1.5660094,-0.337936193
6392,6.392689,0.511608839,0.505387664,0.488391161,-1.18331909,-0.221557602,1.40487671,-0.338184685
6393,6.393685,0.510473728,0.504860878,0.489526242,-1.08261108,-0.171203613,1.2538147,-0.338454217
6394,6.394696,0.509313941,0.504322588,0.490686029,-0.951690674,-0.125884995,1.07757568,-0.338876069
6395,6.395696,0.508140445,0.503777981,0.491859555,-0.850982606,-0.105743401,0.956726015,-0.339302599
6396,6.396679,0.506955028,0.50322783,0.493045002,-0.735168397,-0.0906371996,0.825805604,-0.339761972
6397,6.397687,0.505454659,0.50267297,0.494240612,-0.629424989,-0.0704956055,0.699920595,-0.339731485
6398,6.398684,0.504252911,0.501973808,0.495747119,-0.528717041,-0.0453185998,0.574035645,-0.340354979
6399,6.399693,0.503038168,0.501410007,0.496961802,-0.392761201,-0.0151061993,0.433044404,-0.341437757
6400,6.400675,0.501822293,0.50084573,0.498177677,-0.327301025,0.0302123986,0.297088623,-0.342185378
6401,6.401696,0.500604272,0.50028044,0.499395728,-0.266876191,0.0654601976,0.201415986,-0.342874408
6402,6.402679,0.499384344,0.499714285,0.500615656,-0.201416001,0.0604247972,0.140991211,-0.343622029
6403,6.403688,0.497861624,0.499148756,0.501834214,-0.171203613,0.0805664063,0.090637207,-0.344456375
6404,6.404713,0.496644139,0.49844256,0.50335592,-0.135955796,0.100708,0.0352477953,-0.345276654
6405,6.405700,0.495429575,0.49787885,0.504570425,-0.0856018066,0.176238999,-0.0704955906,-0.346087575
6406,6.406696,0.494233608,0.497323811,0.505766392,-0.0352478027,0.231628403,-0.1963806,-0.346868038
6407,6.407677,0.493038952,0.496769369,0.506961048,0.0402832031,0.276946992,-0.317230195,-0.347800851
6408,6.408688,0.491841584,0.496213675,0.508158445,0.120849594,0.312194794,-0.433044374,-0.348527431
6409,6.409683,0.490375847,0.495675564,0.509317935,0.201416001,0.367584199,-0.569000185,-0.349525869
6410,6.410692,0.489227563,0.495000482,0.510772407,0.276946992,0.417938203,-0.694885194,-0.350116491
6411,6.411675,0.488087595,0.494471431,0.511912346,0.337371796,0.458221376,-0.795593143,-0.351328194
6412,6.412695,0.486975491,0.493955284,0.513024449,0.3877258,0.533752382,-0.921478152,-0.352026641
6413,6.413678,0.485873163,0.493443698,0.514126778,0.433044404,0.584106386,-1.01715076,-0.353013396
6414,6.414700,0.484803706,0.49294737,0.515196323,0.443115205,0.64453125,-1.08764648,-0.354365766
6415,6.415804,0.483471394,0.492329061,0.516528606,0.468292207,0.689849854,-1.15814209,-0.355247021
6416,6.416585,0.482711136,0.491976202,0.517288864,0.478363007,0.704955995,-1.18331897,-0.356873572
6417,6.417692,0.481424809,0.491379231,0.518575191,0.458221376,0.704955995,-1.16821277,-0.359653264
6418,6.418675,0.480463982,0.490933299,0.519536018,0.433044404,0.659637392,-1.09268177,-0.361622006
6419,6.419695,0.47950089,0.490486324,0.52049911,0.3826904,0.574035585,-0.956725955,-0.36400792
6420,6.420679,0.478566557,0.4900527,0.521433413,0.3877258,0.412902832,-0.800628662,-0.366675138
6421,6.421688,0.477499276,0.4896577,0.522284508,0.473327577,0.166168213,-0.63949579,-0.370891541
6422,6.422685,0.476655483,0.489165783,0.523344517,0.584106386,-0.0503540002,-0.533752382,-0.37523216
6423,6.423694,0.475826949,0.488781244,0.524173081,0.850982606,-0.211486802,-0.594177186,-0.379066557
6424,6.424677,0.475052506,0.488421828,0.524947464,1.27899158,-0.493469208,-0.785522342,-0.383913428
6425,6.425689,0.474335313,0.488088995,0.525664747,1.72714221,-0.760345399,-0.966796815,-0.386076719
6426,6.426713,0.473594278,0.487745047,0.526405692,2.22564673,-0.90133667,-1.32431006,-0.394007981
6427,6.427683,0.472795397,0.487448066,0.527045548,2.67379737,-0.926513612,-1.7472837,-0.397143871
6428,6.428695,0.472184539,0.487090796,0.527815461,3.0162046,-0.871124148,-2.14508057,-0.401224315
6429,6.429677,0.471614778,0.48682639,0.528385282,3.17733765,-0.64453125,-2.5328064,-0.405096203
6430,6.430686,0.4710868,0.486581355,0.52891326,3.20251441,-0.226593003,-2.97592139,-0.40939936
6431,6.431692,0.470624715,0.486366868,0.529375255,3.17230225,0,-3.17230225,-0.411750138
6432,6.432690,0.470135719,0.486139953,0.529864311,3.0766294,0.211486802,-3.28811622,-0.413379043
6433,6.433685,0.469620585,0.48595506,0.530262589,2.90039039,0.483398378,-3.38378882,-0.414440721
6434,6.434693,0.469277859,0.485741794,0.530722141,2.73422217,0.730133057,-3.46435523,-0.41517663
6435,6.435681,0.469005078,0.485615194,0.530994892,2.58819556,0.926513612,-3.54492188,-0.415389955
6436,6.436690,0.468728751,0.485486984,0.531271279,2.5328064,1.06246936,-3.59527588,-0.414914221
6437,6.437787,0.468478978,0.485371053,0.531451881,2.52273536,1.09771717,-3.6204524,-0.413875967
6438,6.438593,0.468363941,0.485317677,0.531636119,2.54791236,1.09771717,-3.64562941,-0.413102567
6439,6.439687,0.468255758,0.485277146,0.53172344,2.5831604,1.09268188,-3.67584229,-0.412127554
6440,6.440683,0.468176544,0.485230684,0.531823456,2.6184082,1.08261108,-3.70101929,-0.41145727
6441,6.441692,0.468219995,0.48525086,0.531780064,2.67883277,1.01211548,-3.68087769,-0.410993248
6442,6.442675,0.468209267,0.485245883,0.531790733,2.70401001,0.966796756,-3.67080688,-0.410714298
6443,6.443695,0.468295991,0.485286117,0.531704009,2.71408057,0.936584413,-3.65066504,-0.410606474
6444,6.444680,0.468479544,0.485371321,0.531520486,2.71911597,0.906372011,-3.62548804,-0.410494
6445,6.445692,0.468686581,0.485431582,0.531390607,2.69393921,0.916442752,-3.61038208,-0.410575986
6446,6.446675,0.468899459,0.485566199,0.531100571,2.67379737,0.921478152,-3.5952754,-0.410491586
6447,6.447697,0.469207585,0.48570919,0.530792415,2.62847877,0.926513612,-3.55499244,-0.410407186
6448,6.448691,0.469536364,0.485861778,0.530463636,2.59323096,0.911407411,-3.50463843,-0.410322785
6449,6.449688,0.469886214,0.486024141,0.530113757,2.56301856,0.911407411,-3.47442603,-0.410100102
6450,6.450685,0.470328242,0.4862293,0.529671788,2.5328064,0.886230409,-3.41903687,-0.409959435
6451,6.451694,0.470912337,0.486443639,0.529209912,2.49252319,0.861053407,-3.35357666,-0.40970391
6452,6.452677,0.471473187,0.486760676,0.528526843,2.44720435,0.830841005,-3.27804542,-0.409600735
6453,6.453696,0.471985608,0.486998469,0.528014362,2.40188599,0.795593143,-3.21762085,-0.409453034
6454,6.454680,0.47256276,0.487266332,0.52743727,2.34649634,0.755309999,-3.1018064,-0.409385026
6455,6.455692,0.473245263,0.487583071,0.526754737,2.30621314,0.730133057,-3.0363462,-0.409331083
6456,6.456674,0.473902881,0.487888277,0.526097059,2.24578834,0.704955995,-2.95074439,-0.409319341
6457,6.457697,0.474785477,0.48829788,0.525399864,2.19543433,0.664672852,-2.86010718,-0.409256041
6458,6.458787,0.475550085,0.488652766,0.524449944,2.11486816,0.64453125,-2.75939941,-0.409199774
6459,6.459675,0.47636947,0.489033043,0.523630559,2.04940772,0.609283388,-2.65869117,-0.409216166
6460,6.460696,0.477204293,0.489420474,0.522795677,1.95373535,0.574035585,-2.527771,-0.409188032
6461,6.461679,0.478072792,0.48982355,0.521927178,1.87316883,0.538787842,-2.41195679,-0.409232557
6462,6.462687,0.478973567,0.490241617,0.521026492,1.77246082,0.50857538,-2.28103614,-0.409232557
6463,6.463683,0.480142981,0.490674019,0.520094693,1.69189441,0.488433838,-2.18032837,-0.409232557
6464,6.464691,0.481111556,0.491233826,0.518888414,1.60125721,0.453186005,-2.05444312,-0.409232557
6465,6.465677,0.482107967,0.491696268,0.517892003,1.5156554,0.428009033,-1.94366443,-0.409232557
6466,6.466699,0.483144164,0.492177188,0.516855836,1.38977051,0.377654999,-1.76742554,-0.409232557
6467,6.467682,0.484191,0.492662996,0.51580894,1.2840271,0.347442627,-1.63146973,-0.409232557
6468,6.468690,0.485261172,0.493159682,0.514738798,1.17324817,0.322265625,-1.4955138,-0.409232557
6469,6.469718,0.486629248,0.49379462,0.513370752,1.07254028,0.261840791,-1.3343811,-0.409232557
6470,6.470677,0.487755746,0.494317412,0.512244225,0.976867676,0.241699189,-1.21856689,-0.409232557
6471,6.471699,0.488889843,0.494843751,0.511110187,0.830841005,0.1913452,-1.05743408,-0.409232557
6472,6.472681,0.490040094,0.4953776,0.509959936,0.715026796,0.156097397,-0.871124208,-0.409232557
6473,6.473690,0.491191268,0.495911866,0.508808792,0.604248047,0.125884995,-0.730133057,-0.409232557
6474,6.474673,0.492389262,0.496467859,0.507610798,0.478363007,0.0856018066,-0.563964844,-0.409232557
6475,6.475698,0.493866444,0.497153431,0.506437778,0.377654999,0.0604247972,-0.438079804,-0.409145832
6476,6.476681,0.495064229,0.497709304,0.504935741,0.261840791,0.0352478027,-0.297088593,-0.409117699
6477,6.477689,0.496280104,0.498273581,0.503719866,0.130920395,-0.0100708008,-0.151062012,-0.409030974
6478,6.478685,0.497493684,0.498836815,0.502506316,0.0453185998,-0.0503540002,0.00503540039,-0.408974707
6479,6.479693,0.498709947,0.499401301,0.501290083,-0.0251770001,-0.0553894006,0.0805663988,-0.408977032
6480,6.480721,0.500234485,0.499967486,0.500069976,-0.0604247972,-0.0755310059,0.135955811,-0.408941865
6481,6.481688,0.501452744,0.500532985,0.498851597,-0.105743401,-0.0906371996,0.1963806,-0.408920765
6482,6.482696,0.502672911,0.501240492,0.497327119,-0.161132813,-0.115814202,0.276947021,-0.408892632
6483,6.483679,0.503883719,0.501802444,0.49611631,-0.216522202,-0.130920395,0.347442597,-0.408864498
6484,6.484688,0.505094886,0.502364516,0.494905084,-0.347442627,-0.156097397,0.503540039,-0.408836365
6485,6.485686,0.506290495,0.502919436,0.493709475,-0.458221376,-0.166168213,0.624389589,-0.408866823
6486,6.486735,0.507783055,0.503471911,0.492518991,-0.563964844,-0.206451416,0.77041626,-0.408866823
6487,6.487693,0.508960307,0.50401932,0.491339624,-0.679778993,-0.236663789,0.916442752,-0.408866823
6488,6.488675,0.510116339,0.504694998,0.489883631,-0.780487061,-0.271911591,1.05239868,-0.408866823
6489,6.489698,0.511255682,0.505223811,0.488744348,-0.926513612,-0.317230195,1.19842529,-0.408866823
6490,6.490682,0.512406051,0.505757689,0.487593979,-1.03729248,-0.357513398,1.39480591,-0.408866823
6491,6.491798,0.513784945,0.506397605,0.486215055,-1.14807117,-0.402832001,1.5509032,-0.408866823
6492,6.492590,0.514614582,0.506782651,0.485385418,-1.24877918,-0.433044404,1.65161121,-0.408866823
6493,6.493698,0.515951931,0.507403314,0.484312654,-1.34445179,-0.473327577,1.8177793,-0.408866823
6494,6.494681,0.516995549,0.507887661,0.483004481,-1.45019519,-0.503539979,1.95373511,-0.408866823
6495,6.495694,0.518014073,0.508360386,0.481985927,-1.58615112,-0.543823183,2.09472632,-0.408866823
6496,6.496677,0.518990993,0.508813739,0.481009007,-1.67175281,-0.584106386,2.25585914,-0.408866823
6497,6.497687,0.519985855,0.509275436,0.480014116,-1.77749634,-0.619354188,2.39685059,-0.408866823
6498,6.498683,0.520904422,0.509701788,0.479095578,-1.85806262,-0.63949579,2.49755836,-0.408866823
6499,6.499693,0.522029042,0.510129213,0.478174537,-1.96380603,-0.669708192,2.63351417,-0.408866823
6500,6.500675,0.522874177,0.510615945,0.477125794,-2.04940772,-0.689849854,2.73925757,-0.408787131
6501,6.501696,0.523684323,0.510991931,0.476315677,-2.17025733,-0.699920595,2.87017798,-0.408700407
6502,6.502700,0.524516404,0.511378109,0.475483596,-2.24075317,-0.730133057,2.97088623,-0.40864414
6503,6.503697,0.525254846,0.511720836,0.474745184,-2.32131934,-0.750274599,3.071594,-0.408515215
6504,6.504680,0.525975406,0.512055218,0.474024624,-2.39685059,-0.7653808,3.16223145,-0.408358157
6505,6.505691,0.526864767,0.512381732,0.47332117,-2.48245239,-0.775451601,3.25790405,-0.408151865
6506,6.506676,0.527476907,0.512752056,0.472523063,-2.54791236,-0.77041626,3.31832862,-0.40793854
6507,6.507697,0.528069973,0.51302731,0.471930057,-2.64862037,-0.77041626,3.39385962,-0.407697082
6508,6.508680,0.528621495,0.513283253,0.471378446,-2.70904541,-0.755309999,3.46435547,-0.407427549
6509,6.509691,0.529130936,0.513519704,0.470869035,-2.77450538,-0.755309999,3.52981544,-0.407064319
6510,6.510674,0.529620886,0.513747096,0.470379114,-2.83493042,-0.730133057,3.56506348,-0.406731546
6511,6.511695,0.530166924,0.513943493,0.469955921,-2.90542579,-0.699920595,3.60534644,-0.40611282
6512,6.512708,0.530510664,0.514160037,0.469489336,-2.97088599,-0.654602051,3.62548804,-0.405601889
6513,6.513691,0.530833364,0.514309824,0.469166577,-3.0564878,-0.599212646,3.63555908,-0.40482375
6514,6.514686,0.531110644,0.51443851,0.468889356,-3.096771,-0.51864624,3.61541724,-0.403970629
6515,6.515685,0.53134203,0.514545918,0.468658,-3.1370542,-0.433044404,3.57009864,-0.4030402
6516,6.516694,0.531527162,0.514631808,0.468472809,-3.18237257,-0.342407227,3.5247798,-0.402156591
6517,6.517677,0.531665862,0.514696181,0.468334109,-3.19244361,-0.236663789,3.42910743,-0.401490927
6518,6.518699,0.531773627,0.514746189,0.468226403,-3.14712501,-0.156097397,3.30322242,-0.398657352
6519,6.519682,0.531807065,0.514761686,0.468192935,-3.0665586,-0.00503540039,3.071594,-0.396477699
6520,6.520689,0.531818926,0.51476723,0.468181103,-2.81478858,0.130920395,2.68386817,-0.393498808
6521,6.521685,0.531708121,0.514715791,0.468291879,-2.44720435,0.25176999,2.19543433,-0.39020583
6522,6.522694,0.531576097,0.514654517,0.468423933,-1.89834583,0.246734604,1.65161121,-0.386069089
6523,6.523706,0.531401873,0.514573634,0.46855247,-1.23870838,0.0604247972,1.17828357,-0.380573004
6524,6.524793,0.531215131,0.514486969,0.468784839,-0.538787842,-0.488433838,1.02722168,-0.374577731
6525,6.525585,0.531001508,0.514387846,0.468998462,-0.166168213,-1.05743408,1.22360229,-0.370096505
6526,6.526695,0.530654132,0.514226615,0.469345868,0.110778801,-2.02423096,1.91345215,-0.36112231
6527,6.527677,0.530305564,0.514064848,0.469694406,-0.00503540039,-2.62344337,2.62847877,-0.353793412
6528,6.528699,0.529912353,0.513882339,0.470087618,-0.397796571,-2.87017822,3.26797485,-0.348145008
6529,6.529682,0.529498458,0.513690293,0.470501542,-0.986938417,-2.76946998,3.75640845,-0.340703607
6530,6.530690,0.528798759,0.513365567,0.471201241,-1.5559386,-2.38174438,3.93768311,-0.336648911
6531,6.531672,0.528310776,0.513139069,0.471689194,-1.95373535,-1.91848731,3.87222266,-0.335104376
6532,6.532695,0.527735353,0.51287204,0.472264647,-2.23068237,-1.44515979,3.67584229,-0.333149672
6533,6.533678,0.52711916,0.512586057,0.47288087,-2.37670875,-1.11282337,3.48953199,-0.332174689
6534,6.534686,0.526483834,0.512291193,0.473516136,-2.45727539,-0.866088808,3.32336426,-0.332259119
6535,6.535700,0.525608063,0.511884749,0.474252909,-2.46231055,-0.699920595,3.16223121,-0.332821548
6536,6.536697,0.524845123,0.511530638,0.475154847,-2.41699219,-0.649566591,3.06655884,-0.333651215
6537,6.537680,0.524065852,0.511169016,0.475934148,-2.35656738,-0.609283388,2.96585083,-0.334783196
6538,6.538688,0.523251116,0.510790884,0.476748884,-2.28103638,-0.548858583,2.82989502,-0.335472286
6539,6.539690,0.52241993,0.510405123,0.4775801,-2.16522217,-0.553893983,2.71911621,-0.335634053
6540,6.540698,0.521537125,0.509995401,0.478462845,-2.06451416,-0.569000244,2.6335144,-0.336292624
6541,6.541681,0.520622671,0.509571016,0.479377359,-1.96884143,-0.558929443,2.527771,-0.336887985
6542,6.542690,0.519421518,0.509013534,0.480578482,-1.87316883,-0.543823183,2.41699195,-0.337045044
6543,6.543685,0.518426716,0.508551836,0.481573254,-1.76239002,-0.503539979,2.28607154,-0.337134093
6544,6.544693,0.517434001,0.508091152,0.482565999,-1.65664661,-0.493469208,2.15011573,-0.33732155
6545,6.545763,0.516387939,0.507605672,0.48361209,-1.5458678,-0.478363007,2.02423072,-0.337523133
6546,6.546678,0.515343726,0.507121027,0.484656274,-1.45019519,-0.412902832,1.86309803,-0.337591141
6547,6.547687,0.514001608,0.506614625,0.485747457,-1.36459339,-0.347442627,1.71203601,-0.337802142
6548,6.548684,0.512884617,0.505979776,0.487115413,-1.2840271,-0.302124023,1.58615112,-0.337970942
6549,6.549692,0.511769116,0.50546205,0.488230884,-1.15814209,-0.231628403,1.41998279,-0.338205367
6550,6.550674,0.510617554,0.504927635,0.489382476,-1.07254028,-0.166168213,1.2789917,-0.338460892
6551,6.551697,0.509459555,0.50439018,0.490540445,-0.971832216,-0.130920395,1.10275257,-0.33879602
6552,6.552679,0.508281171,0.503843307,0.491718829,-0.866088808,-0.115814202,0.981903017,-0.339091301
6553,6.553688,0.506800592,0.50329423,0.492901921,-0.740203857,-0.0906371996,0.830841064,-0.339864701
6554,6.554684,0.505604625,0.502601087,0.494395345,-0.649566591,-0.0654601976,0.715026796,-0.340380341
6555,6.555696,0.504396975,0.502040625,0.495603025,-0.50857538,-0.0503540002,0.579071045,-0.340858489
6556,6.556725,0.503189683,0.501480341,0.496810287,-0.402832001,-0.0151061993,0.417938203,-0.341315538
6557,6.557685,0.501974344,0.500916302,0.498025656,-0.322265625,0.0251770001,0.297088623,-0.341924936
6558,6.558693,0.500756085,0.500350893,0.499243945,-0.271911591,0.0503540002,0.221557587,-0.342546076
6559,6.559677,0.499536633,0.499784946,0.500463367,-0.216522202,0.0654601976,0.151062012,-0.343340576
6560,6.560698,0.498012006,0.49907738,0.501987994,-0.181274399,0.0956726,0.0856017992,-0.344132721
6561,6.561681,0.496798217,0.498514026,0.503201723,-0.125884995,0.105743401,0.0201415941,-0.345180333
6562,6.562690,0.495584071,0.497950554,0.504415929,-0.0856018066,0.166168213,-0.0805664063,-0.345967829
6563,6.563675,0.494383454,0.49739334,0.505616546,-0.0402832031,0.221557602,-0.181274399,-0.346659243
6564,6.564696,0.493187577,0.496838331,0.506812394,0.0302123986,0.266876191,-0.297088593,-0.347535789
6565,6.565684,0.492001802,0.496288031,0.507998228,0.105743401,0.307159424,-0.412902832,-0.348637342
6566,6.566693,0.490536332,0.495607883,0.509463608,0.1913452,0.362548798,-0.553893983,-0.349328756
6567,6.567722,0.4893879,0.495074898,0.51061213,0.271911591,0.407867402,-0.679778993,-0.350247502
6568,6.568685,0.488238305,0.494541377,0.511761665,0.347442627,0.473327577,-0.820770204,-0.351112366
6569,6.569694,0.487114549,0.494019836,0.512885451,0.377654999,0.51864624,-0.89630127,-0.351185054
6570,6.570677,0.485998601,0.493501931,0.514001369,0.428009033,0.584106386,-1.01211548,-0.352870256
6571,6.571686,0.484657824,0.493003905,0.515074492,0.453186005,0.624389589,-1.07757556,-0.354379594
6572,6.572683,0.4836016,0.49238947,0.51639837,0.463256806,0.674743593,-1.13800037,-0.356174886
6573,6.573692,0.482555866,0.49190414,0.517444134,0.468292207,0.699920595,-1.16317737,-0.357656151
6574,6.574674,0.4815633,0.491443515,0.51843673,0.443115205,0.694885254,-1.16317737,-0.358600676
6575,6.575700,0.480568886,0.490981996,0.519431114,0.422973603,0.664672852,-1.08764648,-0.360815555
6576,6.576683,0.479633778,0.490548015,0.520366251,0.3826904,0.589141846,-0.971832275,-0.363742888
6577,6.577692,0.478487998,0.490128607,0.521269798,0.367584199,0.433044404,-0.800628603,-0.366803795
6578,6.578782,0.477571487,0.489590883,0.522428513,0.488433838,0.125884995,-0.614318848,-0.370017111
6579,6.579586,0.476949602,0.489302278,0.523050427,0.574035585,-0.0352478027,-0.538787782,-0.371774912
6580,6.580694,0.475945204,0.48883611,0.524054766,0.820770144,-0.271911591,-0.548858523,-0.378257692
6581,6.581676,0.475167036,0.488474995,0.524832964,1.2286377,-0.483398378,-0.745239317,-0.379045188
6582,6.582697,0.474425346,0.488130748,0.525574625,1.67175281,-0.720062196,-0.951690614,-0.385996759
6583,6.583682,0.473679662,0.487784714,0.526320398,2.16018653,-0.89126581,-1.26892066,-0.391427219
6584,6.584690,0.472874522,0.487411022,0.527125478,2.6335144,-0.916442752,-1.71707165,-0.397459984
6585,6.585689,0.472280592,0.487135381,0.527719438,3.0313108,-0.881195009,-2.08969092,-0.400054514
6586,6.586698,0.47163862,0.486837447,0.52836138,3.19244361,-0.589141846,-2.60330176,-0.405159235
6587,6.587680,0.471104503,0.486589551,0.528895497,3.20754981,-0.246734604,-2.96081519,-0.409005314
6588,6.588689,0.470636368,0.486372292,0.529363632,3.16223121,-0.0100708008,-3.15216041,-0.411356091
6589,6.589696,0.470083475,0.486164451,0.529811442,3.08670044,0.176238999,-3.26293945,-0.413442016
6590,6.590693,0.469690651,0.485933363,0.530309319,2.91549659,0.463256806,-3.37875342,-0.414979547
6591,6.591675,0.469318211,0.48576054,0.530681789,2.74932837,0.709991395,-3.45931983,-0.415321738
6592,6.592696,0.469015092,0.485619843,0.530984879,2.59826636,0.926513612,-3.52478004,-0.415293664
6593,6.593679,0.468782485,0.485511899,0.531217515,2.5328064,1.04232776,-3.57513428,-0.415017158
6594,6.594694,0.468571275,0.485413879,0.531428754,2.527771,1.09771717,-3.62548828,-0.414065629
6595,6.595694,0.468372434,0.485337347,0.531593621,2.54791236,1.10275269,-3.65066504,-0.413100034
6596,6.596676,0.468265831,0.48527211,0.531711936,2.59323096,1.08261108,-3.67584205,-0.412235171
6597,6.597697,0.468180716,0.485232621,0.531819284,2.6133728,1.06750476,-3.66577101,-0.411937505
6598,6.598680,0.468218297,0.485250056,0.531781673,2.66372657,1.01211548,-3.67584205,-0.411260158
6599,6.599796,0.46819225,0.485237956,0.531798303,2.70401001,0.966796756,-3.67080688,-0.410718679
6600,6.600595,0.46828261,0.485279918,0.53171742,2.71408057,0.946655154,-3.66073561,-0.410615534
6601,6.601689,0.468474478,0.485350788,0.531564713,2.73422217,0.911407411,-3.64562964,-0.410528839
6602,6.602684,0.468635201,0.485443562,0.531364799,2.69897437,0.921478152,-3.6204524,-0.410580367
6603,6.603693,0.468891948,0.485562682,0.531108022,2.66876221,0.926513612,-3.59527588,-0.410533458
6604,6.604676,0.469169676,0.485691607,0.530830324,2.62847877,0.921478152,-3.54492188,-0.410449058
6605,6.605701,0.469468623,0.485830337,0.530531406,2.58819556,0.916442752,-3.5046382,-0.410292
6606,6.606683,0.469837099,0.486001372,0.53016293,2.56301856,0.911407411,-3.47442603,-0.410120875
6607,6.607692,0.470383674,0.486192971,0.52974999,2.51769996,0.886230409,-3.40393043,-0.40988645
6608,6.608674,0.470874041,0.48648259,0.529269934,2.49252319,0.871124148,-3.36364746,-0.409717649
6609,6.609696,0.47136119,0.486708671,0.52863878,2.44216919,0.840911746,-3.29818726,-0.409548849
6610,6.610701,0.471913636,0.48696506,0.528086364,2.41699219,0.810699403,-3.22769165,-0.409466773
6611,6.611685,0.472529322,0.487250805,0.527470648,2.36160278,0.780487061,-3.14208984,-0.409398764
6612,6.612694,0.473141938,0.487535119,0.526858032,2.33139038,0.755309999,-3.08670044,-0.409344822
6613,6.613676,0.473816007,0.487847954,0.526183963,2.25082374,0.699920595,-2.95074439,-0.409326047
6614,6.614698,0.474732727,0.488273442,0.525267303,2.19543433,0.669708192,-2.86514258,-0.40922758
6615,6.615684,0.475472033,0.488616526,0.524527967,2.15011597,0.64453125,-2.79464722,-0.409229904
6616,6.616692,0.476286501,0.488994539,0.523713529,2.03430152,0.604248047,-2.63854957,-0.409201771
6617,6.617674,0.477098197,0.48937124,0.522901833,1.95877051,0.569000244,-2.52777076,-0.409232229
6618,6.618697,0.477962464,0.48977232,0.522037506,1.88323963,0.553893983,-2.43713355,-0.409232229
6619,6.619681,0.478876054,0.490196347,0.521123946,1.79260242,0.51361078,-2.30621314,-0.409232229
6620,6.620689,0.48002398,0.490729094,0.51997602,1.70700061,0.493469208,-2.20046973,-0.409232229
6621,6.621718,0.481019109,0.49119094,0.518980861,1.59118629,0.448150605,-2.06954932,-0.409232229
6622,6.622682,0.481996298,0.491644442,0.518003702,1.4904784,0.412902832,-1.90338123,-0.409232229
6623,6.623692,0.48301515,0.492117286,0.51698482,1.40487659,0.3826904,-1.78756702,-0.409232229
6624,6.624674,0.484058976,0.492601752,0.515941024,1.29409778,0.357513398,-1.65161121,-0.409232229
6625,6.625698,0.485396683,0.493097126,0.514873683,1.17828369,0.317230195,-1.49551392,-0.409232229
6626,6.626683,0.486491174,0.493730545,0.513508856,1.08261108,0.276946992,-1.35955811,-0.409232229
6627,6.627692,0.487605572,0.494247735,0.512394428,0.956726015,0.236663789,-1.21353149,-0.409232229
6628,6.628676,0.48874718,0.49477753,0.511252761,0.835876405,0.201416001,-1.08764637,-0.409232229
6629,6.629698,0.489895552,0.495310485,0.510104418,0.725097597,0.156097397,-0.881195009,-0.409232229
6630,6.630681,0.491051793,0.495847136,0.508948207,0.609283388,0.125884995,-0.735168397,-0.409232229
6631,6.631690,0.492519498,0.496396393,0.507764637,0.498504579,0.0956726,-0.594177186,-0.409173638
6632,6.632718,0.493716985,0.497084051,0.506283045,0.3877258,0.0604247972,-0.448150605,-0.409145504
6633,6.633682,0.494917661,0.497641295,0.505082369,0.276946992,0.0251770001,-0.302123994,-0.409117371
6634,6.634691,0.496128947,0.498203427,0.503871024,0.140991211,-0.0151061993,-0.12588501,-0.409089237
6635,6.635679,0.497341871,0.498766333,0.502658069,0.0453185998,-0.0352478027,-0.0100707971,-0.408981413
6636,6.636688,0.498557568,0.49933055,0.501442432,-0.0251770001,-0.0553894006,0.0805663988,-0.408983737
6637,6.637685,0.499777555,0.499896765,0.500222445,-0.0604247972,-0.0704956055,0.13092041,-0.40894857
6638,6.638694,0.501300752,0.500603676,0.498699278,-0.100708,-0.0906371996,0.1913452,-0.40890637
6639,6.639677,0.502519011,0.501169086,0.497481018,-0.140991211,-0.105743401,0.246734619,-0.408857137
6640,6.640697,0.503732502,0.50173229,0.496267527,-0.226593003,-0.125884995,0.352477998,-0.408829004
6641,6.641681,0.50494051,0.502292931,0.49505952,-0.327301025,-0.151062012,0.478363037,-0.408866495
6642,6.642691,0.506146073,0.50285238,0.493853927,-0.443115205,-0.171203613,0.614318848,-0.408866495
6643,6.643718,0.507629156,0.503540695,0.492667228,-0.548858583,-0.206451416,0.755309999,-0.408866495
6644,6.644682,0.508813977,0.504090548,0.491185993,-0.669708192,-0.226593003,0.89630121,-0.408866495
6645,6.645694,0.509971917,0.504628003,0.490028113,-0.805664003,-0.25680539,1.02722168,-0.408866495
6646,6.646676,0.511130929,0.505165875,0.488869101,-0.911407411,-0.317230195,1.17828357,-0.408866495
6647,6.647699,0.512265563,0.505692482,0.487734437,-1.02722156,-0.362548798,1.38977039,-0.408866495
6648,6.648682,0.513392806,0.506215632,0.486607194,-1.14807117,-0.402832001,1.5509032,-0.408866495
6649,6.649701,0.514738262,0.506714463,0.485532433,-1.22360218,-0.428009033,1.65161121,-0.408866495
6650,6.650697,0.515832484,0.507347882,0.484167516,-1.33941638,-0.483398378,1.8228147,-0.408866495
6651,6.651678,0.516853154,0.50782156,0.483146816,-1.45523071,-0.503539979,1.95877075,-0.408866495
6652,6.652689,0.517874122,0.508295417,0.482125878,-1.5760802,-0.538787842,2.11486816,-0.408866495
6653,6.653684,0.518883646,0.508763909,0.481116295,-1.67175281,-0.574035585,2.24578834,-0.408866495
6654,6.654724,0.519882679,0.509227574,0.480117321,-1.76239002,-0.604248047,2.36663818,-0.408866495
6655,6.655687,0.520805895,0.509656072,0.479194105,-1.85302722,-0.629424989,2.48245215,-0.408866495
6656,6.656696,0.521936357,0.510180712,0.478063643,-1.94869983,-0.659637392,2.60833716,-0.40880087
6657,6.657680,0.522804499,0.51058358,0.477195501,-2.04437232,-0.684814453,2.72918677,-0.408772737
6658,6.658688,0.523620188,0.510962188,0.476379812,-2.15515137,-0.709991395,2.86514282,-0.408671945
6659,6.659683,0.52443862,0.511341989,0.47556138,-2.23068237,-0.730133057,2.96081543,-0.408557087
6660,6.660692,0.525182188,0.5116871,0.474817842,-2.30117774,-0.735168397,3.0363462,-0.408414096
6661,6.661674,0.525908053,0.512023985,0.474091977,-2.38677955,-0.755309999,3.14208961,-0.408235937
6662,6.662696,0.526782811,0.512429953,0.473217189,-2.46734595,-0.755309999,3.22265601,-0.408081204
6663,6.663678,0.527443588,0.512736619,0.472556412,-2.5428772,-0.7653808,3.30825806,-0.407874912
6664,6.664687,0.527998149,0.512993991,0.47200188,-2.63854957,-0.760345399,3.39889503,-0.407640487
6665,6.665719,0.528600335,0.513273478,0.471399665,-2.70401001,-0.760345399,3.46435547,-0.407312363
6666,6.666684,0.529092789,0.513502002,0.470907211,-2.77450538,-0.740203857,3.51470923,-0.406979591
6667,6.667694,0.529652715,0.513732076,0.470411509,-2.85003638,-0.715026796,3.56506324,-0.406897575
6668,6.668677,0.530093908,0.51396662,0.470006377,-2.91549659,-0.669708192,3.58520484,-0.40687409
6669,6.669698,0.530491412,0.514151096,0.469508559,-2.99606323,-0.63446039,3.62045264,-0.40537408
6670,6.670681,0.530746698,0.51426959,0.469253302,-3.0413816,-0.563964844,3.60534668,-0.404588968
6671,6.671690,0.531103194,0.514435053,0.468896806,-3.1118772,-0.483398378,3.59527564,-0.404113203
6672,6.672685,0.53129077,0.514522076,0.468709201,-3.14208961,-0.407867402,3.54995704,-0.40324834
6673,6.673693,0.53154707,0.514622271,0.468493402,-3.16726661,-0.317230195,3.48449683,-0.401239812
6674,6.674676,0.531679988,0.514702737,0.468323708,-3.17230225,-0.206451416,3.37875366,-0.399592161
6675,6.675700,0.531740904,0.51473099,0.468259096,-3.1018064,-0.110778801,3.23272705,-0.397658587
6676,6.676716,0.531780243,0.514749289,0.468219817,-2.97592139,0.0604247972,2.91549659,-0.395413309
6677,6.677684,0.531772614,0.514745712,0.468227357,-2.70401001,0.166168213,2.5378418,-0.393390656
6678,6.678692,0.531743407,0.514732182,0.468256593,-2.30117774,0.25680539,2.04437232,-0.389249206
6679,6.679674,0.531642139,0.514685154,0.468357861,-1.69692981,0.201416001,1.4955138,-0.385539055
6680,6.680696,0.531425059,0.514584422,0.468574941,-1.05743408,-0.0453185998,1.10275269,-0.379663259
6681,6.681679,0.531219304,0.514488935,0.468780696,-0.498504579,-0.543823183,1.04232776,-0.373717189
6682,6.682687,0.53099215,0.514383495,0.46900785,-0.0453185998,-1.50558472,1.55090332,-0.365617186
6683,6.683683,0.530718863,0.514256656,0.469281107,0.120849594,-2.26089454,2.14004493,-0.359028906
6684,6.684691,0.530303419,0.514063835,0.469696552,-0.125884995,-2.74429321,2.87017822,-0.354903936
6685,6.685678,0.529963911,0.5139063,0.470036119,-0.599212646,-2.87521338,3.47442603,-0.347860992
6686,6.686686,0.529393911,0.513641775,0.470606089,-1.20346069,-2.67379737,3.87725806,-0.339175016
6687,6.687716,0.528908134,0.51341629,0.471091866,-1.81777942,-2.12997437,3.96789503,-0.335291445
6688,6.688678,0.528379738,0.513171077,0.471620262,-2.12997437,-1.69189441,3.8571167,-0.333376616
6689,6.689687,0.527809501,0.512906432,0.47219047,-2.32131934,-1.31423938,3.63555861,-0.332204729
6690,6.690682,0.527198315,0.512622774,0.472801685,-2.44720435,-1.02218616,3.46939039,-0.332101613
6691,6.691691,0.526398897,0.512320459,0.473453075,-2.47741675,-0.805664003,3.28308082,-0.33250007
6692,6.692676,0.5256778,0.511917114,0.474143535,-2.48748779,-0.684814453,3.17230225,-0.333327353
6693,6.693697,0.524939895,0.511574626,0.475060105,-2.42202735,-0.649566591,3.096771,-0.334007025
6694,6.694681,0.524145961,0.51120615,0.475854039,-2.36663818,-0.569000244,2.97088623,-0.335061699
6695,6.695694,0.523354769,0.510838985,0.476645231,-2.28607154,-0.569000244,2.85507178,-0.335734397
6696,6.696676,0.522527814,0.510455191,0.477472156,-2.17025733,-0.579071045,2.74932837,-0.33585164
6697,6.697697,0.521424413,0.510047436,0.478350878,-2.07458496,-0.574035585,2.64862061,-0.336697757
6698,6.698715,0.520489752,0.509509325,0.479510248,-1.97891223,-0.569000244,2.5479126,-0.337000132
6699,6.699677,0.519557476,0.509076655,0.480442524,-1.88323963,-0.543823183,2.42706275,-0.337145448
6700,6.700686,0.518580019,0.508623004,0.481419981,-1.7674253,-0.528717041,2.29614234,-0.337250888
6701,6.701683,0.517575145,0.508156657,0.482424855,-1.65664661,-0.50857538,2.16522193,-0.337410241
6702,6.702692,0.516544402,0.50767827,0.483455598,-1.5660094,-0.458221376,2.02423072,-0.33754155
6703,6.703693,0.515209794,0.507177174,0.484535307,-1.46530139,-0.412902832,1.87820423,-0.337738484
6704,6.704691,0.514127195,0.506556451,0.485872805,-1.38977051,-0.347442627,1.73721313,-0.33782056
6705,6.705689,0.513034105,0.506049156,0.486965895,-1.30416858,-0.281982422,1.586151,-0.338040918
6706,6.706687,0.51190114,0.505523324,0.48809886,-1.18331909,-0.231628403,1.41494751,-0.338223785
6707,6.707682,0.510761023,0.504994214,0.489238948,-1.09268188,-0.166168213,1.2588501,-0.338617533
6708,6.708692,0.509597301,0.504454136,0.490402699,-0.986938417,-0.135955796,1.12289417,-0.338964373
6709,6.709724,0.508133769,0.503774881,0.491565228,-0.876159668,-0.115814202,0.991973877,-0.339526832
6710,6.710688,0.50695473,0.503227711,0.493045241,-0.760345399,-0.0956726,0.856018007,-0.339850247
6711,6.711697,0.505754471,0.502670646,0.494245529,-0.624389589,-0.0755310059,0.725097597,-0.340506494
6712,6.712681,0.504551172,0.50211221,0.495448798,-0.533752382,-0.0503540002,0.604247987,-0.340984643
6713,6.713691,0.503341198,0.501550674,0.496658832,-0.407867402,-0.0100708008,0.417938203,-0.341500282
6714,6.714675,0.502127945,0.500987589,0.497872055,-0.332336426,0.0151061993,0.317230225,-0.342123747
6715,6.715699,0.500603557,0.500421822,0.499090999,-0.271911591,0.0453185998,0.226592988,-0.342972219
6716,6.716681,0.499383599,0.499713928,0.500311315,-0.221557602,0.0654601976,0.156097412,-0.343576878
6717,6.717690,0.498167038,0.499149323,0.501832962,-0.181274399,0.0805664063,0.100707993,-0.344190955
6718,6.718672,0.496947348,0.498583257,0.503052652,-0.130920395,0.110778801,0.0251769945,-0.345201075
6719,6.719694,0.495738477,0.498022228,0.504261553,-0.0956726,0.161132813,-0.0654602125,-0.345894814
6720,6.720722,0.494529039,0.497460902,0.505470932,-0.0352478027,0.221557602,-0.1863098,-0.346595585
6721,6.721688,0.493336439,0.496907443,0.50666362,0.0251770001,0.266876191,-0.292053193,-0.347790897
6722,6.722696,0.491847843,0.496216565,0.508152187,0.100708,0.292053193,-0.392761201,-0.348665118
6723,6.723678,0.490681857,0.495675445,0.509318173,0.1863098,0.342407227,-0.528717041,-0.349415123
6724,6.724687,0.489514917,0.495133847,0.510485053,0.271911591,0.407867402,-0.679778993,-0.350057304
6725,6.725687,0.488380015,0.494607151,0.511619985,0.342407227,0.453186005,-0.795593262,-0.350950241
6726,6.726695,0.487253875,0.494084507,0.512746096,0.3826904,0.51864624,-0.90133667,-0.35127604
6727,6.727679,0.486146569,0.493570596,0.513853431,0.422973603,0.574035585,-0.997009158,-0.352776051
6728,6.728688,0.484779239,0.492936015,0.515220761,0.448150605,0.624389589,-1.07254016,-0.354552597
6729,6.729682,0.483719409,0.492444158,0.516280591,0.463256806,0.659637392,-1.12289417,-0.355279177
6730,6.730690,0.48268348,0.491963387,0.51731652,0.463256806,0.694885254,-1.15814209,-0.356931537
6731,6.731719,0.481673092,0.491494447,0.518326938,0.453186005,0.704955995,-1.15814197,-0.35837999
6732,6.732681,0.480689704,0.491038054,0.519310296,0.412902832,0.679778993,-1.09268188,-0.360597223
6733,6.733690,0.479750842,0.490602344,0.520249188,0.3826904,0.599212646,-0.981903076,-0.364178479
6734,6.734685,0.478566378,0.490052611,0.521433592,0.372619599,0.468292207,-0.840911806,-0.366831601
6735,6.735696,0.477715313,0.48965764,0.522284687,0.473327577,0.236663789,-0.679778993,-0.370518297
6736,6.736680,0.476881385,0.489270627,0.523118615,0.579071045,-0.0503540002,-0.563964844,-0.374017507
6737,6.737689,0.476025909,0.488873571,0.523974061,0.805664003,-0.221557602,-0.584106386,-0.378170639
6738,6.738684,0.475262254,0.488519192,0.524737775,1.16821277,-0.468292207,-0.699920535,-0.382968247
6739,6.739692,0.474314779,0.488163412,0.525504291,1.61132801,-0.699920595,-0.911407411,-0.387198716
6740,6.740677,0.47361505,0.487754703,0.526213586,2.10983276,-0.881195009,-1.2286377,-0.391942471
6741,6.741697,0.472911298,0.487428099,0.527088702,2.69393921,-0.936584413,-1.65161109,-0.395144075
6742,6.742796,0.472311378,0.487149686,0.527688682,3.00613379,-0.861053407,-2.14508033,-0.399264395
6743,6.743588,0.471730769,0.486880213,0.528105676,3.14712501,-0.699920595,-2.44720435,-0.403755069
6744,6.744693,0.471145988,0.486608803,0.528854012,3.18740821,-0.281982422,-2.90542579,-0.408205807
6745,6.745681,0.470672071,0.486388862,0.529327929,3.17230225,-0.0503540002,-3.12194824,-0.410186291
6746,6.746690,0.470159322,0.486150891,0.529840708,3.1018064,0.146026596,-3.24783301,-0.41330114
6747,6.747673,0.469761282,0.485966146,0.530238688,2.94067359,0.438079834,-3.37875342,-0.414599597
6748,6.748695,0.469407886,0.485802144,0.530592084,2.73422217,0.740203857,-3.47442603,-0.415005028
6749,6.749677,0.469050437,0.485636264,0.530949533,2.62344337,0.911407411,-3.53485084,-0.415300369
6750,6.750687,0.468836844,0.485537142,0.531163156,2.53784156,1.03225708,-3.57009864,-0.414988697
6751,6.751683,0.468570143,0.485413343,0.531429827,2.5328064,1.11282337,-3.64562988,-0.414194226
6752,6.752692,0.468363881,0.485317618,0.531636119,2.54791236,1.10275269,-3.65066504,-0.412961453
6753,6.753691,0.46827659,0.485277116,0.53172344,2.5831604,1.07254028,-3.65570068,-0.412316889
6754,6.754689,0.468210906,0.485246629,0.531789064,2.62344337,1.06246936,-3.68591261,-0.411609083
6755,6.755703,0.468192101,0.485237896,0.531807899,2.66372657,1.02218616,-3.68591261,-0.411163718
6756,6.756689,0.468220174,0.48525092,0.531779766,2.70401001,0.961761415,-3.66577148,-0.410774618
6757,6.757684,0.46832034,0.485297441,0.53167969,2.70401001,0.941619813,-3.64562988,-0.410631627
6758,6.758696,0.46845457,0.485359728,0.53154546,2.71911597,0.921478152,-3.64059401,-0.410580099
6759,6.759678,0.468609452,0.485431582,0.531390488,2.70904541,0.911407411,-3.62045288,-0.410573035
6760,6.760688,0.468835771,0.485536635,0.531164289,2.67379737,0.911407411,-3.58520484,-0.41053316
6761,6.761685,0.469107956,0.485662937,0.530892015,2.64358497,0.921478152,-3.565063,-0.410462826
6762,6.762694,0.469401449,0.485799164,0.530598581,2.60833716,0.921478152,-3.5298152,-0.410371393
6763,6.763785,0.469910264,0.486035317,0.530089736,2.56301856,0.916442752,-3.48449707,-0.410120577
6764,6.764684,0.470304787,0.486218423,0.529803991,2.527771,0.90133667,-3.42910767,-0.40997991
6765,6.765696,0.470767021,0.48643294,0.529233038,2.48748779,0.876159668,-3.37875342,-0.409825176
6766,6.766679,0.471295148,0.486678034,0.528704882,2.45727539,0.835876405,-3.30322266,-0.409611851
6767,6.767688,0.471842378,0.486932009,0.528157651,2.40692139,0.800628603,-3.20755005,-0.409450084
6768,6.768685,0.472474873,0.487225562,0.527525187,2.36663818,0.775451601,-3.14208984,-0.4094266
6769,6.769694,0.473060519,0.48749733,0.526939452,2.31628418,0.745239198,-3.06152344,-0.409344524
6770,6.770678,0.473923773,0.487897992,0.52627027,2.28103638,0.709991395,-2.99102783,-0.409325749
6771,6.771687,0.474660665,0.488239974,0.525339305,2.20550537,0.674743593,-2.88024902,-0.409269482
6772,6.772683,0.475394756,0.488580674,0.524605274,2.12997437,0.659637392,-2.79968262,-0.409213215
6773,6.773691,0.476147413,0.488929987,0.523852587,2.04940772,0.599212646,-2.64862037,-0.409222573
6774,6.774716,0.476992607,0.489322215,0.523007393,1.97387683,0.584106386,-2.55798316,-0.40919444
6775,6.775684,0.477870345,0.489729613,0.522129714,1.88323963,0.553893983,-2.43713355,-0.409231931
6776,6.776694,0.478990406,0.490249425,0.521009624,1.79763782,0.523681581,-2.32131934,-0.409231931
6777,6.777677,0.479905516,0.490674108,0.520094454,1.72210681,0.488433838,-2.21054077,-0.409231931
6778,6.778686,0.480882078,0.491127342,0.519117892,1.60125721,0.448150605,-2.07962012,-0.409231931
6779,6.779682,0.481856525,0.491579592,0.518143475,1.50558472,0.417938203,-1.92352295,-0.409231931
6780,6.780691,0.482886463,0.492057562,0.517113507,1.41494751,0.392761201,-1.80770874,-0.409231931
6781,6.781685,0.483914554,0.492534727,0.516085446,1.3092041,0.352477998,-1.66168213,-0.409231931
6782,6.782695,0.485273182,0.493165255,0.514726818,1.19842529,0.322265625,-1.52069092,-0.409231931
6783,6.783677,0.486353397,0.493666589,0.513646603,1.10275269,0.287017792,-1.38977051,-0.409231931
6784,6.784686,0.487455428,0.494178057,0.512544572,0.971832216,0.241699189,-1.24877918,-0.409231931
6785,6.785719,0.488604903,0.494711518,0.511395097,0.866088808,0.201416001,-1.06750476,-0.409231931
6786,6.786684,0.489743173,0.495239794,0.510256827,0.740203857,0.176238999,-0.916442871,-0.409231931
6787,6.787693,0.490905672,0.495779306,0.509094357,0.629424989,0.135955796,-0.7653808,-0.409231931
6788,6.788677,0.49238342,0.496465117,0.507912159,0.51864624,0.0956726,-0.614318848,-0.40917334
6789,6.789686,0.493572682,0.497017086,0.506427348,0.402832001,0.0604247972,-0.463256806,-0.409145206
6790,6.790681,0.494767278,0.497571468,0.505232692,0.261840791,0.0251770001,-0.317230195,-0.409117073
6791,6.791692,0.49597773,0.498133242,0.504022241,0.146026596,0,-0.146026596,-0.409088939
6792,6.792674,0.497187823,0.498694867,0.502812207,0.0654601976,-0.0302123986,-0.035247799,-0.408988148
6793,6.793695,0.498405397,0.499259949,0.501594603,-0.0151061993,-0.0453185998,0.0604247972,-0.408983439
6794,6.794679,0.499930352,0.499967694,0.500374556,-0.0604247972,-0.0654601976,0.125884995,-0.408955306
6795,6.795702,0.501150489,0.500533938,0.498849511,-0.110778801,-0.0906371996,0.1963806,-0.408854514
6796,6.796714,0.502368987,0.501099467,0.497631013,-0.166168213,-0.115814202,0.281982422,-0.408856839
6797,6.797674,0.503581226,0.501662076,0.496418774,-0.216522202,-0.135955796,0.352477998,-0.408828706
6798,6.798695,0.504790008,0.502223074,0.495210022,-0.317230195,-0.146026596,0.463256776,-0.408866197
6799,6.799677,0.505991757,0.502780795,0.494008273,-0.428009033,-0.166168213,0.594177246,-0.408866197
6800,6.800699,0.507487178,0.503474832,0.492512852,-0.533752382,-0.1863098,0.720062196,-0.408866197
6801,6.801683,0.508667469,0.504022598,0.491332531,-0.649566591,-0.221557602,0.871124208,-0.408866197
6802,6.802691,0.509827197,0.504560828,0.490172803,-0.780487061,-0.276946992,1.05743408,-0.408807606
6803,6.803674,0.510979295,0.505095482,0.489020675,-0.911407411,-0.307159424,1.21856689,-0.408779472
6804,6.804695,0.51211524,0.505622685,0.48788476,-1.00707996,-0.347442627,1.35452259,-0.408751339
6805,6.805681,0.513254344,0.506151378,0.486745685,-1.12289417,-0.392761201,1.5156554,-0.408723205
6806,6.806801,0.51461482,0.50678277,0.48538518,-1.24877918,-0.443115205,1.69189441,-0.40874663
6807,6.807587,0.515409172,0.507151425,0.484590799,-1.33941638,-0.458221376,1.7976377,-0.40874663
6808,6.808678,0.516737163,0.507767737,0.483262837,-1.46530139,-0.50857538,1.93862915,-0.40874663
6809,6.809687,0.517776251,0.508249998,0.482223779,-1.56097412,-0.543823183,2.10479736,-0.40874663
6810,6.810682,0.518745899,0.508700013,0.481254101,-1.65664661,-0.579071045,2.23571777,-0.40874663
6811,6.811690,0.519731879,0.509157598,0.480268121,-1.75231934,-0.599212646,2.35153198,-0.40874663
6812,6.812685,0.52092129,0.509709597,0.479309708,-1.8328855,-0.629424989,2.46231055,-0.40874663
6813,6.813694,0.521808326,0.510121286,0.478191674,-1.92855835,-0.649566591,2.578125,-0.40874663
6814,6.814676,0.522679865,0.510525763,0.477320105,-2.05947876,-0.679778993,2.70904541,-0.40874663
6815,6.815701,0.523517966,0.510914743,0.476482064,-2.14004493,-0.704955995,2.84500098,-0.408681005
6816,6.816684,0.524321377,0.51128757,0.475678593,-2.22061133,-0.730133057,2.95074439,-0.40859428
6817,6.817693,0.525108814,0.511653066,0.474891216,-2.28607154,-0.715026796,3.00109839,-0.408371598
6818,6.818738,0.525975585,0.512055278,0.474024385,-2.40692139,-0.750274599,3.14208961,-0.408266097
6819,6.819698,0.526700139,0.512391567,0.473299831,-2.48748779,-0.77041626,3.23272681,-0.408139497
6820,6.820682,0.527344167,0.512690485,0.472655863,-2.5428772,-0.760345399,3.29818726,-0.407874614
6821,6.821691,0.527947843,0.512970626,0.472052127,-2.62847877,-0.755309999,3.38378882,-0.407764405
6822,6.822674,0.528510332,0.513231695,0.471489668,-2.68890357,-0.7653808,3.45428443,-0.40739876
6823,6.823695,0.5290308,0.513473272,0.47096923,-2.76443458,-0.735168397,3.49960303,-0.407030821
6824,6.824678,0.529621005,0.513747156,0.470515013,-2.82989502,-0.725097597,3.55499268,-0.406559765
6825,6.825690,0.530020356,0.513932526,0.469979674,-2.90039039,-0.684814453,3.58520484,-0.40602541
6826,6.826674,0.530398905,0.514108181,0.469601095,-2.99606323,-0.624389589,3.60031128,-0.405479312
6827,6.827695,0.53075701,0.514274359,0.46924299,-3.04641724,-0.569000244,3.61541748,-0.404738665
6828,6.828678,0.531045675,0.51440835,0.468954325,-3.0917356,-0.503539979,3.59527564,-0.403906614
6829,6.829694,0.531313419,0.514532626,0.468686581,-3.1370542,-0.417938203,3.55499244,-0.402591795
6830,6.830690,0.531527221,0.514631808,0.468472749,-3.17230225,-0.322265625,3.49456787,-0.401619107
6831,6.831674,0.531665921,0.514696181,0.468334049,-3.17230225,-0.221557602,3.39385986,-0.400559723
6832,6.832696,0.531732678,0.514727175,0.468267292,-3.1118772,-0.100708,3.21258521,-0.399022192
6833,6.833679,0.531828403,0.51477164,0.468171626,-2.99606323,0.0503540002,2.94570923,-0.395989418
6834,6.834688,0.531801343,0.514759064,0.468198627,-2.75939941,0.140991211,2.6184082,-0.393247187
6835,6.835688,0.531727552,0.514724791,0.468272418,-2.37670875,0.261840791,2.11486793,-0.390347958
6836,6.836697,0.531601131,0.51466614,0.468398899,-1.79763782,0.231628403,1.5660094,-0.385611206
6837,6.837680,0.53144747,0.514594793,0.4685525,-1.15310657,0.0151061993,1.13800037,-0.378980726
6838,6.838689,0.531222761,0.514490545,0.468777239,-0.448150605,-0.609283388,1.03729248,-0.372746319
6839,6.839805,0.530908287,0.514344573,0.468998492,-0.0704956055,-1.38977051,1.46026611,-0.365276754
6840,6.840591,0.530734122,0.514263749,0.469265848,0.0805664063,-1.98394775,1.90338135,-0.36001271
6841,6.841686,0.530396819,0.514107227,0.469603181,-0.0654601976,-2.70401001,2.76947021,-0.35595569
6842,6.842683,0.529888511,0.513871312,0.469961435,-0.493469208,-2.90039039,3.39385962,-0.346102536
6843,6.843692,0.529474974,0.513679385,0.470525056,-1.10275269,-2.71911597,3.82186866,-0.345057249
6844,6.844674,0.528971136,0.513445556,0.471028864,-1.75735462,-2.31628418,3.95278931,-0.336586982
6845,6.845698,0.528470635,0.513213277,0.471529394,-2.09472632,-1.75231934,3.84704566,-0.333774477
6846,6.846682,0.527927279,0.51296109,0.472072691,-2.30117774,-1.36459339,3.66577101,-0.332241684
6847,6.847690,0.527276814,0.512659192,0.472723186,-2.42202735,-1.05743408,3.47946143,-0.332386971
6848,6.848685,0.526483655,0.512291133,0.473327219,-2.49252319,-0.840911746,3.33343506,-0.332464337
6849,6.849696,0.525787771,0.511968136,0.474212229,-2.49252319,-0.704955995,3.19747925,-0.33309716
6850,6.850720,0.52503407,0.511618376,0.47496593,-2.43209815,-0.63949579,3.071594,-0.333931535
6851,6.851678,0.524263859,0.511260927,0.475736171,-2.37167335,-0.584106386,2.95577979,-0.334871352
6852,6.852687,0.523476481,0.510895491,0.476523519,-2.29614234,-0.543823183,2.83996558,-0.335494816
6853,6.853682,0.522653282,0.510513425,0.477346748,-2.19039917,-0.569000244,2.75939941,-0.336190939
6854,6.854690,0.521502793,0.509979486,0.478239387,-2.07458496,-0.589141846,2.66372681,-0.336791009
6855,6.855677,0.520622432,0.509570897,0.479377538,-1.98898315,-0.574035585,2.5630188,-0.336962134
6856,6.856697,0.519661903,0.509125113,0.480338067,-1.87820435,-0.528717041,2.40692139,-0.337137908
6857,6.857690,0.51870358,0.508680344,0.48129642,-1.77246082,-0.51864624,2.29110718,-0.337236315
6858,6.858700,0.517688036,0.50820905,0.482311964,-1.65664661,-0.50857538,2.16522193,-0.337395668
6859,6.859682,0.516674459,0.50773865,0.483325541,-1.5710448,-0.463256806,2.03430152,-0.337526977
6860,6.860691,0.515355587,0.50712657,0.484644413,-1.48040771,-0.422973603,1.90338135,-0.337730944
6861,6.861720,0.514252245,0.506614506,0.485747784,-1.37466419,-0.347442627,1.74728394,-0.33783412
6862,6.862681,0.513173223,0.506113708,0.486826777,-1.2890625,-0.287017792,1.62643421,-0.33811307
6863,6.863690,0.512042403,0.505588889,0.487957567,-1.19338977,-0.226593003,1.41998279,-0.338223279
6864,6.864674,0.510904253,0.505060673,0.489095718,-1.11282337,-0.181274399,1.29409778,-0.338668585
6865,6.865698,0.509742439,0.504521489,0.490257531,-1.00204468,-0.135955796,1.13800049,-0.339137286
6866,6.866681,0.508294106,0.503849328,0.491411477,-0.89630121,-0.110778801,1.00707996,-0.339277893
6867,6.867690,0.507097721,0.503294051,0.492902249,-0.780487061,-0.0956726,0.876159668,-0.339908332
6868,6.868685,0.505899429,0.502737939,0.494100541,-0.629424989,-0.0704956055,0.740203857,-0.340025514
6869,6.869693,0.504705608,0.502183914,0.495294422,-0.538787842,-0.0553894006,0.594177246,-0.339950532
6870,6.870676,0.503492653,0.501620948,0.496507347,-0.422973603,-0.0201416016,0.443115205,-0.341256022
6871,6.871696,0.502278328,0.501057386,0.497721672,-0.347442627,0.0100708008,0.337371826,-0.342078626
6872,6.872720,0.500756443,0.500351071,0.499243587,-0.281982422,0.0453185998,0.236663818,-0.342842638
6873,6.873678,0.499536395,0.499784827,0.500463605,-0.231628403,0.0553894006,0.176238999,-0.343583226
6874,6.874687,0.498317629,0.499219209,0.501682341,-0.176238999,0.0805664063,0.120849594,-0.344223052
6875,6.875686,0.497096777,0.498652607,0.502903223,-0.130920395,0.0956726,0.0352477953,-0.344881624
6876,6.876695,0.495889425,0.498092294,0.504110575,-0.100708,0.151062012,-0.0503540114,-0.345840186
6877,6.877678,0.494679272,0.497530639,0.505320728,-0.0553894006,0.206451416,-0.151062012,-0.34667924
6878,6.878700,0.493187368,0.496838242,0.506812632,0.0251770001,0.246734604,-0.271911591,-0.347705811
6879,6.879682,0.492007911,0.496290863,0.507992089,0.0856018066,0.302124023,-0.38772583,-0.348486274
6880,6.880691,0.49082759,0.495743066,0.50917244,0.1963806,0.362548798,-0.51864624,-0.349112064
6881,6.881674,0.489667118,0.495204508,0.510332882,0.271911591,0.402832001,-0.674743593,-0.349974543
6882,6.882697,0.488521844,0.494672954,0.511478126,0.332336426,0.458221376,-0.790557802,-0.350834697
6883,6.883725,0.487093747,0.49401018,0.512606442,0.372619599,0.51361078,-0.88623035,-0.352180034
6884,6.884680,0.486009389,0.493506938,0.513738036,0.412902832,0.558929443,-0.971832275,-0.352880865
6885,6.885692,0.484925181,0.493003756,0.51507479,0.433044404,0.609283388,-1.04232776,-0.354387879
6886,6.886675,0.483863324,0.492510945,0.516136706,0.463256806,0.659637392,-1.13296497,-0.354755878
6887,6.887697,0.482811451,0.492022753,0.517188549,0.473327577,0.689849854,-1.16317749,-0.356119961
6888,6.888680,0.481826633,0.491565704,0.518173337,0.458221376,0.689849854,-1.14807129,-0.358505934
6889,6.889689,0.480811,0.491094351,0.519189,0.422973603,0.674743593,-1.09771717,-0.360104412
6890,6.890672,0.479617387,0.490642071,0.520163596,0.402832001,0.609283388,-1.01211536,-0.363212228
6891,6.891695,0.478713125,0.490120739,0.521286905,0.377654999,0.493469208,-0.871124208,-0.365361452
6892,6.892677,0.477806419,0.48969993,0.522193551,0.443115205,0.1963806,-0.684814394,-0.368309885
6893,6.893686,0.476985872,0.489319116,0.523014128,0.569000244,-0.0302123986,-0.538787842,-0.37359038
6894,6.894716,0.476145267,0.488928974,0.523854733,0.760345399,-0.206451416,-0.553893983,-0.37736851
6895,6.895688,0.475338459,0.488554537,0.524661541,1.12289417,-0.438079834,-0.684814334,-0.377860695
6896,6.896698,0.474404842,0.488121241,0.525595129,1.5509032,-0.679778993,-0.871124208,-0.387001306
6897,6.897681,0.473658562,0.487774879,0.526341379,2.04940772,-0.871124148,-1.17828357,-0.389148176
6898,6.898690,0.473013222,0.487475395,0.526986778,2.64862037,-0.926513612,-1.61636353,-0.393149018
6899,6.899673,0.472408712,0.487194836,0.527591288,2.97088599,-0.876159668,-2.09472632,-0.40095368
6900,6.900696,0.471778601,0.486902416,0.528221428,3.15216041,-0.664672852,-2.48748755,-0.405233383
6901,6.901679,0.471256793,0.486660212,0.528743148,3.19747901,-0.312194794,-2.88528419,-0.407820851
6902,6.902688,0.470659584,0.48638308,0.529245019,3.18237257,-0.0704956055,-3.11187696,-0.410408348
6903,6.903684,0.470188469,0.486164421,0.529811502,3.1169126,0.125884995,-3.24279761,-0.412733316
6904,6.904693,0.469784617,0.485976994,0.530215383,2.91549659,0.478363007,-3.39385962,-0.414845049
6905,6.905749,0.469401002,0.485798955,0.530598998,2.73925781,0.709991395,-3.44924927,-0.415309072
6906,6.906684,0.469111115,0.485664427,0.530888915,2.62847877,0.886230409,-3.51470923,-0.415351301
6907,6.907693,0.468842417,0.485539705,0.531157553,2.56301856,1.01715076,-3.5801692,-0.415016174
6908,6.908676,0.46859616,0.485447913,0.531355441,2.5328064,1.07757568,-3.61038208,-0.414022475
6909,6.909698,0.468381226,0.485325664,0.531618774,2.5328064,1.10778797,-3.64059448,-0.413117826
6910,6.910700,0.468262851,0.485270739,0.531737149,2.57308936,1.09771717,-3.67080641,-0.412325621
6911,6.911698,0.468216538,0.485249251,0.531783462,2.6335144,1.06246936,-3.69598389,-0.411910743
6912,6.912680,0.468191892,0.485237807,0.531808138,2.65365601,1.03225708,-3.68591309,-0.411957592
6913,6.913688,0.468239367,0.485259861,0.531760693,2.68890357,0.986938417,-3.67584205,-0.4109146
6914,6.914684,0.468307823,0.4852916,0.531741977,2.71911597,0.951690674,-3.67080665,-0.410626262
6915,6.915696,0.468410254,0.485339135,0.531589746,2.72918677,0.916442752,-3.64562941,-0.41048798
6916,6.916724,0.468609422,0.485431582,0.531390607,2.70401001,0.90133667,-3.60534668,-0.410483301
6917,6.917685,0.468804955,0.48552233,0.531195045,2.66372657,0.921478152,-3.5852046,-0.410532475
6918,6.918694,0.469071478,0.485646009,0.530928493,2.65365601,0.916442752,-3.57009888,-0.410455108
6919,6.919676,0.469407916,0.485802174,0.530592084,2.62344337,0.916442752,-3.539886,-0.410370708
6920,6.920698,0.469837189,0.486001402,0.530162871,2.5680542,0.911407411,-3.47946167,-0.410192549
6921,6.921681,0.47025007,0.486193001,0.52974993,2.5328064,0.90133667,-3.43414307,-0.410000324
6922,6.922690,0.47070691,0.486405015,0.52929306,2.49252319,0.866088808,-3.37371826,-0.409845591
6923,6.923672,0.471229762,0.486647695,0.528770208,2.46231055,0.840911746,-3.30322218,-0.409625232
6924,6.924695,0.471794158,0.486909628,0.528205872,2.41699219,0.810699403,-3.22769165,-0.40952909
6925,6.925681,0.472355366,0.48717007,0.527644575,2.37670875,0.780487061,-3.15719581,-0.409447014
6926,6.926689,0.473163456,0.487545103,0.527020276,2.31124854,0.750274599,-3.0615232,-0.409306347
6927,6.927718,0.473816156,0.487848043,0.526183844,2.25082374,0.715026796,-2.99102783,-0.40933913
6928,6.928687,0.47452876,0.48817876,0.52547121,2.19039917,0.674743593,-2.88024902,-0.409282863
6929,6.929697,0.475278944,0.488526911,0.524721026,2.14004493,0.649566591,-2.78961158,-0.409226596
6930,6.930679,0.47608459,0.48890081,0.52391541,2.05444312,0.614318848,-2.66876197,-0.409228921
6931,6.931688,0.476905942,0.489282012,0.523094058,1.98394775,0.574035585,-2.5579834,-0.409200788
6932,6.932683,0.477945209,0.489764333,0.522274196,1.89331031,0.543823183,-2.43713355,-0.409231246
6933,6.933692,0.478842765,0.49018091,0.521157265,1.81274402,0.523681581,-2.33642554,-0.409231246
6934,6.934676,0.47983557,0.490641654,0.52016443,1.70196521,0.503539979,-2.23571754,-0.409231246
6935,6.935701,0.480760574,0.491070956,0.519239426,1.61636329,0.458221376,-2.07458472,-0.409231246
6936,6.936683,0.481745958,0.491528273,0.518254042,1.5156554,0.422973603,-1.93862903,-0.409231246
6937,6.937691,0.482744545,0.491991699,0.517255425,1.41998279,0.392761201,-1.81274402,-0.409231246
6938,6.938720,0.484059185,0.492601842,0.515940785,1.32431018,0.367584199,-1.69189441,-0.409231246
6939,6.939687,0.485138357,0.4931027,0.514861703,1.21353137,0.322265625,-1.535797,-0.409231246
6940,6.940698,0.486226737,0.493607819,0.513773263,1.08261108,0.281982422,-1.36459351,-0.409231246
6941,6.941680,0.487315416,0.494113058,0.512684584,0.981903017,0.241699189,-1.22360218,-0.409231246
6942,6.942689,0.488462895,0.494645596,0.511537075,0.871124148,0.206451416,-1.07757556,-0.409231246
6943,6.943685,0.489607334,0.495176762,0.510392725,0.760345399,0.176238999,-0.936584413,-0.409231246
6944,6.944694,0.491045028,0.495843977,0.509240329,0.63949579,0.140991211,-0.780487001,-0.409231246
6945,6.945680,0.49223569,0.496396571,0.50776428,0.533752382,0.105743401,-0.63949579,-0.409172654
6946,6.946689,0.493418396,0.496945471,0.506581604,0.3877258,0.0604247972,-0.478363037,-0.409144521
6947,6.947685,0.494621247,0.497503728,0.505378783,0.281982422,0.0251770001,-0.307159424,-0.409116387
6948,6.948694,0.495823413,0.498061657,0.504176617,0.166168213,-0.00503540039,-0.161132813,-0.409088254
6949,6.949719,0.497337908,0.498624444,0.50296396,0.0654601976,-0.0402832031,-0.0251769945,-0.408966362
6950,6.950684,0.49856022,0.499331802,0.501746953,-0.0100708008,-0.0553894006,0.0654602051,-0.40897572
6951,6.951693,0.499777913,0.499896944,0.500222087,-0.0553894006,-0.0654601976,0.120849594,-0.408947587
6952,6.952676,0.500997365,0.50046289,0.499002635,-0.105743401,-0.0856018066,0.181274414,-0.408905387
6953,6.953699,0.502215266,0.501028121,0.497784764,-0.146026596,-0.110778801,0.25680539,-0.408856153
6954,6.954683,0.50342989,0.501591802,0.49657011,-0.211486802,-0.125884995,0.337371796,-0.40882802
6955,6.955694,0.504646778,0.502156556,0.495353192,-0.302124023,-0.140991211,0.443115234,-0.408865511
6956,6.956678,0.506141424,0.502713501,0.494153231,-0.417938203,-0.166168213,0.584106445,-0.408865511
6957,6.957688,0.507339001,0.503406048,0.492661029,-0.523681581,-0.1913452,0.715026796,-0.408865511
6958,6.958683,0.508527517,0.503957629,0.491472483,-0.664672852,-0.226593003,0.840911806,-0.408865511
6959,6.959691,0.509682298,0.504493594,0.490317702,-0.775451601,-0.261840791,1.03729236,-0.408865511
6960,6.960722,0.510836303,0.505029142,0.489163727,-0.886230409,-0.297088593,1.18331897,-0.408865511
6961,6.961698,0.511964858,0.505552888,0.488035142,-0.997009158,-0.342407227,1.33941638,-0.408865511
6962,6.962695,0.513382554,0.506210864,0.486894876,-1.10778797,-0.3826904,1.4904784,-0.408865511
6963,6.963679,0.51447928,0.506719828,0.485520691,-1.20849609,-0.422973603,1.63146973,-0.408865511
6964,6.964688,0.515554845,0.507219017,0.484445155,-1.3343811,-0.473327577,1.78756702,-0.408865511
6965,6.965687,0.516607404,0.507707536,0.483392596,-1.44012439,-0.493469208,1.93359363,-0.408865511
6966,6.966696,0.517635524,0.508184671,0.482364476,-1.5509032,-0.538787842,2.08969116,-0.408865511
6967,6.967679,0.518637598,0.508649707,0.481362373,-1.64154029,-0.563964844,2.20550513,-0.408865511
6968,6.968688,0.519851446,0.50921309,0.480403364,-1.73721302,-0.594177186,2.33139014,-0.408865511
6969,6.969685,0.520756721,0.509633243,0.479243279,-1.83792114,-0.629424989,2.46734619,-0.408865511
6970,6.970693,0.521680057,0.510061741,0.478319943,-1.96380603,-0.659637392,2.59826636,-0.408799887
6971,6.971697,0.522590816,0.510484457,0.477409214,-2.04437232,-0.679778993,2.72415137,-0.408771753
6972,6.972677,0.523433745,0.510875642,0.476566285,-2.12997437,-0.709991395,2.83996582,-0.408677995
6973,6.973700,0.52422291,0.511241913,0.475777119,-2.21557593,-0.720062196,2.93563819,-0.408542037
6974,6.974683,0.525182307,0.51168716,0.474985123,-2.28103638,-0.720062196,3.00109863,-0.408399045
6975,6.975695,0.525867105,0.512004972,0.474132895,-2.37167335,-0.745239198,3.1169126,-0.408286512
6976,6.976677,0.526595831,0.512343168,0.473404169,-2.46734595,-0.760345399,3.20754981,-0.40810132
6977,6.977700,0.527265906,0.512654126,0.472734064,-2.5428772,-0.755309999,3.29818726,-0.407895029
6978,6.978682,0.527874708,0.512936711,0.472125322,-2.62344337,-0.7653808,3.38882422,-0.407646537
6979,6.979690,0.528419793,0.513189673,0.471580207,-2.68386817,-0.7653808,3.44924903,-0.407370001
6980,6.980672,0.529069781,0.513444126,0.471031964,-2.74932837,-0.735168397,3.48449683,-0.407016158
6981,6.981695,0.529565096,0.513721228,0.470434904,-2.82989502,-0.709991395,3.53988647,-0.406669319
6982,6.982722,0.529993713,0.513920128,0.470006287,-2.92053223,-0.684814453,3.60534668,-0.40610218
6983,6.983678,0.530378163,0.514098585,0.469621867,-2.98095679,-0.63446039,3.61541724,-0.405490458
6984,6.984686,0.530742168,0.514267504,0.469257832,-3.0413816,-0.579071045,3.62045264,-0.404721677
6985,6.985686,0.530987501,0.514381349,0.469012499,-3.0917356,-0.498504579,3.59024024,-0.403934211
6986,6.986695,0.531315684,0.514533639,0.468739271,-3.14208961,-0.422973603,3.56506324,-0.402877182
6987,6.987677,0.531556785,0.514645576,0.468443245,-3.17733765,-0.337371796,3.51470947,-0.40138188
6988,6.988699,0.531626046,0.514677703,0.468373984,-3.16726661,-0.211486802,3.37875342,-0.40000847
6989,6.989682,0.53174895,0.514734745,0.46825102,-3.12194824,-0.100708,3.22265625,-0.39809832
6990,6.990691,0.531774759,0.514746726,0.468225241,-3.00613379,0.0402832031,2.96585059,-0.396586627
6991,6.991687,0.531804144,0.514760375,0.468195885,-2.75436378,0.140991211,2.61337256,-0.394671768
6992,6.992696,0.531743407,0.514732182,0.46821335,-2.38174438,0.266876191,2.11486816,-0.389311612
6993,6.993724,0.531591952,0.514661908,0.468408078,-1.64154029,0.1963806,1.57608008,-0.38566941
6994,6.994678,0.531469226,0.514604926,0.468530774,-1.01715076,0.0201416016,1.13296497,-0.379266292
6995,6.995690,0.531275034,0.514514804,0.468724966,-0.463256806,-0.604248047,1.06750488,-0.372881889
6996,6.996685,0.531010091,0.51439184,0.468989909,-0.0654601976,-1.37466419,1.44012439,-0.366560787
6997,6.997696,0.530748665,0.514270484,0.469251335,0.110778801,-2.14508057,2.03430176,-0.360096723
6998,6.998678,0.530303359,0.514139175,0.469534367,-0.0604247972,-2.70401001,2.76443481,-0.35233888
6999,6.999687,0.529940009,0.513895214,0.470059991,-0.498504579,-2.90542579,3.40393043,-0.347642034
7000,7.000683,0.529531896,0.51370579,0.470468074,-1.24877918,-2.65869141,3.82690406,-0.340071708
7001,7.001692,0.529033482,0.513474464,0.470966488,-1.75231934,-2.21054053,3.96285987,-0.336544394
7002,7.002674,0.528538287,0.513244689,0.471461713,-2.08969092,-1.7422483,3.83193922,-0.333741277
7003,7.003694,0.527978003,0.512984633,0.472021997,-2.30117774,-1.37466419,3.67584181,-0.33231163
7004,7.004733,0.527241349,0.512642741,0.472758651,-2.44216919,-1.05743408,3.49960327,-0.332131177
7005,7.005680,0.526610076,0.512349784,0.473389924,-2.49252319,-0.840911746,3.33343506,-0.332351536
7006,7.006692,0.525856256,0.511999905,0.474143744,-2.49755836,-0.674743593,3.20251441,-0.33314839
7007,7.007674,0.525127709,0.511661828,0.474872291,-2.44720435,-0.609283388,3.0564878,-0.334050715
7008,7.008695,0.52438134,0.511315405,0.47561866,-2.37167335,-0.599212646,2.97088599,-0.334842861
7009,7.009679,0.523560405,0.510934412,0.476439565,-2.29110718,-0.538787842,2.82989502,-0.335480392
7010,7.010688,0.522545576,0.510463417,0.477257848,-2.21557593,-0.574035585,2.78961158,-0.336366385
7011,7.011682,0.521631777,0.51003933,0.478368223,-2.07962036,-0.589141846,2.66876221,-0.336767226
7012,7.012691,0.520721912,0.50961709,0.479278117,-1.98394775,-0.558929443,2.578125,-0.336996943
7013,7.013693,0.519797146,0.509187877,0.480202854,-1.89331031,-0.548858583,2.44216895,-0.337186784
7014,7.014690,0.518826783,0.508737564,0.481173217,-1.78253162,-0.543823183,2.32635474,-0.337357849
7015,7.015718,0.517547071,0.508267701,0.482185543,-1.66671741,-0.51361078,2.18032813,-0.337507874
7016,7.016681,0.516517937,0.507792711,0.483209074,-1.58615112,-0.478363007,2.06451416,-0.337625116
7017,7.017690,0.515476763,0.507182777,0.484523237,-1.49551392,-0.412902832,1.90841675,-0.337707192
7018,7.018674,0.514399707,0.506682932,0.485600322,-1.38977051,-0.367584199,1.76742542,-0.337847859
7019,7.019695,0.513290763,0.506168246,0.486709237,-1.29409778,-0.297088593,1.5911864,-0.338068217
7020,7.020678,0.512183309,0.505654275,0.487816662,-1.19338977,-0.231628403,1.42501819,-0.338316709
7021,7.021687,0.511056185,0.505131185,0.488943815,-1.11282337,-0.181274399,1.29409778,-0.338586241
7022,7.022682,0.509604692,0.504595995,0.490096986,-1.01715076,-0.135955796,1.15310657,-0.3390643
7023,7.023691,0.508427858,0.503911376,0.491572171,-0.90133667,-0.115814202,1.01715088,-0.339425206
7024,7.024674,0.507240355,0.503360271,0.492759675,-0.7653808,-0.100708,0.89630115,-0.339856446
7025,7.025700,0.506053805,0.502809584,0.493946195,-0.649566591,-0.0805664063,0.730132997,-0.339872837
7026,7.026716,0.504856288,0.50225383,0.495143741,-0.548858583,-0.0553894006,0.604247987,-0.339821309
7027,7.027677,0.503646851,0.501692533,0.496353179,-0.433044404,-0.0201416016,0.453186005,-0.34105882
7028,7.028687,0.502124369,0.50098592,0.497569829,-0.347442627,0.00503540039,0.342407227,-0.342209548
7029,7.029682,0.500908732,0.500421762,0.499091268,-0.287017792,0.0352478027,0.25176999,-0.342837662
7030,7.030693,0.499688685,0.499855518,0.500311315,-0.221557602,0.0604247972,0.166168198,-0.343526691
7031,7.031676,0.49846971,0.499289781,0.50153029,-0.181274399,0.0704956055,0.110778794,-0.344222754
7032,7.032697,0.49725309,0.498725176,0.50274694,-0.130920395,0.0956726,0.0352477953,-0.344939917
7033,7.033681,0.496034175,0.498159468,0.503965855,-0.100708,0.140991211,-0.0402832106,-0.345612556
7034,7.034690,0.49452883,0.497460812,0.505166292,-0.0604247972,0.201416001,-0.140991211,-0.346796125
7035,7.035688,0.493336171,0.496907294,0.506663799,-0.00503540039,0.25176999,-0.246734589,-0.34765628
7036,7.036698,0.492149025,0.496356338,0.507850945,0.110778801,0.297088593,-0.367584199,-0.348399252
7037,7.037711,0.49096632,0.495807469,0.50903368,0.1913452,0.342407227,-0.533752441,-0.348996907
7038,7.038676,0.489819258,0.49527508,0.510180712,0.25176999,0.397796571,-0.649566531,-0.349983603
7039,7.039699,0.488663971,0.494738936,0.511336029,0.332336426,0.443115205,-0.77545166,-0.350822657
7040,7.040683,0.487243533,0.494209677,0.512476444,0.3826904,0.503539979,-0.88623035,-0.351078153
7041,7.041692,0.486135364,0.49356541,0.513864636,0.407867402,0.569000244,-0.976867676,-0.352756321
7042,7.042675,0.485047638,0.493060589,0.514952362,0.443115205,0.614318848,-1.05743408,-0.354155511
7043,7.043695,0.483969212,0.492560089,0.516030788,0.463256806,0.664672852,-1.12792969,-0.35518679
7044,7.044677,0.48293981,0.492082357,0.51706022,0.473327577,0.689849854,-1.16317749,-0.356677413
7045,7.045702,0.48190859,0.491603762,0.51809144,0.463256806,0.699920595,-1.16317737,-0.35915944
7046,7.046684,0.480704725,0.491045028,0.519067287,0.433044404,0.679778993,-1.11282337,-0.360713363
7047,7.047693,0.4797346,0.490594804,0.5202654,0.397796571,0.619354188,-1.01715076,-0.363647729
7048,7.048718,0.478809565,0.490165502,0.521190464,0.377654999,0.473327577,-0.850982547,-0.366443813
7049,7.049684,0.477933317,0.489758819,0.522066712,0.438079834,0.246734604,-0.684814453,-0.367868811
7050,7.050692,0.477054536,0.489350975,0.522945464,0.553893983,-0.0100708008,-0.543823183,-0.37169382
7051,7.051677,0.476246029,0.488975763,0.523754001,0.745239198,-0.176238999,-0.569000185,-0.375924289
7052,7.052697,0.475242376,0.488509953,0.524565101,1.04232776,-0.412902832,-0.62942493,-0.381157845
7053,7.053679,0.4744955,0.488163322,0.525504529,1.48040771,-0.649566591,-0.830841124,-0.386382043
7054,7.054688,0.473786205,0.487834126,0.526213765,2.10479736,-0.881195009,-1.13800049,-0.389588326
7055,7.055688,0.473094285,0.487513006,0.526905715,2.59826636,-0.926513612,-1.67175269,-0.395004749
7056,7.056696,0.472484678,0.487230092,0.527515352,2.92556739,-0.89126581,-2.03430152,-0.39938283
7057,7.057680,0.471871883,0.486945689,0.528128088,3.15216041,-0.699920595,-2.45223975,-0.403789103
7058,7.058689,0.471168816,0.486619413,0.528700352,3.20754981,-0.367584199,-2.83996558,-0.408197671
7059,7.059738,0.470695227,0.486399591,0.529304743,3.17733765,-0.0453185998,-3.07159376,-0.411124974
7060,7.060696,0.470265627,0.486200243,0.529734373,3.1018064,0.146026596,-3.22265601,-0.413210899
7061,7.061680,0.469832659,0.485999286,0.530167341,2.93060279,0.433044404,-3.36364722,-0.414502293
7062,7.062689,0.469491959,0.485841155,0.530508041,2.76946998,0.679778993,-3.44924903,-0.414856195
7063,7.063684,0.469123363,0.48567012,0.530876696,2.63854957,0.871124148,-3.5096736,-0.415247619
7064,7.064693,0.468787253,0.485514104,0.531151295,2.5680542,0.986938417,-3.55499268,-0.415057838
7065,7.065680,0.468595058,0.485424906,0.531404912,2.5328064,1.08261108,-3.61541748,-0.414183646
7066,7.066714,0.468449473,0.485357344,0.531550527,2.5428772,1.10778797,-3.65066528,-0.413342267
7067,7.067694,0.46827507,0.485276401,0.53172493,2.57308936,1.09771717,-3.67080641,-0.412444621
7068,7.068691,0.468222916,0.485252202,0.531777084,2.59826636,1.06246936,-3.66073561,-0.411736786
7069,7.069674,0.468167126,0.485226303,0.531832874,2.65365601,1.04232776,-3.69598389,-0.411148548
7070,7.070699,0.468220234,0.48525098,0.53179121,2.68386817,0.986938417,-3.67080665,-0.410773516
7071,7.071697,0.468269974,0.485274047,0.531730056,2.71911597,0.951690674,-3.67080665,-0.410630524
7072,7.072679,0.46841687,0.485342234,0.53158313,2.73422217,0.921478152,-3.64562941,-0.41049695
7073,7.073688,0.468634963,0.485443443,0.531365037,2.70904541,0.906372011,-3.61541748,-0.410520375
7074,7.074685,0.46879971,0.485519886,0.53120029,2.67883277,0.911407411,-3.59024024,-0.410532057
7075,7.075696,0.469060302,0.485640824,0.530939698,2.64862037,0.926513612,-3.57513404,-0.41045469
7076,7.076679,0.469498545,0.485771656,0.530657828,2.60833716,0.921478152,-3.5298152,-0.410356224
7077,7.077688,0.46976468,0.485967755,0.53023535,2.578125,0.906372011,-3.48449707,-0.410199165
7078,7.078683,0.470219791,0.486178964,0.529780209,2.53784156,0.90133667,-3.43414307,-0.41000694
7079,7.079692,0.47067076,0.486388236,0.529329181,2.50259376,0.871124148,-3.37371778,-0.409866273
7080,7.080700,0.471142083,0.486606985,0.528857887,2.46231055,0.845947206,-3.30825782,-0.40971154
7081,7.081689,0.471724242,0.486877173,0.528275728,2.41699219,0.810699403,-3.22769165,-0.409498215
7082,7.082699,0.472431272,0.487205327,0.527697742,2.37167335,0.785522401,-3.15719581,-0.40943253
7083,7.083682,0.473060668,0.487497419,0.526939332,2.34146094,0.750274599,-3.0917356,-0.409319997
7084,7.084691,0.473708957,0.487798274,0.526291013,2.24578834,0.709991395,-3.00109863,-0.409345746
7085,7.085678,0.474417388,0.488127053,0.525582612,2.20046997,0.684814453,-2.88528442,-0.409348071
7086,7.086688,0.475183278,0.488482535,0.524816751,2.14004493,0.64453125,-2.78457618,-0.409319937
7087,7.087683,0.47596544,0.488845527,0.52403456,2.05444312,0.619354188,-2.67379737,-0.409350395
7088,7.088692,0.476974487,0.489313811,0.523198545,1.98898315,0.604248047,-2.5932312,-0.409350395
7089,7.089677,0.477853,0.489721537,0.52214694,1.91345203,0.558929443,-2.47238159,-0.409350395
7090,7.090698,0.478762716,0.490143746,0.521237314,1.8077085,0.50857538,-2.35153198,-0.409350395
7091,7.091710,0.479669988,0.490564793,0.520329952,1.71203613,0.483398378,-2.19543457,-0.409350395
7092,7.092690,0.480639488,0.491014749,0.519360483,1.62139881,0.458221376,-2.07962012,-0.409350395
7093,7.093700,0.481621414,0.491470456,0.518378556,1.5257262,0.433044404,-1.95877063,-0.409350395
7094,7.094683,0.482859552,0.491932333,0.517383397,1.42501819,0.392761201,-1.81777942,-0.409350395
7095,7.095695,0.483940274,0.492546648,0.516059697,1.32431018,0.357513398,-1.68182361,-0.409350395
7096,7.096678,0.484968185,0.493023723,0.515031815,1.19338977,0.332336426,-1.5559386,-0.409350395
7097,7.097686,0.48607865,0.493539065,0.51392132,1.10778797,0.287017792,-1.39480579,-0.409350395
7098,7.098683,0.487175643,0.494048208,0.512824357,0.981903017,0.261840791,-1.24374378,-0.409350395
7099,7.099692,0.488321185,0.494579852,0.511678815,0.881195009,0.211486802,-1.09268177,-0.409350395
7100,7.100675,0.489735395,0.495106131,0.510544837,0.77041626,0.176238999,-0.946655273,-0.409277737
7101,7.101698,0.490913212,0.495782822,0.509086788,0.654602051,0.140991211,-0.795593262,-0.409249604
7102,7.102707,0.492088139,0.496328086,0.507911861,0.51864624,0.100708,-0.619354248,-0.40922147
7103,7.103689,0.493269384,0.496876329,0.506730676,0.412902832,0.0704956055,-0.483398438,-0.409127712
7104,7.104698,0.494471222,0.49743408,0.505528748,0.281982422,0.0352478027,-0.317230225,-0.409071445
7105,7.105685,0.495675832,0.497993171,0.504324198,0.181274399,0,-0.181274399,-0.409087837
7106,7.106694,0.497192621,0.498697072,0.503113151,0.0906371996,-0.0302123986,-0.060424801,-0.408972979
7107,7.107677,0.498404384,0.499259472,0.501595616,-0.00503540039,-0.0503540002,0.0553894006,-0.408982337
7108,7.108697,0.499625713,0.499826312,0.500374317,-0.0553894006,-0.0755310059,0.110778809,-0.408954203
7109,7.109680,0.500845194,0.500392258,0.499154836,-0.100708,-0.0856018066,0.186309814,-0.408919036
7110,7.110689,0.502063334,0.500957608,0.497936696,-0.140991211,-0.105743401,0.246734619,-0.40886277
7111,7.111683,0.503275812,0.501520336,0.496724188,-0.1963806,-0.130920395,0.327300996,-0.408834636
7112,7.112692,0.504790246,0.502223194,0.495511413,-0.287017792,-0.146026596,0.433044374,-0.408865094
7113,7.113676,0.505996704,0.50278306,0.494003266,-0.397796571,-0.161132813,0.558929384,-0.408865094
7114,7.114691,0.507184863,0.503334522,0.492815137,-0.533752382,-0.1913452,0.684814394,-0.408865094
7115,7.115692,0.508367181,0.503883243,0.491632819,-0.64453125,-0.216522202,0.861053467,-0.408865094
7116,7.116674,0.50954473,0.504429758,0.4904553,-0.750274599,-0.261840791,1.01211536,-0.408785403
7117,7.117694,0.510701478,0.504966557,0.489298522,-0.871124148,-0.302124023,1.17324817,-0.408757269
7118,7.118679,0.512125075,0.505500495,0.488148034,-0.976867676,-0.342407227,1.3192749,-0.408722103
7119,7.119688,0.513254523,0.506151438,0.486745477,-1.09268188,-0.377654999,1.47033691,-0.408693969
7120,7.120692,0.514343441,0.506656826,0.485656559,-1.21856678,-0.428009033,1.61132801,-0.408745527
7121,7.121687,0.515421748,0.507157266,0.484578252,-1.33941638,-0.463256806,1.80267322,-0.408745527
7122,7.122684,0.516477287,0.507647157,0.483522713,-1.42501819,-0.503539979,1.92855811,-0.408745527
7123,7.123692,0.517466903,0.508106411,0.482533067,-1.5307616,-0.538787842,2.06954956,-0.408745527
7124,7.124700,0.518761098,0.508707047,0.481500715,-1.63650501,-0.558929443,2.19543457,-0.408745527
7125,7.125696,0.519716561,0.509150505,0.480283499,-1.73217762,-0.599212646,2.33139038,-0.408745527
7126,7.126691,0.520690501,0.509602487,0.479309529,-1.85806262,-0.63446039,2.45223975,-0.408745527
7127,7.127675,0.521585524,0.510017872,0.478414446,-1.94366443,-0.664672852,2.6083374,-0.408745527
7128,7.128696,0.52248311,0.510434449,0.47751689,-2.02926636,-0.684814453,2.71408081,-0.408745527
7129,7.129678,0.523311734,0.510819018,0.476688206,-2.11486816,-0.704955995,2.81982422,-0.408745527
7130,7.130688,0.524302244,0.511204898,0.47585687,-2.18032813,-0.699920595,2.88024879,-0.408658803
7131,7.131683,0.525069177,0.511634648,0.474930823,-2.28103638,-0.740203857,3.02124023,-0.40847832
7132,7.132691,0.5258196,0.511982918,0.4741804,-2.38174438,-0.750274599,3.11187744,-0.408372819
7133,7.133673,0.526512086,0.512304306,0.473487914,-2.46231055,-0.7653808,3.22769141,-0.408150136
7134,7.134696,0.527187049,0.512617528,0.472812951,-2.5328064,-0.7653808,3.29818726,-0.407995403
7135,7.135707,0.527778804,0.512892187,0.472221166,-2.60330176,-0.7653808,3.36868262,-0.407674253
7136,7.136693,0.52855581,0.513252795,0.471626252,-2.67883277,-0.77041626,3.44924903,-0.407477319
7137,7.137691,0.529053986,0.513484001,0.470946044,-2.74429321,-0.745239198,3.48953247,-0.407142192
7138,7.138673,0.529508471,0.513694942,0.470491529,-2.83493042,-0.730133057,3.54492164,-0.406750828
7139,7.139696,0.529942572,0.513896406,0.470057428,-2.89535499,-0.694885254,3.59024024,-0.406223506
7140,7.140679,0.530308485,0.514066219,0.469691485,-2.96585059,-0.649566591,3.61541724,-0.405712575
7141,7.141687,0.530702233,0.514248967,0.469297767,-3.0262754,-0.594177186,3.62045264,-0.405051619
7142,7.142682,0.530996501,0.51435405,0.469071299,-3.0766294,-0.528717041,3.60534644,-0.404200792
7143,7.143692,0.531288624,0.514521122,0.468711436,-3.12698364,-0.458221376,3.58520508,-0.40305239
7144,7.144675,0.531510353,0.514624,0.468489647,-3.17230225,-0.362548798,3.52478004,-0.402164102
7145,7.145701,0.531635642,0.514682174,0.468364358,-3.18740821,-0.226593003,3.41400123,-0.400628954
7146,7.146713,0.531714141,0.514718592,0.468285888,-3.14208961,-0.130920395,3.27301002,-0.398981303
7147,7.147694,0.531821489,0.514768422,0.468178511,-3.0564878,0,3.0564878,-0.396813303
7148,7.148692,0.531776071,0.514747322,0.468244255,-2.85507178,0.115814202,2.73925757,-0.39420709
7149,7.149675,0.531727552,0.514724791,0.468272418,-2.5328064,0.231628403,2.30117798,-0.390182853
7150,7.150697,0.531657338,0.514692247,0.468342692,-1.84799182,0.25176999,1.7372129,-0.386475056
7151,7.151680,0.531490207,0.514614642,0.468509793,-1.19338977,0.0402832031,1.15310657,-0.380850077
7152,7.152689,0.531301796,0.514527202,0.468698204,-0.64453125,-0.392761201,1.03729248,-0.374643832
7153,7.153673,0.531091928,0.514429808,0.468908072,-0.140991211,-1.12792969,1.2689209,-0.368514955
7154,7.154695,0.530734062,0.514263749,0.469237536,0.0906371996,-1.91345203,1.82281482,-0.360946953
7155,7.155681,0.530348539,0.514084816,0.469651461,0.0503540002,-2.55798316,2.50762916,-0.355169624
7156,7.156690,0.529990852,0.513918817,0.470009178,-0.458221376,-2.86010718,3.20754981,-0.349125117
7157,7.157698,0.529611826,0.513742924,0.470388204,-1.05239868,-2.72918677,3.78158545,-0.341725886
7158,7.158693,0.52911824,0.513513803,0.47088173,-1.60125721,-2.34146094,3.94271803,-0.337518841
7159,7.159691,0.528605342,0.513275802,0.471394688,-1.99905372,-1.88827503,3.88732862,-0.33417666
7160,7.160674,0.528050303,0.513018191,0.471949697,-2.23571777,-1.48040771,3.71612549,-0.332697779
7161,7.161695,0.527276635,0.512659132,0.472723365,-2.38174438,-1.15310657,3.53485107,-0.332294613
7162,7.162679,0.526651442,0.512368977,0.473348558,-2.48245239,-0.886230409,3.35861182,-0.332289934
7163,7.163688,0.525965214,0.512050509,0.474034756,-2.47238135,-0.715026796,3.18740821,-0.332875848
7164,7.164684,0.525260806,0.511723578,0.474739164,-2.43713355,-0.64453125,3.0816648,-0.333743006
7165,7.165695,0.5244596,0.511351764,0.475540429,-2.38174438,-0.589141846,2.97088623,-0.334722668
7166,7.166679,0.523457706,0.5109905,0.476318777,-2.29110718,-0.553893983,2.84500122,-0.33546567
7167,7.167689,0.522635102,0.510504961,0.477364898,-2.22564673,-0.558929443,2.78457618,-0.336220384
7168,7.168767,0.521725953,0.510083079,0.478274077,-2.09976196,-0.579071045,2.67883301,-0.336518049
7169,7.169678,0.520837188,0.509670556,0.479162782,-1.98898315,-0.579071045,2.5680542,-0.336820424
7170,7.170687,0.519900501,0.509235859,0.480099499,-1.90841663,-0.548858583,2.45727515,-0.337155581
7171,7.171683,0.518934488,0.508787513,0.481065512,-1.79260242,-0.543823183,2.33642554,-0.337317288
7172,7.172692,0.517701924,0.508215487,0.482073724,-1.68182349,-0.523681581,2.20550513,-0.337516457
7173,7.173676,0.51667428,0.50773859,0.48332575,-1.5760802,-0.488433838,2.06451416,-0.337582111
7174,7.174697,0.515609682,0.507244468,0.484390289,-1.4753722,-0.412902832,1.92855835,-0.337664187
7175,7.175682,0.514535308,0.506745875,0.485464692,-1.38977051,-0.357513398,1.74728394,-0.337797821
7176,7.176691,0.513460934,0.506247222,0.486539036,-1.3092041,-0.307159424,1.61636353,-0.337938488
7177,7.177674,0.512323916,0.505719543,0.487676054,-1.21353137,-0.231628403,1.44515979,-0.338224471
7178,7.178902,0.510904074,0.505060613,0.489095956,-1.08764637,-0.176238999,1.26388538,-0.338536233
7179,7.179585,0.510039866,0.504659534,0.489960164,-1.02722156,-0.146026596,1.17324817,-0.338756531
7180,7.180682,0.508588195,0.503985822,0.491411835,-0.89126581,-0.115814202,1.02722156,-0.339297891
7181,7.181691,0.507394314,0.503431678,0.492605656,-0.77041626,-0.0906371996,0.861053467,-0.339794755
7182,7.182674,0.506198287,0.502876639,0.493801683,-0.664672852,-0.0805664063,0.745239258,-0.339853346
7183,7.183696,0.505002856,0.502321839,0.494997174,-0.563964844,-0.0654601976,0.629425049,-0.339829922
7184,7.184678,0.503495157,0.501761377,0.496204704,-0.453186005,-0.0251770001,0.478363007,-0.341229171
7185,7.185690,0.50227797,0.501057208,0.49772203,-0.362548798,-0.00503540039,0.367584199,-0.341986179
7186,7.186672,0.501060247,0.500492096,0.498939782,-0.292053193,0.0251770001,0.266876191,-0.342550993
7187,7.187694,0.499840826,0.49992612,0.500159144,-0.216522202,0.0553894006,0.161132798,-0.343364239
7188,7.188677,0.498620808,0.499359936,0.501379251,-0.1863098,0.0704956055,0.115814194,-0.344081402
7189,7.189697,0.497404814,0.498795569,0.502595186,-0.135955796,0.100708,0.0352477953,-0.344798565
7190,7.190726,0.495885938,0.498090655,0.504114091,-0.100708,0.130920395,-0.0302123949,-0.345853209
7191,7.191697,0.494683266,0.497532487,0.505316734,-0.0553894006,0.1863098,-0.130920395,-0.346626639
7192,7.192680,0.493485153,0.496976465,0.506514907,0.0201416016,0.241699189,-0.236663789,-0.347559452
7193,7.193688,0.492284447,0.496419191,0.507715523,0.0805664063,0.297088593,-0.377654999,-0.348236799
7194,7.194684,0.491119564,0.495878577,0.508880436,0.171203613,0.342407227,-0.51361084,-0.349038363
7195,7.195695,0.489955574,0.49533838,0.510044456,0.25176999,0.3877258,-0.63949579,-0.349628985
7196,7.196678,0.488521516,0.494809121,0.511184752,0.317230195,0.443115205,-0.760345399,-0.350840688
7197,7.197686,0.487383217,0.494144529,0.512616813,0.362548798,0.498504579,-0.861053348,-0.351953983
7198,7.198683,0.486283541,0.493634164,0.513716459,0.422973603,0.558929443,-0.971832275,-0.352830589
7199,7.199691,0.485182285,0.493123084,0.514817715,0.448150605,0.609283388,-1.05743396,-0.353957951
7200,7.200673,0.484113783,0.492627174,0.515886188,0.473327577,0.659637392,-1.13296497,-0.355385244
7201,7.201699,0.483055234,0.492135912,0.516944766,0.468292207,0.684814453,-1.15310669,-0.356746972
7202,7.202696,0.481811911,0.49155888,0.517951488,0.468292207,0.704955995,-1.17324817,-0.358711064
7203,7.203678,0.480810791,0.491094261,0.519189179,0.448150605,0.694885254,-1.14303589,-0.360841513
7204,7.204686,0.479852259,0.490649402,0.520147741,0.397796571,0.63949579,-1.04736316,-0.362081379
7205,7.205685,0.478906661,0.490210563,0.521093369,0.372619599,0.488433838,-0.861053467,-0.365540713
7206,7.206694,0.478043079,0.489809752,0.521956921,0.422973603,0.276946992,-0.699920595,-0.368770391
7207,7.207676,0.477160275,0.489400059,0.522839725,0.538787842,0.0151061993,-0.553894043,-0.372396171
7208,7.208696,0.476163924,0.488937646,0.523633838,0.715026796,-0.146026596,-0.569000185,-0.377739936
7209,7.209681,0.475377381,0.488572598,0.524622619,0.997009158,-0.367584199,-0.62942493,-0.378860265
7210,7.210691,0.474546343,0.488186926,0.525453687,1.5509032,-0.609283388,-0.820770204,-0.382865727
7211,7.211700,0.473893464,0.487883925,0.526106536,2.03933716,-0.861053407,-1.17828369,-0.390623569
7212,7.212700,0.473218501,0.487570673,0.526781499,2.527771,-0.926513612,-1.60125732,-0.391254067
7213,7.213695,0.472539425,0.487255514,0.527460575,2.89031959,-0.90133667,-1.98898292,-0.397488445
7214,7.214680,0.471800834,0.486978918,0.528056622,3.12194824,-0.750274599,-2.37167358,-0.404568881
7215,7.215692,0.471256644,0.486660153,0.528743327,3.21258521,-0.428009033,-2.78457618,-0.406919688
7216,7.216676,0.470778078,0.486438036,0.529221892,3.21258521,-0.151062012,-3.0615232,-0.410707206
7217,7.217698,0.470319808,0.486225367,0.529680192,3.12698364,0.120849594,-3.24783325,-0.412762642
7218,7.218681,0.469857365,0.48601076,0.530142605,2.97088599,0.3877258,-3.35861182,-0.41472435
7219,7.219690,0.469535053,0.485861182,0.530464947,2.79968238,0.654602051,-3.45428443,-0.415418088
7220,7.220673,0.46920979,0.485710204,0.53079021,2.65365601,0.861053407,-3.51470947,-0.415436864
7221,7.221695,0.468842328,0.485539675,0.531157672,2.55294776,0.991973877,-3.54492164,-0.415118158
7222,7.222704,0.468619645,0.48543632,0.531380355,2.52273536,1.08764637,-3.59024,-0.414410353
7223,7.223696,0.468418092,0.485342801,0.531581938,2.5328064,1.11282337,-3.64562988,-0.413458824
7224,7.224693,0.468288064,0.485282451,0.531711936,2.55798316,1.11282337,-3.67080641,-0.412563503
7225,7.225679,0.468204796,0.485243797,0.531795204,2.58819556,1.08764637,-3.67584181,-0.411914259
7226,7.226688,0.468191892,0.485215127,0.531856954,2.6335144,1.05239868,-3.68591309,-0.411780626
7227,7.227685,0.468214124,0.485248119,0.531785846,2.67883277,0.997009158,-3.67584181,-0.410875946
7228,7.228694,0.468258023,0.485268503,0.531741977,2.69897437,0.946655154,-3.66073585,-0.410482138
7229,7.229677,0.468399107,0.485333979,0.531600893,2.73422217,0.90133667,-3.63555884,-0.410404772
7230,7.230699,0.46856159,0.485409379,0.53143841,2.71911597,0.906372011,-3.62548804,-0.410343856
7231,7.231683,0.468745559,0.485494763,0.531254411,2.68890357,0.89630121,-3.58520484,-0.410395384
7232,7.232691,0.469120622,0.485624582,0.530974746,2.65869141,0.916442752,-3.57513428,-0.4104141
7233,7.233675,0.469408005,0.485802203,0.530592024,2.62344337,0.911407411,-3.53485084,-0.410357833
7234,7.234690,0.469716877,0.485945553,0.530283153,2.5831604,0.906372011,-3.49456763,-0.410228908
7235,7.235703,0.470166534,0.486154228,0.529833436,2.54791236,0.886230409,-3.43414283,-0.41007185
7236,7.236674,0.470612079,0.486361027,0.529387951,2.50762939,0.876159668,-3.38378906,-0.409879625
7237,7.237695,0.471229881,0.486587912,0.528899074,2.46734595,0.850982606,-3.31832862,-0.409703791
7238,7.238699,0.471771866,0.486899287,0.528367579,2.42706275,0.810699403,-3.23776221,-0.409549057
7239,7.239695,0.472333521,0.487159938,0.52766645,2.39181495,0.790557802,-3.18237281,-0.409466982
7240,7.240677,0.472979873,0.487459898,0.527020097,2.34146094,0.7653808,-3.1068418,-0.409361482
7241,7.241699,0.473644108,0.487768173,0.526355863,2.27096558,0.720062196,-2.99102783,-0.409314573
7242,7.242681,0.474326849,0.488085032,0.525673151,2.20046997,0.679778993,-2.88024902,-0.409309864
7243,7.243690,0.475107908,0.488447547,0.524892092,2.14004493,0.659637392,-2.79968238,-0.409333289
7244,7.244769,0.476046741,0.488883257,0.523953259,2.05444312,0.619354188,-2.68890357,-0.409356713
7245,7.245687,0.476887733,0.489273548,0.523112237,1.98394775,0.609283388,-2.5932312,-0.40934968
7246,7.246696,0.477761358,0.489679009,0.522238612,1.89834583,0.543823183,-2.48748755,-0.40934968
7247,7.247680,0.47863254,0.490083337,0.52136749,1.81274402,0.533752382,-2.34649634,-0.40934968
7248,7.248689,0.479569077,0.490517974,0.520430923,1.71707129,0.498504579,-2.21557593,-0.40934968
7249,7.249685,0.48050338,0.490951598,0.51949662,1.63146961,0.463256806,-2.09472632,-0.40934968
7250,7.250695,0.481731653,0.491521627,0.51848805,1.54083252,0.433044404,-1.97387695,-0.40934968
7251,7.251677,0.482744753,0.491991818,0.517255247,1.44012439,0.392761201,-1.83288562,-0.40934968
7252,7.252698,0.483783364,0.492473811,0.516216576,1.32431018,0.362548798,-1.70700061,-0.40934968
7253,7.253681,0.484857887,0.492972523,0.515142143,1.20849609,0.327301025,-1.53579712,-0.40934968
7254,7.254689,0.485941797,0.493475556,0.514058173,1.11785889,0.292053193,-1.40991211,-0.40934968
7255,7.255719,0.487335742,0.493988276,0.51295352,0.997009158,0.246734604,-1.24374378,-0.40934968
7256,7.256683,0.488463163,0.494509816,0.511829734,0.89630121,0.211486802,-1.10778797,-0.40934968
7257,7.257692,0.489607543,0.495176852,0.510392487,0.780487061,0.176238999,-0.956726074,-0.409277022
7258,7.258675,0.490759999,0.495711684,0.509239972,0.669708192,0.140991211,-0.810699403,-0.409248888
7259,7.259697,0.491940618,0.49625963,0.508059382,0.523681581,0.105743401,-0.629424989,-0.409220755
7260,7.260679,0.493125826,0.496809661,0.506874144,0.422973603,0.0704956055,-0.493469208,-0.409126997
7261,7.261688,0.494321227,0.497364491,0.505678833,0.307159424,0.0402832031,-0.347442627,-0.40907073
7262,7.262683,0.495823771,0.497924775,0.50447154,0.1913452,0.0151061993,-0.206451401,-0.409080088
7263,7.263692,0.497041106,0.498626769,0.502958894,0.100708,-0.0201416016,-0.0805663988,-0.40898633
7264,7.264675,0.498254865,0.499190092,0.501745164,0.0251770001,-0.0453185998,0.0201415997,-0.408988655
7265,7.265700,0.499473482,0.499755651,0.500526547,-0.0503540002,-0.0704956055,0.120849609,-0.408960521
7266,7.266712,0.500692368,0.500321329,0.499307603,-0.0856018066,-0.0856018066,0.171203613,-0.408990979
7267,7.267682,0.501912832,0.500887752,0.498087138,-0.140991211,-0.115814202,0.25680542,-0.408925354
7268,7.268691,0.50343281,0.501451194,0.496873081,-0.201416001,-0.125884995,0.327300996,-0.408890188
7269,7.269685,0.504639685,0.502153277,0.495360315,-0.271911591,-0.140991211,0.412902802,-0.408862054
7270,7.270694,0.505847037,0.502713621,0.494152993,-0.412902832,-0.166168213,0.538787842,-0.408833921
7271,7.271678,0.50704205,0.503268242,0.492957979,-0.51361078,-0.1863098,0.699920595,-0.408864379
7272,7.272687,0.508226693,0.503818035,0.491773337,-0.63446039,-0.221557602,0.856018007,-0.408864379
7273,7.273682,0.509391785,0.504358768,0.490608245,-0.750274599,-0.261840791,1.01211536,-0.408864379
7274,7.274693,0.510845184,0.504896045,0.489450514,-0.861053407,-0.302124023,1.16317749,-0.408864379
7275,7.275679,0.51198405,0.505561829,0.48801595,-0.966796756,-0.342407227,1.30920398,-0.408864379
7276,7.276688,0.513105333,0.506082237,0.486894697,-1.11282337,-0.377654999,1.46026611,-0.408864379
7277,7.277713,0.514218569,0.50659883,0.485781401,-1.20849609,-0.428009033,1.63650513,-0.408864379
7278,7.278683,0.515288293,0.507095337,0.484711736,-1.31927478,-0.468292207,1.78756702,-0.408864379
7279,7.279695,0.516346753,0.507586539,0.483653218,-1.42501819,-0.498504579,1.92352271,-0.408864379
7280,7.280678,0.517381072,0.508066595,0.482618958,-1.51062,-0.528717041,2.03933716,-0.408864379
7281,7.281687,0.518652618,0.50865674,0.481347412,-1.61636329,-0.569000244,2.18536353,-0.408864379
7282,7.282684,0.519596934,0.509094954,0.480403066,-1.72210681,-0.599212646,2.31628394,-0.408864379
7283,7.283693,0.520558059,0.509541035,0.479441941,-1.8328855,-0.63949579,2.47238135,-0.408864379
7284,7.284675,0.521473408,0.509965837,0.478526562,-1.92855835,-0.659637392,2.5881958,-0.408864379
7285,7.285699,0.522374928,0.510384262,0.477625072,-2.00912452,-0.679778993,2.68890357,-0.408864379
7286,7.286684,0.52345258,0.510779381,0.476773649,-2.09976196,-0.709991395,2.80975342,-0.408805788
7287,7.287693,0.524242342,0.511250913,0.475757629,-2.17025733,-0.715026796,2.88528419,-0.408777654
7288,7.288718,0.524995208,0.511600316,0.475004822,-2.26592994,-0.730133057,2.99606299,-0.408683896
7289,7.289684,0.525750875,0.511951029,0.474249125,-2.36160278,-0.77041626,3.13201904,-0.408569038
7290,7.290693,0.526448667,0.512274861,0.473551273,-2.43713355,-0.780487061,3.21762061,-0.408426046
7291,7.291677,0.527107537,0.512580633,0.472892433,-2.51266456,-0.790557802,3.30322242,-0.408247888
7292,7.292694,0.527874827,0.512867928,0.472273558,-2.59323096,-0.790557802,3.38378882,-0.407992363
7293,7.293689,0.528397381,0.513179302,0.471602648,-2.65365601,-0.785522401,3.43917847,-0.407757938
7294,7.294674,0.528968215,0.513444185,0.471031785,-2.72415137,-0.785522401,3.50967383,-0.407495409
7295,7.295698,0.529427826,0.51365751,0.470572174,-2.79968238,-0.77041626,3.57009864,-0.407197803
7296,7.296682,0.529867113,0.513861358,0.470132887,-2.87017822,-0.745239198,3.61541748,-0.406872064
7297,7.297691,0.530310392,0.514067113,0.469689637,-2.93060279,-0.725097597,3.65570045,-0.406314284
7298,7.298674,0.530661523,0.514230072,0.469338477,-2.99102783,-0.679778993,3.67080688,-0.405711949
7299,7.299764,0.531036794,0.514404237,0.468963206,-3.0665586,-0.599212646,3.66577125,-0.405050993
7300,7.300582,0.531202912,0.514481306,0.468797058,-3.096771,-0.553893983,3.65066504,-0.404629081
7301,7.301678,0.531463325,0.514602184,0.468536705,-3.15719557,-0.458221376,3.615417,-0.403206468
7302,7.302689,0.53161943,0.514674604,0.46838057,-3.18237257,-0.357513398,3.539886,-0.402294755
7303,7.303685,0.531653523,0.514690459,0.468346477,-3.20251441,-0.25176999,3.45428443,-0.40070805
7304,7.304693,0.531774759,0.514766276,0.46818307,-3.16223121,-0.166168213,3.32839942,-0.398758054
7305,7.305679,0.531804144,0.514760375,0.468195885,-3.08670044,-0.0251770001,3.11187744,-0.397288531
7306,7.306688,0.531761408,0.514740527,0.468238622,-2.85003638,0.0856018066,2.82989478,-0.394171327
7307,7.307683,0.531671762,0.514698923,0.468328238,-2.51769996,0.236663789,2.28103614,-0.392575234
7308,7.308691,0.531510472,0.514624059,0.468489528,-1.98394775,0.276946992,1.70700073,-0.387913555
7309,7.309674,0.531327844,0.514539301,0.468672127,-1.3092041,0.0956726,1.21353149,-0.385724485
7310,7.310791,0.531034648,0.514403224,0.468965322,-0.614318848,-0.392761201,1.02722168,-0.385965943
7311,7.311583,0.530824363,0.514305651,0.469175637,-0.216522202,-0.926513612,1.14303577,-0.377886981
7312,7.312688,0.530417204,0.514116645,0.469582766,0.100708,-1.69692981,1.64154041,-0.361970544
7313,7.313685,0.53004092,0.513942063,0.46995908,0.0654601976,-2.51769996,2.45223975,-0.354468226
7314,7.314693,0.529643893,0.513757765,0.470356077,-0.317230195,-2.81478858,3.1320188,-0.348545611
7315,7.315680,0.529156148,0.513531387,0.470843822,-0.856018066,-2.77450538,3.63052344,-0.343096375
7316,7.316689,0.528538227,0.513306618,0.471328259,-1.43005359,-2.43713355,3.86718702,-0.337965935
7317,7.317683,0.527977884,0.512984574,0.472022116,-1.85806262,-1.98394775,3.8420105,-0.334462017
7318,7.318691,0.527354598,0.512695313,0.472645432,-2.18032813,-1.56097412,3.68591285,-0.333447188
7319,7.319675,0.526713192,0.512397647,0.473286837,-2.31124854,-1.13296497,3.44421339,-0.332310468
7320,7.320695,0.526032388,0.512081683,0.473967642,-2.38174438,-0.881195009,3.26293945,-0.332340986
7321,7.321696,0.525313199,0.511747897,0.474686831,-2.40188599,-0.720062196,3.12194824,-0.33277458
7322,7.322691,0.524381161,0.511405826,0.475423813,-2.35656738,-0.614318848,2.97088623,-0.333840936
7323,7.323675,0.523579001,0.510943055,0.476421028,-2.31628418,-0.589141846,2.90542603,-0.334682316
7324,7.324696,0.522723913,0.510546207,0.477276057,-2.20046997,-0.558929443,2.80471778,-0.335411221
7325,7.325683,0.521854162,0.510142565,0.478145868,-2.13500953,-0.523681581,2.65869117,-0.335624546
7326,7.326692,0.520952046,0.509723902,0.479047954,-2.02926636,-0.538787842,2.5680542,-0.33605814
7327,7.327674,0.520034969,0.509298265,0.479965031,-1.91848731,-0.533752382,2.45223975,-0.336826921
7328,7.328695,0.518826604,0.508837223,0.480958462,-1.8077085,-0.533752382,2.34146094,-0.337138683
7329,7.329678,0.517800152,0.508261085,0.482199878,-1.71203613,-0.51361078,2.22564697,-0.337269932
7330,7.330687,0.516790628,0.507792592,0.483209401,-1.5811156,-0.478363007,2.08465552,-0.337368339
7331,7.331708,0.515742242,0.50730598,0.484257728,-1.46530139,-0.453186005,1.91848743,-0.337499619
7332,7.332698,0.514659047,0.506803274,0.485340953,-1.37466419,-0.407867402,1.78253162,-0.337537169
7333,7.333694,0.513588309,0.50630635,0.486411721,-1.29409778,-0.332336426,1.62643421,-0.337612212
7334,7.334677,0.512464285,0.50578469,0.487535715,-1.19842529,-0.281982422,1.48040771,-0.33783257
7335,7.335701,0.511055827,0.505131006,0.488944173,-1.11785889,-0.211486802,1.3293457,-0.33811152
7336,7.336684,0.509894788,0.50459218,0.490105182,-1.00707996,-0.166168213,1.19338977,-0.338425606
7337,7.337692,0.508728027,0.504050672,0.491272002,-0.886230409,-0.120849594,1.00707996,-0.338730246
7338,7.338676,0.507548332,0.503503203,0.492451698,-0.785522401,-0.0956726,0.881195009,-0.338814586
7339,7.339696,0.506357491,0.50295049,0.493642479,-0.679778993,-0.0856018066,0.7653808,-0.339550525
7340,7.340679,0.505157351,0.502393544,0.494842649,-0.569000244,-0.0704956055,0.63949585,-0.340244293
7341,7.341688,0.503643692,0.501691043,0.496356308,-0.458221376,-0.0352478027,0.493469179,-0.340466976
7342,7.342781,0.502425969,0.501125872,0.497574031,-0.352477998,0.0201416016,0.332336396,-0.341413856
7343,7.343679,0.501212418,0.500562668,0.498787582,-0.297088593,0.0503540002,0.246734589,-0.342004508
7344,7.344689,0.499993235,0.499996871,0.500006795,-0.241699189,0.0805664063,0.161132783,-0.34274745
7345,7.345689,0.498772085,0.49943012,0.501227915,-0.1963806,0.0856018066,0.110778794,-0.343591154
7346,7.346699,0.497250646,0.498866081,0.502443254,-0.146026596,0.100708,0.0453185961,-0.344470024
7347,7.347681,0.496037096,0.498160809,0.503962934,-0.110778801,0.140991211,-0.0302124098,-0.345332503
7348,7.348691,0.49483344,0.497602165,0.505166531,-0.0604247972,0.1963806,-0.120849594,-0.346192658
7349,7.349674,0.493634254,0.497045636,0.506365716,-0.0151061993,0.261840791,-0.221557587,-0.347118437
7350,7.350693,0.492444515,0.496493489,0.507555485,0.0654601976,0.302124023,-0.367584229,-0.347896576
7351,7.351688,0.491265863,0.495946467,0.508734107,0.151062012,0.342407227,-0.493469238,-0.348595023
7352,7.352684,0.490092278,0.4954018,0.509907722,0.231628403,0.397796571,-0.629424989,-0.349841893
7353,7.353724,0.488654763,0.494734645,0.511345208,0.312194794,0.443115205,-0.745239258,-0.350071609
7354,7.354680,0.487543136,0.494218767,0.512456894,0.352477998,0.493469208,-0.845947206,-0.351648927
7355,7.355694,0.486410201,0.493692964,0.513589799,0.407867402,0.569000244,-0.976867676,-0.352405965
7356,7.356677,0.48531726,0.493185699,0.51468271,0.443115205,0.614318848,-1.05743408,-0.353716135
7357,7.357686,0.484258473,0.492694348,0.515741587,0.458221376,0.654602051,-1.11282349,-0.3550708
7358,7.358682,0.483197838,0.492202073,0.516802132,0.468292207,0.694885254,-1.16317749,-0.356936455
7359,7.359692,0.481937081,0.491616964,0.51806289,0.473327577,0.704955995,-1.17828357,-0.358541936
7360,7.360675,0.480947614,0.49115777,0.519052386,0.458221376,0.689849854,-1.14807129,-0.358745873
7361,7.361696,0.479970366,0.490704238,0.520029664,0.407867402,0.63446039,-1.04232776,-0.362420917
7362,7.362680,0.479037732,0.490271389,0.520962298,0.372619599,0.523681581,-0.89630115,-0.364994347
7363,7.363690,0.478136003,0.489852875,0.521863997,0.422973603,0.327301025,-0.750274658,-0.368477166
7364,7.364694,0.477090746,0.489367783,0.52271539,0.533752382,0.0503540002,-0.584106386,-0.372517824
7365,7.365679,0.476227015,0.488966912,0.523773015,0.654602051,-0.135955796,-0.51864624,-0.376696706
7366,7.366688,0.4754152,0.488590151,0.52458477,1.03225708,-0.337371796,-0.589141846,-0.381070137
7367,7.367684,0.474698693,0.488257647,0.525301337,1.46026611,-0.629424989,-0.830841124,-0.383594364
7368,7.368694,0.473959833,0.487914711,0.526040137,1.96884143,-0.840911746,-1.12792969,-0.389828771
7369,7.369677,0.473279476,0.487598985,0.526720583,2.45223999,-0.941619813,-1.51062012,-0.390410036
7370,7.370699,0.472462624,0.487301469,0.527361572,2.84500098,-0.916442752,-1.92855823,-0.399006933
7371,7.371681,0.471871734,0.486945629,0.528128266,3.1169126,-0.795593143,-2.32131958,-0.40376243
7372,7.372689,0.471345097,0.48670119,0.528654873,3.20251441,-0.468292207,-2.74932837,-0.407575727
7373,7.373672,0.470815212,0.486455292,0.529184759,3.19747901,-0.125884995,-3.0162046,-0.407871068
7374,7.374694,0.470327526,0.486228943,0.529672444,3.15216041,0.0956726,-3.24783301,-0.407507777
7375,7.375721,0.469930738,0.486044824,0.530069292,3.00109839,0.347442627,-3.34854102,-0.414691359
7376,7.376678,0.469530463,0.485859036,0.530469537,2.81982398,0.614318848,-3.43414283,-0.415617108
7377,7.377688,0.469147772,0.485681415,0.530852199,2.67883277,0.825805664,-3.50463843,-0.415558457
7378,7.378684,0.468848646,0.485542595,0.531151354,2.57308936,0.971832216,-3.54492164,-0.415352255
7379,7.379693,0.468644917,0.485448062,0.531355083,2.52273536,1.07254028,-3.59527564,-0.414606959
7380,7.380676,0.468437612,0.485351861,0.531562388,2.527771,1.12792969,-3.65570068,-0.413620263
7381,7.381696,0.468301743,0.485288799,0.531698287,2.54791236,1.12792969,-3.67584205,-0.412851542
7382,7.382680,0.468237877,0.485259145,0.531762123,2.59826636,1.09771717,-3.69598341,-0.411937475
7383,7.383689,0.468167096,0.485226303,0.531832874,2.63854957,1.04736316,-3.68591261,-0.411173433
7384,7.384683,0.468234032,0.485257357,0.531765997,2.67379737,1.00204468,-3.67584205,-0.410803109
7385,7.385695,0.468246818,0.485263288,0.531753182,2.70401001,0.956726015,-3.66073608,-0.41054526
7386,7.386782,0.468466967,0.48536545,0.531643033,2.72415137,0.916442752,-3.64059401,-0.410453856
7387,7.387586,0.468538761,0.485398799,0.531461239,2.71408057,0.911407411,-3.62548804,-0.410402298
7388,7.388693,0.46879977,0.485481501,0.531283081,2.68890357,0.911407411,-3.60031104,-0.410453796
7389,7.389675,0.469084918,0.485652268,0.531033754,2.65365601,0.911407411,-3.56506348,-0.41037643
7390,7.390695,0.46936655,0.485782951,0.53063339,2.6184082,0.911407411,-3.53988624,-0.410292029
7391,7.391679,0.469693869,0.485934883,0.53030616,2.578125,0.90133667,-3.47946167,-0.410149038
7392,7.392688,0.470113993,0.48612985,0.529886007,2.5428772,0.89126581,-3.43414307,-0.40997088
7393,7.393683,0.470554084,0.486334115,0.529445946,2.51769996,0.871124148,-3.38882399,-0.409837246
7394,7.394691,0.471142232,0.486547798,0.528985441,2.47238135,0.835876405,-3.30825782,-0.409720004
7395,7.395679,0.471679389,0.486856341,0.528320551,2.43713355,0.805664003,-3.24279761,-0.40958637
7396,7.396688,0.472302377,0.487145483,0.527697623,2.37670875,0.77041626,-3.17230201,-0.409452736
7397,7.397690,0.472878188,0.487412721,0.527121842,2.32635498,0.760345399,-3.08670044,-0.409347236
7398,7.398699,0.473580003,0.487738431,0.526419997,2.28607154,0.725097597,-3.0111692,-0.409307361
7399,7.399682,0.474236876,0.488043308,0.525763154,2.22061133,0.694885254,-2.91549659,-0.409302652
7400,7.400690,0.475163698,0.488375992,0.52504617,2.15011597,0.654602051,-2.80471802,-0.409319043
7401,7.401673,0.475965559,0.488845557,0.524233282,2.07458496,0.63446039,-2.70904541,-0.409349501
7402,7.402699,0.476783156,0.48922503,0.523216844,1.98394775,0.614318848,-2.6385498,-0.409349501
7403,7.403697,0.477634996,0.489620358,0.522364974,1.91345203,0.569000244,-2.48245239,-0.409349501
7404,7.404679,0.478519797,0.490031004,0.521480203,1.82281482,0.523681581,-2.34649634,-0.409349501
7405,7.405691,0.479436249,0.490456343,0.520563781,1.73721302,0.498504579,-2.23571754,-0.409349501
7406,7.406674,0.480398595,0.49090296,0.519601405,1.65161133,0.473327577,-2.12493896,-0.409349501
7407,7.407708,0.48160702,0.49146378,0.51839298,1.5559386,0.438079834,-1.99401844,-0.409349501
7408,7.408690,0.482644409,0.491945267,0.517355621,1.42501819,0.402832001,-1.84799182,-0.409349501
7409,7.409688,0.483678252,0.492425054,0.516321778,1.3293457,0.367584199,-1.69692993,-0.409349501
7410,7.410684,0.484711945,0.492904812,0.515288115,1.23367298,0.332336426,-1.5660094,-0.409349501
7411,7.411693,0.485794038,0.493407011,0.514205992,1.12792969,0.292053193,-1.41998291,-0.409349501
7412,7.412677,0.486907482,0.493923753,0.513092518,1.00204468,0.25176999,-1.2538147,-0.409349501
7413,7.413699,0.488302827,0.494571328,0.511697173,0.916442752,0.216522202,-1.13296497,-0.40929091
7414,7.414682,0.489455402,0.49510625,0.510544598,0.785522401,0.1913452,-0.976867616,-0.409262776
7415,7.415694,0.490621746,0.49564752,0.509378195,0.649566591,0.140991211,-0.790557802,-0.409234643
7416,7.416677,0.491793454,0.496191323,0.508206546,0.543823183,0.105743401,-0.649566591,-0.40920651
7417,7.417686,0.492971689,0.496738136,0.507028282,0.422973603,0.0805664063,-0.503540039,-0.409178376
7418,7.418713,0.49446708,0.497432172,0.5058285,0.322265625,0.0402832031,-0.362548828,-0.409108043
7419,7.419689,0.495679498,0.49799484,0.504320502,0.216522202,0.0100708008,-0.226593003,-0.409079909
7420,7.420698,0.496887088,0.498555303,0.503112912,0.0906371996,-0.0352478027,-0.070495598,-0.409051776
7421,7.421681,0.498102844,0.49911955,0.501897216,-0.00503540039,-0.0553894006,0.060424801,-0.409023643
7422,7.422692,0.499320686,0.499684721,0.500679314,-0.0503540002,-0.0704956055,0.120849609,-0.408995509
7423,7.423675,0.500540555,0.500250876,0.499459445,-0.0956726,-0.0856018066,0.181274414,-0.408967376
7424,7.424697,0.502063572,0.50081706,0.498239428,-0.135955796,-0.0956726,0.231628388,-0.408866584
7425,7.425684,0.503283858,0.501524031,0.496716142,-0.1863098,-0.130920395,0.317230195,-0.408868909
7426,7.426693,0.504485428,0.502081692,0.495514601,-0.287017792,-0.146026596,0.407867372,-0.408833742
7427,7.427676,0.505692601,0.502641916,0.494307369,-0.407867402,-0.166168213,0.538787842,-0.4088642
7428,7.428696,0.506893337,0.50319922,0.493106663,-0.503539979,-0.171203613,0.674743593,-0.4088642
7429,7.429711,0.50807935,0.503749609,0.49192062,-0.619354188,-0.216522202,0.835876405,-0.4088642
7430,7.430690,0.509544969,0.504291117,0.490753889,-0.725097597,-0.25176999,0.976867557,-0.4088642
7431,7.431700,0.51071018,0.50497061,0.48928982,-0.840911746,-0.287017792,1.12792957,-0.4088642
7432,7.432683,0.51183337,0.505491853,0.4881666,-0.951690674,-0.327301025,1.2789917,-0.4088642
7433,7.433692,0.512945771,0.506008148,0.487054199,-1.08764637,-0.3826904,1.47033679,-0.4088642
7434,7.434676,0.514081955,0.50653547,0.485918045,-1.19842529,-0.422973603,1.62139893,-0.4088642
7435,7.435700,0.515154481,0.507033229,0.484845519,-1.29409778,-0.463256806,1.75735462,-0.4088642
7436,7.436682,0.516215861,0.507525802,0.483784139,-1.40487659,-0.493469208,1.89834583,-0.4088642
7437,7.437689,0.517494857,0.508119404,0.482505172,-1.50558472,-0.528717041,2.03430176,-0.4088642
7438,7.438684,0.518499494,0.508585632,0.481500506,-1.5962218,-0.558929443,2.15515137,-0.4088642
7439,7.439693,0.519492209,0.509046376,0.480507791,-1.72714221,-0.589141846,2.31628418,-0.4088642
7440,7.440705,0.520425379,0.509479463,0.479574621,-1.82281482,-0.624389589,2.44720435,-0.4088642
7441,7.441694,0.521360874,0.509913623,0.478639156,-1.92855835,-0.649566591,2.578125,-0.4088642
7442,7.442689,0.522465408,0.510317445,0.477769047,-2.00912452,-0.679778993,2.68890357,-0.4088642
7443,7.443684,0.523330569,0.51082778,0.476669461,-2.09472632,-0.709991395,2.80471778,-0.4088642
7444,7.444693,0.524143338,0.511204958,0.475856632,-2.18536377,-0.709991395,2.87017798,-0.408798575
7445,7.445679,0.524900734,0.511556447,0.475099236,-2.26592994,-0.735168397,3.0111692,-0.408711851
7446,7.446687,0.525660992,0.511909306,0.474338979,-2.35656738,-0.77041626,3.12698364,-0.408575892
7447,7.447683,0.52636373,0.512235463,0.473636299,-2.43713355,-0.775451601,3.21258521,-0.408491492
7448,7.448691,0.527187169,0.512533545,0.472994,-2.49755836,-0.795593143,3.29315138,-0.408233643
7449,7.449674,0.527778924,0.512892246,0.47239247,-2.5680542,-0.795593143,3.36364746,-0.408041418
7450,7.450697,0.528328896,0.513147473,0.471671134,-2.65869141,-0.795593143,3.44421339,-0.407872617
7451,7.451800,0.528859019,0.513393521,0.471140981,-2.72415137,-0.785522401,3.50967383,-0.407638192
7452,7.452593,0.529393256,0.513641477,0.470606744,-2.78457642,-0.780487061,3.56506348,-0.407310069
7453,7.453688,0.529814541,0.51383698,0.470185429,-2.86514282,-0.7653808,3.63052368,-0.406984329
7454,7.454684,0.530215323,0.514023006,0.469784677,-2.90542579,-0.730133057,3.63555884,-0.406590611
7455,7.455695,0.530629218,0.514215052,0.469370753,-2.97592139,-0.689849854,3.66577125,-0.405859381
7456,7.456697,0.530977905,0.514376879,0.469022095,-3.04641724,-0.649566591,3.68591309,-0.405278116
7457,7.457693,0.531232238,0.514494896,0.468767732,-3.096771,-0.569000244,3.66577125,-0.40457496
7458,7.458677,0.531440496,0.514591575,0.468559474,-3.14712501,-0.483398378,3.63052344,-0.403993726
7459,7.459697,0.531577408,0.514655113,0.468422592,-3.18740821,-0.392761201,3.58016944,-0.402845263
7460,7.460680,0.531667531,0.514696956,0.468332499,-3.20251441,-0.287017792,3.48953223,-0.401502311
7461,7.461688,0.531796217,0.51475668,0.468203783,-3.16726661,-0.1863098,3.35357642,-0.399264008
7462,7.462712,0.531806171,0.514761269,0.468193799,-3.08670044,-0.0251770001,3.20251465,-0.397339791
7463,7.463674,0.53171891,0.514720798,0.46828109,-2.92053223,0.0906371996,2.91549659,-0.395143718
7464,7.464697,0.531660378,0.514693618,0.468339592,-2.6184082,0.206451416,2.41195679,-0.39212963
7465,7.465684,0.53158021,0.514656425,0.46841982,-2.15515137,0.261840791,1.89331055,-0.388384312
7466,7.466692,0.531276882,0.514562607,0.46862191,-1.5206908,0.151062012,1.36962879,-0.388063252
7467,7.467675,0.531067193,0.514418304,0.468869895,-0.89630121,-0.146026596,1.04232776,-0.377478927
7468,7.468696,0.530786812,0.514288187,0.469213188,-0.221557602,-0.704955995,1.05743396,-0.371732056
7469,7.469678,0.530485213,0.514148235,0.469514787,0.0352478027,-1.65664661,1.5005492,-0.365253955
7470,7.470686,0.530114293,0.513976097,0.469885767,0.120849594,-2.36663818,2.24578857,-0.358703196
7471,7.471682,0.529675305,0.513772368,0.470324695,-0.201416001,-2.75436378,2.95577979,-0.350809425
7472,7.472691,0.529095054,0.513559401,0.470783502,-0.674743593,-2.81982398,3.49456763,-0.3439188
7473,7.473790,0.528605223,0.513275743,0.471394777,-1.39984119,-2.45223999,3.8520813,-0.339013338
7474,7.474594,0.528192759,0.513084292,0.471807182,-1.72714221,-2.10983276,3.8369751,-0.336739868
7475,7.475690,0.527431846,0.512731135,0.472568125,-2.09976196,-1.56097412,3.66073608,-0.333561748
7476,7.476675,0.526795447,0.512435794,0.473204553,-2.24578834,-1.21353137,3.45931959,-0.332446128
7477,7.477696,0.526140213,0.512131691,0.473859757,-2.35656738,-0.951690674,3.30825806,-0.332296163
7478,7.478679,0.525405049,0.511790514,0.474594951,-2.38174438,-0.760345399,3.14208984,-0.332664132
7479,7.479690,0.524459422,0.511351645,0.475540578,-2.35153174,-0.629424989,2.98095679,-0.333568782
7480,7.480685,0.523681104,0.510990441,0.476318926,-2.31628418,-0.609283388,2.92556763,-0.334407836
7481,7.481694,0.522830248,0.51059556,0.477169782,-2.23571777,-0.553893983,2.78961182,-0.335080475
7482,7.482678,0.521981955,0.510201871,0.478018045,-2.12493873,-0.543823183,2.66876197,-0.33589378
7483,7.483687,0.521083176,0.509784758,0.478916824,-2.04437232,-0.533752382,2.57812476,-0.336411804
7484,7.484694,0.519916117,0.50934571,0.47986275,-1.93862903,-0.51864624,2.45727539,-0.336716533
7485,7.485693,0.51893425,0.508787394,0.48106572,-1.81777942,-0.538787842,2.35656738,-0.337000132
7486,7.486678,0.517926097,0.508319557,0.482073933,-1.71707129,-0.528717041,2.24578834,-0.337161839
7487,7.487687,0.516906381,0.507846296,0.483093619,-1.59118629,-0.473327577,2.06451392,-0.337239146
7488,7.488682,0.515861869,0.507361531,0.484138131,-1.49551392,-0.448150605,1.94366455,-0.337356389
7489,7.489693,0.514805794,0.506871402,0.485194206,-1.38977051,-0.412902832,1.80267334,-0.337445498
7490,7.490676,0.513726115,0.506370306,0.486273885,-1.3092041,-0.347442627,1.65664673,-0.337579131
7491,7.491697,0.512323737,0.505719483,0.487676293,-1.22360218,-0.281982422,1.5055846,-0.337747931
7492,7.492681,0.511189818,0.505193233,0.488810182,-1.12289417,-0.221557602,1.34445179,-0.337954223
7493,7.493690,0.510047615,0.50466311,0.489952385,-1.01715076,-0.146026596,1.16317737,-0.338275313
7494,7.494793,0.508581161,0.503982544,0.49111852,-0.90133667,-0.115814202,1.01715088,-0.338694781
7495,7.495586,0.507690132,0.503569007,0.492309839,-0.820770144,-0.110778801,0.931548953,-0.33897835
7496,7.496696,0.506202877,0.503017366,0.493498415,-0.684814453,-0.0805664063,0.765380859,-0.339505643
7497,7.497681,0.505006552,0.502323568,0.494692296,-0.584106386,-0.0604247972,0.64453119,-0.340117365
7498,7.498690,0.503797948,0.501762629,0.496202052,-0.478363007,-0.0352478027,0.51361084,-0.340253323
7499,7.499685,0.502581716,0.501198173,0.497418314,-0.362548798,0.0100708008,0.352477998,-0.341244727
7500,7.500694,0.501364589,0.500633299,0.498635441,-0.297088593,0.0453185998,0.25176999,-0.341908008
7501,7.501677,0.500145793,0.500067651,0.499854177,-0.246734604,0.0755310059,0.171203598,-0.342606395
7502,7.502697,0.498621643,0.499501258,0.501074612,-0.211486802,0.0906371996,0.120849602,-0.343398541
7503,7.503679,0.497404575,0.49879548,0.502293289,-0.166168213,0.110778801,0.0553894117,-0.344460219
7504,7.504687,0.496188343,0.498230994,0.503811657,-0.115814202,0.135955796,-0.0201415941,-0.345240682
7505,7.505782,0.494979799,0.497670114,0.505020201,-0.0755310059,0.206451416,-0.13092041,-0.346100837
7506,7.506677,0.493783563,0.497114927,0.506216407,-0.0251770001,0.25176999,-0.226592988,-0.347068816
7507,7.507698,0.492598385,0.496564895,0.507401645,0.0604247972,0.297088593,-0.357513398,-0.347884446
7508,7.508681,0.491419196,0.496017635,0.508580804,0.140991211,0.342407227,-0.483398438,-0.348690718
7509,7.509689,0.489947379,0.495334566,0.510052621,0.211486802,0.397796571,-0.609283388,-0.349696189
7510,7.510684,0.488806129,0.494804919,0.511193871,0.292053193,0.448150605,-0.740203798,-0.350352436
7511,7.511693,0.487673432,0.494279206,0.512326539,0.357513398,0.50857538,-0.866088748,-0.351589948
7512,7.512676,0.486548245,0.49375701,0.513451755,0.397796571,0.558929443,-0.956726015,-0.352546245
7513,7.513698,0.485464156,0.493253887,0.514535844,0.433044404,0.614318848,-1.04736328,-0.353460342
7514,7.514680,0.484378517,0.492750049,0.515621543,0.463256806,0.659637392,-1.12289417,-0.354618132
7515,7.515691,0.483068377,0.492141992,0.516931593,0.463256806,0.684814453,-1.14807129,-0.354620516
7516,7.516716,0.482048273,0.491668552,0.517951667,0.473327577,0.704955995,-1.17828357,-0.358131498
7517,7.517691,0.481069684,0.491214424,0.518930376,0.458221376,0.689849854,-1.14807129,-0.358567476
7518,7.518686,0.480073124,0.490751922,0.519926906,0.412902832,0.64453125,-1.05743408,-0.362296402
7519,7.519681,0.47911939,0.490309268,0.52088064,0.377654999,0.538787842,-0.916442871,-0.365012795
7520,7.520690,0.478264123,0.489912331,0.521735847,0.402832001,0.342407227,-0.745239258,-0.368645608
7521,7.521672,0.477178216,0.489408374,0.522644639,0.51361078,0.0704956055,-0.584106386,-0.372240901
7522,7.522694,0.476328433,0.489014,0.523671567,0.684814453,-0.110778801,-0.528716981,-0.376368254
7523,7.523676,0.475531638,0.488644183,0.524468362,0.981903017,-0.362548798,-0.569000125,-0.377610415
7524,7.524696,0.474811018,0.488309771,0.525189042,1.40991199,-0.609283388,-0.800628603,-0.377413511
7525,7.525683,0.474047512,0.487955391,0.525952458,1.89834583,-0.820770144,-1.07757568,-0.389490843
7526,7.526692,0.473341137,0.487627566,0.526658833,2.39685059,-0.931549013,-1.46530151,-0.391190112
7527,7.527795,0.47251749,0.487245321,0.52748251,2.89031959,-0.911407411,-1.97891212,-0.398865879
7528,7.528585,0.472088426,0.487046182,0.527911544,3.08670044,-0.815734804,-2.27096558,-0.400846362
7529,7.529692,0.471456677,0.486752987,0.528543293,3.20251441,-0.443115205,-2.75939918,-0.407394826
7530,7.530674,0.470899314,0.486494303,0.529100657,3.20754981,-0.140991211,-3.0665586,-0.409656584
7531,7.531697,0.470430166,0.486276597,0.529569805,3.14208961,0.0654601976,-3.20754981,-0.412698746
7532,7.532680,0.469980806,0.48606804,0.530019164,3.0313108,0.297088593,-3.32839942,-0.414156556
7533,7.533688,0.469510794,0.485849917,0.530489206,2.82485938,0.584106386,-3.40896583,-0.415396392
7534,7.534684,0.469185263,0.485698819,0.530814707,2.67379737,0.810699403,-3.48449683,-0.415513605
7535,7.535696,0.468880475,0.485557377,0.531119525,2.5680542,0.991973877,-3.56002808,-0.415328503
7536,7.536678,0.468670934,0.485460132,0.531329036,2.5428772,1.05743408,-3.60031128,-0.414585531
7537,7.537687,0.468507886,0.485384434,0.531492054,2.5328064,1.11785889,-3.65066528,-0.413732439
7538,7.538701,0.468313217,0.485295475,0.531683862,2.53784156,1.12792969,-3.66577125,-0.41270119
7539,7.539697,0.468204767,0.485243767,0.531795204,2.57308936,1.08764637,-3.66073561,-0.411855131
7540,7.540681,0.468168378,0.485226899,0.531831622,2.63854957,1.03729248,-3.67584205,-0.411681682
7541,7.541691,0.468178898,0.485231787,0.531821132,2.66372657,1.00707996,-3.67080641,-0.411034793
7542,7.542673,0.468236357,0.48525843,0.531763613,2.69897437,0.971832216,-3.67080665,-0.41061756
7543,7.543694,0.468315482,0.485295177,0.531684518,2.72415137,0.921478152,-3.64562941,-0.410495669
7544,7.544678,0.468516648,0.485388517,0.531483352,2.70904541,0.89630121,-3.60534668,-0.410434753
7545,7.545691,0.468770444,0.485506326,0.531229615,2.69393921,0.921478152,-3.61541748,-0.410444081
7546,7.546673,0.469000697,0.485613167,0.530999303,2.64862037,0.921478152,-3.5700984,-0.410404205
7547,7.547694,0.469301462,0.485752761,0.530698538,2.60330176,0.906372011,-3.50967383,-0.410326838
7548,7.548787,0.469741046,0.485935688,0.530304313,2.57308936,0.911407411,-3.48449683,-0.410141647
7549,7.549673,0.470062077,0.48610577,0.529937923,2.54791236,0.886230409,-3.43414283,-0.409998655
7550,7.550696,0.470612228,0.486307502,0.529503286,2.51266456,0.871124148,-3.38378859,-0.409822822
7551,7.551680,0.471101105,0.486587971,0.529025197,2.47741675,0.845947206,-3.32336402,-0.409609497
7552,7.552688,0.47163257,0.486834645,0.52836746,2.42706275,0.825805664,-3.25286841,-0.409513354
7553,7.553684,0.472205877,0.487100691,0.527794063,2.38677955,0.795593143,-3.18237257,-0.409379721
7554,7.554693,0.472820163,0.48738578,0.527179778,2.33642554,0.760345399,-3.096771,-0.409304678
7555,7.555680,0.473474562,0.487689495,0.526525438,2.29110718,0.730133057,-3.02124023,-0.409337461
7556,7.556688,0.474168032,0.48801136,0.525831997,2.22564673,0.689849854,-2.91549659,-0.409339786
7557,7.557685,0.47506851,0.488429278,0.52493155,2.15011597,0.654602051,-2.80471802,-0.409231961
7558,7.558694,0.475846767,0.488790452,0.524153233,2.06954932,0.63446039,-2.73925781,-0.409234285
7559,7.559719,0.476660669,0.489168197,0.523339391,2.02423096,0.614318848,-2.6385498,-0.409199119
7560,7.560683,0.477526814,0.489570141,0.522473156,1.92352283,0.563964844,-2.48748779,-0.409229577
7561,7.561694,0.478407562,0.489978909,0.521592438,1.8328855,0.523681581,-2.35656714,-0.409229577
7562,7.562677,0.479303688,0.490394801,0.520696342,1.74728382,0.503539979,-2.25082374,-0.409229577
7563,7.563686,0.480519056,0.490958869,0.519480944,1.66168201,0.468292207,-2.12997413,-0.409229577
7564,7.564683,0.481482804,0.491406143,0.518517196,1.5660094,0.422973603,-1.98898304,-0.409229577
7565,7.565695,0.482517093,0.491886169,0.517482936,1.44012439,0.402832001,-1.84295642,-0.409229577
7566,7.566678,0.48352167,0.492352396,0.51647836,1.34445179,0.367584199,-1.71203601,-0.409229577
7567,7.567698,0.484602749,0.492854118,0.515397251,1.23367298,0.332336426,-1.5660094,-0.409229577
7568,7.568705,0.485942006,0.493343711,0.514342308,1.13800049,0.307159424,-1.44515991,-0.409229577
7569,7.569695,0.487046719,0.493988365,0.512953281,1.02218616,0.25680539,-1.27899158,-0.409229577
7570,7.570795,0.488179982,0.494514316,0.511820018,0.89630121,0.226593003,-1.12289417,-0.409229577
7571,7.571585,0.489033639,0.494910508,0.510966361,0.810699403,0.1863098,-0.997009218,-0.409229577
7572,7.572692,0.490468681,0.495576501,0.50953126,0.679778993,0.140991211,-0.820770204,-0.409229577
7573,7.573674,0.491639853,0.496120036,0.508360147,0.553893983,0.110778801,-0.664672792,-0.409229577
7574,7.574697,0.49312073,0.496669203,0.507176816,0.448150605,0.0805664063,-0.528717041,-0.409229577
7575,7.575683,0.494321585,0.49736464,0.505978167,0.332336426,0.0453185998,-0.377655029,-0.409149885
7576,7.576691,0.495525271,0.497923255,0.504474699,0.221557602,0.0251770001,-0.246734604,-0.409121752
7577,7.577675,0.496735573,0.498484969,0.503264427,0.100708,-0.0201416016,-0.0906371996,-0.409013927
7578,7.578695,0.497949094,0.499048173,0.502050936,0.0151061993,-0.0503540002,0.0352478027,-0.40895766
7579,7.579678,0.499169022,0.499614358,0.500831008,-0.0352478027,-0.0604247972,0.0956726,-0.408974051
7580,7.580699,0.500693202,0.500321746,0.499611616,-0.0856018066,-0.0856018066,0.171203613,-0.408938885
7581,7.581701,0.501913071,0.500887871,0.4980869,-0.130920395,-0.100708,0.231628388,-0.408983409
7582,7.582697,0.503127158,0.501451313,0.496872842,-0.1963806,-0.130920395,0.312194794,-0.408903718
7583,7.583679,0.504338086,0.502013326,0.495661914,-0.281982422,-0.151062012,0.392761201,-0.408875585
7584,7.584689,0.505547166,0.502574444,0.494452864,-0.3877258,-0.156097397,0.543823183,-0.408847451
7585,7.585688,0.50673902,0.503127575,0.49326098,-0.498504579,-0.1863098,0.684814394,-0.408819318
7586,7.586696,0.508226931,0.503678262,0.4920744,-0.604248047,-0.226593003,0.830841064,-0.408863842
7587,7.587679,0.509392023,0.504358888,0.490899622,-0.715026796,-0.246734604,0.961761415,-0.408863842
7588,7.588688,0.510549724,0.504896164,0.489450306,-0.825805664,-0.276946992,1.10275269,-0.408863842
7589,7.589683,0.511710465,0.505434811,0.488289505,-0.966796756,-0.327301025,1.27395618,-0.408863842
7590,7.590691,0.512837231,0.505957782,0.487162769,-1.07757568,-0.372619599,1.45019531,-0.408863842
7591,7.591706,0.51392293,0.50646168,0.48607707,-1.18835437,-0.433044404,1.62139881,-0.408863842
7592,7.592693,0.515032232,0.506976485,0.484967738,-1.29913318,-0.458221376,1.7573545,-0.408863842
7593,7.593691,0.516346991,0.507586658,0.483653009,-1.38473499,-0.488433838,1.87316883,-0.408863842
7594,7.594685,0.517395139,0.508073092,0.482604861,-1.4904784,-0.528717041,2.01919556,-0.408863842
7595,7.595698,0.518375456,0.508528054,0.481624514,-1.61636329,-0.563964844,2.18032813,-0.408863842
7596,7.596681,0.519387066,0.50899756,0.480612934,-1.72714221,-0.589141846,2.31628418,-0.408863842
7597,7.597689,0.5203408,0.509440184,0.4796592,-1.80267334,-0.619354188,2.42202759,-0.408863842
7598,7.598686,0.521247745,0.509861112,0.478752255,-1.89834583,-0.649566591,2.54791236,-0.408863842
7599,7.599695,0.522357345,0.510376096,0.477642655,-2.00408936,-0.679778993,2.68386841,-0.408863842
7600,7.600677,0.523208082,0.510770917,0.476791918,-2.09976196,-0.694885254,2.79464722,-0.408784151
7601,7.601686,0.524024665,0.511149883,0.475975364,-2.17025733,-0.704955995,2.87017798,-0.408697426
7602,7.602802,0.524995387,0.511600375,0.475194275,-2.26089454,-0.740203857,3.00109839,-0.408568501
7603,7.603588,0.525550306,0.511857927,0.474449694,-2.33139038,-0.745239198,3.07662964,-0.408505201
7604,7.604696,0.526236355,0.512176335,0.473763645,-2.42706275,-0.775451601,3.20251441,-0.408312976
7605,7.605682,0.527107716,0.512580752,0.473053277,-2.49755836,-0.780487061,3.27804542,-0.408127785
7606,7.606691,0.527726591,0.512867987,0.472273439,-2.57308936,-0.775451601,3.34854102,-0.407907426
7607,7.607674,0.528304577,0.513136208,0.471695423,-2.66372657,-0.775451601,3.42910743,-0.407665968
7608,7.608696,0.52884078,0.513385057,0.47115919,-2.74429321,-0.77041626,3.51470947,-0.407389432
7609,7.609680,0.529334605,0.513614237,0.470665425,-2.79464722,-0.750274599,3.54492188,-0.407105863
7610,7.610688,0.529761434,0.513812304,0.470238537,-2.86010718,-0.730133057,3.59024024,-0.406576216
7611,7.611684,0.530286431,0.514055967,0.469832331,-2.93060279,-0.689849854,3.62045264,-0.406016082
7612,7.612694,0.530612946,0.514207542,0.469387084,-2.98599219,-0.64453125,3.63052344,-0.405477017
7613,7.613719,0.530942917,0.514360666,0.469057053,-3.0514524,-0.574035585,3.62548804,-0.40473637
7614,7.614677,0.531202972,0.514481366,0.468797028,-3.1118772,-0.50857538,3.62045264,-0.404234797
7615,7.615701,0.531417072,0.514580727,0.468582958,-3.16223121,-0.407867402,3.57009864,-0.403433204
7616,7.616672,0.531609893,0.514670193,0.468390107,-3.17733765,-0.312194794,3.48953247,-0.401914448
7617,7.617696,0.531728923,0.514725447,0.468271047,-3.17230225,-0.221557602,3.39385986,-0.399847269
7618,7.618679,0.531791687,0.514754593,0.468208343,-3.1370542,-0.120849594,3.25790381,-0.398818314
7619,7.619688,0.531807542,0.514761925,0.468192488,-2.99102783,0.0604247972,2.93060303,-0.396214396
7620,7.620684,0.531801701,0.514759183,0.46819827,-2.73925781,0.156097397,2.5831604,-0.393261284
7621,7.621700,0.531673431,0.514699697,0.468326598,-2.34146094,0.25176999,2.08969092,-0.390530825
7622,7.622697,0.53156054,0.514653504,0.468426079,-1.75231934,0.231628403,1.52069092,-0.385395676
7623,7.623681,0.531302989,0.514527798,0.468597263,-1.10778797,-0.00503540039,1.11282337,-0.380283952
7624,7.624722,0.531074345,0.514421642,0.468925655,-0.407867402,-0.64453125,1.01715076,-0.372664422
7625,7.625687,0.530848801,0.514316976,0.469151199,-0.0453185998,-1.39984119,1.32934558,-0.36653319
7626,7.626696,0.530528426,0.514168322,0.469471604,0.110778801,-2.17529273,2.06451392,-0.359239429
7627,7.627679,0.530115187,0.513976514,0.469884843,-0.0755310059,-2.69393921,2.76947021,-0.352775335
7628,7.628688,0.529753149,0.513808489,0.470246851,-0.493469208,-2.87017822,3.36364746,-0.346137822
7629,7.629684,0.529179215,0.513542116,0.470700562,-1.10778797,-2.69897437,3.80676222,-0.340922952
7630,7.630692,0.528671563,0.513306499,0.471328408,-1.63146961,-2.28607154,3.91754103,-0.336561263
7631,7.631675,0.52812171,0.513051331,0.47187829,-2.07458496,-1.71707129,3.81683302,-0.333680809
7632,7.632697,0.527508497,0.512766719,0.472491503,-2.27096558,-1.34445179,3.61541748,-0.33247146
7633,7.633679,0.526898503,0.512483656,0.473101526,-2.39181495,-1.03225708,3.42407203,-0.332101166
7634,7.634687,0.526206017,0.512162268,0.473793983,-2.44720435,-0.815734804,3.26293921,-0.332326204
7635,7.635719,0.525353253,0.511766493,0.474646747,-2.44720435,-0.689849854,3.1370542,-0.333153546
7636,7.636684,0.524537027,0.511387646,0.475462943,-2.36663818,-0.619354188,2.98599243,-0.334062904
7637,7.637693,0.523763716,0.511028767,0.476236254,-2.30117774,-0.558929443,2.86010718,-0.334848046
7638,7.638675,0.522972465,0.510661542,0.477027535,-2.24075317,-0.538787842,2.77954102,-0.335626185
7639,7.639696,0.522074401,0.510244727,0.477925539,-2.11990333,-0.569000244,2.68890357,-0.335743427
7640,7.640679,0.521213949,0.509845436,0.478786021,-2.02926636,-0.569000244,2.5982666,-0.336472332
7641,7.641688,0.52003479,0.509298205,0.47974512,-1.93862903,-0.548858583,2.48748755,-0.336863786
7642,7.642683,0.519071579,0.508851171,0.480928421,-1.8328855,-0.538787842,2.37167335,-0.33708176
7643,7.643691,0.518051565,0.50837779,0.481948465,-1.70700061,-0.51864624,2.22564697,-0.337201267
7644,7.644674,0.517062247,0.507918596,0.482937723,-1.60125721,-0.50857538,2.10983253,-0.337316096
7645,7.645698,0.51600641,0.507428586,0.48399359,-1.51062,-0.443115205,1.95373523,-0.33738178
7646,7.646723,0.514670432,0.506808579,0.485071361,-1.42501819,-0.397796571,1.8228147,-0.337550581
7647,7.647680,0.513566494,0.506296217,0.486136466,-1.3343811,-0.337371796,1.67175293,-0.337691247
7648,7.648689,0.512454152,0.505779982,0.487545818,-1.23870838,-0.271911591,1.51062,-0.337904572
7649,7.649685,0.511341453,0.505263567,0.488658547,-1.12792969,-0.1913452,1.37969971,-0.338146031
7650,7.650694,0.510168016,0.504719019,0.489832014,-1.04232776,-0.156097397,1.19842517,-0.338546783
7651,7.651676,0.509020805,0.504186571,0.490979224,-0.941619813,-0.130920395,1.07254016,-0.338806897
7652,7.652698,0.50784415,0.503640473,0.49215585,-0.815734804,-0.100708,0.916442811,-0.339521706
7653,7.653681,0.506357253,0.50295043,0.493349314,-0.709991395,-0.0906371996,0.800628603,-0.339608431
7654,7.654689,0.505152881,0.502391458,0.494847089,-0.604248047,-0.0654601976,0.669708252,-0.33961311
7655,7.655675,0.503949225,0.501832843,0.496050805,-0.468292207,-0.0352478027,0.523681581,-0.340860009
7656,7.656697,0.502733409,0.501268566,0.497266561,-0.377654999,0.00503540039,0.372619599,-0.341537327
7657,7.657793,0.50121212,0.500562549,0.49878785,-0.302124023,0.0402832031,0.26184082,-0.34231779
7658,7.658585,0.500298083,0.500138342,0.499701887,-0.25176999,0.0654601976,0.211486787,-0.34287557
7659,7.659691,0.498771846,0.499430001,0.501228154,-0.206451416,0.0704956055,0.135955811,-0.343857557
7660,7.660674,0.497556388,0.498865932,0.502443671,-0.166168213,0.0956726,0.0704956129,-0.344602853
7661,7.661696,0.496342599,0.498302609,0.503657401,-0.115814202,0.130920395,-0.0151061937,-0.345303625
7662,7.662678,0.495138049,0.497743577,0.504861951,-0.0704956055,0.1913452,-0.120849594,-0.346304387
7663,7.663687,0.493928164,0.497182041,0.506071806,-0.0302123986,0.25176999,-0.221557587,-0.347185642
7664,7.664682,0.492740721,0.496630967,0.507259309,0.0553894006,0.287017792,-0.342407197,-0.347956747
7665,7.665694,0.491272569,0.495949596,0.508727431,0.135955796,0.327301025,-0.463256836,-0.348823935
7666,7.666677,0.490092069,0.49540171,0.509907961,0.221557602,0.372619599,-0.594177186,-0.349728614
7667,7.667697,0.488940001,0.494867057,0.511060059,0.307159424,0.428009033,-0.735168457,-0.350448161
7668,7.668698,0.487794548,0.494335413,0.512205422,0.362548798,0.488433838,-0.850982666,-0.351563781
7669,7.669695,0.486697048,0.493826091,0.513302982,0.397796571,0.553893983,-0.951690555,-0.352543503
7670,7.670677,0.485588312,0.493311524,0.514411688,0.428009033,0.594177186,-1.02218628,-0.3534365
7671,7.671700,0.484245718,0.492688388,0.515754223,0.448150605,0.64453125,-1.09268188,-0.355323166
7672,7.672682,0.483210862,0.492208153,0.516789198,0.468292207,0.684814453,-1.15310669,-0.356659085
7673,7.673693,0.482188433,0.491733611,0.517811537,0.468292207,0.704955995,-1.17324817,-0.358170807
7674,7.674690,0.481177241,0.491264343,0.518822789,0.458221376,0.699920595,-1.15814197,-0.359949708
7675,7.675676,0.480223626,0.490821749,0.519776404,0.407867402,0.63949579,-1.04736316,-0.362255961
7676,7.676699,0.479267806,0.490378141,0.520732164,0.377654999,0.543823183,-0.921478152,-0.365255952
7677,7.677681,0.478170484,0.489868879,0.521624565,0.397796571,0.367584199,-0.76538074,-0.368359089
7678,7.678701,0.477266312,0.489449263,0.522733688,0.528717041,0.100708,-0.604247987,-0.372045845
7679,7.679688,0.476430386,0.489061296,0.523569584,0.659637392,-0.146026596,-0.528716981,-0.375727862
7680,7.680698,0.475648522,0.488698423,0.524351478,0.936584413,-0.332336426,-0.604247987,-0.379187226
7681,7.681680,0.474863976,0.488334328,0.525135994,1.38977051,-0.574035585,-0.815734923,-0.383952111
7682,7.682689,0.474115252,0.487986833,0.525884748,1.83792114,-0.795593143,-1.042328,-0.388210714
7683,7.683672,0.473258018,0.487685889,0.526533186,2.33642554,-0.916442752,-1.41998279,-0.394116998
7684,7.684696,0.472616613,0.487291336,0.527383387,2.76946998,-0.936584413,-1.8328855,-0.398281842
7685,7.685682,0.4720155,0.487012357,0.5279845,3.1118772,-0.790557802,-2.23068237,-0.40350607
7686,7.686691,0.471432954,0.48674199,0.528567016,3.20754981,-0.478363007,-2.72918677,-0.406074822
7687,7.687674,0.470914781,0.486501515,0.529085219,3.20251441,-0.171203613,-3.0313108,-0.410143554
7688,7.688695,0.470439494,0.486280918,0.529560566,3.16223121,0.0553894006,-3.21762061,-0.41314128
7689,7.689679,0.469930649,0.486044765,0.530069351,3.0413816,0.281982422,-3.32336402,-0.414524108
7690,7.690698,0.469578773,0.485881448,0.530421197,2.85507178,0.569000244,-3.42407203,-0.415311635
7691,7.691694,0.469199002,0.485705227,0.530801058,2.66876221,0.825805664,-3.49456787,-0.415424198
7692,7.692678,0.468937635,0.485583901,0.531062365,2.57308936,0.981903017,-3.55499244,-0.415276587
7693,7.693687,0.468672812,0.485460997,0.531327188,2.53784156,1.06750476,-3.6053462,-0.414688349
7694,7.694682,0.468503863,0.485382587,0.531496167,2.527771,1.10275269,-3.63052368,-0.413912594
7695,7.695695,0.468326896,0.485300481,0.531673133,2.56301856,1.09268188,-3.65570045,-0.412841529
7696,7.696678,0.468288213,0.485282511,0.531711757,2.5831604,1.09268188,-3.67584229,-0.411936879
7697,7.697688,0.46822089,0.485251278,0.53177917,2.6335144,1.05239868,-3.69094801,-0.411793888
7698,7.698683,0.468175024,0.485229969,0.531824946,2.67883277,0.991973877,-3.67080665,-0.41113764
7699,7.699692,0.468226612,0.4852539,0.531773329,2.69393921,0.966796756,-3.66073608,-0.410699308
7700,7.700704,0.468357027,0.485299647,0.531674922,2.71408057,0.936584413,-3.65066504,-0.410509437
7701,7.701698,0.468538791,0.485398799,0.531461179,2.70904541,0.911407411,-3.62045288,-0.410514146
7702,7.702695,0.468741864,0.485493064,0.531258166,2.68386817,0.921478152,-3.6053462,-0.410455495
7703,7.703677,0.468991011,0.485608697,0.531009018,2.64862037,0.916442752,-3.58016968,-0.410439044
7704,7.704699,0.469261408,0.485734165,0.530738592,2.6184082,0.921478152,-3.53988647,-0.410333544
7705,7.705685,0.46962598,0.485903382,0.53037405,2.57308936,0.916442752,-3.48953199,-0.410169452
7706,7.706693,0.469987065,0.486070961,0.530012965,2.5428772,0.906372011,-3.44924927,-0.409963161
7707,7.707676,0.470554173,0.486281186,0.52955997,2.52273536,0.881195009,-3.40393043,-0.409749836
7708,7.708698,0.471060663,0.486569226,0.528939366,2.48245239,0.850982606,-3.33343506,-0.409581035
7709,7.709681,0.471541286,0.486792266,0.528458714,2.43713355,0.820770144,-3.26293945,-0.409491926
7710,7.710689,0.472131997,0.487066418,0.527867973,2.38174438,0.785522401,-3.16726685,-0.409416884
7711,7.711715,0.472741276,0.487349182,0.527258694,2.34146094,0.755309999,-3.096771,-0.409304351
7712,7.712690,0.473411798,0.487660378,0.526588202,2.31124854,0.745239198,-3.0564878,-0.409337133
7713,7.713699,0.474277914,0.488062352,0.525722146,2.22564673,0.689849854,-2.91549659,-0.409180075
7714,7.714682,0.474993765,0.488394588,0.525006294,2.15011597,0.664672852,-2.81478882,-0.409233958
7715,7.715693,0.475766897,0.488753378,0.524233103,2.11486816,0.624389589,-2.73925781,-0.409205824
7716,7.716676,0.476575732,0.489128768,0.523424268,2.02423096,0.614318848,-2.6385498,-0.409236282
7717,7.717697,0.477472782,0.489545077,0.522527218,1.93359351,0.563964844,-2.49755836,-0.409229249
7718,7.718680,0.478313029,0.48993504,0.521686971,1.84799182,0.538787842,-2.38677979,-0.409229249
7719,7.719688,0.479452848,0.490464032,0.520795524,1.75735462,0.503539979,-2.26089454,-0.409229249
7720,7.720683,0.480383247,0.490895838,0.519616783,1.66168201,0.468292207,-2.12997413,-0.409229249
7721,7.721692,0.481373817,0.491355568,0.518626213,1.5559386,0.438079834,-2.02926612,-0.409229249
7722,7.722700,0.482390165,0.49182725,0.517609835,1.45523071,0.402832001,-1.85806274,-0.409229249
7723,7.723700,0.483404607,0.492298067,0.516595423,1.35955799,0.372619599,-1.73217762,-0.409229249
7724,7.724696,0.484445095,0.492780954,0.515554905,1.25884998,0.332336426,-1.5911864,-0.409229249
7725,7.725713,0.485805511,0.493412316,0.514194489,1.15310657,0.307159424,-1.46026599,-0.409229249
7726,7.726701,0.486918092,0.493928671,0.513081908,1.03729248,0.266876191,-1.3041687,-0.409229249
7727,7.727698,0.488029182,0.494444311,0.511970818,0.906372011,0.221557602,-1.12792957,-0.409229249
7728,7.728681,0.489168376,0.494973034,0.510831654,0.800628603,0.181274399,-0.981903017,-0.409229249
7729,7.729689,0.490323454,0.495509118,0.509676576,0.684814453,0.166168213,-0.850982666,-0.409229249
7730,7.730684,0.491486043,0.496048659,0.508513987,0.569000244,0.115814202,-0.684814453,-0.409229249
7731,7.731693,0.492972076,0.496738344,0.507313669,0.463256806,0.0856018066,-0.548858643,-0.409156591
7732,7.732676,0.494171828,0.497295141,0.505828202,0.342407227,0.0453185998,-0.38772583,-0.409128457
7733,7.733710,0.495378256,0.497855037,0.504621744,0.211486802,0.00503540039,-0.216522202,-0.409100324
7734,7.734689,0.496578753,0.498412192,0.503421247,0.105743401,-0.0251770001,-0.0805663988,-0.408999532
7735,7.735701,0.497800529,0.498979211,0.502199471,0.0251770001,-0.0402832031,0.015106203,-0.408943266
7736,7.736685,0.499016672,0.499543637,0.500983357,-0.0352478027,-0.0553894006,0.090637207,-0.40896669
7737,7.737694,0.500540912,0.500251055,0.499763906,-0.0755310059,-0.0805664063,0.156097412,-0.408931524
7738,7.738677,0.5017609,0.500817239,0.49823907,-0.115814202,-0.0956726,0.211486802,-0.40890339
7739,7.739698,0.502975583,0.50138098,0.497024447,-0.1913452,-0.120849594,0.312194794,-0.408875257
7740,7.740682,0.504190564,0.50194484,0.495809466,-0.271911591,-0.146026596,0.417938173,-0.408847123
7741,7.741692,0.505392611,0.502502739,0.494607419,-0.367584199,-0.156097397,0.523681581,-0.40881899
7742,7.742674,0.506595373,0.503060937,0.493404657,-0.478363007,-0.166168213,0.64453125,-0.408863515
7743,7.743695,0.508073211,0.503746808,0.491926819,-0.589141846,-0.206451416,0.795593262,-0.408863515
7744,7.744706,0.5092538,0.504294693,0.49074623,-0.730133057,-0.25176999,0.951690555,-0.408863515
7745,7.745695,0.510405958,0.504829407,0.489594042,-0.840911746,-0.292053193,1.13296497,-0.408863515
7746,7.746693,0.511559308,0.505364656,0.488440663,-0.956726015,-0.332336426,1.2890625,-0.408863515
7747,7.747676,0.512687445,0.505888283,0.487312585,-1.06246936,-0.372619599,1.43508899,-0.408863515
7748,7.748696,0.513785899,0.506398082,0.486214101,-1.15814209,-0.402832001,1.56097412,-0.408863515
7749,7.749681,0.515142679,0.507027745,0.485102266,-1.27395618,-0.448150605,1.72210681,-0.408863515
7750,7.750690,0.51621604,0.507525861,0.483783931,-1.37466419,-0.488433838,1.86309803,-0.408863515
7751,7.751674,0.517253578,0.508007407,0.482746422,-1.51062,-0.51864624,1.99905396,-0.408863515
7752,7.752696,0.518251061,0.508470356,0.481748939,-1.61132801,-0.558929443,2.17025757,-0.408863515
7753,7.753679,0.519235373,0.508927166,0.480764627,-1.70196521,-0.594177186,2.29614234,-0.408863515
7754,7.754688,0.520191193,0.509370744,0.479808778,-1.79763782,-0.614318848,2.41195679,-0.408863515
7755,7.755688,0.521361053,0.509913683,0.478638947,-1.89834583,-0.63949579,2.53784156,-0.408863515
7756,7.756691,0.522248745,0.51032567,0.477751225,-1.98394775,-0.664672852,2.64862061,-0.408790857
7757,7.757686,0.523085415,0.510713995,0.476914585,-2.09976196,-0.694885254,2.75436378,-0.408762723
7758,7.758682,0.523924589,0.511103451,0.476075441,-2.16522217,-0.694885254,2.86010742,-0.408654898
7759,7.759691,0.524710178,0.511468053,0.475289822,-2.26592994,-0.735168397,3.00109839,-0.408533007
7760,7.760674,0.525459349,0.511815727,0.474540651,-2.35153174,-0.760345399,3.1118772,-0.408375949
7761,7.761696,0.52636385,0.512235522,0.47363618,-2.41195655,-0.7653808,3.17733741,-0.40817669
7762,7.762679,0.527027607,0.512543559,0.472972393,-2.49755836,-0.7653808,3.26293921,-0.408036023
7763,7.763688,0.527651548,0.512833118,0.472348481,-2.58819556,-0.7653808,3.33343506,-0.407815665
7764,7.764683,0.528212249,0.513093352,0.471787721,-2.65365601,-0.7653808,3.41903687,-0.407632798
7765,7.765694,0.528776169,0.513355076,0.471223831,-2.72918677,-0.750274599,3.47946143,-0.407180488
7766,7.766707,0.529393315,0.5135867,0.470724702,-2.80471778,-0.745239198,3.54995704,-0.406763345
7767,7.767694,0.529838324,0.513848007,0.470268786,-2.86514282,-0.704955995,3.57009888,-0.406730562
7768,7.768691,0.530239403,0.514034152,0.469760567,-2.93563819,-0.664672852,3.60031104,-0.40599224
7769,7.769674,0.53057164,0.514188349,0.46942836,-3.01116943,-0.624389589,3.62045288,-0.405265659
7770,7.770696,0.530882716,0.514332712,0.469117284,-3.0615232,-0.543823183,3.60534644,-0.404353976
7771,7.771680,0.531197786,0.514478922,0.468802214,-3.1118772,-0.478363007,3.59024024,-0.40410319
7772,7.772688,0.531392813,0.514569461,0.468607187,-3.16223121,-0.377654999,3.53988624,-0.402570367
7773,7.773683,0.531577408,0.514655113,0.468458652,-3.17733765,-0.276946992,3.45428467,-0.401349306
7774,7.774692,0.531717777,0.514720261,0.468282193,-3.16726661,-0.1863098,3.35357642,-0.399701655
7775,7.775678,0.531786382,0.51475209,0.468213588,-3.08166504,-0.0604247972,3.16223121,-0.397906333
7776,7.776686,0.531782866,0.514750481,0.468217164,-2.92053223,0.0805664063,2.83996582,-0.39519462
7777,7.777721,0.5317325,0.514727116,0.4682675,-2.6133728,0.211486802,2.40188599,-0.391728222
7778,7.778695,0.531660557,0.514693737,0.468339473,-2.12997437,0.271911591,1.85806274,-0.387807131
7779,7.779692,0.531530023,0.514633119,0.468433052,-1.51062,0.140991211,1.36962879,-0.383440703
7780,7.780675,0.531353116,0.514551044,0.468646884,-0.89126581,-0.166168213,1.05743408,-0.377234429
7781,7.781697,0.531130075,0.51444751,0.468869925,-0.226593003,-0.951690674,1.09771729,-0.370465666
7782,7.782679,0.530861139,0.514322698,0.469138891,0.0302123986,-1.72714221,1.69692981,-0.363975793
7783,7.783688,0.530546606,0.514176726,0.469453394,0.0805664063,-2.43209815,2.35153174,-0.356942177
7784,7.784684,0.53018713,0.514009893,0.4698129,-0.25680539,-2.81478858,3.071594,-0.349915594
7785,7.785696,0.529675186,0.513772309,0.470193267,-0.750274599,-2.85003638,3.60031104,-0.34338361
7786,7.786679,0.529216409,0.513559401,0.470783621,-1.34948719,-2.56301856,3.91250563,-0.339340657
7787,7.787687,0.528737307,0.513337016,0.471262693,-1.92352283,-1.99401832,3.94775367,-0.335330546
7788,7.788707,0.528192699,0.513084292,0.471807301,-2.18536377,-1.5710448,3.75640869,-0.333031356
7789,7.789695,0.527628422,0.51282239,0.472371578,-2.34649634,-1.21856678,3.565063,-0.332063407
7790,7.790693,0.526979566,0.512521267,0.473020434,-2.44720435,-0.946655154,3.39385939,-0.33217594
7791,7.791675,0.526140094,0.512211859,0.473687112,-2.49252319,-0.760345399,3.25286865,-0.332548618
7792,7.792696,0.525425076,0.511799812,0.474574924,-2.46734595,-0.684814453,3.15216041,-0.333509564
7793,7.793680,0.524653018,0.511441529,0.475347012,-2.36663818,-0.63446039,3.0262754,-0.334418893
7794,7.794689,0.523883641,0.511084437,0.476116329,-2.32131934,-0.579071045,2.90039039,-0.335147798
7795,7.795686,0.523041248,0.510693491,0.476958781,-2.25585937,-0.553893983,2.80975342,-0.335843921
7796,7.796695,0.522201478,0.510303736,0.477798551,-2.14508057,-0.569000244,2.71408081,-0.336376011
7797,7.797679,0.521082878,0.509890318,0.478689402,-2.02926636,-0.584106386,2.6133728,-0.336795598
7798,7.798688,0.520121038,0.5093382,0.479878932,-1.94366443,-0.558929443,2.50259399,-0.337048739
7799,7.799709,0.519193411,0.508907676,0.480806559,-1.8328855,-0.51864624,2.35153174,-0.337137789
7800,7.800698,0.518191099,0.508442521,0.481808931,-1.72210681,-0.523681581,2.24578834,-0.33739087
7801,7.801694,0.517163455,0.507965565,0.482836485,-1.60629261,-0.503539979,2.10983253,-0.337491661
7802,7.802678,0.516150653,0.507495522,0.483849287,-1.5206908,-0.448150605,1.96884143,-0.33760187
7803,7.803687,0.514805496,0.506871283,0.484925181,-1.43005359,-0.3826904,1.81274402,-0.337719113
7804,7.804682,0.51371485,0.506365061,0.48628512,-1.34445179,-0.327301025,1.67175281,-0.337918371
7805,7.805694,0.512604117,0.5058496,0.487395912,-1.2437439,-0.25680539,1.53076172,-0.338087171
7806,7.806678,0.511483848,0.505329669,0.488516182,-1.14807117,-0.1963806,1.34445179,-0.338408262
7807,7.807688,0.510320187,0.504789591,0.489679784,-1.05743408,-0.151062012,1.20849609,-0.338705868
7808,7.808684,0.509159505,0.504250944,0.490840465,-0.951690674,-0.120849594,1.07254028,-0.338980049
7809,7.809694,0.507689893,0.503568888,0.492020905,-0.830841005,-0.115814202,0.946655214,-0.339687824
7810,7.810706,0.506506503,0.503019691,0.493493497,-0.689849854,-0.0856018066,0.815734863,-0.339739382
7811,7.811695,0.505307317,0.502463102,0.494692653,-0.584106386,-0.0654601976,0.684814453,-0.339715958
7812,7.812692,0.504097223,0.501901507,0.495902747,-0.473327577,-0.0352478027,0.50857538,-0.34084332
7813,7.813675,0.502887487,0.501340091,0.497112483,-0.377654999,0,0.377654999,-0.341724545
7814,7.814697,0.501668811,0.500774503,0.498331189,-0.312194794,0.0302123986,0.281982392,-0.342500299
7815,7.815683,0.500145257,0.500067413,0.499549478,-0.246734604,0.0553894006,0.1913452,-0.343313545
7816,7.816692,0.498926818,0.499501944,0.501073182,-0.206451416,0.0654601976,0.140991211,-0.344002575
7817,7.817675,0.497706443,0.49893555,0.502293527,-0.161132813,0.0805664063,0.090637207,-0.34451583
7818,7.818698,0.496488333,0.49837023,0.503511667,-0.105743401,0.125884995,-0.0201415941,-0.345563442
7819,7.819681,0.495284736,0.497811645,0.504715264,-0.0654601976,0.176238999,-0.110778801,-0.346350938
7820,7.820690,0.494077802,0.497251481,0.505922139,-0.0151061993,0.236663789,-0.221557587,-0.347211093
7821,7.821674,0.492586374,0.496559322,0.507413626,0.0402832031,0.266876191,-0.307159394,-0.348202497
7822,7.822698,0.491418958,0.496017516,0.508581042,0.130920395,0.332336426,-0.463256836,-0.348917335
7823,7.823696,0.490236968,0.495468944,0.509763002,0.231628403,0.377654999,-0.584106386,-0.34960404
7824,7.824679,0.489091635,0.49493739,0.510908306,0.302124023,0.433044404,-0.735168457,-0.350480586
7825,7.825691,0.48794511,0.494405299,0.512054861,0.357513398,0.488433838,-0.845947266,-0.351457924
7826,7.826675,0.486814559,0.49388063,0.513185441,0.397796571,0.528717041,-0.926513612,-0.352430612
7827,7.827696,0.485475421,0.493259102,0.514241755,0.433044404,0.594177186,-1.02722156,-0.353663474
7828,7.828679,0.484378278,0.492749929,0.515621722,0.448150605,0.629424989,-1.07757556,-0.354682982
7829,7.829687,0.483353615,0.492274374,0.516646385,0.463256806,0.684814453,-1.15310657,-0.356328279
7830,7.830693,0.482300699,0.491785735,0.517699301,0.468292207,0.694885254,-1.16317749,-0.357715786
7831,7.831690,0.481300235,0.491321415,0.518699765,0.463256806,0.689849854,-1.15310669,-0.359963447
7832,7.832702,0.480327398,0.49086991,0.519672632,0.417938203,0.659637392,-1.07757556,-0.362047076
7833,7.833697,0.479152322,0.490324557,0.52060008,0.392761201,0.563964844,-0.956726074,-0.36439085
7834,7.834692,0.478229403,0.489896238,0.521770597,0.397796571,0.402832001,-0.800628543,-0.367660403
7835,7.835679,0.477373093,0.489498824,0.522626936,0.523681581,0.140991211,-0.629425049,-0.371293217
7836,7.836688,0.476551592,0.489117563,0.523448408,0.649566591,-0.115814202,-0.533752382,-0.374239296
7837,7.837683,0.475746632,0.488743961,0.524253368,0.881195009,-0.312194794,-0.569000244,-0.377532274
7838,7.838694,0.474977434,0.488386989,0.525022566,1.3293457,-0.538787842,-0.790557861,-0.381193191
7839,7.839676,0.474047363,0.488037616,0.525775313,1.79260242,-0.77041626,-1.02218616,-0.387697071
7840,7.840697,0.473340929,0.487627476,0.526659071,2.27096558,-0.921478152,-1.34948742,-0.387608021
7841,7.841681,0.472737849,0.487347603,0.527262151,2.79968238,-0.931549013,-1.7976377,-0.395595521
7842,7.842690,0.472088307,0.487046123,0.527911663,3.1018064,-0.830841005,-2.27096534,-0.40092054
7843,7.843710,0.471500635,0.486773401,0.528499365,3.20754981,-0.538787842,-2.66876197,-0.405333817
7844,7.844691,0.471023232,0.486551821,0.528976738,3.21762061,-0.206451416,-3.0111692,-0.409531474
7845,7.845690,0.470430076,0.486276537,0.529503524,3.16223121,0.0201416016,-3.18237281,-0.41188693
7846,7.846673,0.469980717,0.48606801,0.530019283,3.0615232,0.246734604,-3.30825782,-0.413726777
7847,7.847695,0.469599098,0.485890895,0.530400872,2.83493042,0.594177186,-3.41903663,-0.415018171
7848,7.848677,0.469237864,0.485723227,0.530762076,2.68890357,0.805664003,-3.49456763,-0.415655732
7849,7.849697,0.468970865,0.485599339,0.531029165,2.58819556,0.966796756,-3.5549922,-0.415552646
7850,7.850681,0.46870029,0.485473752,0.53129971,2.51769996,1.06750476,-3.5852046,-0.414896429
7851,7.851690,0.468482852,0.485372841,0.531474471,2.51266456,1.11282337,-3.6254878,-0.413890988
7852,7.852685,0.468316138,0.485295475,0.531683862,2.54791236,1.11282337,-3.66073561,-0.412918359
7853,7.853694,0.468195885,0.485239655,0.531804085,2.5831604,1.08764637,-3.66577125,-0.412093341
7854,7.854709,0.468198329,0.485240787,0.531801641,2.60833716,1.06750476,-3.67584181,-0.411919892
7855,7.855701,0.468171865,0.485228509,0.531828105,2.66876221,1.01715076,-3.68591309,-0.411495656
7856,7.856698,0.468242854,0.48526144,0.531757116,2.70904541,0.961761415,-3.67080688,-0.410757333
7857,7.857682,0.468365848,0.485304385,0.53166455,2.71408057,0.951690674,-3.66577125,-0.410569787
7858,7.858690,0.468491644,0.485376924,0.531508327,2.70904541,0.921478152,-3.63052368,-0.410480738
7859,7.859685,0.468713969,0.4854801,0.531286061,2.67883277,0.926513612,-3.61541724,-0.410504162
7860,7.860694,0.468932688,0.485581607,0.531067312,2.64358497,0.931549013,-3.57513404,-0.410443187
7861,7.861676,0.469222069,0.485715896,0.530777931,2.62344337,0.931549013,-3.55499244,-0.410337687
7862,7.862698,0.469556868,0.485871285,0.530443132,2.5831604,0.921478152,-3.50463867,-0.410225153
7863,7.863680,0.470085949,0.486047506,0.53006345,2.56301856,0.90133667,-3.46435523,-0.40993917
7864,7.864689,0.470496833,0.486307532,0.529503167,2.51266456,0.871124148,-3.38378859,-0.409850061
7865,7.865676,0.470951885,0.486518741,0.529048145,2.48748779,0.850982606,-3.33847046,-0.409688294
7866,7.866701,0.471518487,0.486781687,0.528481483,2.44216919,0.825805664,-3.26797485,-0.409489036
7867,7.867699,0.4720366,0.487022132,0.5279634,2.39181495,0.790557802,-3.18237281,-0.409451485
7868,7.868682,0.472662985,0.487312853,0.527337015,2.34146094,0.750274599,-3.0917356,-0.409324884
7869,7.869691,0.473453581,0.48767975,0.526713789,2.30621314,0.740203857,-3.046417,-0.409336567
7870,7.870674,0.474168181,0.48801142,0.525831819,2.23068237,0.694885254,-2.92556763,-0.409345925
7871,7.871696,0.474879861,0.488341719,0.525120199,2.16018653,0.654602051,-2.85507202,-0.409317791
7872,7.872679,0.475668371,0.488707662,0.524331629,2.11486816,0.629424989,-2.74429321,-0.409355283
7873,7.873688,0.476472825,0.489080995,0.523527205,2.03933716,0.609283388,-2.64862061,-0.409355283
7874,7.874684,0.47734794,0.489487141,0.52265209,1.93862903,0.558929443,-2.49755859,-0.409355283
7875,7.875696,0.478390574,0.489971042,0.521798193,1.84799182,0.533752382,-2.38174415,-0.409355283
7876,7.876706,0.479336739,0.490410149,0.520663261,1.77749634,0.51361078,-2.29110718,-0.409355283
7877,7.877699,0.480263382,0.490840197,0.519736588,1.65664661,0.473327577,-2.16018677,-0.409355283
7878,7.878695,0.481250465,0.491298318,0.518749535,1.5710448,0.448150605,-2.01919532,-0.409355283
7879,7.879679,0.482235461,0.491755456,0.517764568,1.46530139,0.412902832,-1.87820423,-0.409355283
7880,7.880689,0.483274817,0.492237836,0.516725242,1.36962891,0.377654999,-1.74728394,-0.409355283
7881,7.881684,0.484578609,0.492725044,0.515675306,1.26892078,0.342407227,-1.61132801,-0.409355283
7882,7.882695,0.48565793,0.49334383,0.51434207,1.15814209,0.302124023,-1.46026611,-0.409355283
7883,7.883693,0.486768991,0.49385947,0.513231039,1.02722156,0.261840791,-1.3343811,-0.409355283
7884,7.884676,0.487868905,0.494369954,0.512131155,0.926513612,0.231628403,-1.15814197,-0.409355283
7885,7.885702,0.489033878,0.494910598,0.510966122,0.810699403,0.1913452,-1.00204456,-0.409296691
7886,7.886684,0.490178376,0.495441765,0.509821594,0.704955995,0.161132813,-0.866088808,-0.409268558
7887,7.887706,0.491640091,0.496120155,0.508359909,0.584106386,0.120849594,-0.704955995,-0.409233391
7888,7.888696,0.492823392,0.496669322,0.507176578,0.468292207,0.0805664063,-0.548858643,-0.409139633
7889,7.889693,0.494022071,0.497225642,0.505977929,0.322265625,0.0402832031,-0.417938203,-0.409083366
7890,7.890677,0.495220095,0.497781634,0.504779875,0.221557602,0.0201416016,-0.241699204,-0.409092724
7891,7.891699,0.496429861,0.49834308,0.50357008,0.115814202,-0.0201416016,-0.0956726,-0.409064591
7892,7.892682,0.49764505,0.498907089,0.50235498,0.0352478027,-0.0402832031,0.00503540039,-0.409015357
7893,7.893691,0.49916926,0.499614477,0.501135528,-0.0302123986,-0.0553894006,0.0856017992,-0.408966124
7894,7.894674,0.500388622,0.500180364,0.499611378,-0.0704956055,-0.0755310059,0.146026611,-0.408937991
7895,7.895698,0.501606226,0.500745475,0.498393804,-0.130920395,-0.100708,0.206451401,-0.408923924
7896,7.896680,0.502826154,0.5013116,0.497173816,-0.181274399,-0.120849594,0.302123994,-0.408895791
7897,7.897689,0.504036188,0.501873195,0.495963782,-0.25176999,-0.140991211,0.392761201,-0.408867657
7898,7.898684,0.505242527,0.502433062,0.494757473,-0.352477998,-0.151062012,0.503540039,-0.40883249
7899,7.899690,0.506739378,0.503127754,0.493558913,-0.463256806,-0.171203613,0.634460449,-0.408862948
7900,7.900699,0.507925808,0.503678381,0.492074192,-0.579071045,-0.206451416,0.785522461,-0.408862948
7901,7.901682,0.509107828,0.504226983,0.490892172,-0.715026796,-0.231628403,0.916442871,-0.408862948
7902,7.902690,0.510261953,0.50476259,0.489738017,-0.835876405,-0.276946992,1.11282337,-0.408862948
7903,7.903673,0.51141721,0.505298734,0.48858276,-0.941619813,-0.327301025,1.2689209,-0.408862948
7904,7.904695,0.512537599,0.505818725,0.487462401,-1.05239868,-0.357513398,1.40991211,-0.408862948
7905,7.905681,0.513934195,0.506339371,0.486340582,-1.15814209,-0.402832001,1.56097412,-0.408862948
7906,7.906689,0.514984846,0.506954491,0.485015124,-1.2638855,-0.443115205,1.70700073,-0.408862948
7907,7.907685,0.51608479,0.507464945,0.48391518,-1.39480579,-0.483398378,1.8429563,-0.408862948
7908,7.908694,0.517125368,0.507947922,0.482874632,-1.485443,-0.528717041,2.01416016,-0.408862948
7909,7.909677,0.51812613,0.508412361,0.48187387,-1.5962218,-0.553893983,2.15011573,-0.408862948
7910,7.910691,0.519113898,0.50887078,0.480886102,-1.69189441,-0.589141846,2.28103638,-0.408862948
7911,7.911689,0.520324826,0.509432793,0.479910642,-1.79260242,-0.614318848,2.40692139,-0.408862948
7912,7.912684,0.521247923,0.509861171,0.478752047,-1.87820435,-0.64453125,2.5227356,-0.408862948
7913,7.913694,0.522157252,0.510283232,0.477842748,-1.99401832,-0.684814453,2.6385498,-0.408804357
7914,7.914677,0.523017108,0.510682285,0.476982892,-2.08969092,-0.699920595,2.78961158,-0.408776224
7915,7.915702,0.523842931,0.511065543,0.476157069,-2.17025733,-0.689849854,2.86010718,-0.408682466
7916,7.916684,0.524614036,0.511423409,0.475385934,-2.25585937,-0.740203857,2.99606323,-0.408626199
7917,7.917692,0.525550544,0.511858046,0.474611998,-2.34146094,-0.750274599,3.0917356,-0.408410549
7918,7.918675,0.526278198,0.512195766,0.473721832,-2.41195655,-0.760345399,3.17230201,-0.408298016
7919,7.919696,0.526925504,0.512496173,0.473074526,-2.49252319,-0.775451601,3.25790405,-0.408119857
7920,7.920704,0.527553916,0.512787819,0.472446084,-2.578125,-0.77041626,3.34854126,-0.407906532
7921,7.921697,0.528164089,0.513071001,0.471835881,-2.64358497,-0.780487061,3.42407203,-0.407679141
7922,7.922693,0.528710902,0.513324797,0.471289128,-2.71911597,-0.77041626,3.48953223,-0.407416612
7923,7.923676,0.529358029,0.513558865,0.470784724,-2.78457642,-0.750274599,3.53485107,-0.406976044
7924,7.924698,0.529761553,0.513812363,0.470238417,-2.86010718,-0.730133057,3.59024024,-0.406601071
7925,7.925683,0.530143857,0.513989806,0.469856113,-2.92556739,-0.689849854,3.60031128,-0.406568289
7926,7.926692,0.530553818,0.514180064,0.469446182,-2.99606323,-0.63949579,3.63555908,-0.405668288
7927,7.927674,0.530846357,0.514315844,0.469153672,-3.0514524,-0.574035585,3.62548804,-0.40484795
7928,7.928697,0.531117618,0.514441729,0.468882352,-3.1068418,-0.51864624,3.62548804,-0.403945625
7929,7.929680,0.531392157,0.514557898,0.468632102,-3.14712501,-0.433044404,3.58016944,-0.402766734
7930,7.930689,0.531584799,0.51465857,0.468415201,-3.17230225,-0.332336426,3.50463867,-0.40136987
7931,7.931714,0.531731129,0.51472646,0.468268782,-3.17230225,-0.206451416,3.37875366,-0.399942547
7932,7.932692,0.531780422,0.514749348,0.468219608,-3.1320188,-0.0956726,3.22769141,-0.398055851
7933,7.933690,0.531833231,0.514773846,0.468166769,-3.01116943,0.0402832031,2.97088623,-0.395960569
7934,7.934717,0.531751215,0.514741421,0.468236625,-2.77450538,0.135955796,2.63854957,-0.392880857
7935,7.935692,0.531673431,0.514699697,0.468252391,-2.38677955,0.266876191,2.11990333,-0.39246136
7936,7.936676,0.531573892,0.514653504,0.468426108,-1.81777942,0.231628403,1.586151,-0.386044174
7937,7.937697,0.531402707,0.514574051,0.468597293,-1.02218616,-0.0553894006,1.14807117,-0.379927009
7938,7.938680,0.531135738,0.514450133,0.468864232,-0.478363007,-0.579071045,1.05743408,-0.375037968
7939,7.939688,0.5308972,0.514339447,0.46910283,-0.0704956055,-1.3293457,1.39984131,-0.367226213
7940,7.940684,0.530588329,0.514196098,0.469411641,0.110778801,-2.10983276,1.99905396,-0.360016823
7941,7.941693,0.53016293,0.513998687,0.469717473,-0.0453185998,-2.66372657,2.70904517,-0.354719967
7942,7.942702,0.529753029,0.513808429,0.470246941,-0.448150605,-2.87017822,3.31832886,-0.346085578
7943,7.943693,0.529299319,0.513597846,0.470700681,-1.20849609,-2.65365601,3.78158569,-0.340280145
7944,7.944689,0.528802395,0.513367236,0.471197605,-1.71203613,-2.21557593,3.92761207,-0.336061418
7945,7.945688,0.528285444,0.513127327,0.471714526,-2.05444312,-1.77749634,3.83193946,-0.333485663
7946,7.946697,0.527659893,0.512836993,0.472340018,-2.27096558,-1.37466419,3.64562988,-0.332381785
7947,7.947680,0.526898265,0.512548625,0.472961426,-2.40188599,-1.05743408,3.45932007,-0.33214277
7948,7.948689,0.526226699,0.512171865,0.473773301,-2.44720435,-0.845947206,3.29315162,-0.332402945
7949,7.949674,0.525536716,0.511851609,0.474463284,-2.43209815,-0.709991395,3.1370542,-0.333066195
7950,7.950695,0.524748862,0.511485994,0.475251138,-2.38677955,-0.599212646,2.98599219,-0.333888829
7951,7.951677,0.523965061,0.511122227,0.476034939,-2.34146094,-0.584106386,2.92556739,-0.334704429
7952,7.952689,0.523145974,0.510742068,0.476853997,-2.25585937,-0.558929443,2.81478882,-0.335285693
7953,7.953710,0.522091687,0.510252774,0.477908283,-2.16522217,-0.533752382,2.69897461,-0.335374773
7954,7.954696,0.521196961,0.509837568,0.478803068,-2.04437232,-0.569000244,2.61337256,-0.336256027
7955,7.955697,0.520254731,0.509400249,0.479745299,-1.93862903,-0.553893983,2.5227356,-0.336905271
7956,7.956679,0.519299448,0.508956909,0.480700523,-1.8429563,-0.533752382,2.37670875,-0.337067038
7957,7.957690,0.518315792,0.508500397,0.481684178,-1.72714221,-0.50857538,2.23571754,-0.337205321
7958,7.958685,0.517305136,0.508031309,0.482694834,-1.61636329,-0.498504579,2.11486793,-0.337296695
7959,7.959694,0.515993416,0.507422566,0.483718157,-1.5307616,-0.458221376,1.98898292,-0.337425619
7960,7.960677,0.514952004,0.506939232,0.485047966,-1.45019519,-0.402832001,1.85302722,-0.337528795
7961,7.961697,0.513841212,0.506423712,0.486158788,-1.33941638,-0.332336426,1.71203601,-0.337735087
7962,7.962680,0.51274389,0.50591445,0.48725608,-1.2538147,-0.266876191,1.52069092,-0.337896854
7963,7.963688,0.511616707,0.505391359,0.488383323,-1.15814209,-0.206451416,1.36459351,-0.338138312
7964,7.964713,0.510480702,0.504864097,0.489519298,-1.06750476,-0.151062012,1.21856678,-0.338609368
7965,7.965701,0.509020448,0.504186392,0.490694702,-0.966796756,-0.120849594,1.08764637,-0.338928074
7966,7.966697,0.507843792,0.503640294,0.492156208,-0.850982606,-0.105743401,0.956726015,-0.33933118
7967,7.967680,0.506650329,0.503086448,0.493349671,-0.704955995,-0.0906371996,0.830841064,-0.339392096
7968,7.968689,0.50545758,0.502532899,0.49454245,-0.594177186,-0.0704956055,0.664672792,-0.34010458
7969,7.969684,0.50425154,0.501973152,0.49574843,-0.483398378,-0.0503540002,0.533752382,-0.340249896
7970,7.970693,0.503036857,0.501409411,0.496963143,-0.392761201,-0.00503540039,0.397796601,-0.341276497
7971,7.971676,0.501516521,0.500844419,0.498180568,-0.317230195,0.0402832031,0.276946992,-0.342284292
7972,7.972698,0.500297785,0.500138223,0.499702245,-0.261840791,0.0553894006,0.206451386,-0.34302488
7973,7.973680,0.499077439,0.49957183,0.500922561,-0.201416001,0.0704956055,0.140991196,-0.343713909
7974,7.974689,0.497861862,0.499007672,0.502138138,-0.161132813,0.0906371996,0.0704956129,-0.344431072
7975,7.975717,0.496642679,0.498441875,0.503357351,-0.120849594,0.120849594,0,-0.345251352
7976,7.976696,0.495435387,0.497881562,0.504564643,-0.0956726,0.176238999,-0.0805663988,-0.346179456
7977,7.977691,0.493927926,0.497181952,0.505776942,-0.0302123986,0.226593003,-0.1963806,-0.347220093
7978,7.978675,0.49273473,0.496628195,0.507265329,0.0352478027,0.276946992,-0.312194794,-0.34804979
7979,7.979696,0.49155888,0.496082485,0.50844115,0.140991211,0.332336426,-0.422973633,-0.348806828
7980,7.980678,0.490389735,0.495539874,0.509610295,0.216522202,0.377654999,-0.594177186,-0.349449009
7981,7.981687,0.489226282,0.494999886,0.510773659,0.292053193,0.422973603,-0.715026796,-0.350149781
7982,7.982683,0.488086283,0.494470835,0.511913717,0.347442627,0.473327577,-0.820770204,-0.351267725
7983,7.983692,0.48669672,0.493825942,0.51302582,0.3826904,0.538787842,-0.921478271,-0.352559179
7984,7.984674,0.485588104,0.493311405,0.514411867,0.433044404,0.584106386,-1.01715076,-0.353400618
7985,7.985700,0.484511197,0.49281162,0.515488803,0.448150605,0.64453125,-1.08261096,-0.354736537
7986,7.986682,0.483457118,0.492322415,0.516542852,0.468292207,0.684814453,-1.15310669,-0.355627149
7987,7.987718,0.482441425,0.491851032,0.517558575,0.473327577,0.694885254,-1.16821289,-0.357846707
7988,7.988698,0.481423736,0.491378725,0.518576264,0.458221376,0.694885254,-1.15310669,-0.359269381
7989,7.989694,0.480223417,0.49082166,0.51953721,0.422973603,0.649566591,-1.07254016,-0.362217814
7990,7.990677,0.479267657,0.490378082,0.520732343,0.3877258,0.574035585,-0.961761355,-0.36427328
7991,7.991699,0.47835809,0.489955962,0.52164191,0.397796571,0.372619599,-0.810699403,-0.367566258
7992,7.992681,0.477480471,0.489548653,0.522519529,0.503539979,0.100708,-0.604247987,-0.37030372
7993,7.993689,0.476617515,0.48914817,0.523382545,0.619354188,-0.0856018066,-0.533752382,-0.374684215
7994,7.994672,0.475826055,0.488780826,0.524173915,0.845947206,-0.281982422,-0.563964784,-0.378743619
7995,7.995697,0.474863857,0.488334298,0.524948299,1.27899158,-0.493469208,-0.785522342,-0.379306078
7996,7.996680,0.474135667,0.48799634,0.525864363,1.72210681,-0.745239198,-0.976867616,-0.389142781
7997,7.997702,0.473424524,0.487666279,0.526575506,2.33642554,-0.931549013,-1.29913318,-0.390659183
7998,7.998693,0.472773075,0.487363935,0.527226925,2.76443458,-0.926513612,-1.8379209,-0.396174014
7999,7.999690,0.4721618,0.487080246,0.52783823,3.0766294,-0.850982606,-2.22564673,-0.401871711
8000,8.000685,0.471591562,0.486815602,0.528408468,3.19244361,-0.569000244,-2.62344337,-0.405837327
8001,8.001697,0.470891535,0.486490726,0.528913856,3.20754981,-0.236663789,-2.97088599,-0.410306901
8002,8.002679,0.470439374,0.486280859,0.529560626,3.17230225,0.0100708008,-3.18237305,-0.412725717
8003,8.003689,0.4700315,0.486091584,0.5299685,3.04641724,0.1963806,-3.28308105,-0.413478017
8004,8.004672,0.469644338,0.485911876,0.530355632,2.85507178,0.558929443,-3.41400123,-0.415125668
8005,8.005697,0.469277531,0.485741645,0.530722499,2.69393921,0.790557802,-3.48449707,-0.415456146
8006,8.006680,0.468980134,0.485603631,0.531019866,2.59323096,0.951690674,-3.54492164,-0.41537416
8007,8.007689,0.468672723,0.485498369,0.531246722,2.5428772,1.04736316,-3.59024048,-0.414746076
8008,8.008784,0.468503803,0.485382557,0.531496167,2.51266456,1.11785889,-3.63052344,-0.414066404
8009,8.009686,0.468331248,0.485302478,0.531668723,2.54791236,1.11785889,-3.64562988,-0.412939072
8010,8.010696,0.468255699,0.485267401,0.531744242,2.57308936,1.08764637,-3.66073561,-0.412142158
8011,8.011678,0.46812582,0.48520714,0.53187418,2.6335144,1.05239868,-3.68591309,-0.411816388
8012,8.012688,0.468169451,0.485227376,0.531830549,2.66372657,1.01211548,-3.67584205,-0.411235124
8013,8.013684,0.468201369,0.485245913,0.531790674,2.68890357,0.981903017,-3.67080665,-0.410728812
8014,8.014693,0.468325108,0.485299617,0.531674862,2.71911597,0.946655154,-3.66577101,-0.410592854
8015,8.015679,0.468470275,0.485367,0.531529725,2.70401001,0.921478152,-3.63555861,-0.410531938
8016,8.016688,0.468661904,0.48545593,0.531338096,2.68890357,0.926513612,-3.61541724,-0.410524875
8017,8.017684,0.468899757,0.485566318,0.531100214,2.66372657,0.926513612,-3.59024024,-0.410449833
8018,8.018693,0.46923238,0.485720694,0.53076762,2.6133728,0.921478152,-3.53485107,-0.410344332
8019,8.019724,0.46957773,0.485880971,0.53042227,2.59826636,0.921478152,-3.5197444,-0.410203665
8020,8.020685,0.470011026,0.486082077,0.529989004,2.55798316,0.916442752,-3.47442579,-0.410011441
8021,8.021693,0.470440179,0.486281246,0.529559851,2.50259376,0.886230409,-3.40896583,-0.409798115
8022,8.022677,0.470912874,0.486500621,0.529087126,2.48245239,0.856018066,-3.33847046,-0.409629315
8023,8.023698,0.471405804,0.486729383,0.528594196,2.45223999,0.825805664,-3.27804565,-0.409526139
8024,8.024681,0.471986264,0.486998796,0.528013766,2.41195655,0.795593143,-3.20754957,-0.409385473
8025,8.025692,0.472741395,0.487349242,0.527436554,2.35656738,0.77041626,-3.12698364,-0.409340888
8026,8.026676,0.473369658,0.487640798,0.526630342,2.30117774,0.750274599,-3.0514524,-0.409322113
8027,8.027696,0.47407949,0.487970263,0.52592057,2.23068237,0.694885254,-2.92556763,-0.409338504
8028,8.028678,0.474806339,0.488307595,0.525193691,2.17025733,0.664672852,-2.83493018,-0.409310371
8029,8.029687,0.47557041,0.488662183,0.52442956,2.11486816,0.63949579,-2.75436401,-0.409202546
8030,8.030717,0.476370424,0.489033461,0.523629546,2.03430152,0.599212646,-2.63351417,-0.409211904
8031,8.031677,0.477401346,0.48942098,0.522794724,1.94869983,0.558929443,-2.50762939,-0.40918377
8032,8.032698,0.478296012,0.489927143,0.521704018,1.86813331,0.538787842,-2.40692115,-0.409228295
8033,8.033681,0.479204655,0.490348846,0.520795345,1.74728382,0.51361078,-2.29110718,-0.409228295
8034,8.034689,0.480159789,0.490792125,0.51984024,1.67175281,0.478363007,-2.15011573,-0.409228295
8035,8.035677,0.481142581,0.49124825,0.518857419,1.5710448,0.443115205,-2.01415992,-0.409228295
8036,8.036698,0.482109189,0.491696864,0.517890871,1.485443,0.417938203,-1.90338123,-0.409228295
8037,8.037681,0.48337841,0.492177725,0.516854584,1.37969971,0.377654999,-1.75735474,-0.409228295
8038,8.038690,0.484457612,0.492786735,0.515542328,1.2840271,0.342407227,-1.62643433,-0.409228295
8039,8.039700,0.485522002,0.493280739,0.514478028,1.15814209,0.307159424,-1.4804076,-0.409228295
8040,8.040696,0.486619979,0.493790329,0.513380051,1.04232776,0.271911591,-1.31423938,-0.409228295
8041,8.041726,0.487737656,0.494309038,0.512262344,0.946655154,0.221557602,-1.16821277,-0.409228295
8042,8.042688,0.488882273,0.494840264,0.511117756,0.825805664,0.201416001,-1.02722168,-0.409228295
8043,8.043697,0.490323782,0.495509237,0.509966433,0.704955995,0.166168213,-0.871124208,-0.409228295
8044,8.044679,0.491493136,0.496051937,0.508506835,0.604248047,0.120849594,-0.725097656,-0.409228295
8045,8.045691,0.492680848,0.496603161,0.507319152,0.453186005,0.0906371996,-0.574035585,-0.409169704
8046,8.046673,0.493867755,0.497154027,0.506132305,0.342407227,0.0453185998,-0.38772583,-0.40914157
8047,8.047696,0.49506557,0.49770993,0.50493443,0.241699189,0.0100708008,-0.25176999,-0.409113437
8048,8.048678,0.496281445,0.498274207,0.503718555,0.130920395,-0.0151061993,-0.115814194,-0.409085304
8049,8.049687,0.497799128,0.498837411,0.502505004,0.0453185998,-0.0453185998,0,-0.408963412
8050,8.050682,0.499016225,0.499543428,0.500983775,-0.0201416016,-0.0553894006,0.0755310059,-0.40897277
8051,8.051691,0.500236332,0.500109673,0.499763668,-0.0805664063,-0.0805664063,0.151062012,-0.408944637
8052,8.052720,0.501455367,0.50067544,0.498544663,-0.120849594,-0.0956726,0.216522187,-0.408916503
8053,8.053687,0.50266999,0.501239181,0.49733004,-0.176238999,-0.125884995,0.302123994,-0.40888837
8054,8.054696,0.50388515,0.5018031,0.49611488,-0.236663789,-0.140991211,0.377654999,-0.408860236
8055,8.055684,0.50539726,0.502365232,0.494903654,-0.332336426,-0.151062012,0.483398438,-0.40882507
8056,8.056692,0.506595671,0.503061056,0.493404299,-0.463256806,-0.171203613,0.634460449,-0.408862561
8057,8.057676,0.507778287,0.503609896,0.492221713,-0.574035585,-0.201416001,0.775451601,-0.408862561
8058,8.058697,0.508954644,0.504155874,0.491045386,-0.709991395,-0.246734604,0.956726015,-0.408862561
8059,8.059680,0.510125756,0.504699349,0.489874214,-0.810699403,-0.287017792,1.09771717,-0.408862561
8060,8.060688,0.511265934,0.505228519,0.488734037,-0.921478152,-0.307159424,1.22863758,-0.408862561
8061,8.061685,0.512677729,0.505753696,0.487602472,-1.03729248,-0.367584199,1.40487671,-0.408862561
8062,8.062694,0.513786137,0.506398201,0.486213893,-1.13800049,-0.397796571,1.53579712,-0.408862561
8063,8.063722,0.514897943,0.506914139,0.485102057,-1.27395618,-0.448150605,1.72210681,-0.408862561
8064,8.064688,0.515965819,0.507409751,0.484034151,-1.37466419,-0.488433838,1.86309803,-0.408862561
8065,8.065700,0.516996741,0.507888198,0.483003259,-1.485443,-0.51361078,1.99905372,-0.408862561
8066,8.066684,0.518029511,0.508367538,0.481970519,-1.5760802,-0.548858583,2.12493873,-0.408862561
8067,8.067693,0.519235551,0.508821249,0.480992883,-1.67678833,-0.579071045,2.25585937,-0.408862561
8068,8.068676,0.520191491,0.509370923,0.479808509,-1.77246082,-0.609283388,2.38174415,-0.408862561
8069,8.069697,0.521151125,0.509816289,0.478848875,-1.89834583,-0.63949579,2.51266479,-0.408862561
8070,8.070681,0.522030056,0.510224164,0.477969915,-1.98898315,-0.664672852,2.65365601,-0.408796936
8071,8.071690,0.522893369,0.510624826,0.477106631,-2.07962036,-0.684814453,2.76443481,-0.408768803
8072,8.072685,0.523722827,0.511009812,0.476277202,-2.15515137,-0.720062196,2.87521362,-0.408668011
8073,8.073694,0.524710357,0.511387587,0.475463152,-2.24578834,-0.735168397,2.98095679,-0.40852502
8074,8.074724,0.525479734,0.511825204,0.474520266,-2.33642554,-0.745239198,3.0665586,-0.408367962
8075,8.075682,0.526171148,0.512146056,0.473828852,-2.41195655,-0.760345399,3.15216041,-0.408255428
8076,8.076692,0.526865542,0.512468338,0.473134488,-2.49252319,-0.760345399,3.25286865,-0.408063203
8077,8.077675,0.527499497,0.512762547,0.472500503,-2.57308936,-0.77041626,3.34350562,-0.407849878
8078,8.078695,0.528070569,0.513027608,0.471929401,-2.64862037,-0.7653808,3.41400123,-0.407615453
8079,8.079680,0.52862221,0.51328361,0.47137782,-2.70904541,-0.750274599,3.45932007,-0.407179505
8080,8.080689,0.529275417,0.51358676,0.470724583,-2.78961158,-0.740203857,3.52981544,-0.406839699
8081,8.081684,0.529731274,0.513798296,0.470268697,-2.87521338,-0.715026796,3.56506324,-0.406727225
8082,8.082695,0.53014338,0.513989568,0.46985659,-2.93060279,-0.659637392,3.59024024,-0.406026453
8083,8.083678,0.530486822,0.514148951,0.469513148,-2.99606323,-0.624389589,3.62045288,-0.405227214
8084,8.084688,0.530833721,0.514310002,0.469166279,-3.0615232,-0.574035585,3.63555884,-0.404760748
8085,8.085694,0.53117305,0.514467478,0.46882695,-3.096771,-0.468292207,3.56506324,-0.403324068
8086,8.086678,0.531367958,0.514557898,0.468632042,-3.14208961,-0.392761201,3.53485084,-0.402311563
8087,8.087687,0.531566441,0.514650047,0.468433589,-3.17230225,-0.317230195,3.48449683,-0.401074052
8088,8.088683,0.531693399,0.514708936,0.468306601,-3.15719557,-0.1913452,3.34854078,-0.399862349
8089,8.089692,0.531748414,0.514734507,0.468251586,-3.1118772,-0.0604247972,3.17230201,-0.397670954
8090,8.090675,0.531832337,0.514773428,0.468167633,-2.96585059,0.0553894006,2.91046119,-0.397087336
8091,8.091697,0.531782866,0.514750481,0.468206376,-2.69897437,0.161132813,2.53784156,-0.392587304
8092,8.092695,0.531710804,0.514717042,0.468289196,-2.29110718,0.25680539,2.03430176,-0.389786541
8093,8.093692,0.531617105,0.514673531,0.468382865,-1.4904784,0.201416001,1.46026599,-0.384552985
8094,8.094674,0.531376779,0.514562011,0.468623221,-0.881195009,-0.176238999,1.05743396,-0.377425611
8095,8.095699,0.531214893,0.514486909,0.468785137,-0.352477998,-0.775451601,1.12792957,-0.371179551
8096,8.096716,0.530907989,0.514344454,0.469091982,-0.0151061993,-1.5458678,1.560974,-0.363855302
8097,8.097682,0.530522346,0.514215171,0.469370604,0.120849594,-2.29110718,2.17025757,-0.357220143
8098,8.098690,0.530163109,0.513998747,0.469836891,-0.135955796,-2.75939941,2.89535522,-0.350345939
8099,8.099673,0.529759347,0.51381135,0.470240623,-0.604248047,-2.88528442,3.48953247,-0.345417053
8100,8.100696,0.529358387,0.513625264,0.470641613,-1.36962891,-2.5680542,3.93768311,-0.33945924
8101,8.101678,0.52884388,0.513386488,0.47115612,-1.8328855,-2.10479736,3.93768287,-0.336440474
8102,8.102686,0.528355181,0.513159692,0.471644849,-2.14004493,-1.65664661,3.79669142,-0.336402923
8103,8.103682,0.527562499,0.512881935,0.472243249,-2.34146094,-1.27395618,3.615417,-0.336862326
8104,8.104691,0.526979446,0.512521207,0.473020643,-2.43209815,-1.00204468,3.43414283,-0.332706869
8105,8.105690,0.526312649,0.51221174,0.473687351,-2.47741675,-0.825805664,3.29818702,-0.332277983
8106,8.106699,0.525566578,0.511865497,0.474433422,-2.47741675,-0.654602051,3.1320188,-0.333163947
8107,8.107713,0.524863958,0.5115394,0.475136042,-2.40188599,-0.604248047,3.00613403,-0.334021717
8108,8.108683,0.524084032,0.511177421,0.475915968,-2.33139038,-0.604248047,2.93563843,-0.335003734
8109,8.109693,0.523077667,0.510798991,0.47673142,-2.26592994,-0.563964844,2.82989478,-0.335838109
8110,8.110675,0.522183657,0.510295451,0.477816343,-2.17025733,-0.548858583,2.71911597,-0.336372524
8111,8.111698,0.521310449,0.509890199,0.478689551,-2.04437232,-0.579071045,2.64358497,-0.336681932
8112,8.112680,0.520371974,0.509454668,0.479628026,-1.93862903,-0.569000244,2.50762939,-0.33692804
8113,8.113689,0.519420326,0.509012997,0.480579644,-1.85302722,-0.528717041,2.38174438,-0.337155372
8114,8.114672,0.518425643,0.508551359,0.481574357,-1.74728382,-0.528717041,2.27600098,-0.337239712
8115,8.115697,0.517176926,0.507971823,0.482553303,-1.62643433,-0.50857538,2.13500977,-0.3373757
8116,8.116679,0.5161376,0.507489502,0.48386243,-1.5458678,-0.463256806,2.00912452,-0.337485909
8117,8.117688,0.515074611,0.506996155,0.484925389,-1.45019519,-0.402832001,1.86813343,-0.337626576
8118,8.118690,0.513989329,0.506492496,0.4860107,-1.34445179,-0.327301025,1.67175281,-0.337825835
8119,8.119683,0.512883365,0.50597918,0.487116635,-1.26892078,-0.266876191,1.535797,-0.338032126
8120,8.120694,0.511758387,0.505457103,0.488241613,-1.17828369,-0.211486802,1.38977051,-0.338287652
8121,8.121677,0.510624588,0.504930913,0.489375412,-1.09268188,-0.166168213,1.2588501,-0.338707119
8122,8.122698,0.509166479,0.504254162,0.490833521,-0.981903017,-0.135955796,1.11785877,-0.338943809
8123,8.123681,0.507991493,0.503708839,0.492008477,-0.866088808,-0.115814202,0.981903017,-0.339625806
8124,8.124690,0.506804526,0.503157973,0.493195444,-0.725097597,-0.0856018066,0.810699403,-0.33986488
8125,8.125688,0.505603194,0.502600431,0.494396806,-0.629424989,-0.0654601976,0.694885194,-0.339853138
8126,8.126696,0.504399002,0.502041578,0.495600998,-0.50857538,-0.0453185998,0.553893983,-0.340476632
8127,8.127681,0.503190935,0.501480937,0.496809095,-0.407867402,-0.0201416016,0.428009003,-0.341728151
8128,8.128690,0.501667261,0.500773787,0.498332739,-0.322265625,0.0201416016,0.302124023,-0.342475772
8129,8.129694,0.500449896,0.500208795,0.499550104,-0.246734604,0.0553894006,0.1913452,-0.34308511
8130,8.130674,0.499230415,0.499642849,0.500769615,-0.211486802,0.0704956055,0.140991196,-0.34377414
8131,8.131695,0.498012125,0.49907741,0.501987875,-0.166168213,0.0856018066,0.0805664063,-0.344594419
8132,8.132679,0.496794224,0.498512179,0.503205717,-0.120849594,0.105743401,0.0151061937,-0.345311582
8133,8.133688,0.495288223,0.497951597,0.504413784,-0.0805664063,0.156097397,-0.075530991,-0.346312344
8134,8.134683,0.494077593,0.497251391,0.505922377,-0.0302123986,0.221557602,-0.1913452,-0.347217023
8135,8.135694,0.492888778,0.496699661,0.507111192,0.0453185998,0.271911591,-0.307159394,-0.347859204
8136,8.136679,0.491705745,0.496150613,0.508294225,0.130920395,0.317230195,-0.448150575,-0.348670125
8137,8.137689,0.490534991,0.495607257,0.509464979,0.206451416,0.367584199,-0.574035645,-0.349523246
8138,8.138685,0.48936981,0.495066524,0.51063019,0.287017792,0.412902832,-0.699920654,-0.350390434
8139,8.139695,0.487944901,0.494536459,0.511772275,0.352477998,0.473327577,-0.825805545,-0.351332605
8140,8.140696,0.486824811,0.493885368,0.513175189,0.3877258,0.51864624,-0.90637207,-0.352467
8141,8.141684,0.485724121,0.493374527,0.514275849,0.433044404,0.574035585,-0.997009158,-0.353308439
8142,8.142694,0.484656662,0.492879152,0.515343368,0.458221376,0.63446039,-1.09268177,-0.35461387
8143,8.143677,0.483600467,0.492388964,0.516399562,0.468292207,0.659637392,-1.12792957,-0.35478735
8144,8.144699,0.482554644,0.491903573,0.517445326,0.473327577,0.694885254,-1.16821289,-0.356938928
8145,8.145685,0.481300056,0.491436213,0.518452406,0.463256806,0.694885254,-1.15814209,-0.358682722
8146,8.146694,0.480327189,0.49086982,0.519672811,0.433044404,0.659637392,-1.09268177,-0.361952275
8147,8.147677,0.479399711,0.490439355,0.520600259,0.3877258,0.563964844,-0.986938417,-0.364394456
8148,8.148696,0.478487015,0.490015775,0.521512926,0.3877258,0.392761201,-0.780487001,-0.367223352
8149,8.149692,0.477605999,0.489606887,0.522393942,0.493469208,0.135955796,-0.629424989,-0.370949864
8150,8.150677,0.476739645,0.489204854,0.523260415,0.594177186,-0.0704956055,-0.523681581,-0.371760786
8151,8.151693,0.475707859,0.48872596,0.524093866,0.815734804,-0.266876191,-0.548858643,-0.378433436
8152,8.152674,0.474977195,0.488386869,0.525022805,1.21856678,-0.473327577,-0.745239198,-0.37884593
8153,8.153697,0.474204063,0.488028079,0.525795996,1.79260242,-0.730133057,-0.931548953,-0.388052166
8154,8.154680,0.473508626,0.48770532,0.526491404,2.28103638,-0.916442752,-1.36459363,-0.390149832
8155,8.155692,0.472873807,0.487410694,0.527126193,2.73925781,-0.921478152,-1.81777966,-0.394096762
8156,8.156676,0.472235888,0.487114608,0.527764082,3.0413816,-0.850982606,-2.19039893,-0.400680393
8157,8.157696,0.471523166,0.486837119,0.528362036,3.18237257,-0.599212646,-2.58315992,-0.406436682
8158,8.158679,0.471000105,0.486541092,0.528999865,3.21258521,-0.241699189,-2.97088599,-0.409938276
8159,8.159687,0.470496356,0.486307323,0.529503644,3.15216041,-0.0151061993,-3.15216041,-0.411942184
8160,8.160682,0.470082968,0.486115456,0.529917002,3.04641724,0.246734604,-3.29315186,-0.412192941
8161,8.161692,0.469690263,0.485933214,0.530309737,2.87017822,0.523681581,-3.39385986,-0.414482802
8162,8.162695,0.469317853,0.485760361,0.530682147,2.72918677,0.755309999,-3.48449683,-0.415446103
8163,8.163674,0.469014764,0.485619694,0.530985236,2.6184082,0.931549013,-3.54995728,-0.415324211
8164,8.164695,0.468725085,0.485485256,0.531274915,2.53784156,1.03225708,-3.57009864,-0.414806306
8165,8.165682,0.468550473,0.485404223,0.531449556,2.5428772,1.08764637,-3.63052368,-0.413894624
8166,8.166691,0.468372285,0.485321522,0.531627715,2.53784156,1.11785889,-3.65570045,-0.41309309
8167,8.167674,0.468290925,0.485283762,0.531709075,2.57308936,1.10275269,-3.67584205,-0.412272751
8168,8.168696,0.468155384,0.485220879,0.531844676,2.62344337,1.05239868,-3.67584205,-0.411550879
8169,8.169679,0.468193084,0.485238373,0.531806946,2.66372657,1.01211548,-3.67584205,-0.411070436
8170,8.170688,0.468242854,0.48526144,0.531757116,2.69897437,0.981903017,-3.68087745,-0.410761029
8171,8.171684,0.468360573,0.485316098,0.531639457,2.70904541,0.946655154,-3.65570068,-0.410601646
8172,8.172692,0.468474656,0.485369027,0.531525314,2.70904541,0.89630121,-3.60534668,-0.410489172
8173,8.173693,0.468660355,0.485455215,0.531339645,2.69393921,0.921478152,-3.61541748,-0.4105407
8174,8.174677,0.46886754,0.485551387,0.53113246,2.66372657,0.931549013,-3.59527564,-0.410442233
8175,8.175701,0.469222158,0.485715955,0.530829966,2.6335144,0.911407411,-3.54492188,-0.410381258
8176,8.176684,0.469556928,0.485871315,0.530443072,2.59826636,0.921478152,-3.5197444,-0.410231233
8177,8.177693,0.469936639,0.486047566,0.530063391,2.55798316,0.916442752,-3.47946119,-0.410046041
8178,8.178675,0.470360607,0.486244321,0.529639423,2.52273536,0.886230409,-3.40896583,-0.409839749
8179,8.179696,0.470851511,0.48647213,0.529148459,2.48245239,0.861053407,-3.34350586,-0.409670949
8180,8.180679,0.471339077,0.486698419,0.528660953,2.44216919,0.820770144,-3.26293945,-0.409502149
8181,8.181688,0.472058922,0.486965388,0.528085709,2.41699219,0.805664003,-3.22265625,-0.409377873
8182,8.182683,0.472663105,0.487312913,0.527336895,2.35656738,0.77041626,-3.12698364,-0.409302831
8183,8.183691,0.473328769,0.487621844,0.526671231,2.28607154,0.760345399,-3.0816648,-0.409277022
8184,8.184693,0.473991364,0.487929344,0.526008606,2.24075317,0.689849854,-2.93060303,-0.409192622
8185,8.185681,0.474693388,0.488255143,0.525306582,2.17025733,0.669708192,-2.83996558,-0.409187913
8186,8.186691,0.475472957,0.488616943,0.524527013,2.12493873,0.659637392,-2.78457618,-0.409211338
8187,8.187685,0.476472974,0.488986224,0.523731351,2.01919556,0.599212646,-2.6184082,-0.409234762
8188,8.188693,0.477312118,0.489470512,0.522687912,1.95373535,0.574035585,-2.527771,-0.409227729
8189,8.189676,0.47818476,0.489875495,0.521815181,1.87316883,0.543823183,-2.41699195,-0.409227729
8190,8.190697,0.479089499,0.49029541,0.520910501,1.77246082,0.503539979,-2.27600074,-0.409227729
8191,8.191680,0.480025113,0.49072963,0.519974887,1.69189441,0.483398378,-2.17529273,-0.409227729
8192,8.192688,0.481020302,0.491191506,0.518979728,1.58615112,0.443115205,-2.02926636,-0.409227729
8193,8.193684,0.48199752,0.491645038,0.51800251,1.485443,0.417938203,-1.90338123,-0.409227729
8194,8.194693,0.483275026,0.492237926,0.516725004,1.38473499,0.377654999,-1.76239002,-0.409227729
8195,8.195699,0.484312445,0.492719382,0.515687585,1.2638855,0.337371796,-1.60125732,-0.409227729
8196,8.196678,0.485397875,0.493223131,0.514602125,1.17324817,0.302124023,-1.4753722,-0.409227729
8197,8.197687,0.486503184,0.493736118,0.513496816,1.05743408,0.271911591,-1.3293457,-0.409227729
8198,8.198682,0.487616748,0.49425292,0.512383282,0.956726015,0.241699189,-1.19842517,-0.409227729
8199,8.199691,0.489034086,0.494769871,0.511269331,0.830841005,0.1963806,-1.02722156,-0.409227729
8200,8.200841,0.490186512,0.495445549,0.509813488,0.709991395,0.151062012,-0.861053407,-0.409227729
8201,8.201582,0.491053194,0.495847762,0.508946776,0.619354188,0.135955796,-0.755309999,-0.409227729
8202,8.202690,0.49253267,0.496534407,0.50746733,0.473327577,0.0906371996,-0.563964784,-0.409169137
8203,8.203674,0.493723243,0.497086942,0.506276727,0.357513398,0.0503540002,-0.407867402,-0.409141004
8204,8.204694,0.494922996,0.497643739,0.505077004,0.25176999,0.0201416016,-0.271911591,-0.409112871
8205,8.205681,0.496130258,0.498204052,0.503869772,0.140991211,-0.0100708008,-0.13092041,-0.409005046
8206,8.206727,0.497645259,0.498907149,0.502354741,0.0352478027,-0.0453185998,-0.0201415978,-0.408948779
8207,8.207682,0.498865604,0.499473512,0.501134396,-0.0201416016,-0.0553894006,0.0755310059,-0.40896517
8208,8.208691,0.500084043,0.500038981,0.499915928,-0.0654601976,-0.0755310059,0.140991211,-0.408878446
8209,8.209674,0.501303196,0.500604808,0.498696804,-0.115814202,-0.105743401,0.221557602,-0.408822179
8210,8.210697,0.502522349,0.501170635,0.49747768,-0.166168213,-0.120849594,0.287017822,-0.408845603
8211,8.211681,0.503736794,0.501734257,0.496263206,-0.236663789,-0.140991211,0.377654999,-0.408869028
8212,8.212690,0.505242765,0.502433181,0.494757235,-0.337371796,-0.146026596,0.483398378,-0.408861995
8213,8.213674,0.50644654,0.502991855,0.49355346,-0.443115205,-0.176238999,0.619354188,-0.408861995
8214,8.214695,0.507630527,0.50354135,0.492369443,-0.574035585,-0.211486802,0.785522401,-0.408861995
8215,8.215681,0.508815408,0.504091263,0.491184622,-0.694885254,-0.231628403,0.926513672,-0.408861995
8216,8.216690,0.509973228,0.504628599,0.490026742,-0.800628603,-0.271911591,1.07254016,-0.408782303
8217,8.217694,0.511417449,0.505298853,0.488876551,-0.911407411,-0.312194794,1.22360218,-0.408747137
8218,8.218681,0.512547731,0.505823433,0.487452269,-1.02722156,-0.347442627,1.37466419,-0.408719003
8219,8.219690,0.513670504,0.506344497,0.486329526,-1.15310657,-0.397796571,1.54083228,-0.408749461
8220,8.220673,0.514762998,0.506851554,0.485237032,-1.26892078,-0.443115205,1.66671741,-0.408742428
8221,8.221694,0.515821159,0.507342637,0.484178841,-1.36459339,-0.478363007,1.84295642,-0.408742428
8222,8.222678,0.516867757,0.507828355,0.483132243,-1.47033679,-0.51361078,1.98394752,-0.408742428
8223,8.223698,0.518140793,0.508295894,0.482124776,-1.5710448,-0.543823183,2.11486793,-0.408742428
8224,8.224680,0.519129336,0.508877933,0.480870664,-1.67175281,-0.569000244,2.24075317,-0.408742428
8225,8.225693,0.520089686,0.509323657,0.479910344,-1.78756702,-0.599212646,2.35153198,-0.408742428
8226,8.226676,0.521003604,0.509747803,0.478996396,-1.88323963,-0.63446039,2.48245215,-0.408742428
8227,8.227696,0.521954834,0.510189295,0.478045166,-1.98394775,-0.659637392,2.64358521,-0.408742428
8228,8.228722,0.522787333,0.510575652,0.477212667,-2.05444312,-0.689849854,2.74429297,-0.408683836
8229,8.229680,0.523621082,0.510962605,0.476378918,-2.15011597,-0.699920595,2.85003662,-0.408655703
8230,8.230689,0.524614215,0.511423528,0.475385815,-2.23068237,-0.725097597,2.95578003,-0.40847522
8231,8.231685,0.525368035,0.511773348,0.474631995,-2.30117774,-0.740203857,3.0413816,-0.40836972
8232,8.232693,0.526105106,0.512115419,0.473894924,-2.41195655,-0.750274599,3.16223121,-0.408147037
8233,8.233676,0.526762307,0.512420416,0.473237693,-2.49252319,-0.7653808,3.25790405,-0.40800637
8234,8.234699,0.527422547,0.512726843,0.472577482,-2.56301856,-0.77041626,3.33343482,-0.407793045
8235,8.235685,0.528021038,0.513004601,0.471978962,-2.63854957,-0.745239198,3.38378882,-0.407523453
8236,8.236693,0.52873385,0.513335466,0.47126621,-2.70904541,-0.745239198,3.45428467,-0.407108635
8237,8.237676,0.529215395,0.513558924,0.470784634,-2.77450538,-0.730133057,3.50463843,-0.406768829
8238,8.238696,0.529676735,0.513773024,0.470323265,-2.87017822,-0.689849854,3.56002808,-0.406480581
8239,8.239720,0.530118287,0.513977945,0.469881713,-2.93060279,-0.659637392,3.59024024,-0.406368107
8240,8.240680,0.530467629,0.514140069,0.4695324,-3.00109839,-0.599212646,3.60031104,-0.405285329
8241,8.241689,0.530870914,0.514292419,0.469204098,-3.0514524,-0.538787842,3.59024024,-0.404394716
8242,8.242685,0.531117678,0.514441788,0.468882352,-3.1018064,-0.473327577,3.57513404,-0.403201789
8243,8.243694,0.531367958,0.514557898,0.468632042,-3.14712501,-0.397796571,3.54492164,-0.402320534
8244,8.244677,0.531572342,0.514652789,0.468427658,-3.17230225,-0.25680539,3.44924903,-0.400726795
8245,8.245702,0.531730473,0.514726162,0.468269497,-3.15216041,-0.166168213,3.31832862,-0.399210393
8246,8.246684,0.531766176,0.514742732,0.468233824,-3.0766294,-0.0503540002,3.1269834,-0.39774552
8247,8.247693,0.531807959,0.514760971,0.468194544,-2.93563819,0.0654601976,2.87017798,-0.394602537
8248,8.248675,0.531788588,0.514753103,0.468202144,-2.6335144,0.1863098,2.44720459,-0.391333014
8249,8.249698,0.531722367,0.514722407,0.468277633,-2.03933716,0.261840791,1.93862915,-0.387939245
8250,8.250721,0.531609356,0.514669955,0.468390614,-1.38977051,0.105743401,1.2840271,-0.383104056
8251,8.251794,0.531402647,0.514574051,0.468525201,-0.815734804,-0.25176999,1.06750476,-0.375135303
8252,8.252586,0.531243861,0.51450032,0.468756139,-0.397796571,-0.699920595,1.09771717,-0.371300906
8253,8.253695,0.530921638,0.514383376,0.469008178,0.0151061993,-1.67678833,1.66168213,-0.363004029
8254,8.254677,0.530588329,0.514196098,0.469281465,0.100708,-2.40692139,2.30621338,-0.356033713
8255,8.255702,0.530258417,0.514042974,0.469741613,-0.302124023,-2.81478858,3.0262754,-0.351369679
8256,8.256685,0.52983588,0.513846874,0.47016412,-0.861053407,-2.84500098,3.70605445,-0.345880598
8257,8.257694,0.52941668,0.513652325,0.47058329,-1.45019519,-2.51769996,3.96789503,-0.339207917
8258,8.258677,0.528953493,0.513437331,0.471046478,-1.91345203,-2.04437232,3.95782423,-0.335000873
8259,8.259700,0.528240383,0.513181269,0.471598327,-2.20046997,-1.58615112,3.78662109,-0.333198547
8260,8.260682,0.527659774,0.512836933,0.472340226,-2.37167335,-1.2437439,3.61541724,-0.332026631
8261,8.261768,0.527059853,0.51255852,0.472940147,-2.47741675,-0.906372011,3.38378882,-0.332033694
8262,8.262586,0.526567221,0.512329876,0.473432779,-2.51769996,-0.780487061,3.29818702,-0.332359523
8263,8.263693,0.52569741,0.511926234,0.47430262,-2.48245239,-0.654602051,3.13705444,-0.333456337
8264,8.264675,0.524978638,0.511592627,0.475021362,-2.43209815,-0.619354188,3.0514524,-0.334147722
8265,8.265700,0.523964942,0.511223555,0.475816637,-2.35153174,-0.589141846,2.94067359,-0.335291445
8266,8.266684,0.523164153,0.510750532,0.476835877,-2.28607154,-0.538787842,2.82485938,-0.335460246
8267,8.267694,0.522274852,0.51033777,0.477725118,-2.14508057,-0.569000244,2.74932837,-0.33550477
8268,8.268677,0.521389425,0.509926856,0.478610575,-2.03933716,-0.594177186,2.66876197,-0.33673057
8269,8.269700,0.520488739,0.509508848,0.479511261,-1.94869983,-0.563964844,2.51266479,-0.336993128
8270,8.270682,0.519540846,0.509068966,0.480459183,-1.85806262,-0.543823183,2.40188575,-0.337122053
8271,8.271692,0.518315613,0.508500278,0.481435835,-1.73721302,-0.553893983,2.29110694,-0.337253273
8272,8.272696,0.517318666,0.508037627,0.482681304,-1.64657581,-0.50857538,2.15515113,-0.337398618
8273,8.273694,0.516255796,0.507544339,0.483744174,-1.5307616,-0.468292207,2.03933692,-0.337508827
8274,8.274677,0.515196562,0.507052779,0.484803468,-1.46530139,-0.377654999,1.86813343,-0.337597936
8275,8.275701,0.514148474,0.506566346,0.485851556,-1.36962891,-0.327301025,1.69692993,-0.337818295
8276,8.276685,0.51301223,0.506039023,0.486987799,-1.29409778,-0.246734604,1.5408324,-0.338066787
8277,8.277694,0.511625707,0.505518377,0.488109529,-1.18835437,-0.206451416,1.39480579,-0.338537842
8278,8.278677,0.510480464,0.504863977,0.489248842,-1.10778797,-0.166168213,1.27395618,-0.338870615
8279,8.279697,0.509312332,0.504321873,0.490687668,-0.961761415,-0.130920395,1.12289429,-0.339135438
8280,8.280682,0.508145392,0.503780305,0.491854638,-0.845947206,-0.100708,0.946655214,-0.339643985
8281,8.281692,0.506947935,0.503224552,0.493052095,-0.750274599,-0.0956726,0.845947206,-0.339993209
8282,8.282704,0.505757749,0.502672195,0.494242281,-0.629424989,-0.0704956055,0.699920595,-0.340002567
8283,8.283696,0.504247844,0.502113283,0.495446503,-0.51864624,-0.0503540002,0.569000244,-0.340994
8284,8.284693,0.503036499,0.501409233,0.496963501,-0.412902832,-0.0151061993,0.428009033,-0.341612726
8285,8.285680,0.501820624,0.500844955,0.498179376,-0.337371796,0.0201416016,0.317230195,-0.342304111
8286,8.286689,0.500602603,0.500279665,0.499397427,-0.266876191,0.0503540002,0.216522187,-0.343178302
8287,8.287684,0.499382645,0.49971348,0.500617325,-0.1963806,0.0553894006,0.140991196,-0.343867332
8288,8.288692,0.498164147,0.499147981,0.501835883,-0.171203613,0.0805664063,0.090637207,-0.344556361
8289,8.289676,0.496948361,0.498583734,0.503051639,-0.130920395,0.100708,0.0302123949,-0.345318049
8290,8.290697,0.495435148,0.497881442,0.504564881,-0.0856018066,0.151062012,-0.0654602051,-0.346318811
8291,8.291679,0.49422738,0.49732092,0.50577265,-0.0503540002,0.201416001,-0.151061997,-0.347209424
8292,8.292688,0.493037283,0.496768594,0.506962717,0.0453185998,0.271911591,-0.317230195,-0.347931296
8293,8.293713,0.491859347,0.4962219,0.508140624,0.125884995,0.307159424,-0.433044434,-0.348660201
8294,8.294693,0.490687847,0.495678216,0.509312153,0.201416001,0.357513398,-0.558929384,-0.349375039
8295,8.295693,0.489234507,0.495133191,0.510486424,0.271911591,0.417938203,-0.689849794,-0.350385159
8296,8.296676,0.488086045,0.494470716,0.511630535,0.337371796,0.458221376,-0.795593143,-0.350931257
8297,8.297698,0.48696366,0.493949831,0.51303637,0.392761201,0.51361078,-0.901336551,-0.350900829
8298,8.298680,0.485860437,0.493437797,0.514139533,0.433044404,0.574035585,-0.997009277,-0.35306409
8299,8.299689,0.484790176,0.492941111,0.515209854,0.453186005,0.629424989,-1.08261096,-0.354683608
8300,8.300684,0.483718157,0.492443562,0.516281843,0.478363007,0.669708192,-1.14807117,-0.356115669
8301,8.301693,0,0,0,0,0,0,-0.357716501
8302,8.302675,0,0,0,0,0,0,-0.359516472
8303,8.303695,0,0,0,0,0,0,-0.361267239
8304,8.304708,0,0,0,0,0,0,-0.363015682
8305,8.305726,0,0,0,0,0,0,-0.364764124
8306,8.306696,0,0,0,0,0,0,-0.36550948
8307,8.307691,0,0,0,0,0,0,-0.365434527
8308,8.308675,0,0,0,0,0,0,-0.365296274
8309,8.309695,0,0,0,0,0,0,-0.365277499
8310,8.310678,0,0,0,0,0,0,-0.371851742
8311,8.311699,0,0,0,0,0,0,-0.37439239
8312,8.312682,0,0,0,0,0,0,-0.374966592
8313,8.313691,0,0,0,0,0,0,-0.376785308
8314,8.314673,0,0,0,0,0,0,-0.378439993
8315,8.315725,0,0,0,0,0,0,-0.379820496
8316,8.316698,0,0,0,0,0,0,-0.380704075
8317,8.317694,0,0,0,0,0,0,-0.381981462
8318,8.318677,0,0,0,0,0,0,-0.382886142
8319,8.319698,0,0,0,0,0,0,-0.383891582
8320,8.320680,0,0,0,0,0,0,-0.384430707
8321,8.321689,0,0,0,0,0,0,-0.384740084
8322,8.322685,0,0,0,0,0,0,-0.385307252
8323,8.323693,0,0,0,0,0,0,-0.385562778
8324,8.324676,0,0,0,0,0,0,-0.385670602
8325,8.325702,0,0,0,0,0,0,-0.385607332
8326,8.326703,0,0,0,0,0,0,-0.385602683
8327,8.327829,0,0,0,0,0,0,-0.385469109
8328,8.328584,0,0,0,0,0,0,-0.385075361
8329,8.329691,0,0,0,0,0,0,-0.384470642
8330,8.330674,0,0,0,0,0,0,-0.384039402
8331,8.331695,0,0,0,0,0,0,-0.383097202
8332,8.332679,0,0,0,0,0,0,-0.382337809
8333,8.333689,0,0,0,0,0,0,-0.381501138
8334,8.334685,0,0,0,0,0,0,-0.3808285
8335,8.335698,0,0,0,0,0,0,-0.379694164
8336,8.336681,0,0,0,0,0,0,-0.379122257
8337,8.337690,0,0,0,0,0,0,-0.379173785
8338,8.338693,0,0,0,0,0,0,-0.379237086
8339,8.339691,0,0,0,0,0,0,-0.377500325
8340,8.340674,0,0,0,0,0,0,-0.374673754
8341,8.341694,0,0,0,0,0,0,-0.373848706
8342,8.342678,0,0,0,0,0,0,-0.373138517
8343,8.343687,0,0,0,0,0,0,-0.372006506
8344,8.344682,0,0,0,0,0,0,-0.37145099
8345,8.345696,0,0,0,0,0,0,-0.370759577
8346,8.346679,0,0,0,0,0,0,-0.370532244
8347,8.347688,0,0,0,0,0,0,-0.369709611
8348,8.348713,0,0,0,0,0,0,-0.369351
8349,8.349701,0,0,0,0,0,0,-0.368727505
8350,8.350699,0,0,0,0,0,0,-0.368497789
8351,8.351682,0,0,0,0,0,0,-0.368314981
8352,8.352691,0,0,0,0,0,0,-0.368209541
8353,8.353674,0,0,0,0,0,0,-0.368050188
8354,8.354695,0,0,0,0,0,0,-0.368064195
8355,8.355852,0,0,0,0,0,0,-0.368075877
8356,8.356593,0,0,0,0,0,0,-0.368092269
8357,8.357688,0,0,0,0,0,0,-0.368333668
8358,8.358683,0,0,0,0,0,0,-0.368563384
8359,8.359709,0,0,0,0,0,0,-0.368907958
8360,8.360689,0,0,0,0,0,0,-0.369271189
8361,8.361697,0,0,0,0,0,0,-0.369636774
8362,8.362681,0,0,0,0,0,0,-0.370011747
8363,8.363690,0,0,0,0,0,0,-0.370473444
8364,8.364684,0,0,0,0,0,0,-0.370832026
8365,8.365695,0,0,0,0,0,0,-0.371228099
8366,8.366679,0,0,0,0,0,0,-0.371621847
8367,8.367688,0,0,0,0,0,0,-0.372130424
8368,8.368683,0,0,0,0,0,0,-0.372582763
8369,8.369691,0,0,0,0,0,0,-0.372866362
8370,8.370705,0,0,0,0,0,0,-0.373311669
8371,8.371689,0,0,0,0,0,0,-0.373653859
8372,8.372698,0,0,0,0,0,0,-0.373953849
8373,8.373681,0,0,0,0,0,0,-0.374260873
8374,8.374689,0,0,0,0,0,0,-0.374610066
8375,8.375687,0,0,0,0,0,0,-0.374846756
8376,8.376696,0,0,0,0,0,0,-0.375120938
8377,8.377679,0,0,0,0,0,0,-0.375315428
8378,8.378688,0,0,0,0,0,0,-0.375430226
8379,8.379684,0,0,0,0,0,0,-0.375568569
8380,8.380692,0,0,0,0,0,0,-0.375706911
8381,8.381705,0,0,0,0,0,0,-0.375702262
8382,8.382692,0,0,0,0,0,0,-0.375786662
8383,8.383687,0,0,0,0,0,0,-0.375805438
8384,8.384683,0,0,0,0,0,0,-0.37579608
8385,8.385694,0,0,0,0,0,0,-0.375831246
8386,8.386677,0,0,0,0,0,0,-0.375793755
8387,8.387699,0,0,0,0,0,0,-0.375561714
8388,8.388683,0,0,0,0,0,0,-0.375404656
8389,8.389691,0,0,0,0,0,0,-0.375271022
8390,8.390675,0,0,0,0,0,0,-0.375085831
8391,8.391696,0,0,0,0,0,0,-0.374909997
8392,8.392786,0,0,0,0,0,0,-0.374813855
8393,8.393675,0,0,0,0,0,0,-0.374614596
8394,8.394696,0,0,0,0,0,0,-0.374473929
8395,8.395684,0,0,0,0,0,0,-0.374398887
8396,8.396693,0,0,0,0,0,0,-0.374293387
8397,8.397676,0,0,0,0,0,0,-0.374312103
8398,8.398696,0,0,0,0,0,0,-0.374307394
8399,8.399681,0,0,0,0,0,0,-0.374279261
8400,8.400690,0,0,0,0,0,0,-0.374316752
8401,8.401687,0,0,0,0,0,0,-0.374316752
8402,8.402696,0,0,0,0,0,0,-0.374316752
8403,8.403748,0,0,0,0,0,0,-0.374316752
8404,8.404676,0,0,0,0,0,0,-0.374316752
8405,8.405700,0,0,0,0,0,0,-0.374375343
8406,8.406690,0,0,0,0,0,0,-0.374462068
8407,8.407699,0,0,0,0,0,0,-0.37458396
8408,8.408682,0,0,0,0,0,0,-0.374661326
8409,8.409691,0,0,0,0,0,0,-0.374708235
8410,8.410674,0,0,0,0,0,0,-0.374844193
8411,8.411697,0,0,0,0,0,0,-0.374855936
8412,8.412680,0,0,0,0,0,0,-0.374839544
8413,8.413688,0,0,0,0,0,0,-0.374933302
8414,8.414714,0,0,0,0,0,0,-0.374989569
8415,8.415679,0,0,0,0,0,0,-0.374966145
8416,8.416691,0,0,0,0,0,0,-0.374994278
8417,8.417674,0,0,0,0,0,0,-0.374994278
8418,8.418695,0,0,0,0,0,0,-0.374994278
8419,8.419678,0,0,0,0,0,0,-0.374994278
8420,8.420698,0,0,0,0,0,0,-0.374855995
8421,8.421681,0,0,0,0,0,0,-0.374827862
8422,8.422689,0,0,0,0,0,0,-0.374713004
8423,8.423684,0,0,0,0,0,0,-0.374656737
8424,8.424693,0,0,0,0,0,0,-0.374607503
8425,8.425699,0,0,0,0,0,0,-0.374551237
8426,8.426673,0,0,0,0,0,0,-0.374553561
8427,8.427694,0,0,0,0,0,0,-0.374518394
8428,8.428677,0,0,0,0,0,0,-0.374555886
8429,8.429698,0,0,0,0,0,0,-0.374555886
8430,8.430680,0,0,0,0,0,0,-0.374555886
8431,8.431688,0,0,0,0,0,0,-0.374555886
8432,8.432684,0,0,0,0,0,0,-0.374555886
8433,8.433692,0,0,0,0,0,0,-0.374555886
8434,8.434675,0,0,0,0,0,0,-0.374555886
8435,8.435700,0,0,0,0,0,0,-0.374555886
8436,8.436713,0,0,0,0,0,0,-0.374614477
8437,8.437681,0,0,0,0,0,0,-0.374722302
8438,8.438690,0,0,0,0,0,0,-0.374705911
8439,8.439673,0,0,0,0,0,0,-0.374734044
8440,8.440695,0,0,0,0,0,0,-0.374755144
8441,8.441677,0,0,0,0,0,0,-0.374755144
8442,8.442698,0,0,0,0,0,0,-0.374755144
8443,8.443681,0,0,0,0,0,0,-0.374755144
8444,8.444690,0,0,0,0,0,0,-0.374755144
8445,8.445688,0,0,0,0,0,0,-0.374755144
8446,8.446697,0,0,0,0,0,0,-0.374755144
8447,8.447711,0,0,0,0,0,0,-0.374755144
8448,8.448682,0,0,0,0,0,0,-0.374755144
8449,8.449691,0,0,0,0,0,0,-0.374755144
8450,8.450674,0,0,0,0,0,0,-0.374755144
8451,8.451694,0,0,0,0,0,0,-0.374755144
8452,8.452677,0,0,0,0,0,0,-0.374755144
8453,8.453698,0,0,0,0,0,0,-0.374755144
8454,8.454681,0,0,0,0,0,0,-0.374755144
8455,8.455692,0,0,0,0,0,0,-0.374755144
8456,8.456677,0,0,0,0,0,0,-0.374755144
8457,8.457687,0,0,0,0,0,0,-0.374755144
8458,8.458711,0,0,0,0,0,0,-0.374755144
8459,8.459682,0,0,0,0,0,0,-0.374755144
8460,8.460692,0,0,0,0,0,0,-0.374755144
8461,8.461690,0,0,0,0,0,0,-0.374755144
8462,8.462673,0,0,0,0,0,0,-0.374755144
8463,8.463696,0,0,0,0,0,0,-0.374755144
8464,8.464680,0,0,0,0,0,0,-0.374755144
8465,8.465692,0,0,0,0,0,0,-0.374755144
8466,8.466675,0,0,0,0,0,0,-0.374755144
8467,8.467696,0,0,0,0,0,0,-0.374755144
8468,8.468679,0,0,0,0,0,0,-0.374755144
8469,8.469793,0,0,0,0,0,0,-0.374755144
8470,8.470586,0,0,0,0,0,0,-0.374755144
8471,8.471693,0,0,0,0,0,0,-0.374755144
8472,8.472676,0,0,0,0,0,0,-0.374755144
8473,8.473699,0,0,0,0,0,0,-0.374755144
8474,8.474683,0,0,0,0,0,0,-0.374755144
8475,8.475694,0,0,0,0,0,0,-0.374755144
8476,8.476678,0,0,0,0,0,0,-0.374755144
8477,8.477688,0,0,0,0,0,0,-0.374755144
8478,8.478683,0,0,0,0,0,0,-0.374755144
8479,8.479691,0,0,0,0,0,0,-0.374755144
8480,8.480698,0,0,0,0,0,0,-0.374755144
8481,8.481696,0,0,0,0,0,0,-0.374755144
8482,8.482679,0,0,0,0,0,0,-0.374755144
8483,8.483688,0,0,0,0,0,0,-0.374755144
8484,8.484684,0,0,0,0,0,0,-0.374755144
8485,8.485695,0,0,0,0,0,0,-0.374755144
8486,8.486678,0,0,0,0,0,0,-0.374755144
8487,8.487699,0,0,0,0,0,0,-0.374755144
8488,8.488682,0,0,0,0,0,0,-0.374755144
8489,8.489690,0,0,0,0,0,0,-0.374755144
8490,8.490697,0,0,0,0,0,0,-0.374755144
8491,8.491697,0,0,0,0,0,0,-0.374755144
8492,8.492695,0,0,0,0,0,0,-0.374755144
8493,8.493677,0,0,0,0,0,0,-0.374755144
8494,8.494697,0,0,0,0,0,0,-0.374755144
8495,8.495685,0,0,0,0,0,0,-0.374755144
8496,8.496694,0,0,0,0,0,0,-0.374755144
8497,8.497677,0,0,0,0,0,0,-0.374755144
8498,8.498699,0,0,0,0,0,0,-0.374755144
8499,8.499681,0,0,0,0,0,0,-0.374755144
8500,8.500690,0,0,0,0,0,0,-0.374755144
8501,8.501672,0,0,0,0,0,0,-0.374755144
8502,8.502699,0,0,0,0,0,0,-0.374755144
8503,8.503695,0,0,0,0,0,0,-0.374755144
8504,8.504679,0,0,0,0,0,0,-0.374755144
8505,8.505691,0,0,0,0,0,0,-0.374755144
8506,8.506674,0,0,0,0,0,0,-0.374755144
8507,8.507696,0,0,0,0,0,0,-0.374755144
8508,8.508678,0,0,0,0,0,0,-0.374755144
8509,8.509686,0,0,0,0,0,0,-0.374755144
8510,8.510682,0,0,0,0,0,0,-0.374755144
8511,8.511691,0,0,0,0,0,0,-0.374755144
8512,8.512872,0,0,0,0,0,0,-0.374755144
8513,8.513586,0,0,0,0,0,0,-0.374755144
8514,8.514687,0,0,0,0,0,0,-0.374755144
8515,8.515686,0,0,0,0,0,0,-0.374755144
8516,8.516695,0,0,0,0,0,0,-0.374755144
8517,8.517678,0,0,0,0,0,0,-0.374755144
8518,8.518686,0,0,0,0,0,0,-0.374755144
8519,8.519682,0,0,0,0,0,0,-0.374755144
8520,8.520692,0,0,0,0,0,0,-0.374755144
8521,8.521675,0,0,0,0,0,0,-0.374755144
8522,8.522697,0,0,0,0,0,0,-0.374755144
8523,8.523680,0,0,0,0,0,0,-0.374755144
8524,8.524692,0,0,0,0,0,0,-0.374755144
8525,8.525692,0,0,0,0,0,0,-0.374755144
8526,8.526675,0,0,0,0,0,0,-0.374755144
8527,8.527696,0,0,0,0,0,0,-0.374755144
8528,8.528680,0,0,0,0,0,0,-0.374755144
8529,8.529690,0,0,0,0,0,0,-0.374755144
8530,8.530673,0,0,0,0,0,0,-0.374755144
8531,8.531696,0,0,0,0,0,0,-0.374755144
8532,8.532678,0,0,0,0,0,0,-0.374755144
8533,8.533687,0,0,0,0,0,0,-0.374755144
8534,8.534683,0,0,0,0,0,0,-0.374755144
8535,8.535694,0,0,0,0,0,0,-0.374755144
8536,8.536689,0,0,0,0,0,0,-0.374755144
8537,8.537674,0,0,0,0,0,0,-0.374755144
8538,8.538695,0,0,0,0,0,0,-0.374755144
8539,8.539678,0,0,0,0,0,0,-0.374755144
8540,8.540689,0,0,0,0,0,0,-0.374755144
8541,8.541684,0,0,0,0,0,0,-0.374755144
8542,8.542693,0,0,0,0,0,0,-0.374755144
8543,8.543676,0,0,0,0,0,0,-0.374755144
8544,8.544697,0,0,0,0,0,0,-0.374755144
8545,8.545684,0,0,0,0,0,0,-0.374755144
8546,8.546694,0,0,0,0,0,0,-0.374755144
8547,8.547692,0,0,0,0,0,0,-0.374755144
8548,8.548674,0,0,0,0,0,0,-0.374755144
8549,8.549697,0,0,0,0,0,0,-0.374755144
8550,8.550680,0,0,0,0,0,0,-0.374755144
8551,8.551687,0,0,0,0,0,0,-0.374755144
8552,8.552683,0,0,0,0,0,0,-0.374755144
8553,8.553692,0,0,0,0,0,0,-0.374755144
8554,8.554675,0,0,0,0,0,0,-0.374755144
8555,8.555700,0,0,0,0,0,0,-0.374755144
8556,8.556708,0,0,0,0,0,0,-0.374755144
8557,8.557705,0,0,0,0,0,0,-0.374755144
8558,8.558691,0,0,0,0,0,0,-0.374755144
8559,8.559674,0,0,0,0,0,0,-0.374755144
8560,8.560696,0,0,0,0,0,0,-0.374755144
8561,8.561679,0,0,0,0,0,0,-0.374755144
8562,8.562688,0,0,0,0,0,0,-0.374755144
8563,8.563684,0,0,0,0,0,0,-0.374755144
8564,8.564700,0,0,0,0,0,0,-0.374755144
8565,8.565700,0,0,0,0,0,0,-0.374755144
8566,8.566682,0,0,0,0,0,0,-0.374755144
8567,8.567691,0,0,0,0,0,0,-0.374755144
8568,8.568698,0,0,0,0,0,0,-0.374755144
8569,8.569696,0,0,0,0,0,0,-0.374755144
8570,8.570678,0,0,0,0,0,0,-0.374755144
8571,8.571698,0,0,0,0,0,0,-0.374755144
8572,8.572681,0,0,0,0,0,0,-0.374755144
8573,8.573690,0,0,0,0,0,0,-0.374755144
8574,8.574684,0,0,0,0,0,0,-0.374755144
8575,8.575696,0,0,0,0,0,0,-0.374755144
8576,8.576680,0,0,0,0,0,0,-0.374755144
8577,8.577689,0,0,0,0,0,0,-0.374755144
8578,8.578684,0,0,0,0,0,0,-0.374755144
8579,8.579697,0,0,0,0,0,0,-0.374755144
8580,8.580692,0,0,0,0,0,0,-0.374755144
8581,8.581675,0,0,0,0,0,0,-0.374755144
8582,8.582696,0,0,0,0,0,0,-0.374755144
8583,8.583678,0,0,0,0,0,0,-0.374755144
8584,8.584687,0,0,0,0,0,0,-0.374755144
8585,8.585686,0,0,0,0,0,0,-0.374755144
8586,8.586695,0,0,0,0,0,0,-0.374755144
8587,8.587677,0,0,0,0,0,0,-0.374755144
8588,8.588686,0,0,0,0,0,0,-0.374755144
8589,8.589684,0,0,0,0,0,0,-0.374755144
8590,8.590696,0,0,0,0,0,0,-0.374755144
8591,8.591693,0,0,0,0,0,0,-0.374755144
8592,8.592676,0,0,0,0,0,0,-0.374755144
8593,8.593699,0,0,0,0,0,0,-0.374755144
8594,8.594682,0,0,0,0,0,0,-0.374755144
8595,8.595694,0,0,0,0,0,0,-0.374755144
8596,8.596678,0,0,0,0,0,0,-0.374755144
8597,8.597699,0,0,0,0,0,0,-0.374755144
8598,8.598683,0,0,0,0,0,0,-0.374755144
8599,8.599691,0,0,0,0,0,0,-0.374755144
8600,8.600675,0,0,0,0,0,0,-0.374755144
8601,8.601689,0,0,0,0,0,0,-0.374755144
8602,8.602699,0,0,0,0,0,0,-0.374755144
8603,8.603683,0,0,0,0,0,0,-0.374755144
8604,8.604691,0,0,0,0,0,0,-0.374755144
8605,8.605678,0,0,0,0,0,0,-0.374755144
8606,8.606688,0,0,0,0,0,0,-0.374755144
8607,8.607683,0,0,0,0,0,0,-0.374755144
8608,8.608692,0,0,0,0,0,0,-0.374755144
8609,8.609677,0,0,0,0,0,0,-0.374755144
8610,8.610686,0,0,0,0,0,0,-0.374755144
8611,8.611708,0,0,0,0,0,0,-0.374755144
8612,8.612697,0,0,0,0,0,0,-0.374755144
8613,8.613692,0,0,0,0,0,0,-0.374755144
8614,8.614677,0,0,0,0,0,0,-0.374755144
8615,8.615700,0,0,0,0,0,0,-0.374755144
8616,8.616691,0,0,0,0,0,0,-0.374755144
8617,8.617700,0,0,0,0,0,0,-0.374755144
8618,8.618682,0,0,0,0,0,0,-0.374755144
8619,8.619691,0,0,0,0,0,0,-0.374755144
8620,8.620673,0,0,0,0,0,0,-0.374755144
8621,8.621696,0,0,0,0,0,0,-0.374755144
8622,8.622704,0,0,0,0,0,0,-0.374755144
8623,8.623696,0,0,0,0,0,0,-0.374755144
8624,8.624693,0,0,0,0,0,0,-0.374755144
8625,8.625681,0,0,0,0,0,0,-0.374755144
8626,8.626690,0,0,0,0,0,0,-0.374755144
8627,8.627685,0,0,0,0,0,0,-0.374755144
8628,8.628693,0,0,0,0,0,0,-0.374755144
8629,8.629676,0,0,0,0,0,0,-0.374755144
8630,8.630696,0,0,0,0,0,0,-0.374755144
8631,8.631679,0,0,0,0,0,0,-0.374755144
8632,8.632688,0,0,0,0,0,0,-0.374755144
8633,8.633683,0,0,0,0,0,0,-0.374755144
8634,8.634699,0,0,0,0,0,0,-0.374755144
8635,8.635698,0,0,0,0,0,0,-0.374755144
8636,8.636681,0,0,0,0,0,0,-0.374755144
8637,8.637689,0,0,0,0,0,0,-0.374755144
8638,8.638684,0,0,0,0,0,0,-0.374755144
8639,8.639692,0,0,0,0,0,0,-0.374755144
8640,8.640675,0,0,0,0,0,0,-0.374755144
8641,8.641697,0,0,0,0,0,0,-0.374755144
8642,8.642679,0,0,0,0,0,0,-0.374755144
8643,8.643688,0,0,0,0,0,0,-0.374755144
8644,8.644712,0,0,0,0,0,0,-0.374755144
8645,8.645703,0,0,0,0,0,0,-0.374755144
8646,8.646700,0,0,0,0,0,0,-0.374755144
8647,8.647682,0,0,0,0,0,0,-0.374755144
8648,8.648690,0,0,0,0,0,0,-0.374755144
8649,8.649673,0,0,0,0,0,0,-0.374755144
8650,8.650695,0,0,0,0,0,0,-0.374755144
8651,8.651678,0,0,0,0,0,0,-0.374755144
8652,8.652687,0,0,0,0,0,0,-0.374755144
8653,8.653683,0,0,0,0,0,0,-0.374755144
8654,8.654692,0,0,0,0,0,0,-0.374755144
8655,8.655678,0,0,0,0,0,0,-0.374755144
8656,8.656693,0,0,0,0,0,0,-0.374755144
8657,8.657692,0,0,0,0,0,0,-0.374755144
8658,8.658674,0,0,0,0,0,0,-0.374755144
8659,8.659697,0,0,0,0,0,0,-0.374755144
8660,8.660681,0,0,0,0,0,0,-0.374755144
8661,8.661689,0,0,0,0,0,0,-0.374755144
8662,8.662685,0,0,0,0,0,0,-0.374755144
8663,8.663694,0,0,0,0,0,0,-0.374755144
8664,8.664677,0,0,0,0,0,0,-0.374755144
8665,8.665703,0,0,0,0,0,0,-0.374755144
8666,8.666674,0,0,0,0,0,0,-0.374755144
8667,8.667697,0,0,0,0,0,0,-0.374755144
8668,8.668694,0,0,0,0,0,0,-0.374755144
8669,8.669678,0,0,0,0,0,0,-0.374755144
8670,8.670686,0,0,0,0,0,0,-0.374755144
8671,8.671681,0,0,0,0,0,0,-0.374755144
8672,8.672691,0,0,0,0,0,0,-0.374755144
8673,8.673674,0,0,0,0,0,0,-0.374755144
8674,8.674696,0,0,0,0,0,0,-0.374755144
8675,8.675682,0,0,0,0,0,0,-0.374755144
8676,8.676691,0,0,0,0,0,0,-0.374755144
8677,8.677723,0,0,0,0,0,0,-0.374755144
8678,8.678690,0,0,0,0,0,0,-0.374755144
8679,8.679700,0,0,0,0,0,0,-0.374755144
8680,8.680683,0,0,0,0,0,0,-0.374755144
8681,8.681691,0,0,0,0,0,0,-0.374755144
8682,8.682673,0,0,0,0,0,0,-0.374755144
8683,8.683696,0,0,0,0,0,0,-0.374755144
8684,8.684678,0,0,0,0,0,0,-0.374755144
8685,8.685690,0,0,0,0,0,0,-0.374755144
8686,8.686685,0,0,0,0,0,0,-0.374755144
8687,8.687694,0,0,0,0,0,0,-0.374755144
8688,8.688706,0,0,0,0,0,0,-0.374755144
8689,8.689701,0,0,0,0,0,0,-0.374755144
8690,8.690696,0,0,0,0,0,0,-0.374755144
8691,8.691680,0,0,0,0,0,0,-0.374755144
8692,8.692689,0,0,0,0,0,0,-0.374755144
8693,8.693683,0,0,0,0,0,0,-0.374755144
8694,8.694692,0,0,0,0,0,0,-0.374755144
8695,8.695679,0,0,0,0,0,0,-0.374755144
8696,8.696688,0,0,0,0,0,0,-0.374755144
8697,8.697685,0,0,0,0,0,0,-0.374755144
8698,8.698694,0,0,0,0,0,0,-0.374755144
8699,8.699702,0,0,0,0,0,0,-0.374755144
8700,8.700691,0,0,0,0,0,0,-0.374755144
8701,8.701688,0,0,0,0,0,0,-0.374755144
8702,8.702685,0,0,0,0,0,0,-0.374755144
8703,8.703694,0,0,0,0,0,0,-0.374755144
8704,8.704676,0,0,0,0,0,0,-0.374755144
8705,8.705700,0,0,0,0,0,0,-0.374755144
8706,8.706684,0,0,0,0,0,0,-0.374755144
8707,8.707693,0,0,0,0,0,0,-0.374755144
8708,8.708675,0,0,0,0,0,0,-0.374755144
8709,8.709695,0,0,0,0,0,0,-0.374755144
8710,8.710704,0,0,0,0,0,0,-0.374755144
8711,8.711692,0,0,0,0,0,0,-0.374755144
8712,8.712690,0,0,0,0,0,0,-0.374755144
8713,8.713685,0,0,0,0,0,0,-0.374755144
8714,8.714693,0,0,0,0,0,0,-0.374755144
8715,8.715679,0,0,0,0,0,0,-0.374755144
8716,8.716689,0,0,0,0,0,0,-0.374755144
8717,8.717684,0,0,0,0,0,0,-0.374755144
8718,8.718693,0,0,0,0,0,0,-0.374755144
8719,8.719678,0,0,0,0,0,0,-0.374755144
8720,8.720687,0,0,0,0,0,0,-0.374755144
8721,8.721709,0,0,0,0,0,0,-0.374755144
8722,8.722695,0,0,0,0,0,0,-0.374755144
8723,8.723691,0,0,0,0,0,0,-0.374755144
8724,8.724675,0,0,0,0,0,0,-0.374755144
8725,8.725699,0,0,0,0,0,0,-0.374755144
8726,8.726681,0,0,0,0,0,0,-0.374755144
8727,8.727693,0,0,0,0,0,0,-0.374755144
8728,8.728675,0,0,0,0,0,0,-0.374755144
8729,8.729697,0,0,0,0,0,0,-0.374755144
8730,8.730698,0,0,0,0,0,0,-0.374755144
8731,8.731696,0,0,0,0,0,0,-0.374755144
8732,8.732679,0,0,0,0,0,0,-0.374755144
8733,8.733693,0,0,0,0,0,0,-0.374755144
8734,8.734690,0,0,0,0,0,0,-0.374755144
8735,8.735676,0,0,0,0,0,0,-0.374755144
8736,8.736699,0,0,0,0,0,0,-0.374755144
8737,8.737683,0,0,0,0,0,0,-0.374755144
8738,8.738691,0,0,0,0,0,0,-0.374755144
8739,8.739675,0,0,0,0,0,0,-0.374755144
8740,8.740697,0,0,0,0,0,0,-0.374755144
8741,8.741680,0,0,0,0,0,0,-0.374755144
8742,8.742688,0,0,0,0,0,0,-0.374755144
8743,8.743684,0,0,0,0,0,0,-0.374755144
8744,8.744691,0,0,0,0,0,0,-0.374755144
8745,8.745692,0,0,0,0,0,0,-0.374755144
8746,8.746674,0,0,0,0,0,0,-0.374755144
8747,8.747694,0,0,0,0,0,0,-0.374755144
8748,8.748678,0,0,0,0,0,0,-0.374755144
8749,8.749686,0,0,0,0,0,0,-0.374755144
8750,8.750681,0,0,0,0,0,0,-0.374755144
8751,8.751690,0,0,0,0,0,0,-0.374755144
8752,8.752674,0,0,0,0,0,0,-0.374755144
8753,8.753695,0,0,0,0,0,0,-0.374755144
8754,8.754677,0,0,0,0,0,0,-0.374755144
8755,8.755697,0,0,0,0,0,0,-0.374755144
8756,8.756693,0,0,0,0,0,0,-0.374755144
8757,8.757677,0,0,0,0,0,0,-0.374755144
8758,8.758698,0,0,0,0,0,0,-0.374755144
8759,8.759680,0,0,0,0,0,0,-0.374755144
8760,8.760690,0,0,0,0,0,0,-0.374755144
8761,8.761685,0,0,0,0,0,0,-0.374755144
8762,8.762693,0,0,0,0,0,0,-0.374755144
8763,8.763677,0,0,0,0,0,0,-0.374755144
8764,8.764698,0,0,0,0,0,0,-0.374755144
8765,8.765684,0,0,0,0,0,0,-0.374755144
8766,8.766695,0,0,0,0,0,0,-0.374755144
8767,8.767693,0,0,0,0,0,0,-0.374755144
8768,8.768675,0,0,0,0,0,0,-0.374755144
8769,8.769697,0,0,0,0,0,0,-0.374755144
8770,8.770680,0,0,0,0,0,0,-0.374755144
8771,8.771689,0,0,0,0,0,0,-0.374755144
8772,8.772684,0,0,0,0,0,0,-0.374755144
8773,8.773693,0,0,0,0,0,0,-0.374755144
8774,8.774676,0,0,0,0,0,0,-0.374755144
8775,8.775701,0,0,0,0,0,0,-0.374755144
8776,8.776683,0,0,0,0,0,0,-0.374755144
8777,8.777690,0,0,0,0,0,0,-0.374755144
8778,8.778687,0,0,0,0,0,0,-0.374755144
8779,8.779682,0,0,0,0,0,0,-0.374755144
8780,8.780690,0,0,0,0,0,0,-0.374755144
8781,8.781674,0,0,0,0,0,0,-0.374755144
8782,8.782695,0,0,0,0,0,0,-0.374755144
8783,8.783696,0,0,0,0,0,0,-0.374755144
8784,8.784694,0,0,0,0,0,0,-0.374755144
8785,8.785680,0,0,0,0,0,0,-0.374755144
8786,8.786689,0,0,0,0,0,0,-0.374755144
8787,8.787685,0,0,0,0,0,0,-0.374755144
8788,8.788700,0,0,0,0,0,0,-0.374755144
8789,8.789697,0,0,0,0,0,0,-0.374755144
8790,8.790680,0,0,0,0,0,0,-0.374755144
8791,8.791689,0,0,0,0,0,0,-0.374755144
8792,8.792685,0,0,0,0,0,0,-0.374755144
8793,8.793694,0,0,0,0,0,0,-0.374755144
8794,8.794677,0,0,0,0,0,0,-0.374755144
8795,8.795689,0,0,0,0,0,0,-0.374755144
8796,8.796685,0,0,0,0,0,0,-0.374755144
8797,8.797694,0,0,0,0,0,0,-0.374755144
8798,8.798677,0,0,0,0,0,0,-0.374755144
8799,8.799689,0,0,0,0,0,0,-0.374755144
8800,8.800698,0,0,0,0,0,0,-0.374755144
8801,8.801683,0,0,0,0,0,0,-0.374755144
8802,8.802692,0,0,0,0,0,0,-0.374755144
8803,8.803676,0,0,0,0,0,0,-0.374755144
8804,8.804698,0,0,0,0,0,0,-0.374755144
8805,8.805684,0,0,0,0,0,0,-0.374755144
8806,8.806693,0,0,0,0,0,0,-0.374755144
8807,8.807676,0,0,0,0,0,0,-0.374755144
8808,8.808698,0,0,0,0,0,0,-0.374755144
8809,8.809682,0,0,0,0,0,0,-0.374755144
8810,8.810698,0,0,0,0,0,0,-0.374755144
8811,8.811695,0,0,0,0,0,0,-0.374755144
8812,8.812677,0,0,0,0,0,0,-0.374755144
8813,8.813699,0,0,0,0,0,0,-0.374755144
8814,8.814681,0,0,0,0,0,0,-0.374755144
8815,8.815692,0,0,0,0,0,0,-0.374755144
8816,8.816674,0,0,0,0,0,0,-0.374755144
8817,8.817697,0,0,0,0,0,0,-0.374755144
8818,8.818681,0,0,0,0,0,0,-0.374755144
8819,8.819689,0,0,0,0,0,0,-0.374755144
8820,8.820781,0,0,0,0,0,0,-0.374755144
8821,8.821681,0,0,0,0,0,0,-0.374755144
8822,8.822690,0,0,0,0,0,0,-0.374755144
8823,8.823685,0,0,0,0,0,0,-0.374755144
8824,8.824693,0,0,0,0,0,0,-0.374755144
8825,8.825680,0,0,0,0,0,0,-0.374755144
8826,8.826689,0,0,0,0,0,0,-0.374755144
8827,8.827684,0,0,0,0,0,0,-0.374755144
8828,8.828692,0,0,0,0,0,0,-0.374755144
8829,8.829677,0,0,0,0,0,0,-0.374755144
8830,8.830697,0,0,0,0,0,0,-0.374755144
8831,8.831688,0,0,0,0,0,0,-0.374755144
8832,8.832681,0,0,0,0,0,0,-0.374755144
8833,8.833690,0,0,0,0,0,0,-0.374755144
8834,8.834673,0,0,0,0,0,0,-0.374755144
8835,8.835692,0,0,0,0,0,0,-0.374755144
8836,8.836690,0,0,0,0,0,0,-0.374755144
8837,8.837684,0,0,0,0,0,0,-0.374755144
8838,8.838692,0,0,0,0,0,0,-0.374755144
8839,8.839676,0,0,0,0,0,0,-0.374755144
8840,8.840696,0,0,0,0,0,0,-0.374755144
8841,8.841679,0,0,0,0,0,0,-0.374755144
8842,8.842695,0,0,0,0,0,0,-0.374755144
8843,8.843681,0,0,0,0,0,0,-0.374755144
8844,8.844690,0,0,0,0,0,0,-0.374755144
8845,8.845676,0,0,0,0,0,0,-0.374755144
8846,8.846698,0,0,0,0,0,0,-0.374755144
8847,8.847681,0,0,0,0,0,0,-0.374755144
8848,8.848690,0,0,0,0,0,0,-0.374755144
8849,8.849673,0,0,0,0,0,0,-0.374755144
8850,8.850696,0,0,0,0,0,0,-0.374755144
8851,8.851679,0,0,0,0,0,0,-0.374755144
8852,8.852688,0,0,0,0,0,0,-0.374755144
8853,8.853691,0,0,0,0,0,0,-0.374755144
8854,8.854683,0,0,0,0,0,0,-0.374755144
8855,8.855696,0,0,0,0,0,0,-0.374755144
8856,8.856679,0,0,0,0,0,0,-0.374755144
8857,8.857688,0,0,0,0,0,0,-0.374755144
8858,8.858684,0,0,0,0,0,0,-0.374755144
8859,8.859693,0,0,0,0,0,0,-0.374755144
8860,8.860676,0,0,0,0,0,0,-0.374755144
8861,8.861699,0,0,0,0,0,0,-0.374755144
8862,8.862681,0,0,0,0,0,0,-0.374755144
8863,8.863690,0,0,0,0,0,0,-0.374755144
8864,8.864693,0,0,0,0,0,0,-0.374755144
8865,8.865689,0,0,0,0,0,0,-0.374755144
8866,8.866699,0,0,0,0,0,0,-0.374755144
8867,8.867681,0,0,0,0,0,0,-0.374755144
8868,8.868691,0,0,0,0,0,0,-0.374755144
8869,8.869674,0,0,0,0,0,0,-0.374755144
8870,8.870696,0,0,0,0,0,0,-0.374755144
8871,8.871679,0,0,0,0,0,0,-0.374755144
8872,8.872688,0,0,0,0,0,0,-0.374755144
8873,8.873684,0,0,0,0,0,0,-0.374755144
8874,8.874694,0,0,0,0,0,0,-0.374755144
8875,8.875701,0,0,0,0,0,0,-0.374755144
8876,8.876685,0,0,0,0,0,0,-0.374755144
8877,8.877693,0,0,0,0,0,0,-0.374755144
8878,8.878675,0,0,0,0,0,0,-0.374755144
8879,8.879697,0,0,0,0,0,0,-0.374755144
8880,8.880680,0,0,0,0,0,0,-0.374755144
8881,8.881689,0,0,0,0,0,0,-0.374755144
8882,8.882684,0,0,0,0,0,0,-0.374755144
8883,8.883693,0,0,0,0,0,0,-0.374755144
8884,8.884676,0,0,0,0,0,0,-0.374755144
8885,8.885701,0,0,0,0,0,0,-0.374755144
8886,8.886690,0,0,0,0,0,0,-0.374755144
8887,8.887688,0,0,0,0,0,0,-0.374755144
8888,8.888697,0,0,0,0,0,0,-0.374755144
8889,8.889680,0,0,0,0,0,0,-0.374755144
8890,8.890688,0,0,0,0,0,0,-0.374755144
8891,8.891683,0,0,0,0,0,0,-0.374755144
8892,8.892691,0,0,0,0,0,0,-0.374755144
8893,8.893674,0,0,0,0,0,0,-0.374755144
8894,8.894696,0,0,0,0,0,0,-0.374755144
8895,8.895681,0,0,0,0,0,0,-0.374755144
8896,8.896689,0,0,0,0,0,0,-0.374755144
8897,8.897715,0,0,0,0,0,0,-0.374755144
8898,8.898686,0,0,0,0,0,0,-0.374755144
8899,8.899695,0,0,0,0,0,0,-0.374755144
8900,8.900677,0,0,0,0,0,0,-0.374755144
8901,8.901698,0,0,0,0,0,0,-0.374755144
8902,8.902681,0,0,0,0,0,0,-0.374755144
8903,8.903690,0,0,0,0,0,0,-0.374755144
8904,8.904684,0,0,0,0,0,0,-0.374755144
8905,8.905695,0,0,0,0,0,0,-0.374755144
8906,8.906680,0,0,0,0,0,0,-0.374755144
8907,8.907688,0,0,0,0,0,0,-0.374755144
8908,8.908719,0,0,0,0,0,0,-0.374755144
8909,8.909678,0,0,0,0,0,0,-0.374755144
8910,8.910686,0,0,0,0,0,0,-0.374755144
8911,8.911682,0,0,0,0,0,0,-0.374755144
8912,8.912691,0,0,0,0,0,0,-0.374755144
8913,8.913674,0,0,0,0,0,0,-0.374755144
8914,8.914694,0,0,0,0,0,0,-0.374755144
8915,8.915682,0,0,0,0,0,0,-0.374755144
8916,8.916692,0,0,0,0,0,0,-0.374755144
8917,8.917675,0,0,0,0,0,0,-0.374755144
8918,8.918697,0,0,0,0,0,0,-0.374755144
8919,8.919726,0,0,0,0,0,0,-0.374755144
8920,8.920679,0,0,0,0,0,0,-0.374755144
8921,8.921689,0,0,0,0,0,0,-0.374755144
8922,8.922685,0,0,0,0,0,0,-0.374755144
8923,8.923695,0,0,0,0,0,0,-0.374755144
8924,8.924678,0,0,0,0,0,0,-0.374755144
8925,8.925690,0,0,0,0,0,0,-0.374755144
8926,8.926673,0,0,0,0,0,0,-0.374755144
8927,8.927695,0,0,0,0,0,0,-0.374755144
8928,8.928678,0,0,0,0,0,0,-0.374755144
8929,8.929687,0,0,0,0,0,0,-0.374755144
8930,8.930716,0,0,0,0,0,0,-0.374755144
8931,8.931678,0,0,0,0,0,0,-0.374755144
8932,8.932690,0,0,0,0,0,0,-0.374755144
8933,8.933685,0,0,0,0,0,0,-0.374755144
8934,8.934693,0,0,0,0,0,0,-0.374755144
8935,8.935681,0,0,0,0,0,0,-0.374755144
8936,8.936690,0,0,0,0,0,0,-0.374755144
8937,8.937685,0,0,0,0,0,0,-0.374755144
8938,8.938694,0,0,0,0,0,0,-0.374755144
8939,8.939786,0,0,0,0,0,0,-0.374755144
8940,8.940591,0,0,0,0,0,0,-0.374755144
8941,8.941716,0,0,0,0,0,0,-0.374755144
8942,8.942680,0,0,0,0,0,0,-0.374755144
8943,8.943687,0,0,0,0,0,0,-0.374755144
8944,8.944682,0,0,0,0,0,0,-0.374755144
8945,8.945694,0,0,0,0,0,0,-0.374755144
8946,8.946677,0,0,0,0,0,0,-0.374755144
8947,8.947698,0,0,0,0,0,0,-0.374755144
8948,8.948680,0,0,0,0,0,0,-0.374755144
8949,8.949689,0,0,0,0,0,0,-0.374755144
8950,8.950685,0,0,0,0,0,0,-0.374755144
8951,8.951693,0,0,0,0,0,0,-0.374755144
8952,8.952721,0,0,0,0,0,0,-0.374755144
8953,8.953681,0,0,0,0,0,0,-0.374755144
8954,8.954690,0,0,0,0,0,0,-0.374755144
8955,8.955676,0,0,0,0,0,0,-0.374755144
8956,8.956698,0,0,0,0,0,0,-0.374755144
8957,8.957680,0,0,0,0,0,0,-0.374755144
8958,8.958689,0,0,0,0,0,0,-0.374755144
8959,8.959684,0,0,0,0,0,0,-0.374755144
8960,8.960693,0,0,0,0,0,0,-0.374755144
8961,8.961676,0,0,0,0,0,0,-0.374755144
8962,8.962698,0,0,0,0,0,0,-0.374755144
8963,8.963727,0,0,0,0,0,0,-0.374755144
8964,8.964682,0,0,0,0,0,0,-0.374755144
8965,8.965694,0,0,0,0,0,0,-0.374755144
8966,8.966677,0,0,0,0,0,0,-0.374755144
8967,8.967697,0,0,0,0,0,0,-0.374755144
8968,8.968681,0,0,0,0,0,0,-0.374755144
8969,8.969690,0,0,0,0,0,0,-0.374755144
8970,8.970685,0,0,0,0,0,0,-0.374755144
8971,8.971696,0,0,0,0,0,0,-0.374755144
8972,8.972678,0,0,0,0,0,0,-0.374755144
8973,8.973687,0,0,0,0,0,0,-0.374755144
8974,8.974711,0,0,0,0,0,0,-0.374755144
8975,8.975685,0,0,0,0,0,0,-0.374755144
8976,8.976694,0,0,0,0,0,0,-0.374755144
8977,8.977678,0,0,0,0,0,0,-0.374755144
8978,8.978687,0,0,0,0,0,0,-0.374755144
8979,8.979684,0,0,0,0,0,0,-0.374755144
8980,8.980693,0,0,0,0,0,0,-0.374755144
8981,8.981676,0,0,0,0,0,0,-0.374755144
8982,8.982697,0,0,0,0,0,0,-0.374755144
8983,8.983681,0,0,0,0,0,0,-0.374755144
8984,8.984690,0,0,0,0,0,0,-0.374755144
8985,8.985697,0,0,0,0,0,0,-0.374755144
8986,8.986679,0,0,0,0,0,0,-0.374755144
8987,8.987689,0,0,0,0,0,0,-0.374755144
8988,8.988685,0,0,0,0,0,0,-0.374755144
8989,8.989694,0,0,0,0,0,0,-0.374755144
8990,8.990677,0,0,0,0,0,0,-0.374755144
8991,8.991698,0,0,0,0,0,0,-0.374755144
8992,8.992682,0,0,0,0,0,0,-0.374755144
8993,8.993693,0,0,0,0,0,0,-0.374755144
8994,8.994690,0,0,0,0,0,0,-0.374755144
8995,8.995689,0,0,0,0,0,0,-0.374755144
8996,8.996719,0,0,0,0,0,0,-0.374755144
8997,8.997685,0,0,0,0,0,0,-0.374755144
8998,8.998695,0,0,0,0,0,0,-0.374755144
8999,8.999678,0,0,0,0,0,0,-0.374755144
9000,9.000687,0,0,0,0,0,0,-0.374755144
9001,9.001683,0,0,0,0,0,0,-0.374755144
9002,9.002692,0,0,0,0,0,0,-0.374755144
9003,9.003675,0,0,0,0,0,0,-0.374755144
9004,9.004698,0,0,0,0,0,0,-0.374755144
9005,9.005683,0,0,0,0,0,0,-0.374755144
9006,9.006692,0,0,0,0,0,0,-0.374755144
9007,9.007710,0,0,0,0,0,0,-0.374755144
9008,9.008686,0,0,0,0,0,0,-0.374755144
9009,9.009695,0,0,0,0,0,0,-0.374755144
9010,9.010677,0,0,0,0,0,0,-0.374755144
9011,9.011698,0,0,0,0,0,0,-0.374755144
9012,9.012681,0,0,0,0,0,0,-0.374755144
9013,9.013690,0,0,0,0,0,0,-0.374755144
9014,9.014684,0,0,0,0,0,0,-0.374755144
9015,9.015695,0,0,0,0,0,0,-0.374755144
9016,9.016679,0,0,0,0,0,0,-0.374755144
9017,9.017688,0,0,0,0,0,0,-0.374755144
9018,9.018716,0,0,0,0,0,0,-0.374755144
9019,9.019677,0,0,0,0,0,0,-0.374755144
9020,9.020698,0,0,0,0,0,0,-0.374755144
9021,9.021682,0,0,0,0,0,0,-0.374755144
9022,9.022690,0,0,0,0,0,0,-0.374755144
9023,9.023685,0,0,0,0,0,0,-0.374755144
9024,9.024694,0,0,0,0,0,0,-0.374755144
9025,9.025682,0,0,0,0,0,0,-0.374755144
9026,9.026691,0,0,0,0,0,0,-0.374755144
9027,9.027674,0,0,0,0,0,0,-0.374755144
9028,9.028696,0,0,0,0,0,0,-0.374755144
9029,9.029723,0,0,0,0,0,0,-0.374755144
9030,9.030687,0,0,0,0,0,0,-0.374755144
9031,9.031696,0,0,0,0,0,0,-0.374755144
9032,9.032679,0,0,0,0,0,0,-0.374755144
9033,9.033687,0,0,0,0,0,0,-0.374755144
9034,9.034682,0,0,0,0,0,0,-0.374755144
9035,9.035694,0,0,0,0,0,0,-0.374755144
9036,9.036676,0,0,0,0,0,0,-0.374755144
9037,9.037699,0,0,0,0,0,0,-0.374755144
9038,9.038682,0,0,0,0,0,0,-0.374755144
9039,9.039690,0,0,0,0,0,0,-0.374755144
9040,9.040718,0,0,0,0,0,0,-0.374755144
9041,9.041678,0,0,0,0,0,0,-0.374755144
9042,9.042687,0,0,0,0,0,0,-0.374755144
9043,9.043683,0,0,0,0,0,0,-0.374755144
9044,9.044692,0,0,0,0,0,0,-0.374755144
9045,9.045679,0,0,0,0,0,0,-0.374755144
9046,9.046704,0,0,0,0,0,0,-0.374755144
9047,9.047702,0,0,0,0,0,0,-0.374755144
9048,9.048686,0,0,0,0,0,0,-0.374755144
9049,9.049682,0,0,0,0,0,0,-0.374755144
9050,9.050691,0,0,0,0,0,0,-0.374755144
9051,9.051722,0,0,0,0,0,0,-0.374755144
9052,9.052688,0,0,0,0,0,0,-0.374755144
9053,9.053700,0,0,0,0,0,0,-0.374755144
9054,9.054682,0,0,0,0,0,0,-0.374755144
9055,9.055695,0,0,0,0,0,0,-0.374755144
9056,9.056678,0,0,0,0,0,0,-0.374755144
9057,9.057700,0,0,0,0,0,0,-0.374755144
9058,9.058683,0,0,0,0,0,0,-0.374755144
9059,9.059692,0,0,0,0,0,0,-0.374755144
9060,9.060675,0,0,0,0,0,0,-0.374755144
9061,9.061697,0,0,0,0,0,0,-0.374755144
9062,9.062725,0,0,0,0,0,0,-0.374755144
9063,9.063677,0,0,0,0,0,0,-0.374755144
9064,9.064698,0,0,0,0,0,0,-0.374755144
9065,9.065686,0,0,0,0,0,0,-0.374755144
9066,9.066695,0,0,0,0,0,0,-0.374755144
9067,9.067678,0,0,0,0,0,0,-0.374755144
9068,9.068687,0,0,0,0,0,0,-0.374755144
9069,9.069683,0,0,0,0,0,0,-0.374755144
9070,9.070692,0,0,0,0,0,0,-0.374755144
9071,9.071675,0,0,0,0,0,0,-0.374755144
9072,9.072696,0,0,0,0,0,0,-0.374755144
9073,9.073700,0,0,0,0,0,0,-0.374755144
9074,9.074676,0,0,0,0,0,0,-0.374755144
9075,9.075702,0,0,0,0,0,0,-0.374755144
9076,9.076684,0,0,0,0,0,0,-0.374755144
9077,9.077692,0,0,0,0,0,0,-0.374755144
9078,9.078675,0,0,0,0,0,0,-0.374755144
9079,9.079696,0,0,0,0,0,0,-0.374755144
9080,9.080678,0,0,0,0,0,0,-0.374755144
9081,9.081686,0,0,0,0,0,0,-0.374755144
9082,9.082681,0,0,0,0,0,0,-0.374755144
9083,9.083690,0,0,0,0,0,0,-0.374755144
9084,9.084692,0,0,0,0,0,0,-0.374755144
9085,9.085681,0,0,0,0,0,0,-0.374755144
9086,9.086690,0,0,0,0,0,0,-0.374755144
9087,9.087673,0,0,0,0,0,0,-0.374755144
9088,9.088694,0,0,0,0,0,0,-0.374755144
9089,9.089677,0,0,0,0,0,0,-0.374755144
9090,9.090699,0,0,0,0,0,0,-0.374755144
9091,9.091681,0,0,0,0,0,0,-0.374755144
9092,9.092690,0,0,0,0,0,0,-0.374755144
9093,9.093672,0,0,0,0,0,0,-0.374755144
9094,9.094695,0,0,0,0,0,0,-0.374755144
9095,9.095727,0,0,0,0,0,0,-0.374755144
9096,9.096679,0,0,0,0,0,0,-0.374755144
9097,9.097688,0,0,0,0,0,0,-0.374755144
9098,9.098683,0,0,0,0,0,0,-0.374755144
9099,9.099722,0,0,0,0,0,0,-0.374755144
9100,9.100694,0,0,0,0,0,0,-0.374755144
9101,9.101676,0,0,0,0,0,0,-0.374755144
9102,9.102697,0,0,0,0,0,0,-0.374755144
9103,9.103681,0,0,0,0,0,0,-0.374755144
9104,9.104690,0,0,0,0,0,0,-0.374755144
9105,9.105688,0,0,0,0,0,0,-0.374755144
9106,9.106716,0,0,0,0,0,0,-0.374755144
9107,9.107681,0,0,0,0,0,0,-0.374755144
9108,9.108691,0,0,0,0,0,0,-0.374755144
9109,9.109673,0,0,0,0,0,0,-0.374755144
9110,9.110694,0,0,0,0,0,0,-0.374755144
9111,9.111679,0,0,0,0,0,0,-0.374755144
9112,9.112688,0,0,0,0,0,0,-0.374755144
9113,9.113685,0,0,0,0,0,0,-0.374755144
9114,9.114695,0,0,0,0,0,0,-0.374755144
9115,9.115680,0,0,0,0,0,0,-0.374755144
9116,9.116689,0,0,0,0,0,0,-0.374755144
9117,9.117718,0,0,0,0,0,0,-0.374755144
9118,9.118686,0,0,0,0,0,0,-0.374755144
9119,9.119696,0,0,0,0,0,0,-0.374755144
9120,9.120678,0,0,0,0,0,0,-0.374755144
9121,9.121688,0,0,0,0,0,0,-0.374755144
9122,9.122684,0,0,0,0,0,0,-0.374755144
9123,9.123693,0,0,0,0,0,0,-0.374755144
9124,9.124676,0,0,0,0,0,0,-0.374755144
9125,9.125699,0,0,0,0,0,0,-0.374755144
9126,9.126684,0,0,0,0,0,0,-0.374755144
9127,9.127693,0,0,0,0,0,0,-0.374755144
9128,9.128697,0,0,0,0,0,0,-0.374755144
9129,9.129682,0,0,0,0,0,0,-0.374755144
9130,9.130692,0,0,0,0,0,0,-0.374755144
9131,9.131676,0,0,0,0,0,0,-0.374755144
9132,9.132697,0,0,0,0,0,0,-0.374755144
9133,9.133680,0,0,0,0,0,0,-0.374755144
9134,9.134689,0,0,0,0,0,0,-0.374755144
9135,9.135688,0,0,0,0,0,0,-0.374755144
9136,9.136697,0,0,0,0,0,0,-0.374755144
9137,9.137680,0,0,0,0,0,0,-0.374755144
9138,9.138689,0,0,0,0,0,0,-0.374755144
9139,9.139692,0,0,0,0,0,0,-0.374755144
9140,9.140674,0,0,0,0,0,0,-0.374755144
9141,9.141694,0,0,0,0,0,0,-0.374755144
9142,9.142677,0,0,0,0,0,0,-0.374755144
9143,9.143698,0,0,0,0,0,0,-0.374755144
9144,9.144680,0,0,0,0,0,0,-0.374755144
9145,9.145692,0,0,0,0,0,0,-0.374755144
9146,9.146674,0,0,0,0,0,0,-0.374755144
9147,9.147696,0,0,0,0,0,0,-0.374755144
9148,9.148679,0,0,0,0,0,0,-0.374755144
9149,9.149687,0,0,0,0,0,0,-0.374755144
9150,9.150689,0,0,0,0,0,0,-0.374755144
9151,9.151674,0,0,0,0,0,0,-0.374755144
9152,9.152697,0,0,0,0,0,0,-0.374755144
9153,9.153679,0,0,0,0,0,0,-0.374755144
9154,9.154687,0,0,0,0,0,0,-0.374755144
9155,9.155686,0,0,0,0,0,0,-0.374755144
9156,9.156695,0,0,0,0,0,0,-0.374755144
9157,9.157678,0,0,0,0,0,0,-0.374755144
9158,9.158686,0,0,0,0,0,0,-0.374755144
9159,9.159698,0,0,0,0,0,0,-0.374755144
9160,9.160694,0,0,0,0,0,0,-0.374755144
9161,9.161724,0,0,0,0,0,0,-0.374755144
9162,9.162687,0,0,0,0,0,0,-0.374755144
9163,9.163696,0,0,0,0,0,0,-0.374755144
9164,9.164680,0,0,0,0,0,0,-0.374755144
9165,9.165692,0,0,0,0,0,0,-0.374755144
9166,9.166675,0,0,0,0,0,0,-0.374755144
9167,9.167697,0,0,0,0,0,0,-0.374755144
9168,9.168679,0,0,0,0,0,0,-0.374755144
9169,9.169688,0,0,0,0,0,0,-0.374755144
9170,9.170684,0,0,0,0,0,0,-0.374755144
9171,9.171693,0,0,0,0,0,0,-0.374755144
9172,9.172757,0,0,0,0,0,0,-0.374755144
9173,9.173691,0,0,0,0,0,0,-0.374755144
9174,9.174673,0,0,0,0,0,0,-0.374755144
9175,9.175699,0,0,0,0,0,0,-0.374755144
9176,9.176682,0,0,0,0,0,0,-0.374755144
9177,9.177690,0,0,0,0,0,0,-0.374755144
9178,9.178675,0,0,0,0,0,0,-0.374755144
9179,9.179695,0,0,0,0,0,0,-0.374755144
9180,9.180678,0,0,0,0,0,0,-0.374755144
9181,9.181687,0,0,0,0,0,0,-0.374755144
9182,9.182683,0,0,0,0,0,0,-0.374755144
9183,9.183697,0,0,0,0,0,0,-0.374755144
9184,9.184694,0,0,0,0,0,0,-0.374755144
9185,9.185680,0,0,0,0,0,0,-0.374755144
9186,9.186689,0,0,0,0,0,0,-0.374755144
9187,9.187674,0,0,0,0,0,0,-0.374755144
9188,9.188695,0,0,0,0,0,0,-0.374755144
9189,9.189678,0,0,0,0,0,0,-0.374755144
9190,9.190689,0,0,0,0,0,0,-0.374755144
9191,9.191684,0,0,0,0,0,0,-0.374755144
9192,9.192693,0,0,0,0,0,0,-0.374755144
9193,9.193705,0,0,0,0,0,0,-0.374755144
9194,9.194695,0,0,0,0,0,0,-0.374755144
9195,9.195696,0,0,0,0,0,0,-0.374755144
9196,9.196679,0,0,0,0,0,0,-0.374755144
9197,9.197688,0,0,0,0,0,0,-0.374755144
9198,9.198684,0,0,0,0,0,0,-0.374755144
9199,9.199693,0,0,0,0,0,0,-0.374755144
9200,9.200675,0,0,0,0,0,0,-0.374755144
9201,9.201698,0,0,0,0,0,0,-0.374755144
9202,9.202681,0,0,0,0,0,0,-0.374755144
9203,9.203690,0,0,0,0,0,0,-0.374755144
9204,9.204704,0,0,0,0,0,0,-0.374755144
9205,9.205698,0,0,0,0,0,0,-0.374755144
9206,9.206692,0,0,0,0,0,0,-0.374755144
9207,9.207675,0,0,0,0,0,0,-0.374755144
9208,9.208696,0,0,0,0,0,0,-0.374755144
9209,9.209679,0,0,0,0,0,0,-0.374755144
9210,9.210687,0,0,0,0,0,0,-0.374755144
9211,9.211682,0,0,0,0,0,0,-0.374755144
9212,9.212690,0,0,0,0,0,0,-0.374755144
9213,9.213673,0,0,0,0,0,0,-0.374755144
9214,9.214695,0,0,0,0,0,0,-0.374755144
9215,9.215706,0,0,0,0,0,0,-0.374755144
9216,9.216725,0,0,0,0,0,0,-0.374755144
9217,9.217699,0,0,0,0,0,0,-0.374755144
9218,9.218696,0,0,0,0,0,0,-0.374755144
9219,9.219679,0,0,0,0,0,0,-0.374755144
9220,9.220687,0,0,0,0,0,0,-0.374755144
9221,9.221682,0,0,0,0,0,0,-0.374755144
9222,9.222691,0,0,0,0,0,0,-0.374755144
9223,9.223674,0,0,0,0,0,0,-0.374755144
9224,9.224696,0,0,0,0,0,0,-0.374755144
9225,9.225682,0,0,0,0,0,0,-0.374755144
9226,9.226785,0,0,0,0,0,0,-0.374755144
9227,9.227685,0,0,0,0,0,0,-0.374755144
9228,9.228694,0,0,0,0,0,0,-0.374755144
9229,9.229677,0,0,0,0,0,0,-0.374755144
9230,9.230697,0,0,0,0,0,0,-0.374755144
9231,9.231681,0,0,0,0,0,0,-0.374755144
9232,9.232690,0,0,0,0,0,0,-0.374755144
9233,9.233685,0,0,0,0,0,0,-0.374755144
9234,9.234696,0,0,0,0,0,0,-0.374755144
9235,9.235681,0,0,0,0,0,0,-0.374755144
9236,9.236690,0,0,0,0,0,0,-0.374755144
9237,9.237714,0,0,0,0,0,0,-0.374755144
9238,9.238684,0,0,0,0,0,0,-0.374755144
9239,9.239693,0,0,0,0,0,0,-0.374755144
9240,9.240678,0,0,0,0,0,0,-0.374755144
9241,9.241687,0,0,0,0,0,0,-0.374755144
9242,9.242684,0,0,0,0,0,0,-0.374755144
9243,9.243694,0,0,0,0,0,0,-0.374755144
9244,9.244676,0,0,0,0,0,0,-0.374755144
9245,9.245700,0,0,0,0,0,0,-0.374755144
9246,9.246685,0,0,0,0,0,0,-0.374755144
9247,9.247694,0,0,0,0,0,0,-0.374755144
9248,9.248719,0,0,0,0,0,0,-0.374755144
9249,9.249682,0,0,0,0,0,0,-0.374755144
9250,9.250691,0,0,0,0,0,0,-0.374755144
9251,9.251674,0,0,0,0,0,0,-0.374755144
9252,9.252698,0,0,0,0,0,0,-0.374755144
9253,9.253681,0,0,0,0,0,0,-0.374755144
9254,9.254690,0,0,0,0,0,0,-0.374755144
9255,9.255677,0,0,0,0,0,0,-0.374755144
9256,9.256686,0,0,0,0,0,0,-0.374755144
9257,9.257682,0,0,0,0,0,0,-0.374755144
9258,9.258691,0,0,0,0,0,0,-0.374755144
9259,9.259717,0,0,0,0,0,0,-0.374755144
9260,9.260675,0,0,0,0,0,0,-0.374755144
9261,9.261697,0,0,0,0,0,0,-0.374755144
9262,9.262680,0,0,0,0,0,0,-0.374755144
9263,9.263688,0,0,0,0,0,0,-0.374755144
9264,9.264684,0,0,0,0,0,0,-0.374755144
9265,9.265696,0,0,0,0,0,0,-0.374755144
9266,9.266679,0,0,0,0,0,0,-0.374755144
9267,9.267688,0,0,0,0,0,0,-0.374755144
9268,9.268685,0,0,0,0,0,0,-0.374755144
9269,9.269694,0,0,0,0,0,0,-0.374755144
9270,9.270719,0,0,0,0,0,0,-0.374755144
9271,9.271683,0,0,0,0,0,0,-0.374755144
9272,9.272694,0,0,0,0,0,0,-0.374755144
9273,9.273677,0,0,0,0,0,0,-0.374755144
9274,9.274698,0,0,0,0,0,0,-0.374755144
9275,9.275684,0,0,0,0,0,0,-0.374755144
9276,9.276693,0,0,0,0,0,0,-0.374755144
9277,9.277692,0,0,0,0,0,0,-0.374755144
9278,9.278689,0,0,0,0,0,0,-0.374755144
9279,9.279685,0,0,0,0,0,0,-0.374755144
9280,9.280694,0,0,0,0,0,0,-0.374755144
9281,9.281697,0,0,0,0,0,0,-0.374755144
9282,9.282684,0,0,0,0,0,0,-0.374755144
9283,9.283693,0,0,0,0,0,0,-0.374755144
9284,9.284677,0,0,0,0,0,0,-0.374755144
9285,9.285700,0,0,0,0,0,0,-0.374755144
9286,9.286683,0,0,0,0,0,0,-0.374755144
9287,9.287691,0,0,0,0,0,0,-0.374755144
9288,9.288674,0,0,0,0,0,0,-0.374755144
9289,9.289695,0,0,0,0,0,0,-0.374755144
9290,9.290678,0,0,0,0,0,0,-0.374755144
9291,9.291700,0,0,0,0,0,0,-0.374755144
9292,9.292690,0,0,0,0,0,0,-0.374755144
9293,9.293677,0,0,0,0,0,0,-0.374755144
9294,9.294698,0,0,0,0,0,0,-0.374755144
9295,9.295684,0,0,0,0,0,0,-0.374755144
9296,9.296695,0,0,0,0,0,0,-0.374755144
9297,9.297677,0,0,0,0,0,0,-0.374755144
9298,9.298686,0,0,0,0,0,0,-0.374755144
9299,9.299682,0,0,0,0,0,0,-0.374755144
9300,9.300691,0,0,0,0,0,0,-0.374755144
9301,9.301674,0,0,0,0,0,0,-0.374755144
9302,9.302694,0,0,0,0,0,0,-0.374755144
9303,9.303745,0,0,0,0,0,0,-0.374755144
9304,9.304679,0,0,0,0,0,0,-0.374755144
9305,9.305693,0,0,0,0,0,0,-0.374755144
9306,9.306676,0,0,0,0,0,0,-0.374755144
9307,9.307697,0,0,0,0,0,0,-0.374755144
9308,9.308680,0,0,0,0,0,0,-0.374755144
9309,9.309690,0,0,0,0,0,0,-0.374755144
9310,9.310685,0,0,0,0,0,0,-0.374755144
9311,9.311693,0,0,0,0,0,0,-0.374755144
9312,9.312678,0,0,0,0,0,0,-0.374755144
9313,9.313687,0,0,0,0,0,0,-0.374755144
9314,9.314711,0,0,0,0,0,0,-0.374755144
9315,9.315686,0,0,0,0,0,0,-0.374755144
9316,9.316694,0,0,0,0,0,0,-0.374755144
9317,9.317679,0,0,0,0,0,0,-0.374755144
9318,9.318688,0,0,0,0,0,0,-0.374755144
9319,9.319684,0,0,0,0,0,0,-0.374755144
9320,9.320695,0,0,0,0,0,0,-0.374755144
9321,9.321678,0,0,0,0,0,0,-0.374755144
9322,9.322688,0,0,0,0,0,0,-0.374755144
9323,9.323684,0,0,0,0,0,0,-0.374755144
9324,9.324693,0,0,0,0,0,0,-0.374755144
9325,9.325787,0,0,0,0,0,0,-0.374755144
9326,9.326591,0,0,0,0,0,0,-0.374755144
9327,9.327698,0,0,0,0,0,0,-0.374755144
9328,9.328681,0,0,0,0,0,0,-0.374755144
9329,9.329719,0,0,0,0,0,0,-0.374755144
9330,9.330691,0,0,0,0,0,0,-0.374755144
9331,9.331675,0,0,0,0,0,0,-0.374755144
9332,9.332697,0,0,0,0,0,0,-0.374755144
9333,9.333679,0,0,0,0,0,0,-0.374755144
9334,9.334688,0,0,0,0,0,0,-0.374755144
9335,9.335688,0,0,0,0,0,0,-0.374755144
9336,9.336693,0,0,0,0,0,0,-0.374755144
9337,9.337690,0,0,0,0,0,0,-0.374755144
9338,9.338684,0,0,0,0,0,0,-0.374755144
9339,9.339695,0,0,0,0,0,0,-0.374755144
9340,9.340677,0,0,0,0,0,0,-0.374755144
9341,9.341698,0,0,0,0,0,0,-0.374755144
9342,9.342681,0,0,0,0,0,0,-0.374755144
9343,9.343690,0,0,0,0,0,0,-0.374755144
9344,9.344685,0,0,0,0,0,0,-0.374755144
9345,9.345697,0,0,0,0,0,0,-0.374755144
9346,9.346705,0,0,0,0,0,0,-0.374755144
9347,9.347806,0,0,0,0,0,0,-0.374755144
9348,9.348586,0,0,0,0,0,0,-0.374755144
9349,9.349692,0,0,0,0,0,0,-0.374755144
9350,9.350676,0,0,0,0,0,0,-0.374755144
9351,9.351696,0,0,0,0,0,0,-0.374755144
9352,9.352679,0,0,0,0,0,0,-0.374755144
9353,9.353688,0,0,0,0,0,0,-0.374755144
9354,9.354684,0,0,0,0,0,0,-0.374755144
9355,9.355696,0,0,0,0,0,0,-0.374755144
9356,9.356679,0,0,0,0,0,0,-0.374755144
9357,9.357688,0,0,0,0,0,0,-0.374755144
9358,9.358699,0,0,0,0,0,0,-0.374755144
9359,9.359694,0,0,0,0,0,0,-0.374755144
9360,9.360678,0,0,0,0,0,0,-0.374755144
9361,9.361687,0,0,0,0,0,0,-0.374755144
9362,9.362682,0,0,0,0,0,0,-0.374755144
9363,9.363691,0,0,0,0,0,0,-0.374755144
9364,9.364676,0,0,0,0,0,0,-0.374755144
9365,9.365699,0,0,0,0,0,0,-0.374755144
9366,9.366682,0,0,0,0,0,0,-0.374755144
9367,9.367691,0,0,0,0,0,0,-0.374755144
9368,9.368704,0,0,0,0,0,0,-0.374755144
9369,9.369699,0,0,0,0,0,0,-0.374755144
9370,9.370697,0,0,0,0,0,0,-0.374755144
9371,9.371679,0,0,0,0,0,0,-0.374755144
9372,9.372690,0,0,0,0,0,0,-0.374755144
9373,9.373674,0,0,0,0,0,0,-0.374755144
9374,9.374695,0,0,0,0,0,0,-0.374755144
9375,9.375682,0,0,0,0,0,0,-0.374755144
9376,9.376691,0,0,0,0,0,0,-0.374755144
9377,9.377674,0,0,0,0,0,0,-0.374755144
9378,9.378695,0,0,0,0,0,0,-0.374755144
9379,9.379704,0,0,0,0,0,0,-0.374755144
9380,9.380695,0,0,0,0,0,0,-0.374755144
9381,9.381692,0,0,0,0,0,0,-0.374755144
9382,9.382675,0,0,0,0,0,0,-0.374755144
9383,9.383699,0,0,0,0,0,0,-0.374755144
9384,9.384697,0,0,0,0,0,0,-0.374755144
9385,9.385684,0,0,0,0,0,0,-0.374755144
9386,9.386693,0,0,0,0,0,0,-0.374755144
9387,9.387676,0,0,0,0,0,0,-0.374755144
9388,9.388697,0,0,0,0,0,0,-0.374755144
9389,9.389681,0,0,0,0,0,0,-0.374755144
9390,9.390691,0,0,0,0,0,0,-0.374755144
9391,9.391690,0,0,0,0,0,0,-0.374755144
9392,9.392700,0,0,0,0,0,0,-0.374755144
9393,9.393683,0,0,0,0,0,0,-0.374755144
9394,9.394692,0,0,0,0,0,0,-0.374755144
9395,9.395678,0,0,0,0,0,0,-0.374755144
9396,9.396687,0,0,0,0,0,0,-0.374755144
9397,9.397684,0,0,0,0,0,0,-0.374755144
9398,9.398693,0,0,0,0,0,0,-0.374755144
9399,9.399676,0,0,0,0,0,0,-0.374755144
9400,9.400698,0,0,0,0,0,0,-0.374755144
9401,9.401712,0,0,0,0,0,0,-0.374755144
9402,9.402689,0,0,0,0,0,0,-0.374755144
9403,9.403697,0,0,0,0,0,0,-0.374755144
9404,9.404680,0,0,0,0,0,0,-0.374755144
9405,9.405692,0,0,0,0,0,0,-0.374755144
9406,9.406675,0,0,0,0,0,0,-0.374755144
9407,9.407695,0,0,0,0,0,0,-0.374755144
9408,9.408678,0,0,0,0,0,0,-0.374755144
9409,9.409688,0,0,0,0,0,0,-0.374755144
9410,9.410682,0,0,0,0,0,0,-0.374755144
9411,9.411690,0,0,0,0,0,0,-0.374755144
9412,9.412704,0,0,0,0,0,0,-0.374755144
9413,9.413694,0,0,0,0,0,0,-0.374755144
9414,9.414691,0,0,0,0,0,0,-0.374755144
9415,9.415690,0,0,0,0,0,0,-0.374755144
9416,9.416700,0,0,0,0,0,0,-0.374755144
9417,9.417682,0,0,0,0,0,0,-0.374755144
9418,9.418691,0,0,0,0,0,0,-0.374755144
9419,9.419674,0,0,0,0,0,0,-0.374755144
9420,9.420696,0,0,0,0,0,0,-0.374755144
9421,9.421678,0,0,0,0,0,0,-0.374755144
9422,9.422687,0,0,0,0,0,0,-0.374755144
9423,9.423711,0,0,0,0,0,0,-0.374755144
9424,9.424692,0,0,0,0,0,0,-0.374755144
9425,9.425691,0,0,0,0,0,0,-0.374755144
9426,9.426675,0,0,0,0,0,0,-0.374755144
9427,9.427696,0,0,0,0,0,0,-0.374755144
9428,9.428678,0,0,0,0,0,0,-0.374755144
9429,9.429689,0,0,0,0,0,0,-0.374755144
9430,9.430684,0,0,0,0,0,0,-0.374755144
9431,9.431692,0,0,0,0,0,0,-0.374755144
9432,9.432675,0,0,0,0,0,0,-0.374755144
9433,9.433689,0,0,0,0,0,0,-0.374755144
9434,9.434712,0,0,0,0,0,0,-0.374755144
9435,9.435695,0,0,0,0,0,0,-0.374755144
9436,9.436692,0,0,0,0,0,0,-0.374755144
9437,9.437676,0,0,0,0,0,0,-0.374755144
9438,9.438697,0,0,0,0,0,0,-0.374755144
9439,9.439681,0,0,0,0,0,0,-0.374755144
9440,9.440689,0,0,0,0,0,0,-0.374755144
9441,9.441685,0,0,0,0,0,0,-0.374755144
9442,9.442694,0,0,0,0,0,0,-0.374755144
9443,9.443677,0,0,0,0,0,0,-0.374755144
9444,9.444699,0,0,0,0,0,0,-0.374755144
9445,9.445710,0,0,0,0,0,0,-0.374755144
9446,9.446693,0,0,0,0,0,0,-0.374755144
9447,9.447691,0,0,0,0,0,0,-0.374755144
9448,9.448674,0,0,0,0,0,0,-0.374755144
9449,9.449697,0,0,0,0,0,0,-0.374755144
9450,9.450680,0,0,0,0,0,0,-0.374755144
9451,9.451689,0,0,0,0,0,0,-0.374755144
9452,9.452685,0,0,0,0,0,0,-0.374755144
9453,9.453694,0,0,0,0,0,0,-0.374755144
9454,9.454677,0,0,0,0,0,0,-0.374755144
9455,9.455700,0,0,0,0,0,0,-0.374755144
9456,9.456711,0,0,0,0,0,0,-0.374755144
9457,9.457689,0,0,0,0,0,0,-0.374755144
9458,9.458699,0,0,0,0,0,0,-0.374755144
9459,9.459682,0,0,0,0,0,0,-0.374755144
9460,9.460691,0,0,0,0,0,0,-0.374755144
9461,9.461674,0,0,0,0,0,0,-0.374755144
9462,9.462696,0,0,0,0,0,0,-0.374755144
9463,9.463680,0,0,0,0,0,0,-0.374755144
9464,9.464689,0,0,0,0,0,0,-0.374755144
9465,9.465688,0,0,0,0,0,0,-0.374755144
9466,9.466697,0,0,0,0,0,0,-0.374755144
9467,9.467680,0,0,0,0,0,0,-0.374755144
9468,9.468693,0,0,0,0,0,0,-0.374755144
9469,9.469689,0,0,0,0,0,0,-0.374755144
9470,9.470684,0,0,0,0,0,0,-0.374755144
9471,9.471693,0,0,0,0,0,0,-0.374755144
9472,9.472676,0,0,0,0,0,0,-0.374755144
9473,9.473698,0,0,0,0,0,0,-0.374755144
9474,9.474680,0,0,0,0,0,0,-0.374755144
9475,9.475692,0,0,0,0,0,0,-0.374755144
9476,9.476674,0,0,0,0,0,0,-0.374755144
9477,9.477696,0,0,0,0,0,0,-0.374755144
9478,9.478705,0,0,0,0,0,0,-0.374755144
9479,9.479695,0,0,0,0,0,0,-0.374755144
9480,9.480691,0,0,0,0,0,0,-0.374755144
9481,9.481674,0,0,0,0,0,0,-0.374755144
9482,9.482696,0,0,0,0,0,0,-0.374755144
9483,9.483678,0,0,0,0,0,0,-0.374755144
9484,9.484686,0,0,0,0,0,0,-0.374755144
9485,9.485685,0,0,0,0,0,0,-0.374755144
9486,9.486694,0,0,0,0,0,0,-0.374755144
9487,9.487676,0,0,0,0,0,0,-0.374755144
9488,9.488697,0,0,0,0,0,0,-0.374755144
9489,9.489710,0,0,0,0,0,0,-0.374755144
9490,9.490697,0,0,0,0,0,0,-0.374755144
9491,9.491695,0,0,0,0,0,0,-0.374755144
9492,9.492677,0,0,0,0,0,0,-0.374755144
9493,9.493695,0,0,0,0,0,0,-0.374755144
9494,9.494692,0,0,0,0,0,0,-0.374755144
9495,9.495677,0,0,0,0,0,0,-0.374755144
9496,9.496686,0,0,0,0,0,0,-0.374755144
9497,9.497683,0,0,0,0,0,0,-0.374755144
9498,9.498691,0,0,0,0,0,0,-0.374755144
9499,9.499673,0,0,0,0,0,0,-0.374755144
9500,9.500711,0,0,0,0,0,0,-0.374755144
9501,9.501698,0,0,0,0,0,0,-0.374755144
9502,9.502694,0,0,0,0,0,0,-0.374755144
9503,9.503679,0,0,0,0,0,0,-0.374755144
9504,9.504688,0,0,0,0,0,0,-0.374755144
9505,9.505688,0,0,0,0,0,0,-0.374755144
9506,9.506698,0,0,0,0,0,0,-0.374755144
9507,9.507681,0,0,0,0,0,0,-0.374755144
9508,9.508689,0,0,0,0,0,0,-0.374755144
9509,9.509672,0,0,0,0,0,0,-0.374755144
9510,9.510695,0,0,0,0,0,0,-0.374755144
9511,9.511708,0,0,0,0,0,0,-0.374755144
9512,9.512697,0,0,0,0,0,0,-0.374755144
9513,9.513695,0,0,0,0,0,0,-0.374755144
9514,9.514678,0,0,0,0,0,0,-0.374755144
9515,9.515692,0,0,0,0,0,0,-0.374755144
9516,9.516675,0,0,0,0,0,0,-0.374755144
9517,9.517695,0,0,0,0,0,0,-0.374755144
9518,9.518679,0,0,0,0,0,0,-0.374755144
9519,9.519688,0,0,0,0,0,0,-0.374755144
9520,9.520683,0,0,0,0,0,0,-0.374755144
9521,9.521693,0,0,0,0,0,0,-0.374755144
9522,9.522677,0,0,0,0,0,0,-0.374755144
9523,9.523694,0,0,0,0,0,0,-0.374755144
9524,9.524692,0,0,0,0,0,0,-0.374755144
9525,9.525678,0,0,0,0,0,0,-0.374755144
9526,9.526687,0,0,0,0,0,0,-0.374755144
9527,9.527683,0,0,0,0,0,0,-0.374755144
9528,9.528692,0,0,0,0,0,0,-0.374755144
9529,9.529675,0,0,0,0,0,0,-0.374755144
9530,9.530698,0,0,0,0,0,0,-0.374755144
9531,9.531680,0,0,0,0,0,0,-0.374755144
9532,9.532689,0,0,0,0,0,0,-0.374755144
9533,9.533684,0,0,0,0,0,0,-0.374755144
9534,9.534780,0,0,0,0,0,0,-0.374755144
9535,9.535583,0,0,0,0,0,0,-0.374755144
9536,9.536694,0,0,0,0,0,0,-0.374755144
9537,9.537677,0,0,0,0,0,0,-0.374755144
9538,9.538698,0,0,0,0,0,0,-0.374755144
9539,9.539680,0,0,0,0,0,0,-0.374755144
9540,9.540688,0,0,0,0,0,0,-0.374755144
9541,9.541684,0,0,0,0,0,0,-0.374755144
9542,9.542692,0,0,0,0,0,0,-0.374755144
9543,9.543675,0,0,0,0,0,0,-0.374755144
9544,9.544697,0,0,0,0,0,0,-0.374755144
9545,9.545692,0,0,0,0,0,0,-0.374755144
9546,9.546690,0,0,0,0,0,0,-0.374755144
9547,9.547672,0,0,0,0,0,0,-0.374755144
9548,9.548695,0,0,0,0,0,0,-0.374755144
9549,9.549678,0,0,0,0,0,0,-0.374755144
9550,9.550745,0,0,0,0,0,0,-0.374755144
9551,9.551691,0,0,0,0,0,0,-0.374755144
9552,9.552674,0,0,0,0,0,0,-0.374755144
9553,9.553696,0,0,0,0,0,0,-0.374755144
9554,9.554679,0,0,0,0,0,0,-0.374755144
9555,9.555708,0,0,0,0,0,0,-0.374755144
9556,9.556689,0,0,0,0,0,0,-0.374755144
9557,9.557698,0,0,0,0,0,0,-0.374755144
9558,9.558681,0,0,0,0,0,0,-0.374755144
9559,9.559689,0,0,0,0,0,0,-0.374755144
9560,9.560685,0,0,0,0,0,0,-0.374755144
9561,9.561694,0,0,0,0,0,0,-0.374755144
9562,9.562676,0,0,0,0,0,0,-0.374755144
9563,9.563699,0,0,0,0,0,0,-0.374755144
9564,9.564681,0,0,0,0,0,0,-0.374755144
9565,9.565693,0,0,0,0,0,0,-0.374755144
9566,9.566705,0,0,0,0,0,0,-0.374755144
9567,9.567691,0,0,0,0,0,0,-0.374755144
9568,9.568687,0,0,0,0,0,0,-0.374755144
9569,9.569685,0,0,0,0,0,0,-0.374755144
9570,9.570693,0,0,0,0,0,0,-0.374755144
9571,9.571676,0,0,0,0,0,0,-0.374755144
9572,9.572698,0,0,0,0,0,0,-0.374755144
9573,9.573682,0,0,0,0,0,0,-0.374755144
9574,9.574691,0,0,0,0,0,0,-0.374755144
9575,9.575678,0,0,0,0,0,0,-0.374755144
9576,9.576687,0,0,0,0,0,0,-0.374755144
9577,9.577683,0,0,0,0,0,0,-0.374755144
9578,9.578691,0,0,0,0,0,0,-0.374755144
9579,9.579689,0,0,0,0,0,0,-0.374755144
9580,9.580685,0,0,0,0,0,0,-0.374755144
9581,9.581694,0,0,0,0,0,0,-0.374755144
9582,9.582677,0,0,0,0,0,0,-0.374755144
9583,9.583686,0,0,0,0,0,0,-0.374755144
9584,9.584682,0,0,0,0,0,0,-0.374755144
9585,9.585694,0,0,0,0,0,0,-0.374755144
9586,9.586677,0,0,0,0,0,0,-0.374755144
9587,9.587686,0,0,0,0,0,0,-0.374755144
9588,9.588712,0,0,0,0,0,0,-0.374755144
9589,9.589692,0,0,0,0,0,0,-0.374755144
9590,9.590689,0,0,0,0,0,0,-0.374755144
9591,9.591673,0,0,0,0,0,0,-0.374755144
9592,9.592695,0,0,0,0,0,0,-0.374755144
9593,9.593678,0,0,0,0,0,0,-0.374755144
9594,9.594687,0,0,0,0,0,0,-0.374755144
9595,9.595687,0,0,0,0,0,0,-0.374755144
9596,9.596696,0,0,0,0,0,0,-0.374755144
9597,9.597679,0,0,0,0,0,0,-0.374755144
9598,9.598688,0,0,0,0,0,0,-0.374755144
9599,9.599713,0,0,0,0,0,0,-0.374755144
9600,9.600692,0,0,0,0,0,0,-0.374755144
9601,9.601690,0,0,0,0,0,0,-0.374755144
9602,9.602752,0,0,0,0,0,0,-0.374755144
9603,9.603698,0,0,0,0,0,0,-0.374755144
9604,9.604682,0,0,0,0,0,0,-0.374755144
9605,9.605694,0,0,0,0,0,0,-0.374755144
9606,9.606677,0,0,0,0,0,0,-0.374755144
9607,9.607699,0,0,0,0,0,0,-0.374755144
9608,9.608681,0,0,0,0,0,0,-0.374755144
9609,9.609690,0,0,0,0,0,0,-0.374755144
9610,9.610698,0,0,0,0,0,0,-0.374755144
9611,9.611695,0,0,0,0,0,0,-0.374755144
9612,9.612690,0,0,0,0,0,0,-0.374755144
9613,9.613674,0,0,0,0,0,0,-0.374755144
9614,9.614694,0,0,0,0,0,0,-0.374755144
9615,9.615680,0,0,0,0,0,0,-0.374755144
9616,9.616689,0,0,0,0,0,0,-0.374755144
9617,9.617686,0,0,0,0,0,0,-0.374755144
9618,9.618694,0,0,0,0,0,0,-0.374755144
9619,9.619676,0,0,0,0,0,0,-0.374755144
9620,9.620698,0,0,0,0,0,0,-0.374755144
9621,9.621711,0,0,0,0,0,0,-0.374755144
9622,9.622694,0,0,0,0,0,0,-0.374755144
9623,9.623691,0,0,0,0,0,0,-0.374755144
9624,9.624674,0,0,0,0,0,0,-0.374755144
9625,9.625699,0,0,0,0,0,0,-0.374755144
9626,9.626682,0,0,0,0,0,0,-0.374755144
9627,9.627690,0,0,0,0,0,0,-0.374755144
9628,9.628672,0,0,0,0,0,0,-0.374755144
9629,9.629695,0,0,0,0,0,0,-0.374755144
9630,9.630678,0,0,0,0,0,0,-0.374755144
9631,9.631686,0,0,0,0,0,0,-0.374755144
9632,9.632682,0,0,0,0,0,0,-0.374755144
9633,9.633695,0,0,0,0,0,0,-0.374755144
9634,9.634693,0,0,0,0,0,0,-0.374755144
9635,9.635679,0,0,0,0,0,0,-0.374755144
9636,9.636688,0,0,0,0,0,0,-0.374755144
9637,9.637683,0,0,0,0,0,0,-0.374755144
9638,9.638692,0,0,0,0,0,0,-0.374755144
9639,9.639676,0,0,0,0,0,0,-0.374755144
9640,9.640698,0,0,0,0,0,0,-0.374755144
9641,9.641681,0,0,0,0,0,0,-0.374755144
9642,9.642690,0,0,0,0,0,0,-0.374755144
9643,9.643673,0,0,0,0,0,0,-0.374755144
9644,9.644696,0,0,0,0,0,0,-0.374755144
9645,9.645696,0,0,0,0,0,0,-0.374755144
9646,9.646679,0,0,0,0,0,0,-0.374755144
9647,9.647688,0,0,0,0,0,0,-0.374755144
9648,9.648685,0,0,0,0,0,0,-0.374755144
9649,9.649694,0,0,0,0,0,0,-0.374755144
9650,9.650677,0,0,0,0,0,0,-0.374755144
9651,9.651697,0,0,0,0,0,0,-0.374755144
9652,9.652681,0,0,0,0,0,0,-0.374755144
9653,9.653691,0,0,0,0,0,0,-0.374755144
9654,9.654704,0,0,0,0,0,0,-0.374755144
9655,9.655702,0,0,0,0,0,0,-0.374755144
9656,9.656694,0,0,0,0,0,0,-0.374755144
9657,9.657692,0,0,0,0,0,0,-0.374755144
9658,9.658675,0,0,0,0,0,0,-0.374755144
9659,9.659697,0,0,0,0,0,0,-0.374755144
9660,9.660679,0,0,0,0,0,0,-0.374755144
9661,9.661688,0,0,0,0,0,0,-0.374755144
9662,9.662685,0,0,0,0,0,0,-0.374755144
9663,9.663694,0,0,0,0,0,0,-0.374755144
9664,9.664676,0,0,0,0,0,0,-0.374755144
9665,9.665716,0,0,0,0,0,0,-0.374755144
9666,9.666698,0,0,0,0,0,0,-0.374755144
9667,9.667695,0,0,0,0,0,0,-0.374755144
9668,9.668677,0,0,0,0,0,0,-0.374755144
9669,9.669699,0,0,0,0,0,0,-0.374755144
9670,9.670681,0,0,0,0,0,0,-0.374755144
9671,9.671690,0,0,0,0,0,0,-0.374755144
9672,9.672673,0,0,0,0,0,0,-0.374755144
9673,9.673695,0,0,0,0,0,0,-0.374755144
9674,9.674677,0,0,0,0,0,0,-0.374755144
9675,9.675700,0,0,0,0,0,0,-0.374755144
9676,9.676714,0,0,0,0,0,0,-0.374755144
9677,9.677699,0,0,0,0,0,0,-0.374755144
9678,9.678696,0,0,0,0,0,0,-0.374755144
9679,9.679678,0,0,0,0,0,0,-0.374755144
9680,9.680687,0,0,0,0,0,0,-0.374755144
9681,9.681682,0,0,0,0,0,0,-0.374755144
9682,9.682691,0,0,0,0,0,0,-0.374755144
9683,9.683673,0,0,0,0,0,0,-0.374755144
9684,9.684694,0,0,0,0,0,0,-0.374755144
9685,9.685681,0,0,0,0,0,0,-0.374755144
9686,9.686690,0,0,0,0,0,0,-0.374755144
9687,9.687714,0,0,0,0,0,0,-0.374755144
9688,9.688704,0,0,0,0,0,0,-0.374755144
9689,9.689688,0,0,0,0,0,0,-0.374755144
9690,9.690683,0,0,0,0,0,0,-0.374755144
9691,9.691692,0,0,0,0,0,0,-0.374755144
9692,9.692675,0,0,0,0,0,0,-0.374755144
9693,9.693698,0,0,0,0,0,0,-0.374755144
9694,9.694680,0,0,0,0,0,0,-0.374755144
9695,9.695692,0,0,0,0,0,0,-0.374755144
9696,9.696674,0,0,0,0,0,0,-0.374755144
9697,9.697696,0,0,0,0,0,0,-0.374755144
9698,9.698704,0,0,0,0,0,0,-0.374755144
9699,9.699689,0,0,0,0,0,0,-0.374755144
9700,9.700698,0,0,0,0,0,0,-0.374755144
9701,9.701681,0,0,0,0,0,0,-0.374755144
9702,9.702692,0,0,0,0,0,0,-0.374755144
9703,9.703675,0,0,0,0,0,0,-0.374755144
9704,9.704696,0,0,0,0,0,0,-0.374755144
9705,9.705683,0,0,0,0,0,0,-0.374755144
9706,9.706693,0,0,0,0,0,0,-0.374755144
9707,9.707675,0,0,0,0,0,0,-0.374755144
9708,9.708696,0,0,0,0,0,0,-0.374755144
9709,9.709710,0,0,0,0,0,0,-0.374755144
9710,9.710690,0,0,0,0,0,0,-0.374755144
9711,9.711699,0,0,0,0,0,0,-0.374755144
9712,9.712749,0,0,0,0,0,0,-0.374755144
9713,9.713696,0,0,0,0,0,0,-0.374755144
9714,9.714680,0,0,0,0,0,0,-0.374755144
9715,9.715692,0,0,0,0,0,0,-0.374755144
9716,9.716675,0,0,0,0,0,0,-0.374755144
9717,9.717698,0,0,0,0,0,0,-0.374755144
9718,9.718681,0,0,0,0,0,0,-0.374755144
9719,9.719690,0,0,0,0,0,0,-0.374755144
9720,9.720704,0,0,0,0,0,0,-0.374755144
9721,9.721691,0,0,0,0,0,0,-0.374755144
9722,9.722687,0,0,0,0,0,0,-0.374755144
9723,9.723683,0,0,0,0,0,0,-0.374755144
9724,9.724692,0,0,0,0,0,0,-0.374755144
9725,9.725678,0,0,0,0,0,0,-0.374755144
9726,9.726687,0,0,0,0,0,0,-0.374755144
9727,9.727684,0,0,0,0,0,0,-0.374755144
9728,9.728692,0,0,0,0,0,0,-0.374755144
9729,9.729675,0,0,0,0,0,0,-0.374755144
9730,9.730697,0,0,0,0,0,0,-0.374755144
9731,9.731710,0,0,0,0,0,0,-0.374755144
9732,9.732691,0,0,0,0,0,0,-0.374755144
9733,9.733688,0,0,0,0,0,0,-0.374755144
9734,9.734684,0,0,0,0,0,0,-0.374755144
9735,9.735695,0,0,0,0,0,0,-0.374755144
9736,9.736678,0,0,0,0,0,0,-0.374755144
9737,9.737686,0,0,0,0,0,0,-0.374755144
9738,9.738682,0,0,0,0,0,0,-0.374755144
9739,9.739691,0,0,0,0,0,0,-0.374755144
9740,9.740685,0,0,0,0,0,0,-0.374755144
9741,9.741694,0,0,0,0,0,0,-0.374755144
9742,9.742708,0,0,0,0,0,0,-0.374755144
9743,9.743692,0,0,0,0,0,0,-0.374755144
9744,9.744689,0,0,0,0,0,0,-0.374755144
9745,9.745688,0,0,0,0,0,0,-0.374755144
9746,9.746696,0,0,0,0,0,0,-0.374755144
9747,9.747681,0,0,0,0,0,0,-0.374755144
9748,9.748690,0,0,0,0,0,0,-0.374755144
9749,9.749686,0,0,0,0,0,0,-0.374755144
9750,9.750695,0,0,0,0,0,0,-0.374755144
9751,9.751677,0,0,0,0,0,0,-0.374755144
9752,9.752698,0,0,0,0,0,0,-0.374755144
9753,9.753789,0,0,0,0,0,0,-0.374755144
9754,9.754677,0,0,0,0,0,0,-0.374755144
9755,9.755702,0,0,0,0,0,0,-0.374755144
9756,9.756684,0,0,0,0,0,0,-0.374755144
9757,9.757693,0,0,0,0,0,0,-0.374755144
9758,9.758675,0,0,0,0,0,0,-0.374755144
9759,9.759697,0,0,0,0,0,0,-0.374755144
9760,9.760680,0,0,0,0,0,0,-0.374755144
9761,9.761689,0,0,0,0,0,0,-0.374755144
9762,9.762684,0,0,0,0,0,0,-0.374755144
9763,9.763693,0,0,0,0,0,0,-0.374755144
9764,9.764717,0,0,0,0,0,0,-0.374755144
9765,9.765696,0,0,0,0,0,0,-0.374755144
9766,9.766693,0,0,0,0,0,0,-0.374755144
9767,9.767676,0,0,0,0,0,0,-0.374755144
9768,9.768699,0,0,0,0,0,0,-0.374755144
9769,9.769683,0,0,0,0,0,0,-0.374755144
9770,9.770691,0,0,0,0,0,0,-0.374755144
9771,9.771675,0,0,0,0,0,0,-0.374755144
9772,9.772696,0,0,0,0,0,0,-0.374755144
9773,9.773679,0,0,0,0,0,0,-0.374755144
9774,9.774687,0,0,0,0,0,0,-0.374755144
9775,9.775720,0,0,0,0,0,0,-0.374755144
9776,9.776682,0,0,0,0,0,0,-0.374755144
9777,9.777692,0,0,0,0,0,0,-0.374755144
9778,9.778675,0,0,0,0,0,0,-0.374755144
9779,9.779698,0,0,0,0,0,0,-0.374755144
9780,9.780680,0,0,0,0,0,0,-0.374755144
9781,9.781690,0,0,0,0,0,0,-0.374755144
9782,9.782673,0,0,0,0,0,0,-0.374755144
9783,9.783695,0,0,0,0,0,0,-0.374755144
9784,9.784678,0,0,0,0,0,0,-0.374755144
9785,9.785690,0,0,0,0,0,0,-0.374755144
9786,9.786718,0,0,0,0,0,0,-0.374755144
9787,9.787681,0,0,0,0,0,0,-0.374755144
9788,9.788693,0,0,0,0,0,0,-0.374755144
9789,9.789675,0,0,0,0,0,0,-0.374755144
9790,9.790697,0,0,0,0,0,0,-0.374755144
9791,9.791681,0,0,0,0,0,0,-0.374755144
9792,9.792690,0,0,0,0,0,0,-0.374755144
9793,9.793685,0,0,0,0,0,0,-0.374755144
9794,9.794694,0,0,0,0,0,0,-0.374755144
9795,9.795680,0,0,0,0,0,0,-0.374755144
9796,9.796688,0,0,0,0,0,0,-0.374755144
9797,9.797716,0,0,0,0,0,0,-0.374755144
9798,9.798682,0,0,0,0,0,0,-0.374755144
9799,9.799690,0,0,0,0,0,0,-0.374755144
9800,9.800672,0,0,0,0,0,0,-0.374755144
9801,9.801694,0,0,0,0,0,0,-0.374755144
