Index,Time,debug_PWM_A,debug_PWM_B,debug_PWM_C,debug_IA,debug_IB,debug_IC,pos_estimate_debug,open_phase_debug,open_phase_vel_debug,open_Vd_debug,open_Vq_debug,alpha_debug,beta_debug,sectant_debug
0,0.000000,0,0,0,0,0,0,0,0,0,0,0,0,0,0
1,0.006159,0,0,0,0,0,0,0,0,0,0,0,0,0,0
2,0.011149,0,0,0,0,0,0,0,0,0,0,0,0,0,0
3,0.016156,0,0,0,0,0,0,0,0,0,0,0,0,0,0
4,0.021143,0,0,0,0,0,0,0,0,0,0,0,0,0,0
5,0.026226,0,0,0,0,0,0,0,0,0,0,0,0,0,0
6,0.031149,0,0,0,0,0,0,0,0,0,0,0,0,0,0
7,0.036138,0,0,0,0,0,0,0,0,0,0,0,0,0,0
8,0.041157,0,0,0,0,0,0,0,0,0,0,0,0,0,0
9,0.046147,0,0,0,0,0,0,0,0,0,0,0,0,0,0
10,0.051156,0,0,0,0,0,0,0,0,0,0,0,0,0,0
11,0.056147,0,0,0,0,0,0,0,0,0,0,0,0,0,0
12,0.061156,0,0,0,0,0,0,0,0,0,0,0,0,0,0
13,0.066155,0,0,0,0,0,0,0,0,0,0,0,0,0,0
14,0.071164,0,0,0,0,0,0,0,0,0,0,0,0,0,0
15,0.076143,0,0,0,0,0,0,0,0,0,0,0,0,0,0
16,0.081161,0,0,0,0,0,0,0,0,0,0,0,0,0,0
17,0.086138,0,0,0,0,0,0,0,0,0,0,0,0,0,0
18,0.091159,0,0,0,0,0,0,0,0,0,0,0,0,0,0
19,0.096147,0,0,0,0,0,0,0,0,0,0,0,0,0,0
20,0.101154,0,0,0,0,0,0,0,0,0,0,0,0,0,0
21,0.106144,0,0,0,0,0,0,0,0,0,0,0,0,0,0
22,0.111162,0,0,0,0,0,0,0,0,0,0,0,0,0,0
23,0.116140,0,0,0,0,0,0,0,0,0,0,0,0,0,0
24,0.121153,0,0,0,0,0,0,0,0,0,0,0,0,0,0
25,0.126146,0,0,0,0,0,0,0,0,0,0,0,0,0,0
26,0.131161,0,0,0,0,0,0,0,0,0,0,0,0,0,0
27,0.136140,0,0,0,0,0,0,0,0,0,0,0,0,0,0
28,0.141152,0,0,0,0,0,0,0,0,0,0,0,0,0,0
29,0.146140,0,0,0,0,0,0,0,0,0,0,0,0,0,0
30,0.151160,0,0,0,0,0,0,0,0,0,0,0,0,0,0
31,0.156149,0,0,0,0,0,0,0,0,0,0,0,0,0,0
32,0.161146,0,0,0,0,0,0,0,0,0,0,0,0,0,0
33,0.166157,0,0,0,0,0,0,0,0,0,0,0,0,0,0
34,0.171162,0,0,0,0,0,0,0,0,0,0,0,0,0,0
35,0.176153,0,0,0,0,0,0,0,0,0,0,0,0,0,0
36,0.181142,0,0,0,0,0,0,0,0,0,0,0,0,0,0
37,0.186154,0,0,0,0,0,0,0,0,0,0,0,0,0,0
38,0.191142,0,0,0,0,0,0,0,0,0,0,0,0,0,0
39,0.196156,0,0,0,0,0,0,0,0,0,0,0,0,0,0
40,0.201145,0,0,0,0,0,0,0,0,0,0,0,0,0,0
41,0.206153,0,0,0,0,0,0,0,0,0,0,0,0,0,0
42,0.211138,0,0,0,0,0,0,0,0,0,0,0,0,0,0
43,0.216163,0,0,0,0,0,0,0,0,0,0,0,0,0,0
44,0.221148,0,0,0,0,0,0,0,0,0,0,0,0,0,0
45,0.226154,0,0,0,0,0,0,0,0,0,0,0,0,0,0
46,0.231139,0,0,0,0,0,0,0,0,0,0,0,0,0,0
47,0.236164,0,0,0,0,0,0,0,0,0,0,0,0,0,0
48,0.241148,0,0,0,0,0,0,0,0,0,0,0,0,0,0
49,0.246158,0,0,0,0,0,0,0,0,0,0,0,0,0,0
50,0.251147,0,0,0,0,0,0,0,0,0,0,0,0,0,0
51,0.256156,0,0,0,0,0,0,0,0,0,0,0,0,0,0
52,0.261146,0,0,0,0,0,0,0,0,0,0,0,0,0,0
53,0.266159,0,0,0,0,0,0,0,0,0,0,0,0,0,0
54,0.271148,0,0,0,0,0,0,0,0,0,0,0,0,0,0
55,0.276197,0,0,0,0,0,0,0,0,0,0,0,0,0,0
56,0.281139,0,0,0,0,0,0,0,0,0,0,0,0,0,0
57,0.286159,0,0,0,0,0,0,0,0,0,0,0,0,0,0
58,0.291162,0,0,0,0,0,0,0,0,0,0,0,0,0,0
59,0.296137,0,0,0,0,0,0,0,0,0,0,0,0,0,0
60,0.301162,0,0,0,0,0,0,0,0,0,0,0,0,0,0
61,0.306150,0,0,0,0,0,0,0,0,0,0,0,0,0,0
62,0.311164,0,0,0,0,0,0,0,0,0,0,0,0,0,0
63,0.316144,0,0,0,0,0,0,0,0,0,0,0,0,0,0
64,0.321164,0,0,0,0,0,0,0,0,0,0,0,0,0,0
65,0.326144,0,0,0,0,0,0,0,0,0,0,0,0,0,0
66,0.331155,0,0,0,0,0,0,0,0,0,0,0,0,0,0
67,0.336147,0,0,0,0,0,0,0,0,0,0,0,0,0,0
68,0.341164,0,0,0,0,0,0,0,0,0,0,0,0,0,0
69,0.346141,0,0,0,0,0,0,0,0,0,0,0,0,0,0
70,0.351160,0,0,0,0,0,0,0,0,0,0,0,0,0,0
71,0.356149,0,0,0,0,0,0,0,0,0,0,0,0,0,0
72,0.361159,0,0,0,0,0,0,0,0,0,0,0,0,0,0
73,0.366148,0,0,0,0,0,0,0,0,0,0,0,0,0,0
74,0.371164,0,0,0,0,0,0,0,0,0,0,0,0,0,0
75,0.376143,0,0,0,0,0,0,0,0,0,0,0,0,0,0
76,0.381153,0,0,0,0,0,0,0,0,0,0,0,0,0,0
77,0.386147,0,0,0,0,0,0,0,0,0,0,0,0,0,0
78,0.391270,0,0,0,0,0,0,0,0,0,0,0,0,0,0
79,0.396138,0,0,0,0,0,0,0,0,0,0,0,0,0,0
80,0.401160,0,0,0,0,0,0,0,0,0,0,0,0,0,0
81,0.406163,0,0,0,0,0,0,0,0,0,0,0,0,0,0
82,0.411148,0,0,0,0,0,0,0,0,0,0,0,0,0,0
83,0.416159,0,0,0,0,0,0,0,0,0,0,0,0,0,0
84,0.421145,0,0,0,0,0,0,0,0,0,0,0,0,0,0
85,0.426156,0,0,0,0,0,0,0,0,0,0,0,0,0,0
86,0.431141,0,0,0,0,0,0,0,0,0,0,0,0,0,0
87,0.436165,0,0,0,0,0,0,0,0,0,0,0,0,0,0
88,0.441140,0,0,0,0,0,0,0,0,0,0,0,0,0,0
89,0.446153,0,0,0,0,0,0,0,0,0,0,0,0,0,0
90,0.451142,0,0,0,0,0,0,0,0,0,0,0,0,0,0
91,0.456160,0,0,0,0,0,0,0,0,0,0,0,0,0,0
92,0.461149,0,0,0,0,0,0,0,0,0,0,0,0,0,0
93,0.466153,0,0,0,0,0,0,0,0,0,0,0,0,0,0
94,0.471139,0,0,0,0,0,0,0,0,0,0,0,0,0,0
95,0.476153,0,0,0,0,0,0,0,0,0,0,0,0,0,0
96,0.481137,0,0,0,0,0,0,0,0,0,0,0,0,0,0
97,0.486157,0,0,0,0,0,0,0,0,0,0,0,0,0,0
98,0.491143,0,0,0,0,0,0,0,0,0,0,0,0,0,0
99,0.496164,0,0,0,0,0,0,0,0,0,0,0,0,0,0
100,0.501138,0,0,0,0,0,0,0,0,0,0,0,0,0,0
101,0.506159,0,0,0,0,0,0,0,0,0,0,0,0,0,0
102,0.511155,0,0,0,0,0,0,0,0,0,0,0,0,0,0
103,0.516173,0,0,0,0,0,0,0,0,0,0,0,0,0,0
104,0.521160,0,0,0,0,0,0,0,0,0,0,0,0,0,0
105,0.526140,0,0,0,0,0,0,0,0,0,0,0,0,0,0
106,0.531155,0,0,0,0,0,0,0,0,0,0,0,0,0,0
107,0.536146,0,0,0,0,0,0,0,0,0,0,0,0,0,0
108,0.541162,0,0,0,0,0,0,0,0,0,0,0,0,0,0
109,0.546137,0,0,0,0,0,0,0,0,0,0,0,0,0,0
110,0.551155,0,0,0,0,0,0,0,0,0,0,0,0,0,0
111,0.556144,0,0,0,0,0,0,0,0,0,0,0,0,0,0
112,0.561162,0,0,0,0,0,0,0,0,0,0,0,0,0,0
113,0.566141,0,0,0,0,0,0,0,0,0,0,0,0,0,0
114,0.571160,0,0,0,0,0,0,0,0,0,0,0,0,0,0
115,0.576139,0,0,0,0,0,0,0,0,0,0,0,0,0,0
116,0.581158,0,0,0,0,0,0,0,0,0,0,0,0,0,0
117,0.586137,0,0,0,0,0,0,0,0,0,0,0,0,0,0
118,0.591163,0,0,0,0,0,0,0,0,0,0,0,0,0,0
119,0.596141,0,0,0,0,0,0,0,0,0,0,0,0,0,0
120,0.601161,0,0,0,0,0,0,0,0,0,0,0,0,0,0
121,0.606137,0,0,0,0,0,0,0,0,0,0,0,0,0,0
122,0.611154,0,0,0,0,0,0,0,0,0,0,0,0,0,0
123,0.616142,0,0,0,0,0,0,0,0,0,0,0,0,0,0
124,0.621164,0,0,0,0,0,0,0,0,0,0,0,0,0,0
125,0.626140,0,0,0,0,0,0,0,0,0,0,0,0,0,0
126,0.631187,0,0,0,0,0,0,0,0,0,0,0,0,0,0
127,0.636148,0,0,0,0,0,0,0,0,0,0,0,0,0,0
128,0.641149,0,0,0,0,0,0,0,0,0,0,0,0,0,0
129,0.646161,0,0,0,0,0,0,0,0,0,0,0,0,0,0
130,0.651149,0,0,0,0,0,0,0,0,0,0,0,0,0,0
131,0.656159,0,0,0,0,0,0,0,0,0,0,0,0,0,0
132,0.661148,0,0,0,0,0,0,0,0,0,0,0,0,0,0
133,0.666164,0,0,0,0,0,0,0,0,0,0,0,0,0,0
134,0.671154,0,0,0,0,0,0,0,0,0,0,0,0,0,0
135,0.676163,0,0,0,0,0,0,0,0,0,0,0,0,0,0
136,0.681137,0,0,0,0,0,0,0,0,0,0,0,0,0,0
137,0.686164,0,0,0,0,0,0,0,0,0,0,0,0,0,0
138,0.691136,0,0,0,0,0,0,0,0,0,0,0,0,0,0
139,0.696161,0,0,0,0,0,0,0,0,0,0,0,0,0,0
140,0.701147,0,0,0,0,0,0,0,0,0,0,0,0,0,0
141,0.706156,0,0,0,0,0,0,0,0,0,0,0,0,0,0
142,0.711143,0,0,0,0,0,0,0,0,0,0,0,0,0,0
143,0.716155,0,0,0,0,0,0,0,0,0,0,0,0,0,0
144,0.721170,0,0,0,0,0,0,0,0,0,0,0,0,0,0
145,0.726160,0,0,0,0,0,0,0,0,0,0,0,0,0,0
146,0.731136,0,0,0,0,0,0,0,0,0,0,0,0,0,0
147,0.736162,0,0,0,0,0,0,0,0,0,0,0,0,0,0
148,0.741147,0,0,0,0,0,0,0,0,0,0,0,0,0,0
149,0.746174,0,0,0,0,0,0,0,0,0,0,0,0,0,0
150,0.751156,0,0,0,0,0,0,0,0,0,0,0,0,0,0
151,0.756146,0,0,0,0,0,0,0,0,0,0,0,0,0,0
152,0.761153,0,0,0,0,0,0,0,0,0,0,0,0,0,0
153,0.766140,0,0,0,0,0,0,0,0,0,0,0,0,0,0
154,0.771165,0,0,0,0,0,0,0,0,0,0,0,0,0,0
155,0.776143,0,0,0,0,0,0,0,0,0,0,0,0,0,0
156,0.781161,0,0,0,0,0,0,0,0,0,0,0,0,0,0
157,0.786140,0,0,0,0,0,0,0,0,0,0,0,0,0,0
158,0.791158,0,0,0,0,0,0,0,0,0,0,0,0,0,0
159,0.796138,0,0,0,0,0,0,0,0,0,0,0,0,0,0
160,0.801155,0,0,0,0,0,0,0,0,0,0,0,0,0,0
161,0.806144,0,0,0,0,0,0,0,0,0,0,0,0,0,0
162,0.811154,0,0,0,0,0,0,0,0,0,0,0,0,0,0
163,0.816140,0,0,0,0,0,0,0,0,0,0,0,0,0,0
164,0.821162,0,0,0,0,0,0,0,0,0,0,0,0,0,0
165,0.826138,0,0,0,0,0,0,0,0,0,0,0,0,0,0
166,0.831152,0,0,0,0,0,0,0,0,0,0,0,0,0,0
167,0.836154,0,0,0,0,0,0,0,0,0,0,0,0,0,0
168,0.841156,0,0,0,0,0,0,0,0,0,0,0,0,0,0
169,0.846149,0,0,0,0,0,0,0,0,0,0,0,0,0,0
170,0.851156,0,0,0,0,0,0,0,0,0,0,0,0,0,0
171,0.856147,0,0,0,0,0,0,0,0,0,0,0,0,0,0
172,0.861236,0,0,0,0,0,0,0,0,0,0,0,0,0,0
173,0.866145,0,0,0,0,0,0,0,0,0,0,0,0,0,0
174,0.871142,0,0,0,0,0,0,0,0,0,0,0,0,0,0
175,0.876164,0,0,0,0,0,0,0,0,0,0,0,0,0,0
176,0.881147,0,0,0,0,0,0,0,0,0,0,0,0,0,0
177,0.886161,0,0,0,0,0,0,0,0,0,0,0,0,0,0
178,0.891146,0,0,0,0,0,0,0,0,0,0,0,0,0,0
179,0.896161,0,0,0,0,0,0,0,0,0,0,0,0,0,0
180,0.901149,0,0,0,0,0,0,0,0,0,0,0,0,0,0
181,0.906161,0,0,0,0,0,0,0,0,0,0,0,0,0,0
182,0.911136,0,0,0,0,0,0,0,0,0,0,0,0,0,0
183,0.916162,0,0,0,0,0,0,0,0,0,0,0,0,0,0
184,0.921137,0,0,0,0,0,0,0,0,0,0,0,0,0,0
185,0.926160,0,0,0,0,0,0,0,0,0,0,0,0,0,0
186,0.931144,0,0,0,0,0,0,0,0,0,0,0,0,0,0
187,0.936153,0,0,0,0,0,0,0,0,0,0,0,0,0,0
188,0.941139,0,0,0,0,0,0,0,0,0,0,0,0,0,0
189,0.946154,0,0,0,0,0,0,0,0,0,0,0,0,0,0
190,0.951139,0,0,0,0,0,0,0,0,0,0,0,0,0,0
191,0.956157,0,0,0,0,0,0,0,0,0,0,0,0,0,0
192,0.961143,0,0,0,0,0,0,0,0,0,0,0,0,0,0
193,0.966162,0,0,0,0,0,0,0,0,0,0,0,0,0,0
194,0.971138,0,0,0,0,0,0,0,0,0,0,0,0,0,0
195,0.976158,0,0,0,0,0,0,0,0,0,0,0,0,0,0
196,0.981148,0,0,0,0,0,0,0,0,0,0,0,0,0,0
197,0.986140,0,0,0,0,0,0,0,0,0,0,0,0,0,0
198,0.991160,0,0,0,0,0,0,0,0,0,0,0,0,0,0
199,0.996149,0,0,0,0,0,0,0,0,0,0,0,0,0,0
200,1.001154,0,0,0,0,0,0,0,0,0,0,0,0,0,0
201,1.006158,0,0,0,0,0,0,0,0,0,0,0,0,0,0
202,1.011157,0,0,0,0,0,0,0,0,0,0,0,0,0,0
203,1.016144,0,0,0,0,0,0,0,0,0,0,0,0,0,0
204,1.021163,0,0,0,0,0,0,0,0,0,0,0,0,0,0
205,1.026139,0,0,0,0,0,0,0,0,0,0,0,0,0,0
206,1.031158,0,0,0,0,0,0,0,0,0,0,0,0,0,0
207,1.036138,0,0,0,0,0,0,0,0,0,0,0,0,0,0
208,1.041156,0,0,0,0,0,0,0,0,0,0,0,0,0,0
209,1.046149,0,0,0,0,0,0,0,0,0,0,0,0,0,0
210,1.051156,0,0,0,0,0,0,0,0,0,0,0,0,0,0
211,1.056147,0,0,0,0,0,0,0,0,0,0,0,0,0,0
212,1.061161,0,0,0,0,0,0,0,0,0,0,0,0,0,0
213,1.066138,0,0,0,0,0,0,0,0,0,0,0,0,0,0
214,1.071154,0,0,0,0,0,0,0,0,0,0,0,0,0,0
215,1.076144,0,0,0,0,0,0,0,0,0,0,0,0,0,0
216,1.081155,0,0,0,0,0,0,0,0,0,0,0,0,0,0
217,1.086146,0,0,0,0,0,0,0,0,0,0,0,0,0,0
218,1.091154,0,0,0,0,0,0,0,0,0,0,0,0,0,0
219,1.096144,0,0,0,0,0,0,0,0,0,0,0,0,0,0
220,1.101157,0,0,0,0,0,0,0,0,0,0,0,0,0,0
221,1.106149,0,0,0,0,0,0,0,0,0,0,0,0,0,0
222,1.111138,0,0,0,0,0,0,0,0,0,0,0,0,0,0
223,1.116155,0,0,0,0,0,0,0,0,0,0,0,0,0,0
224,1.121159,0,0,0,0,0,0,0,0,0,0,0,0,0,0
225,1.126161,0,0,0,0,0,0,0,0,0,0,0,0,0,0
226,1.131146,0,0,0,0,0,0,0,0,0,0,0,0,0,0
227,1.136155,0,0,0,0,0,0,0,0,0,0,0,0,0,0
228,1.141140,0,0,0,0,0,0,0,0,0,0,0,0,0,0
229,1.146153,0,0,0,0,0,0,0,0,0,0,0,0,0,0
230,1.151138,0,0,0,0,0,0,0,0,0,0,0,0,0,0
231,1.156157,0,0,0,0,0,0,0,0,0,0,0,0,0,0
232,1.161143,0,0,0,0,0,0,0,0,0,0,0,0,0,0
233,1.166154,0,0,0,0,0,0,0,0,0,0,0,0,0,0
234,1.171144,0,0,0,0,0,0,0,0,0,0,0,0,0,0
235,1.176161,0,0,0,0,0,0,0,0,0,0,0,0,0,0
236,1.181150,0,0,0,0,0,0,0,0,0,0,0,0,0,0
237,1.186164,0,0,0,0,0,0,0,0,0,0,0,0,0,0
238,1.191138,0,0,0,0,0,0,0,0,0,0,0,0,0,0
239,1.196157,0,0,0,0,0,0,0,0,0,0,0,0,0,0
240,1.201143,0,0,0,0,0,0,0,0,0,0,0,0,0,0
241,1.206153,0,0,0,0,0,0,0,0,0,0,0,0,0,0
242,1.211139,0,0,0,0,0,0,0,0,0,0,0,0,0,0
243,1.216162,0,0,0,0,0,0,0,0,0,0,0,0,0,0
244,1.221148,0,0,0,0,0,0,0,0,0,0,0,0,0,0
245,1.226252,0,0,0,0,0,0,0,0,0,0,0,0,0,0
246,1.231144,0,0,0,0,0,0,0,0,0,0,0,0,0,0
247,1.236149,0,0,0,0,0,0,0,0,0,0,0,0,0,0
248,1.241154,0,0,0,0,0,0,0,0,0,0,0,0,0,0
249,1.246146,0,0,0,0,0,0,0,0,0,0,0,0,0,0
250,1.251155,0,0,0,0,0,0,0,0,0,0,0,0,0,0
251,1.256146,0,0,0,0,0,0,0,0,0,0,0,0,0,0
252,1.261153,0,0,0,0,0,0,0,0,0,0,0,0,0,0
253,1.266141,0,0,0,0,0,0,0,0,0,0,0,0,0,0
254,1.271157,0,0,0,0,0,0,0,0,0,0,0,0,0,0
255,1.276146,0,0,0,0,0,0,0,0,0,0,0,0,0,0
256,1.281157,0,0,0,0,0,0,0,0,0,0,0,0,0,0
257,1.286161,0,0,0,0,0,0,0,0,0,0,0,0,0,0
258,1.291159,0,0,0,0,0,0,0,0,0,0,0,0,0,0
259,1.296150,0,0,0,0,0,0,0,0,0,0,0,0,0,0
260,1.301157,0,0,0,0,0,0,0,0,0,0,0,0,0,0
261,1.306149,0,0,0,0,0,0,0,0,0,0,0,0,0,0
262,1.311156,0,0,0,0,0,0,0,0,0,0,0,0,0,0
263,1.316150,0,0,0,0,0,0,0,0,0,0,0,0,0,0
264,1.321161,0,0,0,0,0,0,0,0,0,0,0,0,0,0
265,1.326148,0,0,0,0,0,0,0,0,0,0,0,0,0,0
266,1.331157,0,0,0,0,0,0,0,0,0,0,0,0,0,0
267,1.336145,0,0,0,0,0,0,0,0,0,0,0,0,0,0
268,1.341170,0,0,0,0,0,0,0,0,0,0,0,0,0,0
269,1.346154,0,0,0,0,0,0,0,0,0,0,0,0,0,0
270,1.351137,0,0,0,0,0,0,0,0,0,0,0,0,0,0
271,1.356157,0,0,0,0,0,0,0,0,0,0,0,0,0,0
272,1.361145,0,0,0,0,0,0,0,0,0,0,0,0,0,0
273,1.366157,0,0,0,0,0,0,0,0,0,0,0,0,0,0
274,1.371146,0,0,0,0,0,0,0,0,0,0,0,0,0,0
275,1.376159,0,0,0,0,0,0,0,0,0,0,0,0,0,0
276,1.381147,0,0,0,0,0,0,0,0,0,0,0,0,0,0
277,1.386159,0,0,0,0,0,0,0,0,0,0,0,0,0,0
278,1.391144,0,0,0,0,0,0,0,0,0,0,0,0,0,0
279,1.396165,0,0,0,0,0,0,0,0,0,0,0,0,0,0
280,1.401161,0,0,0,0,0,0,0,0,0,0,0,0,0,0
281,1.406154,0,0,0,0,0,0,0,0,0,0,0,0,0,0
282,1.411140,0,0,0,0,0,0,0,0,0,0,0,0,0,0
283,1.416156,0,0,0,0,0,0,0,0,0,0,0,0,0,0
284,1.421141,0,0,0,0,0,0,0,0,0,0,0,0,0,0
285,1.426161,0,0,0,0,0,0,0,0,0,0,0,0,0,0
286,1.431139,0,0,0,0,0,0,0,0,0,0,0,0,0,0
287,1.436160,0,0,0,0,0,0,0,0,0,0,0,0,0,0
288,1.441149,0,0,0,0,0,0,0,0,0,0,0,0,0,0
289,1.446160,0,0,0,0,0,0,0,0,0,0,0,0,0,0
290,1.451136,0,0,0,0,0,0,0,0,0,0,0,0,0,0
291,1.456156,0,0,0,0,0,0,0,0,0,0,0,0,0,0
292,1.461140,0,0,0,0,0,0,0,0,0,0,0,0,0,0
293,1.466169,0,0,0,0,0,0,0,0,0,0,0,0,0,0
294,1.471161,0,0,0,0,0,0,0,0,0,0,0,0,0,0
295,1.476137,0,0,0,0,0,0,0,0,0,0,0,0,0,0
296,1.481155,0,0,0,0,0,0,0,0,0,0,0,0,0,0
297,1.486143,0,0,0,0,0,0,0,0,0,0,0,0,0,0
298,1.491160,0,0,0,0,0,0,0,0,0,0,0,0,0,0
299,1.496140,0,0,0,0,0,0,0,0,0,0,0,0,0,0
300,1.501164,0,0,0,0,0,0,0,0,0,0,0,0,0,0
301,1.506164,0,0,0,0,0,0,0,0,0,0,0,0,0,0
302,1.511160,0,0,0,0,0,0,0,0,0,0,0,0,0,0
303,1.516139,0,0,0,0,0,0,0,0,0,0,0,0,0,0
304,1.521166,0,0,0,0,0,0,0,0,0,0,0,0,0,0
305,1.526141,0,0,0,0,0,0,0,0,0,0,0,0,0,0
306,1.531159,0,0,0,0,0,0,0,0,0,0,0,0,0,0
307,1.536148,0,0,0,0,0,0,0,0,0,0,0,0,0,0
308,1.541163,0,0,0,0,0,0,0,0,0,0,0,0,0,0
309,1.546140,0,0,0,0,0,0,0,0,0,0,0,0,0,0
310,1.551164,0,0,0,0,0,0,0,0,0,0,0,0,0,0
311,1.556144,0,0,0,0,0,0,0,0,0,0,0,0,0,0
312,1.561161,0,0,0,0,0,0,0,0,0,0,0,0,0,0
313,1.566142,0,0,0,0,0,0,0,0,0,0,0,0,0,0
314,1.571161,0,0,0,0,0,0,0,0,0,0,0,0,0,0
315,1.576140,0,0,0,0,0,0,0,0,0,0,0,0,0,0
316,1.581203,0,0,0,0,0,0,0,0,0,0,0,0,0,0
317,1.586141,0,0,0,0,0,0,0,0,0,0,0,0,0,0
318,1.591139,0,0,0,0,0,0,0,0,0,0,0,0,0,0
319,1.596157,0,0,0,0,0,0,0,0,0,0,0,0,0,0
320,1.601142,0,0,0,0,0,0,0,0,0,0,0,0,0,0
321,1.606156,0,0,0,0,0,0,0,0,0,0,0,0,0,0
322,1.611141,0,0,0,0,0,0,0,0,0,0,0,0,0,0
323,1.616164,0,0,0,0,0,0,0,0,0,0,0,0,0,0
324,1.621140,0,0,0,0,0,0,0,0,0,0,0,0,0,0
325,1.626153,0,0,0,0,0,0,0,0,0,0,0,0,0,0
326,1.631142,0,0,0,0,0,0,0,0,0,0,0,0,0,0
327,1.636159,0,0,0,0,0,0,0,0,0,0,0,0,0,0
328,1.641149,0,0,0,0,0,0,0,0,0,0,0,0,0,0
329,1.646161,0,0,0,0,0,0,0,0,0,0,0,0,0,0
330,1.651147,0,0,0,0,0,0,0,0,0,0,0,0,0,0
331,1.656155,0,0,0,0,0,0,0,0,0,0,0,0,0,0
332,1.661141,0,0,0,0,0,0,0,0,0,0,0,0,0,0
333,1.666152,0,0,0,0,0,0,0,0,0,0,0,0,0,0
334,1.671159,0,0,0,0,0,0,0,0,0,0,0,0,0,0
335,1.676158,0,0,0,0,0,0,0,0,0,0,0,0,0,0
336,1.681144,0,0,0,0,0,0,0,0,0,0,0,0,0,0
337,1.686155,0,0,0,0,0,0,0,0,0,0,0,0,0,0
338,1.691143,0,0,0,0,0,0,0,0,0,0,0,0,0,0
339,1.696349,0,0,0,0,0,0,0,0,0,0,0,0,0,0
340,1.701138,0,0,0,0,0,0,0,0,0,0,0,0,0,0
341,1.706143,0,0,0,0,0,0,0,0,0,0,0,0,0,0
342,1.711163,0,0,0,0,0,0,0,0,0,0,0,0,0,0
343,1.716139,0,0,0,0,0,0,0,0,0,0,0,0,0,0
344,1.721156,0,0,0,0,0,0,0,0,0,0,0,0,0,0
345,1.726164,0,0,0,0,0,0,0,0,0,0,0,0,0,0
346,1.731156,0,0,0,0,0,0,0,0,0,0,0,0,0,0
347,1.736146,0,0,0,0,0,0,0,0,0,0,0,0,0,0
348,1.741165,0,0,0,0,0,0,0,0,0,0,0,0,0,0
349,1.746140,0,0,0,0,0,0,0,0,0,0,0,0,0,0
350,1.751166,0,0,0,0,0,0,0,0,0,0,0,0,0,0
351,1.756144,0,0,0,0,0,0,0,0,0,0,0,0,0,0
352,1.761155,0,0,0,0,0,0,0,0,0,0,0,0,0,0
353,1.766147,0,0,0,0,0,0,0,0,0,0,0,0,0,0
354,1.771157,0,0,0,0,0,0,0,0,0,0,0,0,0,0
355,1.776156,0,0,0,0,0,0,0,0,0,0,0,0,0,0
356,1.781164,0,0,0,0,0,0,0,0,0,0,0,0,0,0
357,1.786139,0,0,0,0,0,0,0,0,0,0,0,0,0,0
358,1.791163,0,0,0,0,0,0,0,0,0,0,0,0,0,0
359,1.796139,0,0,0,0,0,0,0,0,0,0,0,0,0,0
360,1.801164,0,0,0,0,0,0,0,0,0,0,0,0,0,0
361,1.806141,0,0,0,0,0,0,0,0,0,0,0,0,0,0
362,1.811160,0,0,0,0,0,0,0,0,0,0,0,0,0,0
363,1.816147,0,0,0,0,0,0,0,0,0,0,0,0,0,0
364,1.821237,0,0,0,0,0,0,0,0,0,0,0,0,0,0
365,1.826146,0,0,0,0,0,0,0,0,0,0,0,0,0,0
366,1.831157,0,0,0,0,0,0,0,0,0,0,0,0,0,0
367,1.836165,0,0,0,0,0,0,0,0,0,0,0,0,0,0
368,1.841141,0,0,0,0,0,0,0,0,0,0,0,0,0,0
369,1.846158,0,0,0,0,0,0,0,0,0,0,0,0,0,0
370,1.851144,0,0,0,0,0,0,0,0,0,0,0,0,0,0
371,1.856159,0,0,0,0,0,0,0,0,0,0,0,0,0,0
372,1.861145,0,0,0,0,0,0,0,0,0,0,0,0,0,0
373,1.866153,0,0,0,0,0,0,0,0,0,0,0,0,0,0
374,1.871139,0,0,0,0,0,0,0,0,0,0,0,0,0,0
375,1.876156,0,0,0,0,0,0,0,0,0,0,0,0,0,0
376,1.881142,0,0,0,0,0,0,0,0,0,0,0,0,0,0
377,1.886154,0,0,0,0,0,0,0,0,0,0,0,0,0,0
378,1.891143,0,0,0,0,0,0,0,0,0,0,0,0,0,0
379,1.896160,0,0,0,0,0,0,0,0,0,0,0,0,0,0
380,1.901149,0,0,0,0,0,0,0,0,0,0,0,0,0,0
381,1.906157,0,0,0,0,0,0,0,0,0,0,0,0,0,0
382,1.911146,0,0,0,0,0,0,0,0,0,0,0,0,0,0
383,1.916161,0,0,0,0,0,0,0,0,0,0,0,0,0,0
384,1.921146,0,0,0,0,0,0,0,0,0,0,0,0,0,0
385,1.926154,0,0,0,0,0,0,0,0,0,0,0,0,0,0
386,1.931140,0,0,0,0,0,0,0,0,0,0,0,0,0,0
387,1.936179,0,0,0,0,0,0,0,0,0,0,0,0,0,0
388,1.941146,0,0,0,0,0,0,0,0,0,0,0,0,0,0
389,1.946154,0,0,0,0,0,0,0,0,0,0,0,0,0,0
390,1.951164,0,0,0,0,0,0,0,0,0,0,0,0,0,0
391,1.956143,0,0,0,0,0,0,0,0,0,0,0,0,0,0
392,1.961165,0,0,0,0,0,0,0,0,0,0,0,0,0,0
393,1.966144,0,0,0,0,0,0,0,0,0,0,0,0,0,0
394,1.971163,0,0,0,0,0,0,0,0,0,0,0,0,0,0
395,1.976142,0,0,0,0,0,0,0,0,0,0,0,0,0,0
396,1.981156,0,0,0,0,0,0,0,0,0,0,0,0,0,0
397,1.986145,0,0,0,0,0,0,0,0,0,0,0,0,0,0
398,1.991163,0,0,0,0,0,0,0,0,0,0,0,0,0,0
399,1.996140,0,0,0,0,0,0,0,0,0,0,0,0,0,0
400,2.001154,0,0,0,0,0,0,0,0,0,0,0,0,0,0
401,2.006143,0,0,0,0,0,0,0,0,0,0,0,0,0,0
402,2.011161,0,0,0,0,0,0,0,0,0,0,0,0,0,0
403,2.016139,0,0,0,0,0,0,0,0,0,0,0,0,0,0
404,2.021161,0,0,0,0,0,0,0,0,0,0,0,0,0,0
405,2.026141,0,0,0,0,0,0,0,0,0,0,0,0,0,0
406,2.031159,0,0,0,0,0,0,0,0,0,0,0,0,0,0
407,2.036140,0,0,0,0,0,0,0,0,0,0,0,0,0,0
408,2.041161,0,0,0,0,0,0,0,0,0,0,0,0,0,0
409,2.046149,0,0,0,0,0,0,0,0,0,0,0,0,0,0
410,2.051163,0,0,0,0,0,0,0,0,0,0,0,0,0,0
411,2.056163,0,0,0,0,0,0,0,0,0,0,0,0,0,0
412,2.061261,0,0,0,0,0,0,0,0,0,0,0,0,0,0
413,2.066148,0,0,0,0,0,0,0,0,0,0,0,0,0,0
414,2.071146,0,0,0,0,0,0,0,0,0,0,0,0,0,0
415,2.076156,0,0,0,0,0,0,0,0,0,0,0,0,0,0
416,2.081144,0,0,0,0,0,0,0,0,0,0,0,0,0,0
417,2.086154,0,0,0,0,0,0,0,0,0,0,0,0,0,0
418,2.091143,0,0,0,0,0,0,0,0,0,0,0,0,0,0
419,2.096164,0,0,0,0,0,0,0,0,0,0,0,0,0,0
420,2.101141,0,0,0,0,0,0,0,0,0,0,0,0,0,0
421,2.106156,0,0,0,0,0,0,0,0,0,0,0,0,0,0
422,2.111157,0,0,0,0,0,0,0,0,0,0,0,0,0,0
423,2.116153,0,0,0,0,0,0,0,0,0,0,0,0,0,0
424,2.121138,0,0,0,0,0,0,0,0,0,0,0,0,0,0
425,2.126154,0,0,0,0,0,0,0,0,0,0,0,0,0,0
426,2.131139,0,0,0,0,0,0,0,0,0,0,0,0,0,0
427,2.136153,0,0,0,0,0,0,0,0,0,0,0,0,0,0
428,2.141138,0,0,0,0,0,0,0,0,0,0,0,0,0,0
429,2.146162,0,0,0,0,0,0,0,0,0,0,0,0,0,0
430,2.151138,0,0,0,0,0,0,0,0,0,0,0,0,0,0
431,2.156163,0,0,0,0,0,0,0,0,0,0,0,0,0,0
432,2.161139,0,0,0,0,0,0,0,0,0,0,0,0,0,0
433,2.166155,0,0,0,0,0,0,0,0,0,0,0,0,0,0
434,2.171146,0,0,0,0,0,0,0,0,0,0,0,0,0,0
435,2.176185,0,0,0,0,0,0,0,0,0,0,0,0,0,0
436,2.181148,0,0,0,0,0,0,0,0,0,0,0,0,0,0
437,2.186150,0,0,0,0,0,0,0,0,0,0,0,0,0,0
438,2.191163,0,0,0,0,0,0,0,0,0,0,0,0,0,0
439,2.196140,0,0,0,0,0,0,0,0,0,0,0,0,0,0
440,2.201157,0,0,0,0,0,0,0,0,0,0,0,0,0,0
441,2.206145,0,0,0,0,0,0,0,0,0,0,0,0,0,0
442,2.211162,0,0,0,0,0,0,0,0,0,0,0,0,0,0
443,2.216142,0,0,0,0,0,0,0,0,0,0,0,0,0,0
444,2.221154,0,0,0,0,0,0,0,0,0,0,0,0,0,0
445,2.226147,0,0,0,0,0,0,0,0,0,0,0,0,0,0
446,2.231153,0,0,0,0,0,0,0,0,0,0,0,0,0,0
447,2.236144,0,0,0,0,0,0,0,0,0,0,0,0,0,0
448,2.241159,0,0,0,0,0,0,0,0,0,0,0,0,0,0
449,2.246146,0,0,0,0,0,0,0,0,0,0,0,0,0,0
450,2.251153,0,0,0,0,0,0,0,0,0,0,0,0,0,0
451,2.256140,0,0,0,0,0,0,0,0,0,0,0,0,0,0
452,2.261164,0,0,0,0,0,0,0,0,0,0,0,0,0,0
453,2.266141,0,0,0,0,0,0,0,0,0,0,0,0,0,0
454,2.271162,0,0,0,0,0,0,0,0,0,0,0,0,0,0
455,2.276140,0,0,0,0,0,0,0,0,0,0,0,0,0,0
456,2.281157,0,0,0,0,0,0,0,0,0,0,0,0,0,0
457,2.286140,0,0,0,0,0,0,0,0,0,0,0,0,0,0
458,2.291205,0,0,0,0,0,0,0,0,0,0,0,0,0,0
459,2.296144,0,0,0,0,0,0,0,0,0,0,0,0,0,0
460,2.301145,0,0,0,0,0,0,0,0,0,0,0,0,0,0
461,2.306158,0,0,0,0,0,0,0,0,0,0,0,0,0,0
462,2.311143,0,0,0,0,0,0,0,0,0,0,0,0,0,0
463,2.316163,0,0,0,0,0,0,0,0,0,0,0,0,0,0
464,2.321148,0,0,0,0,0,0,0,0,0,0,0,0,0,0
465,2.326161,0,0,0,0,0,0,0,0,0,0,0,0,0,0
466,2.331279,0,0,0,0,0,0,0,0,0,0,0,0,0,0
467,2.336163,0,0,0,0,0,0,0,0,0,0,0,0,0,0
468,2.341137,0,0,0,0,0,0,0,0,0,0,0,0,0,0
469,2.346160,0,0,0,0,0,0,0,0,0,0,0,0,0,0
470,2.351147,0,0,0,0,0,0,0,0,0,0,0,0,0,0
471,2.356161,0,0,0,0,0,0,0,0,0,0,0,0,0,0
472,2.361148,0,0,0,0,0,0,0,0,0,0,0,0,0,0
473,2.366161,0,0,0,0,0,0,0,0,0,0,0,0,0,0
474,2.371148,0,0,0,0,0,0,0,0,0,0,0,0,0,0
475,2.376164,0,0,0,0,0,0,0,0,0,0,0,0,0,0
476,2.381138,0,0,0,0,0,0,0,0,0,0,0,0,0,0
477,2.386153,0,0,0,0,0,0,0,0,0,0,0,0,0,0
478,2.391139,0,0,0,0,0,0,0,0,0,0,0,0,0,0
479,2.396154,0,0,0,0,0,0,0,0,0,0,0,0,0,0
480,2.401139,0,0,0,0,0,0,0,0,0,0,0,0,0,0
481,2.406168,0,0,0,0,0,0,0,0,0,0,0,0,0,0
482,2.411156,0,0,0,0,0,0,0,0,0,0,0,0,0,0
483,2.416147,0,0,0,0,0,0,0,0,0,0,0,0,0,0
484,2.421154,0,0,0,0,0,0,0,0,0,0,0,0,0,0
485,2.426146,0,0,0,0,0,0,0,0,0,0,0,0,0,0
486,2.431153,0,0,0,0,0,0,0,0,0,0,0,0,0,0
487,2.436145,0,0,0,0,0,0,0,0,0,0,0,0,0,0
488,2.441153,0,0,0,0,0,0,0,0,0,0,0,0,0,0
489,2.446164,0,0,0,0,0,0,0,0,0,0,0,0,0,0
490,2.451156,0,0,0,0,0,0,0,0,0,0,0,0,0,0
491,2.456143,0,0,0,0,0,0,0,0,0,0,0,0,0,0
492,2.461153,0,0,0,0,0,0,0,0,0,0,0,0,0,0
493,2.466141,0,0,0,0,0,0,0,0,0,0,0,0,0,0
494,2.471158,0,0,0,0,0,0,0,0,0,0,0,0,0,0
495,2.476138,0,0,0,0,0,0,0,0,0,0,0,0,0,0
496,2.481165,0,0,0,0,0,0,0,0,0,0,0,0,0,0
497,2.486144,0,0,0,0,0,0,0,0,0,0,0,0,0,0
498,2.491164,0,0,0,0,0,0,0,0,0,0,0,0,0,0
499,2.496161,0,0,0,0,0,0,0,0,0,0,0,0,0,0
500,2.501163,0,0,0,0,0,0,0,0,0,0,0,0,0,0
501,2.506137,0,0,0,0,0,0,0,0,0,0,0,0,0,0
502,2.511162,0,0,0,0,0,0,0,0,0,0,0,0,0,0
503,2.516139,0,0,0,0,0,0,0,0,0,0,0,0,0,0
504,2.521269,0,0,0,0,0,0,0,0,0,0,0,0,0,0
505,2.526147,0,0,0,0,0,0,0,0,0,0,0,0,0,0
506,2.531145,0,0,0,0,0,0,0,0,0,0,0,0,0,0
507,2.536161,0,0,0,0,0,0,0,0,0,0,0,0,0,0
508,2.541136,0,0,0,0,0,0,0,0,0,0,0,0,0,0
509,2.546163,0,0,0,0,0,0,0,0,0,0,0,0,0,0
510,2.551137,0,0,0,0,0,0,0,0,0,0,0,0,0,0
511,2.556156,0,0,0,0,0,0,0,0,0,0,0,0,0,0
512,2.561143,0,0,0,0,0,0,0,0,0,0,0,0,0,0
513,2.566156,0,0,0,0,0,0,0,0,0,0,0,0,0,0
514,2.571140,0,0,0,0,0,0,0,0,0,0,0,0,0,0
515,2.576160,0,0,0,0,0,0,0,0,0,0,0,0,0,0
516,2.581145,0,0,0,0,0,0,0,0,0,0,0,0,0,0
517,2.586162,0,0,0,0,0,0,0,0,0,0,0,0,0,0
518,2.591148,0,0,0,0,0,0,0,0,0,0,0,0,0,0
519,2.596164,0,0,0,0,0,0,0,0,0,0,0,0,0,0
520,2.601149,0,0,0,0,0,0,0,0,0,0,0,0,0,0
521,2.606154,0,0,0,0,0,0,0,0,0,0,0,0,0,0
522,2.611142,0,0,0,0,0,0,0,0,0,0,0,0,0,0
523,2.616155,0,0,0,0,0,0,0,0,0,0,0,0,0,0
524,2.621144,0,0,0,0,0,0,0,0,0,0,0,0,0,0
525,2.626163,0,0,0,0,0,0,0,0,0,0,0,0,0,0
526,2.631141,0,0,0,0,0,0,0,0,0,0,0,0,0,0
527,2.636159,0,0,0,0,0,0,0,0,0,0,0,0,0,0
528,2.641145,0,0,0,0,0,0,0,0,0,0,0,0,0,0
529,2.646185,0,0,0,0,0,0,0,0,0,0,0,0,0,0
530,2.651142,0,0,0,0,0,0,0,0,0,0,0,0,0,0
531,2.656158,0,0,0,0,0,0,0,0,0,0,0,0,0,0
532,2.661162,0,0,0,0,0,0,0,0,0,0,0,0,0,0
533,2.666138,0,0,0,0,0,0,0,0,0,0,0,0,0,0
534,2.671160,0,0,0,0,0,0,0,0,0,0,0,0,0,0
535,2.676139,0,0,0,0,0,0,0,0,0,0,0,0,0,0
536,2.681158,0,0,0,0,0,0,0,0,0,0,0,0,0,0
537,2.686138,0,0,0,0,0,0,0,0,0,0,0,0,0,0
538,2.691159,0,0,0,0,0,0,0,0,0,0,0,0,0,0
539,2.696139,0,0,0,0,0,0,0,0,0,0,0,0,0,0
540,2.701153,0,0,0,0,0,0,0,0,0,0,0,0,0,0
541,2.706142,0,0,0,0,0,0,0,0,0,0,0,0,0,0
542,2.711165,0,0,0,0,0,0,0,0,0,0,0,0,0,0
543,2.716160,0,0,0,0,0,0,0,0,0,0,0,0,0,0
544,2.721160,0,0,0,0,0,0,0,0,0,0,0,0,0,0
545,2.726137,0,0,0,0,0,0,0,0,0,0,0,0,0,0
546,2.731161,0,0,0,0,0,0,0,0,0,0,0,0,0,0
547,2.736140,0,0,0,0,0,0,0,0,0,0,0,0,0,0
548,2.741161,0,0,0,0,0,0,0,0,0,0,0,0,0,0
549,2.746142,0,0,0,0,0,0,0,0,0,0,0,0,0,0
550,2.751181,0,0,0,0,0,0,0,0,0,0,0,0,0,0
551,2.756147,0,0,0,0,0,0,0,0,0,0,0,0,0,0
552,2.761148,0,0,0,0,0,0,0,0,0,0,0,0,0,0
553,2.766154,0,0,0,0,0,0,0,0,0,0,0,0,0,0
554,2.771160,0,0,0,0,0,0,0,0,0,0,0,0,0,0
555,2.776152,0,0,0,0,0,0,0,0,0,0,0,0,0,0
556,2.781138,0,0,0,0,0,0,0,0,0,0,0,0,0,0
557,2.786163,0,0,0,0,0,0,0,0,0,0,0,0,0,0
558,2.791147,0,0,0,0,0,0,0,0,0,0,0,0,0,0
559,2.796159,0,0,0,0,0,0,0,0,0,0,0,0,0,0
560,2.801146,0,0,0,0,0,0,0,0,0,0,0,0,0,0
561,2.806157,0,0,0,0,0,0,0,0,0,0,0,0,0,0
562,2.811146,0,0,0,0,0,0,0,0,0,0,0,0,0,0
563,2.816155,0,0,0,0,0,0,0,0,0,0,0,0,0,0
564,2.821145,0,0,0,0,0,0,0,0,0,0,0,0,0,0
565,2.826157,0,0,0,0,0,0,0,0,0,0,0,0,0,0
566,2.831143,0,0,0,0,0,0,0,0,0,0,0,0,0,0
567,2.836154,0,0,0,0,0,0,0,0,0,0,0,0,0,0
568,2.841139,0,0,0,0,0,0,0,0,0,0,0,0,0,0
569,2.846159,0,0,0,0,0,0,0,0,0,0,0,0,0,0
570,2.851145,0,0,0,0,0,0,0,0,0,0,0,0,0,0
571,2.856163,0,0,0,0,0,0,0,0,0,0,0,0,0,0
572,2.861149,0,0,0,0,0,0,0,0,0,0,0,0,0,0
573,2.866189,0,0,0,0,0,0,0,0,0,0,0,0,0,0
574,2.871144,0,0,0,0,0,0,0,0,0,0,0,0,0,0
575,2.876136,0,0,0,0,0,0,0,0,0,0,0,0,0,0
576,2.881153,0,0,0,0,0,0,0,0,0,0,0,0,0,0
577,2.886153,0,0,0,0,0,0,0,0,0,0,0,0,0,0
578,2.891159,0,0,0,0,0,0,0,0,0,0,0,0,0,0
579,2.896147,0,0,0,0,0,0,0,0,0,0,0,0,0,0
580,2.901161,0,0,0,0,0,0,0,0,0,0,0,0,0,0
581,2.906138,0,0,0,0,0,0,0,0,0,0,0,0,0,0
582,2.911165,0,0,0,0,0,0,0,0,0,0,0,0,0,0
583,2.916141,0,0,0,0,0,0,0,0,0,0,0,0,0,0
584,2.921160,0,0,0,0,0,0,0,0,0,0,0,0,0,0
585,2.926149,0,0,0,0,0,0,0,0,0,0,0,0,0,0
586,2.931157,0,0,0,0,0,0,0,0,0,0,0,0,0,0
587,2.936155,0,0,0,0,0,0,0,0,0,0,0,0,0,0
588,2.941162,0,0,0,0,0,0,0,0,0,0,0,0,0,0
589,2.946142,0,0,0,0,0,0,0,0,0,0,0,0,0,0
590,2.951160,0,0,0,0,0,0,0,0,0,0,0,0,0,0
591,2.956140,0,0,0,0,0,0,0,0,0,0,0,0,0,0
592,2.961157,0,0,0,0,0,0,0,0,0,0,0,0,0,0
593,2.966146,0,0,0,0,0,0,0,0,0,0,0,0,0,0
594,2.971154,0,0,0,0,0,0,0,0,0,0,0,0,0,0
595,2.976144,0,0,0,0,0,0,0,0,0,0,0,0,0,0
596,2.981297,0,0,0,0,0,0,0,0,0,0,0,0,0,0
597,2.986149,0,0,0,0,0,0,0,0,0,0,0,0,0,0
598,2.991163,0,0,0,0,0,0,0,0,0,0,0,0,0,0
599,2.996154,0,0,0,0,0,0,0,0,0,0,0,0,0,0
600,3.001142,0,0,0,0,0,0,0,0,0,0,0,0,0,0
601,3.006156,0,0,0,0,0,0,0,0,0,0,0,0,0,0
602,3.011145,0,0,0,0,0,0,0,0,0,0,0,0,0,0
603,3.016156,0,0,0,0,0,0,0,0,0,0,0,0,0,0
604,3.021145,0,0,0,0,0,0,0,0,0,0,0,0,0,0
605,3.026157,0,0,0,0,0,0,0,0,0,0,0,0,0,0
606,3.031141,0,0,0,0,0,0,0,0,0,0,0,0,0,0
607,3.036160,0,0,0,0,0,0,0,0,0,0,0,0,0,0
608,3.041155,0,0,0,0,0,0,0,0,0,0,0,0,0,0
609,3.046157,0,0,0,0,0,0,0,0,0,0,0,0,0,0
610,3.051142,0,0,0,0,0,0,0,0,0,0,0,0,0,0
611,3.056160,0,0,0,0,0,0,0,0,0,0,0,0,0,0
612,3.061145,0,0,0,0,0,0,0,0,0,0,0,0,0,0
613,3.066158,0,0,0,0,0,0,0,0,0,0,0,0,0,0
614,3.071147,0,0,0,0,0,0,0,0,0,0,0,0,0,0
615,3.076152,0,0,0,0,0,0,0,0,0,0,0,0,0,0
616,3.081142,0,0,0,0,0,0,0,0,0,0,0,0,0,0
617,3.086154,0,0,0,0,0,0,0,0,0,0,0,0,0,0
618,3.091144,0,0,0,0,0,0,0,0,0,0,0,0,0,0
619,3.096158,0,0,0,0,0,0,0,0,0,0,0,0,0,0
620,3.101144,0,0,0,0,0,0,0,0,0,0,0,0,0,0
621,3.106177,0,0,0,0,0,0,0,0,0,0,0,0,0,0
622,3.111144,0,0,0,0,0,0,0,0,0,0,0,0,0,0
623,3.116146,0,0,0,0,0,0,0,0,0,0,0,0,0,0
624,3.121154,0,0,0,0,0,0,0,0,0,0,0,0,0,0
625,3.126142,0,0,0,0,0,0,0,0,0,0,0,0,0,0
626,3.131161,0,0,0,0,0,0,0,0,0,0,0,0,0,0
627,3.136140,0,0,0,0,0,0,0,0,0,0,0,0,0,0
628,3.141155,0,0,0,0,0,0,0,0,0,0,0,0,0,0
629,3.146149,0,0,0,0,0,0,0,0,0,0,0,0,0,0
630,3.151157,0,0,0,0,0,0,0,0,0,0,0,0,0,0
631,3.156138,0,0,0,0,0,0,0,0,0,0,0,0,0,0
632,3.161156,0,0,0,0,0,0,0,0,0,0,0,0,0,0
633,3.166145,0,0,0,0,0,0,0,0,0,0,0,0,0,0
634,3.171154,0,0,0,0,0,0,0,0,0,0,0,0,0,0
635,3.176141,0,0,0,0,0,0,0,0,0,0,0,0,0,0
636,3.181162,0,0,0,0,0,0,0,0,0,0,0,0,0,0
637,3.186138,0,0,0,0,0,0,0,0,0,0,0,0,0,0
638,3.191157,0,0,0,0,0,0,0,0,0,0,0,0,0,0
639,3.196136,0,0,0,0,0,0,0,0,0,0,0,0,0,0
640,3.201158,0,0,0,0,0,0,0,0,0,0,0,0,0,0
641,3.206138,0,0,0,0,0,0,0,0,0,0,0,0,0,0
642,3.211160,0,0,0,0,0,0,0,0,0,0,0,0,0,0
643,3.216158,0,0,0,0,0,0,0,0,0,0,0,0,0,0
644,3.221194,0,0,0,0,0,0,0,0,0,0,0,0,0,0
645,3.226144,0,0,0,0,0,0,0,0,0,0,0,0,0,0
646,3.231143,0,0,0,0,0,0,0,0,0,0,0,0,0,0
647,3.236159,0,0,0,0,0,0,0,0,0,0,0,0,0,0
648,3.241144,0,0,0,0,0,0,0,0,0,0,0,0,0,0
649,3.246153,0,0,0,0,0,0,0,0,0,0,0,0,0,0
650,3.251139,0,0,0,0,0,0,0,0,0,0,0,0,0,0
651,3.256164,0,0,0,0,0,0,0,0,0,0,0,0,0,0
652,3.261139,0,0,0,0,0,0,0,0,0,0,0,0,0,0
653,3.266161,0,0,0,0,0,0,0,0,0,0,0,0,0,0
654,3.271138,0,0,0,0,0,0,0,0,0,0,0,0,0,0
655,3.276163,0,0,0,0,0,0,0,0,0,0,0,0,0,0
656,3.281140,0,0,0,0,0,0,0,0,0,0,0,0,0,0
657,3.286162,0,0,0,0,0,0,0,0,0,0,0,0,0,0
658,3.291147,0,0,0,0,0,0,0,0,0,0,0,0,0,0
659,3.296156,0,0,0,0,0,0,0,0,0,0,0,0,0,0
660,3.301142,0,0,0,0,0,0,0,0,0,0,0,0,0,0
661,3.306157,0,0,0,0,0,0,0,0,0,0,0,0,0,0
662,3.311140,0,0,0,0,0,0,0,0,0,0,0,0,0,0
663,3.316163,0,0,0,0,0,0,0,0,0,0,0,0,0,0
664,3.321136,0,0,0,0,0,0,0,0,0,0,0,0,0,0
665,3.326160,0,0,0,0,0,0,0,0,0,0,0,0,0,0
666,3.331137,0,0,0,0,0,0,0,0,0,0,0,0,0,0
667,3.336163,0,0,0,0,0,0,0,0,0,0,0,0,0,0
668,3.341140,0,0,0,0,0,0,0,0,0,0,0,0,0,0
669,3.346195,0,0,0,0,0,0,0,0,0,0,0,0,0,0
670,3.351143,0,0,0,0,0,0,0,0,0,0,0,0,0,0
671,3.356144,0,0,0,0,0,0,0,0,0,0,0,0,0,0
672,3.361162,0,0,0,0,0,0,0,0,0,0,0,0,0,0
673,3.366149,0,0,0,0,0,0,0,0,0,0,0,0,0,0
674,3.371163,0,0,0,0,0,0,0,0,0,0,0,0,0,0
675,3.376138,0,0,0,0,0,0,0,0,0,0,0,0,0,0
676,3.381162,0,0,0,0,0,0,0,0,0,0,0,0,0,0
677,3.386156,0,0,0,0,0,0,0,0,0,0,0,0,0,0
678,3.391161,0,0,0,0,0,0,0,0,0,0,0,0,0,0
679,3.396141,0,0,0,0,0,0,0,0,0,0,0,0,0,0
680,3.401162,0,0,0,0,0,0,0,0,0,0,0,0,0,0
681,3.406141,0,0,0,0,0,0,0,0,0,0,0,0,0,0
682,3.411160,0,0,0,0,0,0,0,0,0,0,0,0,0,0
683,3.416138,0,0,0,0,0,0,0,0,0,0,0,0,0,0
684,3.421162,0,0,0,0,0,0,0,0,0,0,0,0,0,0
685,3.426138,0,0,0,0,0,0,0,0,0,0,0,0,0,0
686,3.431153,0,0,0,0,0,0,0,0,0,0,0,0,0,0
687,3.436143,0,0,0,0,0,0,0,0,0,0,0,0,0,0
688,3.441160,0,0,0,0,0,0,0,0,0,0,0,0,0,0
689,3.446157,0,0,0,0,0,0,0,0,0,0,0,0,0,0
690,3.451160,0,0,0,0,0,0,0,0,0,0,0,0,0,0
691,3.456139,0,0,0,0,0,0,0,0,0,0,0,0,0,0
692,3.461242,0,0,0,0,0,0,0,0,0,0,0,0,0,0
693,3.466148,0,0,0,0,0,0,0,0,0,0,0,0,0,0
694,3.471149,0,0,0,0,0,0,0,0,0,0,0,0,0,0
695,3.476153,0,0,0,0,0,0,0,0,0,0,0,0,0,0
696,3.481140,0,0,0,0,0,0,0,0,0,0,0,0,0,0
697,3.486161,0,0,0,0,0,0,0,0,0,0,0,0,0,0
698,3.491146,0,0,0,0,0,0,0,0,0,0,0,0,0,0
699,3.496163,0,0,0,0,0,0,0,0,0,0,0,0,0,0
700,3.501148,0,0,0,0,0,0,0,0,0,0,0,0,0,0
701,3.506160,0,0,0,0,0,0,0,0,0,0,0,0,0,0
702,3.511146,0,0,0,0,0,0,0,0,0,0,0,0,0,0
703,3.516157,0,0,0,0,0,0,0,0,0,0,0,0,0,0
704,3.521144,0,0,0,0,0,0,0,0,0,0,0,0,0,0
705,3.526153,0,0,0,0,0,0,0,0,0,0,0,0,0,0
706,3.531140,0,0,0,0,0,0,0,0,0,0,0,0,0,0
707,3.536155,0,0,0,0,0,0,0,0,0,0,0,0,0,0
708,3.541143,0,0,0,0,0,0,0,0,0,0,0,0,0,0
709,3.546157,0,0,0,0,0,0,0,0,0,0,0,0,0,0
710,3.551143,0,0,0,0,0,0,0,0,0,0,0,0,0,0
711,3.556161,0,0,0,0,0,0,0,0,0,0,0,0,0,0
712,3.561157,0,0,0,0,0,0,0,0,0,0,0,0,0,0
713,3.566154,0,0,0,0,0,0,0,0,0,0,0,0,0,0
714,3.571140,0,0,0,0,0,0,0,0,0,0,0,0,0,0
715,3.576153,0,0,0,0,0,0,0,0,0,0,0,0,0,0
716,3.581140,0,0,0,0,0,0,0,0,0,0,0,0,0,0
717,3.586192,0,0,0,0,0,0,0,0,0,0,0,0,0,0
718,3.591143,0,0,0,0,0,0,0,0,0,0,0,0,0,0
719,3.596149,0,0,0,0,0,0,0,0,0,0,0,0,0,0
720,3.601160,0,0,0,0,0,0,0,0,0,0,0,0,0,0
721,3.606139,0.499818832,0.499915898,0.500181139,-0.0604247972,-0.0654601976,0.125884995,0,1.72799992e-05,0.0239999983,0.00209999993,0,0.000229685204,0.000229685204,1
722,3.611160,0.498874187,0.499477506,0.501125813,-0.0402832031,-0.0654601976,0.105743401,0,0.000404351973,0.124799989,0.0109200021,0,0.00142746128,0.00142746128,1
723,3.616138,0.49792853,0.499038637,0.5020715,-0.0100708008,-0.0503540002,0.060424801,0,0.00129945623,0.225600123,0.0197400097,0,0.00262652733,0.00262652733,1
724,3.621161,0.496985286,0.49860087,0.503014743,0.0453185998,-0.0352478027,0.015106203,0,0.00270259287,0.326400042,0.0285600182,0,0.00382251432,0.00377151556,1
725,3.626149,0.496037215,0.498160869,0.503962815,0.100708,0,-0.100708,0.389535934,0.00461376039,0.42719987,0.0373800248,0,0.00496751722,0.00496751722,1
726,3.631157,0.495091617,0.497722,0.504863381,0.171203613,0.0151061993,-0.186309814,0.373321921,0.00703295926,0.527999878,0.0462000333,0,0.00616649073,0.00616649073,1
727,3.636147,0.494195789,0.497306257,0.505804181,0.261840791,0.0453185998,-0.307159394,0.372532159,0.00980928075,0.624000311,0.0546000414,0,0.00735943578,0.00735943578,1
728,3.641152,0.49324578,0.496865362,0.50675422,0.317230195,0.0856018066,-0.402832001,0.372030526,0.0132203549,0.724800766,0.0634200424,0,0.00856401771,0.00856401771,1
729,3.646141,0.492300659,0.496426731,0.50769937,0.412902832,0.110778801,-0.523681641,0.371437401,0.0171394628,0.82560122,0.0722399727,0,0.00976238307,0.00976238307,1
730,3.651154,0.491355866,0.49598825,0.508644164,0.473327577,0.151062012,-0.63446039,0.370682508,0.0215666071,0.926401675,0.0810599029,0,0.0109603219,0.0108945342,1
731,3.656145,0.490403861,0.49554643,0.509596169,0.538787842,0.206451416,-0.745239258,0.369658023,0.0265017841,1.02720177,0.0898798332,0,0.0120909372,0.0120909372,1
732,3.661159,0.489467919,0.495112032,0.510487139,0.569000244,0.266876191,-0.835876465,0.368158162,0.0319449902,1.12800097,0.0986997634,0,0.0132971872,0.0132971872,1
733,3.666139,0.488551617,0.494686782,0.511448383,0.553893983,0.367584199,-0.921478152,0.365868419,0.0376013108,1.22400022,0.107099697,0,0.014515968,0.014515968,1
734,3.671157,0.487618327,0.494253635,0.512381673,0.438079834,0.448150605,-0.886230469,0.362418383,0.0440363809,1.32479942,0.115919627,0,0.0156993214,0.0156993214,1
735,3.676149,0.486698627,0.493826807,0.513301373,0.332336426,0.443115205,-0.77545166,0.356404334,0.0509794764,1.42559862,0.124739558,0,0.0168654546,0.0168654546,1
736,3.681162,0.485749334,0.493386239,0.514250636,0.271911591,0.1913452,-0.493469179,0.348819941,0.0584306009,1.52639782,0.133559644,0,0.0180691127,0.0180124976,1
737,3.686150,0.484825045,0.492957264,0.515174925,0.412902832,-0.130920395,-0.281982422,0.337497264,0.0663897619,1.62719703,0.142379731,0,0.0192000382,0.0192000382,1
738,3.691155,0.483866006,0.49253881,0.516076624,1.18331909,-0.715026796,-0.468292296,0.3242504,0.0748569444,1.72799623,0.151199818,0,0.0203843489,0.0203843489,1
739,3.696146,0.482992411,0.492106736,0.517007589,1.90338135,-0.433044404,-1.47033691,0.308563709,0.0833932459,1.82399547,0.1595999,0,0.0215647556,0.0215647556,1
740,3.701181,0.482036233,0.491663009,0.517963827,1.82281482,0.0553894006,-1.87820423,0.299854279,0.0928522944,1.92479467,0.168419987,0,0.0227771737,0.0227771737,1
741,3.706150,0.481141984,0.491247952,0.518858016,1.37466419,0.599212646,-1.97387683,0.299319744,0.102819368,2.02559447,0.177240074,0,0.0239109937,0.0239109937,1
742,3.711147,0.48020795,0.490814477,0.51979202,1.50558472,0.619354188,-2.10479712,0.301834643,0.113294482,2.12639618,0.18606016,0,0.0250601098,0.0250601098,1
743,3.716159,0.479294837,0.490390688,0.520705104,1.66168201,0.558929443,-2.22061157,0.303170502,0.124277629,2.22719789,0.194880247,0,0.0261770766,0.0261770766,1
744,3.721147,0.478370935,0.489961922,0.521568716,1.81274402,0.51361078,-2.32635474,0.303414434,0.135768831,2.32799959,0.203700334,0,0.0273479819,0.0273479819,1
745,3.726164,0.47753194,0.489572525,0.52246803,1.90841663,0.543823183,-2.45223975,0.30341211,0.147768065,2.42400122,0.212100416,0,0.0284883641,0.0284883641,1
746,3.731141,0.476640999,0.489159048,0.523359001,1.97387683,0.604248047,-2.578125,0.303278476,0.159668237,2.52480292,0.220920503,0,0.0296180341,0.0296180341,1
747,3.736152,0.475720584,0.488731891,0.524279416,2.05947876,0.63949579,-2.69897461,0.303278476,0.172659352,2.62560463,0.22974059,0,0.0307850782,0.0307850782,1
748,3.741140,0.47488898,0.488345921,0.52511096,2.17025733,0.669708192,-2.83996558,0.303278476,0.186158523,2.72640634,0.238560677,0,0.0317872539,0.0317872539,1
749,3.746164,0.474030346,0.487947434,0.525969625,2.22564673,0.689849854,-2.91549659,0.30341211,0.200165719,2.82720804,0.247380763,0,0.0328767113,0.0328767113,1
750,3.751148,0.473141909,0.48756367,0.52679652,2.29614234,0.720062196,-3.0162046,0.30341211,0.21468097,2.92800975,0.25620085,0,0.0339766666,0.0339766666,1
751,3.756160,0.472371578,0.48717761,0.527628422,2.38677955,0.750274599,-3.1370542,0.303569168,0.229704246,3.02401137,0.264600933,0,0.0350314453,0.0350314453,1
752,3.761144,0.471555978,0.486799061,0.528443992,2.47238135,0.785522401,-3.25790381,0.303531677,0.244484469,3.12481308,0.273421019,0,0.0360655487,0.0360655487,1
753,3.766157,0.470758289,0.486428857,0.529241681,2.5328064,0.805664003,-3.33847046,0.303658277,0.260499626,3.22561479,0.282241106,0,0.0370769724,0.0370769724,1
754,3.771143,0.469980359,0.486067832,0.530019641,2.60330176,0.830841005,-3.43414283,0.303658277,0.277022868,3.32641649,0.291061193,0,0.0379864275,0.0379864275,1
755,3.776159,0.469223917,0.48571679,0.530776143,2.67379737,0.850982606,-3.52478004,0.303794235,0.294054091,3.4272182,0.299881279,0,0.0389775187,0.0389775187,1
756,3.781163,0.468465537,0.485364795,0.531500041,2.73422217,0.886230409,-3.62045264,0.303777844,0.311593384,3.52801991,0.308701366,0,0.0399405099,0.0399405099,1
757,3.786160,0.467790604,0.485051572,0.532209396,2.81478858,0.911407411,-3.72619605,0.303899735,0.329640746,3.62402153,0.317101449,0,0.0408398919,0.0408398919,1
758,3.791149,0.467108816,0.484735161,0.532891214,2.88528442,0.926513612,-3.8117981,0.303897411,0.347301006,3.72482324,0.325921535,0,0.0417043567,0.0417043567,1
759,3.796162,0.46645692,0.484432578,0.53354305,2.94570899,0.956726015,-3.90243506,0.303897411,0.36634022,3.82562494,0.334741622,0,0.0425308943,0.0425308943,1
760,3.801138,0.465837151,0.484144956,0.534162819,3.01116943,0.976867676,-3.98803711,0.303991169,0.385887504,3.92642665,0.343561709,0,0.0433151461,0.0433151461,1
761,3.806160,0.465224028,0.483860403,0.534775913,3.0514524,0.991973877,-4.04342651,0.304024011,0.405942827,4.02722692,0.352381796,0,0.0439888947,0.0439888947,1
762,3.811138,0.464729309,0.483630806,0.535270691,3.1018064,1.01211548,-4.11392212,0.304024011,0.426506132,4.12802362,0.360781878,0,0.0447214432,0.0447214432,1
763,3.816175,0.464190423,0.483380705,0.535809517,3.15719557,1.02218616,-4.17938185,0.304024011,0.447577477,4.22882032,0.369601965,0,0.0454047099,0.0454047099,1
764,3.821143,0.463722408,0.483163506,0.536277592,3.20251441,1.05239868,-4.25491333,0.304024011,0.468117714,4.32481718,0.378422052,0,0.0459981374,0.0459981374,1
765,3.826144,0.463329226,0.482981026,0.536670744,3.24279761,1.06246936,-4.30526686,0.304195136,0.49018091,4.42561388,0.387242138,0,0.0464966781,0.0464966781,1
766,3.831163,0.46298483,0.482821196,0.53701514,3.27301002,1.07254028,-4.34555054,0.304143578,0.512752056,4.52641058,0.396062225,0,0.0469333529,0.0469499715,1
767,3.836139,0.46266219,0.482671469,0.537383854,3.32336402,1.08764637,-4.41101027,0.304143578,0.535831273,4.62720728,0.404882312,0,0.0474008285,0.0474008285,1
768,3.841160,0.462302625,0.482509941,0.537685871,3.33343482,1.09268188,-4.42611694,0.304143578,0.559418499,4.72800398,0.413702399,0,0.0477837361,0.0477837361,1
769,3.846148,0.462160677,0.482438713,0.537839293,3.35861158,1.10778797,-4.46639967,0.304143578,0.582354784,4.82400084,0.422102481,0,0.0479783155,0.0479783155,1
770,3.851157,0.461976469,0.48235321,0.538023531,3.37371826,1.10778797,-4.48150635,0.304143578,0.606933951,4.92479753,0.430922568,0,0.0482118912,0.0482118912,1
771,3.856137,0.461917222,0.482325733,0.538082778,3.38378882,1.11785889,-4.47143555,0.304143578,0.63202095,5.02559423,0.439742655,0,0.048287034,0.048287034,1
772,3.861161,0.461832911,0.482286602,0.538167119,3.38378882,1.11282337,-4.48150587,0.304143578,0.657616079,5.12639093,0.448562741,0,0.0483939275,0.0483556204,1
773,3.866140,0.461911291,0.482322961,0.538061976,3.38378882,1.11785889,-4.50164795,0.304143578,0.683719158,5.22718763,0.457382828,0,0.0482606106,0.0482606106,1
774,3.871160,0.462063432,0.48237592,0.537974596,3.35861158,1.09771717,-4.45632887,0.304143578,0.710330248,5.32798433,0.466202915,0,0.0481498726,0.0481498726,1
775,3.876140,0.46222046,0.482466459,0.53777957,3.34854102,1.10778797,-4.45632887,0.304143578,0.736146629,5.42398119,0.474602997,0,0.0479025356,0.0479025356,1
776,3.881160,0.462465852,0.482580334,0.537534118,3.32336402,1.09268188,-4.41604614,0.304143578,0.76374948,5.52477789,0.483423084,0,0.0475913957,0.0475913957,1
777,3.886161,0.462885648,0.482775152,0.537114322,3.28308058,1.08261108,-4.36569166,0.304143578,0.791860521,5.62557459,0.492243171,0,0.0470590889,0.0470590889,1
778,3.891164,0.463273257,0.482955068,0.536726773,3.24783325,1.06750476,-4.31533813,0.304143578,0.820479453,5.72637129,0.501063168,0,0.0465676561,0.0465598069,1
779,3.896140,0.463840663,0.483218402,0.536099792,3.20251441,1.04736316,-4.24987745,0.304143578,0.849606454,5.82716799,0.509882629,0,0.0457727164,0.0457727164,1
780,3.901166,0.464472562,0.483496636,0.535559773,3.1370542,1.03225708,-4.16931152,0.304143578,0.879241586,5.92796469,0.51870209,0,0.0450880192,0.0450880192,1
781,3.906142,0.465164691,0.483832866,0.534835279,3.071594,0.997009158,-4.06860304,0.304143578,0.907937646,6.02396154,0.527101576,0,0.0441693962,0.0441693962,1
782,3.911162,0.466016829,0.484228343,0.533983111,2.99606323,0.966796756,-3.96286011,0.304143578,0.938564599,6.12475824,0.535921037,0,0.0430889204,0.0430889204,1
783,3.916141,0.466917574,0.48464641,0.533082485,2.92053223,0.931549013,-3.8571167,0.304143578,0.969699383,6.22555494,0.544740498,0,0.0419468582,0.0419468582,1
784,3.921166,0.468003452,0.485150337,0.531996548,2.80975318,0.911407411,-3.73626685,0.304143578,1.0013423,6.32635164,0.553559959,0,0.0405699983,0.040635433,1
785,3.926145,0.469120413,0.485668749,0.530936599,2.71408057,0.861053407,-3.57513404,0.304143578,1.0334934,6.42714834,0.56237942,0,0.0392260514,0.0392260514,1
786,3.931196,0.470326811,0.486228645,0.529673219,2.59826636,0.815734804,-3.41400123,0.304143578,1.06615245,6.52794504,0.571198881,0,0.0376124382,0.0376124382,1
787,3.936147,0.471675098,0.486854374,0.528324902,2.47238135,0.7653808,-3.23776221,0.304143578,1.09772825,6.6239419,0.579598367,0,0.0359145552,0.0359145552,1
788,3.941156,0.473153889,0.487540692,0.52684617,2.34146094,0.709991395,-3.0514524,0.304143578,1.13137889,6.7247386,0.588417828,0,0.0340395384,0.0340395384,1
789,3.946164,0.474750936,0.488281876,0.525249064,2.18536377,0.654602051,-2.83996582,0.303958386,1.16553771,6.8255353,0.597237289,0,0.0320145302,0.0320145302,1
790,3.951149,0.476505637,0.489096254,0.523494422,2.03933716,0.619354188,-2.65869141,0.304009944,1.20020473,6.926332,0.60605675,0,0.0299207438,0.0299207438,1
791,3.956161,0.478340715,0.489947885,0.521659255,1.85302722,0.528717041,-2.38174438,0.303890377,1.23537958,7.0271287,0.614876211,0,0.0275992863,0.0275992863,1
792,3.961146,0.480186135,0.490804344,0.519813836,1.68182349,0.453186005,-2.13500953,0.303712219,1.27106214,7.1279254,0.623275697,0,0.0251229815,0.0251229815,1
793,3.966159,0.48227638,0.49177444,0.51772362,1.48040771,0.392761201,-1.87316895,0.303477794,1.30551803,7.22392225,0.632095158,0,0.0224726591,0.0224726591,1
794,3.971144,0.484474093,0.492794394,0.515525877,1.2638855,0.307159424,-1.57104492,0.303266793,1.34219277,7.32471895,0.640914619,0,0.0196860489,0.0196860489,1
795,3.976153,0.486795187,0.493871629,0.513204813,1.03225708,0.216522202,-1.2487793,0.303020626,1.3793757,7.42551565,0.64973408,0,0.0167430528,0.0167430528,1
796,3.981141,0.489256263,0.495013803,0.510743737,0.825805664,0.140991211,-0.966796875,0.302638501,1.41706634,7.52631235,0.658553541,0,0.0138066746,0.0138066746,1
797,3.986157,0.491811037,0.496199489,0.508188963,0.599212646,0.0503540002,-0.64956665,0.302136809,1.45526481,7.62710905,0.667373002,0,0.0105330534,0.0105330534,1
798,3.991145,0.494360059,0.497382492,0.505639911,0.347442627,-0.0352478027,-0.312194824,0.301344424,1.49397147,7.72790575,0.675772488,0,0.00715114409,0.00715114409,1
799,3.996161,0.497161716,0.498682737,0.502838254,0.120849594,-0.0856018066,-0.0352477878,0.300214589,1.53130746,7.82390261,0.684591949,0,0.00359878829,0.00359878829,1
800,4.001158,0.500074804,0.50003475,0.499925226,-0.0151061993,-0.135955796,0.151061997,0.298503846,1.5710063,7.92469931,0.69341141,0,-9.483342e-05,-9.483342e-05,4
801,4.006158,0.503095508,0.501436651,0.496904522,-0.0906371996,-0.1913452,0.281982392,0.296335936,1.61121273,8.02549648,0.699999988,0,-0.00392491696,-0.00392491696,4
802,4.011143,0.50614357,0.502851248,0.49385646,-0.236663789,-0.276946992,0.51361078,0.294046044,1.65192711,8.12629318,0.699999988,0,-0.00760480668,-0.00760480668,4
803,4.016154,0.509221792,0.504279852,0.490778208,-0.443115205,-0.397796571,0.840911746,0.291660011,1.69314969,8.22708988,0.699999988,0,-0.0115061738,-0.0115061738,4
804,4.021140,0.512173772,0.505649865,0.487826258,-0.594177186,-0.528717041,1.12289429,0.287964016,1.73488045,8.32308674,0.699999988,0,-0.0154356742,-0.0154356742,4
805,4.026162,0.515301585,0.507101476,0.484698385,-0.679778993,-0.594177186,1.27395618,0.282793701,1.77509654,8.42388344,0.699999988,0,-0.0194016676,-0.0194016676,4
806,4.031148,0.518414199,0.508546054,0.481585771,-0.624389589,-0.297088593,0.921478152,0.274442911,1.81781876,8.52468014,0.699999988,0,-0.0233483016,-0.0233483016,4
807,4.036156,0.521559536,0.510005832,0.478440493,-1.45523071,0.367584199,1.08764648,0.257610112,1.86104906,8.62547684,0.699999988,0,-0.0273363814,-0.0273363814,4
808,4.041141,0.524685681,0.511456668,0.475314289,-2.90039039,0.528717041,2.37167335,0.240104705,1.90478754,8.72627354,0.699999988,0,-0.0311118048,-0.0311118048,4
809,4.046171,0.527800381,0.5129022,0.472199649,-2.75436378,-0.629424989,3.38378882,0.227689847,1.94903421,8.82707024,0.699999988,0,-0.035118185,-0.035118185,4
810,4.051158,0.530748248,0.514270306,0.469251722,-2.6335144,-1.22360218,3.8571167,0.229660943,1.99378908,8.92786694,0.699999988,0,-0.0389872417,-0.0389872417,4
811,4.056163,0.533816636,0.51569438,0.466183394,-3.071594,-1.16317749,4.23477173,0.231678903,2.03688478,9.02386379,0.699999988,0,-0.0428777449,-0.0428777449,4
812,4.061159,0.536849082,0.517101705,0.463150918,-3.35357666,-1.29409778,4.64767456,0.232356176,2.08263135,9.12466049,0.699999988,0,-0.046722766,-0.046722766,4
813,4.066138,0.539901018,0.51851815,0.460099012,-3.68591261,-1.31423938,4.99511719,0.232623354,2.12888598,9.22545719,0.699999988,0,-0.0505924523,-0.0504133999,4
814,4.071162,0.542770565,0.519849896,0.457229435,-3.96285963,-1.40991199,5.36270142,0.232613996,2.17564797,9.32625389,0.699999988,0,-0.0542301573,-0.0542301573,4
815,4.076137,0.545751512,0.52115345,0.454420596,-4.18441772,-1.535797,5.72021484,0.232613996,2.22291851,9.42705059,0.699999988,0,-0.0577923581,-0.0577923581,4
816,4.081162,0.54863441,0.522473872,0.451575488,-4.46639967,-1.63650501,6.1029048,0.232613996,2.27069688,9.52784729,0.699999988,0,-0.0613998175,-0.0613998175,4
817,4.086138,0.551191509,0.523758054,0.448808491,-4.73327637,-1.70196521,6.4352417,0.232613996,2.3166728,9.62384415,0.699999988,0,-0.0649082214,-0.0649082214,4
818,4.091161,0.553870499,0.525001407,0.446129531,-4.94476271,-1.78253162,6.72729445,0.232613996,2.36544299,9.72464085,0.699999988,0,-0.068305023,-0.068305023,4
819,4.096137,0.556496501,0.526220083,0.443503439,-5.20156813,-1.89331031,7.07473755,0.232613996,2.41472125,9.82543755,0.699999988,0,-0.0716347396,-0.0714846253,4
820,4.101164,0.558970094,0.527368128,0.441029906,-5.41809082,-1.97891223,7.4070735,0.232733563,2.46450734,9.92623425,0.699999988,0,-0.0745677724,-0.0745677724,4
821,4.106139,0.561224759,0.528414488,0.438931286,-5.62454176,-2.04940772,7.67394924,0.232733563,2.51480198,10.0270309,0.699999988,0,-0.0774320364,-0.0774320364,4
822,4.111158,0.563292861,0.529374301,0.436707139,-5.83099318,-2.11990333,7.95089626,0.232733563,2.56560445,10.1278276,0.699999988,0,-0.0802521184,-0.0802521184,4
823,4.116154,0.565482676,0.53039062,0.434517324,-5.99716139,-2.20046997,8.19763184,0.232733563,2.61445999,10.2238245,0.699999988,0,-0.0830287039,-0.0830287039,4
824,4.121162,0.567363739,0.53126359,0.432636231,-6.168365,-2.24075317,8.40911865,0.232733563,2.66625381,10.3246212,0.699999988,0,-0.0854138136,-0.0854138136,4
825,4.126141,0.569079936,0.532060087,0.430920035,-6.31942701,-2.31628418,8.62563992,0.232897654,2.71855617,10.4254179,0.699999988,0,-0.08758986,-0.0874203146,4
826,4.131157,0.570678353,0.532801926,0.429321706,-6.4704895,-2.36160278,8.83209229,0.23285313,2.77136636,10.5262146,0.699999988,0,-0.089455992,-0.089455992,4
827,4.136150,0.571977079,0.533404708,0.428024888,-6.59133816,-2.41699219,9.00833035,0.23285313,2.8246851,10.6270113,0.699999988,0,-0.0912607908,-0.0912607908,4
828,4.141157,0.573146999,0.533947647,0.426853001,-6.67694044,-2.46231055,9.13925076,0.23285313,2.87851095,10.727808,0.699999988,0,-0.0927466899,-0.0927466899,4
829,4.146146,0.574175239,0.534424841,0.425824761,-6.77261305,-2.48245239,9.25506592,0.23285313,2.93024635,10.8238049,0.699999988,0,-0.0940504074,-0.0940504074,4
830,4.151193,0.57499212,0.534803987,0.42500791,-6.84310818,-2.51769996,9.36080837,0.23285313,2.98506427,10.9246016,0.699999988,0,-0.0950861722,-0.0950861722,4
831,4.156138,0.575588584,0.535080791,0.424411416,-6.90353346,-2.527771,9.44137573,0.23285313,3.04039073,11.0253983,0.699999988,0,-0.095842503,-0.0956611633,4
832,4.161148,0.575771332,0.535165608,0.424228698,-6.90353346,-2.5428772,9.44641113,0.23285313,3.09622478,11.126195,0.699999988,0,-0.0962186232,-0.0962186232,4
833,4.166158,0.575901508,0.535225987,0.424098432,-6.93374586,-2.5428772,9.47662354,0.23285313,-3.13061881,11.2269917,0.699999988,0,-0.0963203833,-0.0963203833,4
834,4.171161,0.575802207,0.535179913,0.424197793,-6.91863966,-2.527771,9.44641113,0.23285313,-3.07376885,11.3277884,0.699999988,0,-0.0961133391,-0.0961133391,4
835,4.176153,0.575389326,0.534988284,0.424610645,-6.87332153,-2.527771,9.40109253,0.23285313,-3.01915336,11.4237852,0.699999988,0,-0.0955898464,-0.0955898464,4
836,4.181140,0.57478255,0.534706712,0.42521745,-6.81793118,-2.49755836,9.31548977,0.23285313,-2.96131134,11.5245819,0.699999988,0,-0.094820492,-0.094820492,4
837,4.186161,0.573794961,0.534248352,0.426205009,-6.74743652,-2.46734595,9.21478271,0.23285313,-2.90296125,11.6253786,0.699999988,0,-0.0935682878,-0.0935682878,4
838,4.191137,0.572546601,0.533668995,0.427453369,-6.63162231,-2.43209815,9.0637207,0.23285313,-2.84410357,11.7261753,0.699999988,0,-0.0920647681,-0.0920647681,4
839,4.196161,0.571035624,0.532967746,0.428964376,-6.5057373,-2.37670875,8.88244629,0.23285313,-2.78473759,11.826972,0.699999988,0,-0.0900188163,-0.0900188163,4
840,4.201137,0.569405437,0.532211185,0.430594593,-6.35467529,-2.32131934,8.67599487,0.23285313,-2.72486353,11.9229689,0.699999988,0,-0.0880025253,-0.0880025253,4
841,4.206158,0.567543447,0.531347036,0.432456553,-6.1784358,-2.25585937,8.43429565,0.23285313,-2.66736794,12.0237656,0.699999988,0,-0.0856416598,-0.0856416598,4
842,4.211144,0.565143764,0.530233324,0.434856206,-5.98205566,-2.17025733,8.15231323,0.23285313,-2.60650229,12.1245623,0.699999988,0,-0.082599014,-0.082599014,4
843,4.216164,0.562645733,0.529073954,0.437354237,-5.76553297,-2.09976196,7.86529493,0.23285313,-2.54512858,12.225359,0.699999988,0,-0.0794316232,-0.0794316232,4
844,4.221149,0.559790969,0.527749062,0.440209031,-5.52383375,-2.00912452,7.53295803,0.23285313,-2.4832468,12.3261557,0.699999988,0,-0.075924091,-0.075924091,4
845,4.226154,0.556737363,0.526331902,0.443021655,-5.25695753,-1.91345203,7.17040968,0.23285313,-2.42085671,12.4269524,0.699999988,0,-0.07224565,-0.07224565,4
846,4.231139,0.553644598,0.524896562,0.446355402,-4.94476271,-1.77246082,6.71722364,0.23285313,-2.35795856,12.5229492,0.699999988,0,-0.0680186376,-0.0680186376,4
847,4.236154,0.550121784,0.523261607,0.449878186,-4.61746168,-1.67175281,6.28921461,0.23285313,-2.29758358,12.6237459,0.699999988,0,-0.0635519177,-0.0635519177,4
848,4.241140,0.546410799,0.52153933,0.453589231,-4.30023193,-1.5559386,5.85617065,0.23285313,-2.23369408,12.7245426,0.699999988,0,-0.0588464998,-0.0588464998,4
849,4.246154,0.542375445,0.519666493,0.457624555,-3.94775367,-1.41494751,5.36270094,0.23285313,-2.16929626,12.8253393,0.699999988,0,-0.0537298992,-0.0537298992,4
850,4.251143,0.538305879,0.517777801,0.461694121,-3.59024024,-1.27899158,4.8692317,0.23285313,-2.10439038,12.926136,0.699999988,0,-0.0487466343,-0.0487466343,4
851,4.256153,0.53386265,0.515715718,0.465899885,-3.16726661,-1.11785889,4.28512573,0.232738271,-2.03897619,13.0269327,0.699999988,0,-0.0432371981,-0.0432371981,4
852,4.261143,0.529604673,0.513739586,0.470395327,-2.75939941,-0.966796756,3.72619629,0.232719496,-1.97305453,13.1229296,0.699999988,0,-0.0375372358,-0.0375372358,4
853,4.266212,0.524719119,0.511576891,0.475055277,-2.31628418,-0.795593143,3.11187744,0.232548371,-1.90662444,13.2285261,0.699999988,0,-0.031628646,-0.031628646,4
854,4.271145,0.520121813,0.509338558,0.479878187,-1.85806262,-0.629424989,2.48748755,0.232442871,-1.84288561,13.324523,0.699999988,0,-0.025513405,-0.025513405,4
855,4.276146,0.515191436,0.507050395,0.484808594,-1.39480579,-0.448150605,1.86813343,0.232138112,-1.77546418,13.4253197,0.699999988,0,-0.0192619469,-0.0195629708,4
856,4.281156,0.510154009,0.504712522,0.489846021,-0.946655154,-0.266876191,1.21353137,0.231856778,-1.70753455,13.5261164,0.699999988,0,-0.0131814871,-0.0131814871,4
857,4.286146,0.505027711,0.502447188,0.494727075,-0.458221376,-0.120849594,0.579070985,0.231397286,-1.63909674,13.6269131,0.699999988,0,-0.00668580178,-0.00668580178,4
858,4.291159,0.500095427,0.500044286,0.499904573,-0.135955796,-0.0352478027,0.171203598,0.230244219,-1.57015073,13.7277098,0.699999988,0,-0.000120994962,-0.000120994962,1
859,4.296148,0.494879276,0.497623473,0.505120754,0.0704956055,0.120849594,-0.1913452,0.228289545,-1.50401592,13.8237066,0.699999988,0,0.00649281777,0.00649281777,1
860,4.301158,0.489649892,0.495196491,0.510350108,0.428009033,0.347442627,-0.77545166,0.227091864,-1.43407857,13.9245033,0.699999988,0,0.0131233968,0.0131233968,1
861,4.306146,0.484421462,0.492769957,0.515578508,0.589141846,0.694885254,-1.2840271,0.222024724,-1.36363304,14.0253,0.699999988,0,0.0197527669,0.0194229577,1
862,4.311159,0.479275256,0.490381598,0.520724714,0.412902832,0.89630121,-1.3092041,0.213584885,-1.29267931,14.1260967,0.699999988,0,0.0259882696,0.0259882696,1
863,4.316139,0.474151403,0.488115579,0.525607347,0.805664003,-0.0503540002,-0.755309999,0.196909085,-1.22121739,14.2268934,0.699999988,0,0.0324688032,0.0324688032,1
864,4.321161,0.469353139,0.485776752,0.530646861,3.21762061,-0.906372011,-2.31124854,0.173110634,-1.149248,14.3276901,0.699999988,0,0.0388586707,0.0388586707,1
865,4.326141,0.464458972,0.483505368,0.535541058,3.67584229,0.377654999,-4.05349731,0.156059861,-1.08023334,14.423687,0.699999988,0,0.0450642295,0.0450642295,1
866,4.331163,0.459653944,0.48127532,0.540346026,3.28811622,1.44515979,-4.73327589,0.155799717,-1.00727189,14.5244837,0.699999988,0,0.0511567518,0.0511567518,1
867,4.336141,0.455054164,0.47914058,0.544945836,3.95782447,1.34948719,-5.29724073,0.159458324,-0.933802307,14.6252804,0.699999988,0,0.0567650534,0.0567650534,1
868,4.341163,0.450740129,0.4771384,0.549259841,4.31030273,1.5710448,-5.88134766,0.159465432,-0.859824896,14.7260771,0.699999988,0,0.0621527731,0.0621527731,1
869,4.346140,0.44658941,0.475300133,0.553220809,4.72320557,1.64154029,-6.36474609,0.160273969,-0.785339296,14.8268738,0.699999988,0,0.0674812645,0.0674812645,1
870,4.351155,0.44292599,0.473511875,0.55707407,5.09078979,1.73721302,-6.82800293,0.160220116,-0.710345805,14.9228706,0.699999988,0,0.0723669603,0.0723669603,1
871,4.356144,0.439223647,0.471793592,0.560776353,5.41809082,1.89331031,-7.31140137,0.160220116,-0.638451099,15.0236673,0.699999988,0,0.0770613104,0.0770613104,1
872,4.361159,0.435985357,0.470290691,0.564014614,5.71014357,1.99401832,-7.70416164,0.160220116,-0.562465668,15.124464,0.699999988,0,0.081167303,0.081167303,1
873,4.366148,0.432990372,0.46890071,0.567009568,5.98205566,2.07962036,-8.03146362,0.160220116,-0.485972345,15.2252607,0.699999988,0,0.084964782,0.0847321302,1
874,4.371164,0.430362999,0.467681348,0.569637001,6.17340088,2.15515137,-8.32855225,0.160220116,-0.408970922,15.3260574,0.699999988,0,0.0880839005,0.0880839005,1
875,4.376143,0.428302884,0.46679458,0.571547687,6.37481642,2.23068237,-8.60549927,0.160220116,-0.331461489,15.4268541,0.699999988,0,0.0907188654,0.0907188654,1
876,4.381183,0.426547796,0.465971231,0.57332176,6.52084303,2.29110718,-8.81195068,0.160398275,-0.253444016,15.5276508,0.699999988,0,0.0929683,0.0929683,1
877,4.386146,0.425340772,0.465350538,0.574659228,6.64169264,2.33642554,-8.97811794,0.160346717,-0.178669378,15.6236477,0.699999988,0,0.0946641192,0.0946641192,1
878,4.391147,0.424396276,0.464912206,0.575603783,6.74743652,2.37167335,-9.11911011,0.160346717,-0.0996600837,15.7244444,0.699999988,0,0.0958617181,0.0958617181,1
879,4.396155,0.424105942,0.46477744,0.575894058,6.76254225,2.38174438,-9.10903835,0.160346717,-0.0201427881,15.8252411,0.699999988,0,0.096229814,0.0963789299,1
880,4.401156,0.424113005,0.464780748,0.575887024,6.75247145,2.36160278,-9.11407471,0.160346717,0.0598825291,15.9260378,0.699999988,0,0.0960864499,0.0960864499,1
881,4.406152,0.424857199,0.465050399,0.575305939,6.71218824,2.36160278,-9.0737915,0.160346717,0.140415862,16.0268402,0.699999988,0,0.0954841152,0.0954841152,1
882,4.411138,0.42584914,0.465586483,0.57415086,6.59133816,2.31628418,-8.90762234,0.160346717,0.217586666,16.1228561,0.699999988,0,0.0940195322,0.0940195322,1
883,4.416160,0.42755872,0.466379881,0.57244128,6.4805603,2.26592994,-8.74649048,0.160346717,0.299112022,16.2236729,0.699999988,0,0.0918518454,0.0918518454,1
884,4.421145,0.429586589,0.467321008,0.570413351,6.26907301,2.19039917,-8.45947266,0.160346717,0.381145537,16.3244896,0.699999988,0,0.0892805979,0.0892805979,1
885,4.426157,0.432108968,0.468491673,0.567891061,6.04247999,2.09976196,-8.18252563,0.160346717,0.463687062,16.4253063,0.699999988,0,0.0860823914,0.086181961,1
886,4.431143,0.43532902,0.469986081,0.56467098,5.79574585,2.01415992,-7.80990601,0.160346717,0.546736777,16.526123,0.699999988,0,0.0823311508,0.0823311508,1
887,4.436156,0.438951522,0.47166729,0.561325729,5.48858643,1.91345203,-7.40203857,0.160346717,0.630294681,16.6269398,0.699999988,0,0.0777578875,0.0777578875,1
888,4.441145,0.442628592,0.47337383,0.557371378,5.1411438,1.75735462,-6.89849854,0.160346717,0.710346103,16.7229557,0.699999988,0,0.0727440268,0.0727440268,1
889,4.446165,0.44714433,0.475469589,0.55285567,4.73831129,1.61132801,-6.34963942,0.160346717,0.794895768,16.8237724,0.699999988,0,0.0670183003,0.0670183003,1
890,4.451140,0.451928079,0.477689743,0.548071861,4.30023193,1.45019519,-5.75042725,0.160288125,0.879953623,16.9245892,0.699999988,0,0.0609527305,0.0609527305,1
891,4.456165,0.457125545,0.480101883,0.542874455,3.83193946,1.27395618,-5.12100172,0.160154492,0.965519667,17.0254059,0.699999988,0,0.0543626323,0.0543626323,1
892,4.461140,0.462722123,0.482699275,0.537277877,3.34854102,1.08764637,-4.43618727,0.160086483,1.0515939,17.1262226,0.699999988,0,0.0476459749,0.0476459749,1
893,4.466161,0.468500048,0.485380828,0.531783044,2.81982398,0.876159668,-3.69598365,0.159807533,1.13817632,17.2270393,0.699999988,0,0.040299274,0.040299274,1
894,4.471146,0.474285394,0.488065809,0.525714636,2.25585937,0.664672852,-2.92053223,0.159561366,1.2211082,17.3230553,0.699999988,0,0.0326048285,0.0326048285,1
895,4.476154,0.480616838,0.491004229,0.519383132,1.66671741,0.438079834,-2.10479736,0.159207374,1.3086828,17.423872,0.699999988,0,0.0245768428,0.0245768428,1
896,4.481140,0.487113804,0.494019508,0.512886226,1.07254028,0.1863098,-1.2588501,0.158597961,1.39676559,17.5246887,0.699999988,0,0.0163390525,0.0163390525,1
897,4.486157,0.493717641,0.497084349,0.506282389,0.448150605,-0.0402832031,-0.438079774,0.157794148,1.48535645,17.6255054,0.699999988,0,0.00796571933,0.00836710632,1
898,4.491144,0.500408828,0.500189722,0.499591142,0.0151061993,-0.156097397,0.140991196,0.156427711,1.57445478,17.7263222,0.699999988,0,-0.000113491064,-0.000113491064,4
899,4.496228,0.507140934,0.503314137,0.492859095,-0.266876191,-0.3826904,0.604247987,0.153123036,1.66406131,17.8271389,0.699999988,0,-0.00864120945,-0.00864120945,4
900,4.501138,0.51351279,0.506271303,0.48648724,-0.63446039,-0.704955995,1.33941638,0.149457425,1.74987328,17.9231548,0.699999988,0,-0.0171334855,-0.0171334855,4
901,4.506144,0.520159185,0.509355903,0.479840815,-0.659637392,-1.03225708,1.69189453,0.143108234,1.84047198,18.0239716,0.699999988,0,-0.0255607944,-0.0255607944,4
902,4.511159,0.526665211,0.512375355,0.473334789,-0.866088808,-0.135955796,1.00204456,0.126973897,1.93157887,18.1247883,0.699999988,0,-0.0338101164,-0.0338101164,4
903,4.516158,0.532957792,0.515295744,0.467042178,-3.66577101,0.89126581,2.65365577,0.103709824,2.02319384,18.225605,0.699999988,0,-0.0417888351,-0.0414473377,4
904,4.521152,0.539122283,0.518156707,0.460877687,-3.87725806,-0.89630121,4.77355909,0.084826231,2.11531663,18.3264217,0.699999988,0,-0.0492855385,-0.0492855385,4
905,4.526143,0.544942379,0.520733356,0.455325723,-3.84201026,-1.7674253,5.60943556,0.0850090384,2.20794773,18.4272385,0.699999988,0,-0.0566446967,-0.0566446967,4
906,4.531157,0.550164342,0.523281336,0.449835658,-4.59732056,-1.67678833,6.27410889,0.0897879079,2.3010869,18.5232544,0.699999988,0,-0.0636058524,-0.0636058524,4
907,4.536145,0.555209816,0.525622964,0.444790214,-5.01525879,-1.90841663,6.92367554,0.0898652449,2.39026356,18.6240711,0.699999988,0,-0.0700031966,-0.0700031966,4
908,4.541156,0.559891641,0.527795792,0.440108329,-5.48355055,-1.97891223,7.4624629,0.0904043317,2.48439479,18.7248878,0.699999988,0,-0.0759395957,-0.0759395957,4
909,4.546144,0.563922524,0.529666543,0.436077476,-5.84609938,-2.09976196,7.94586134,0.0903410614,2.57903457,18.8257046,0.699999988,0,-0.0809504166,-0.0809504166,4
910,4.551153,0.567720234,0.531429052,0.432279736,-6.143188,-2.26089454,8.4040823,0.0902660564,2.67418218,18.9265213,0.699999988,0,-0.085530296,-0.085530296,4
911,4.556143,0.570533991,0.532734931,0.429465979,-6.41006422,-2.34146094,8.75152493,0.0902660564,2.76983833,19.027338,0.699999988,0,-0.0894335583,-0.0894335583,4
912,4.561163,0.572869062,0.533818662,0.427130938,-6.62658644,-2.41699219,9.0435791,0.0902660564,2.86600232,19.123354,0.699999988,0,-0.0923942626,-0.0923942626,4
913,4.566139,0.574598312,0.534621179,0.425401688,-6.79275465,-2.49252319,9.28527832,0.0902660564,2.95805979,19.2241707,0.699999988,0,-0.0945868492,-0.0945868492,4
914,4.571153,0.575575352,0.535074651,0.424424648,-6.85317898,-2.51769996,9.37087917,0.0902660564,3.05521607,19.3249874,0.699999988,0,-0.0958257243,-0.0958257243,4
915,4.576144,0.575900495,0.53522557,0.424099535,-6.90353346,-2.53784156,9.44137478,0.0902660564,-3.13030553,19.4258041,0.699999988,0,-0.0961647183,-0.0961647183,4
916,4.581155,0.575436354,0.535010099,0.424563617,-6.86325026,-2.51769996,9.38094997,0.0902660564,-3.03213382,19.5266209,0.699999988,0,-0.0957763717,-0.0957763717,4
917,4.586147,0.574371874,0.534516096,0.425628126,-6.77261305,-2.48245239,9.25506592,0.0902660564,-2.93345356,19.6274376,0.699999988,0,-0.0942997336,-0.0942997336,4
918,4.591156,0.572413385,0.533607185,0.427586615,-6.60140896,-2.41699219,9.01840115,0.0902660564,-2.83426547,19.7234535,0.699999988,0,-0.0918164998,-0.0918164998,4
919,4.596148,0.569845319,0.53241533,0.430154711,-6.38488722,-2.33139038,8.71627808,0.0902660564,-2.73932791,19.8242702,0.699999988,0,-0.0885602757,-0.0885602757,4
920,4.601164,0.56634444,0.530790567,0.43365556,-6.06765699,-2.22564673,8.29330349,0.0902660564,-2.63914752,19.925087,0.699999988,0,-0.0841213912,-0.0841213912,4
921,4.606140,0.562326908,0.528926015,0.437673032,-5.72021437,-2.08465552,7.80486965,0.0902660564,-2.53847837,20,0.699999988,0,-0.0792245865,-0.0792245865,4
922,4.611157,0.557625413,0.526744008,0.442374527,-5.32745314,-1.93359351,7.26104641,0.0902660564,-2.43767667,20,0.699999988,0,-0.0733050406,-0.0733050406,4
923,4.616146,0.552565992,0.524395943,0.447433978,-4.8440547,-1.75735462,6.60140944,0.0902660564,-2.33687496,20,0.699999988,0,-0.0666510388,-0.0666510388,4
924,4.621169,0.546831608,0.521734595,0.453168333,-4.34051466,-1.5710448,5.91155958,0.0902660564,-2.23607326,20,0.699999988,0,-0.0593801513,-0.0593801513,4
925,4.626159,0.540556192,0.518822193,0.459443778,-3.76647925,-1.37466419,5.14114332,0.0902660564,-2.14007163,20,0.699999988,0,-0.0514232293,-0.0514232293,4
926,4.631152,0.533916891,0.515740871,0.466083109,-3.14712501,-1.13800049,4.28512573,0.0902660564,-2.03926992,20,0.699999988,0,-0.0430048853,-0.0430048853,4
927,4.636152,0.526944578,0.512504995,0.473055393,-2.48748779,-0.906372011,3.42407203,0.0902660564,-1.93846977,20,0.699999988,0,-0.0345925465,-0.0345925465,4
928,4.641140,0.519710362,0.509147644,0.480289668,-1.82785022,-0.659637392,2.48748755,0.0903996527,-1.83767056,20,0.699999988,0,-0.0254131276,-0.0254131276,4
929,4.646162,0.512287796,0.505868018,0.487356156,-1.13296497,-0.407867402,1.5408324,0.0905918777,-1.73687136,20,0.699999988,0,-0.0160317495,-0.0160317495,4
930,4.651138,0.50511241,0.502372682,0.494887561,-0.417938203,-0.1863098,0.604247987,0.090889506,-1.64087212,20,0.699999988,0,-0.00648230733,-0.00648230733,4
931,4.656153,0.497537374,0.498857081,0.502462626,-0.00503540039,-0.0604247972,0.0654601976,0.0911402404,-1.54007292,20,0.699999988,0,0.00312249409,0.00312249409,1
932,4.661144,0.489991188,0.495354921,0.510008872,0.64453125,0.115814202,-0.760345459,0.0913230553,-1.43927372,20,0.699999988,0,0.0126906941,0.0126906941,1
933,4.666164,0.482530713,0.491892487,0.517469347,1.37969971,0.327301025,-1.65664673,0.0913769975,-1.33847451,20,0.699999988,0,0.0221501924,0.0216870438,1
934,4.671149,0.475255311,0.488515943,0.524744689,2.07458496,0.51361078,-2.5881958,0.0918715149,-1.23767531,20,0.699999988,0,0.030917149,0.030917149,1
935,4.676157,0.468231559,0.485396534,0.531466186,2.83996558,0.574035585,-3.41400123,0.093451187,-1.13687611,20,0.699999988,0,0.0398974754,0.0398974754,1
936,4.681142,0.461748332,0.482247353,0.538251698,3.64562964,0.287017792,-3.93264747,0.0978175923,-1.04087687,20,0.699999988,0,0.0485011786,0.0485011786,1
937,4.686155,0.455437869,0.479318649,0.544562161,2.65869141,-0.372619599,-2.28607178,0.111345723,-0.940076888,20,0.699999988,0,0.0565025359,0.0565025359,1
938,4.691140,0.44954899,0.476585627,0.55045104,1.61636329,4.48654127,-5.77560425,0.152759776,-0.839276433,20,0.699999988,0,0.063969329,0.063969329,1
939,4.696158,0.44403705,0.474027514,0.55596298,5.32745314,1.08764637,-6.35467529,0.171809778,-0.738475978,20,0.699999988,0,0.0706486851,0.0706486851,1
940,4.701146,0.439215422,0.471789777,0.560784578,5.55404615,1.66671741,-7.22076368,0.160062909,-0.637675524,20,0.699999988,0,0.0768601224,0.0768601224,1
941,4.706157,0.434905618,0.469851494,0.564961076,5.69000196,2.11990333,-7.80990505,0.161255911,-0.536875069,20,0.699999988,0,0.0823673233,0.0823673233,1
942,4.711146,0.431397557,0.468161494,0.568602443,6.1784358,2.01415992,-8.19259548,0.16155827,-0.440875024,20,0.699999988,0,0.0869844183,0.0869844183,1
943,4.716164,0.428563327,0.466846138,0.571436703,6.35971022,2.22061133,-8.58032131,0.160304368,-0.340075195,20,0.699999988,0,0.0905780792,0.0905780792,1
944,4.721140,0.426219374,0.465758294,0.573780596,6.51580763,2.33139038,-8.82202148,0.160470739,-0.239275321,20,0.699999988,0,0.0935500786,0.0935500786,1
945,4.726153,0.424737394,0.465070516,0.575262606,6.67694044,2.32635498,-9.0133667,0.16059269,-0.13847518,20,0.699999988,0,0.0952876806,0.0952876806,1
946,4.731140,0.424017668,0.464736462,0.575968385,6.74743652,2.36160278,-9.10903931,0.16059269,-0.0376751795,20,0.699999988,0,0.0963240862,0.0963240862,1
947,4.736178,0.424192309,0.464817554,0.57589227,6.73233032,2.36663818,-9.09896851,0.16059269,0.0631248131,20,0.699999988,0,0.0962275639,0.0962275639,1
948,4.741155,0.424954325,0.465171188,0.575045705,6.68197584,2.33139038,-9.0133667,0.16059269,0.159124851,20,0.699999988,0,0.0951541066,0.0951541066,1
949,4.746144,0.42662248,0.465945363,0.57337749,6.53594923,2.27600098,-8.81195068,0.16059269,0.259924948,20,0.699999988,0,0.0930389687,0.0930389687,1
950,4.751160,0.428974599,0.467036992,0.571025431,6.32949829,2.21557593,-8.54507446,0.16059269,0.360724777,20,0.699999988,0,0.0900566131,0.0900566131,1
951,4.756149,0.432047695,0.468463242,0.567952335,6.05255079,2.10479736,-8.15734863,0.16059269,0.461524606,20,0.699999988,0,0.0862955451,0.0862955451,1
952,4.761157,0.43596682,0.470282108,0.56403321,5.74539137,1.99905372,-7.74444485,0.16059269,0.562324822,20,0.699999988,0,0.0815025494,0.0815025494,1
953,4.766146,0.44019559,0.47224468,0.55980444,5.35263062,1.83792114,-7.19055176,0.16059269,0.663125277,20,0.699999988,0,0.075828962,0.075828962,1
954,4.771160,0.44521746,0.474575341,0.554782569,4.9095149,1.67678833,-6.58630323,0.16059269,0.75912571,20,0.699999988,0,0.0694614798,0.0694614798,1
955,4.776138,0.450787067,0.477160215,0.549212933,4.40093994,1.4904784,-5.89141846,0.160426274,0.859926164,20,0.699999988,0,0.0623994991,0.0623994991,1
956,4.781165,0.456881642,0.479988724,0.543118417,3.86215162,1.27899158,-5.14114332,0.160393432,0.960726619,20,0.699999988,0,0.0546719171,0.0546719171,1
957,4.786143,0.463334382,0.48298341,0.536665618,3.29315162,1.05743408,-4.35058594,0.160245731,1.0615263,20,0.699999988,0,0.0468531586,0.0468531586,1
958,4.791155,0.470183343,0.486162037,0.529816628,2.66372657,0.825805664,-3.48953223,0.160055831,1.1623255,20,0.699999988,0,0.0382272564,0.0382272564,1
959,4.796162,0.47730571,0.489333183,0.522983789,2.01919556,0.543823183,-2.5630188,0.159722939,1.2631247,20,0.699999988,0,0.0291422773,0.0291422773,1
960,4.801157,0.484329104,0.492727101,0.515670896,1.3343811,0.287017792,-1.62139893,0.159256414,1.35912395,20,0.699999988,0,0.0198698845,0.0198698845,1
961,4.806146,0.491832852,0.496209621,0.508167148,0.63949579,0.0201416016,-0.659637392,0.158391654,1.45992315,20,0.699999988,0,0.0103555452,0.0103555452,1
962,4.811157,0.499394059,0.499718785,0.500605941,0.0402832031,-0.161132813,0.120849609,0.157011166,1.56072235,20,0.699999988,0,0.000768277678,0.000768277678,1
963,4.816146,0.506961584,0.50323087,0.493038416,-0.1963806,-0.3877258,0.584106386,0.153973714,1.66152155,20,0.699999988,0,-0.00837809686,-0.00837809686,4
964,4.821159,0.514446855,0.506704807,0.485553175,-0.679778993,-0.750274599,1.43005359,0.150031552,1.76232076,20,0.699999988,0,-0.0178979393,-0.0178979393,4
965,4.826149,0.521480322,0.509969056,0.478519648,-0.740203857,-1.10778797,1.84799182,0.143000305,1.86311996,20,0.699999988,0,-0.0272360016,-0.0272360016,4
966,4.831153,0.52862674,0.513285697,0.47137323,-0.961761415,-0.110778801,1.07254016,0.127036959,1.9591192,20,0.699999988,0,-0.0362972841,-0.0362972841,4
967,4.836146,0.535483003,0.51646769,0.464516938,-4.05853271,0.825805664,3.23272705,0.0978971124,2.05991983,20,0.699999988,0,-0.0449906997,-0.0449906997,4
968,4.841228,0.541978896,0.519482493,0.458021134,-3.92257667,-1.27899158,5.20156813,0.0835674182,2.16072154,20,0.699999988,0,-0.0532270819,-0.0532270819,4
969,4.846163,0.548164964,0.52235347,0.451835066,-4.19448805,-1.86309803,6.01226807,0.0876291469,2.26152325,20,0.699999988,0,-0.060667824,-0.060667824,4
970,4.851139,0.553803861,0.524970472,0.446196139,-4.8994441,-1.72714221,6.62658644,0.0898815021,2.36232495,20,0.699999988,0,-0.0678976402,-0.0678976402,4
971,4.856162,0.558905303,0.527232289,0.441322535,-5.28213501,-2.03933716,7.32147217,0.0895041451,2.46312666,20,0.699999988,0,-0.0744000524,-0.0744000524,4
972,4.861148,0.563217998,0.529339552,0.436782002,-5.76049757,-2.10479736,7.86529493,0.0904088169,2.55912828,20,0.699999988,0,-0.080157198,-0.080157198,4
973,4.866155,0.567177773,0.531177282,0.432822198,-6.1331172,-2.20046997,8.33358765,0.0903994516,2.65992999,20,0.699999988,0,-0.0851780251,-0.0851780251,4
974,4.871139,0.570410252,0.532677531,0.429589778,-6.38992262,-2.36160278,8.72634888,0.0901158899,2.7607317,20,0.699999988,0,-0.0892766044,-0.0890328959,4
975,4.876156,0.572932541,0.533848107,0.427067459,-6.61148024,-2.43713355,9.04861355,0.0901463479,2.8615334,20,0.699999988,0,-0.0922721401,-0.0922721401,4
976,4.881141,0.574717879,0.534676671,0.425407767,-6.77261305,-2.47741675,9.25002956,0.0901463479,2.96233511,20,0.699999988,0,-0.09457919,-0.09457919,4
977,4.886162,0.575685441,0.53508395,0.424404621,-6.86828518,-2.52273536,9.39102077,0.0901463479,3.06313682,20,0.699999988,0,-0.0958511159,-0.0958511159,4
978,4.891147,0.575830996,0.535193264,0.424168974,-6.88339233,-2.5328064,9.41619873,0.0901463479,-3.12404704,20,0.699999988,0,-0.0961498618,-0.0961498618,4
979,4.896154,0.575419188,0.535002172,0.424580812,-6.84814453,-2.51266456,9.36080933,0.0901463479,-3.02324533,20,0.699999988,0,-0.0956276879,-0.0956276879,4
980,4.901143,0.574118435,0.534398496,0.425881565,-6.73736525,-2.47238135,9.22485256,0.0901463479,-2.92244363,20,0.699999988,0,-0.0939784348,-0.0939260572,4
981,4.906162,0.571948171,0.533391237,0.428051829,-6.56112623,-2.40692139,8.95294189,0.0901463479,-2.82164192,20,0.699999988,0,-0.0914459303,-0.0914459303,4
982,4.911138,0.569224119,0.532127023,0.430570811,-6.33453321,-2.32131934,8.65585232,0.0901463479,-2.72084022,20,0.699999988,0,-0.0880326554,-0.0880326554,4
983,4.916160,0.56586647,0.530568719,0.43413353,-6.02737379,-2.19543433,8.22280788,0.0901463479,-2.62003851,20,0.699999988,0,-0.0835153162,-0.0835153162,4
984,4.921148,0.561597943,0.528587699,0.438402027,-5.65475416,-2.04940772,7.70416164,0.0901463479,-2.52403688,20,0.699999988,0,-0.0781030953,-0.0781030953,4
985,4.926152,0.556956112,0.526433408,0.443043858,-5.23681641,-1.91345203,7.15026855,0.0901463479,-2.42323518,20,0.699999988,0,-0.0722174793,-0.0722174793,4
986,4.931136,0.551511049,0.52390635,0.448488951,-4.74838209,-1.73721302,6.5007019,0.0901463479,-2.32243347,20,0.699999988,0,-0.0653133988,-0.0655963942,4
987,4.936162,0.545607209,0.521166384,0.454392791,-4.23980665,-1.535797,5.77560377,0.0901463479,-2.22163177,20,0.699999988,0,-0.0582873821,-0.0582873821,4
988,4.941149,0.539292097,0.518235505,0.460335404,-3.65570045,-1.3343811,4.99008179,0.0901463479,-2.12083006,20,0.699999988,0,-0.0502926596,-0.0502926596,4
989,4.946156,0.532940567,0.515287757,0.467059433,-3.0514524,-1.10778797,4.15924025,0.0902190059,-2.02002835,20,0.699999988,0,-0.0417669564,-0.0417669564,4
990,4.951141,0.525946677,0.512041867,0.474053323,-2.39181495,-0.850982606,3.24279761,0.0902799815,-1.92402864,20,0.699999988,0,-0.0328990668,-0.0328990668,4
991,4.956153,0.518689036,0.508673608,0.481310934,-1.70196521,-0.609283388,2.31124854,0.0904511064,-1.82322943,20,0.699999988,0,-0.0236967783,-0.0236967783,4
992,4.961140,0.511223614,0.50520891,0.488776356,-0.991973877,-0.347442627,1.39984131,0.0906854868,-1.72243023,20,0.699999988,0,-0.0142310131,-0.0146720866,4
993,4.966185,0.503668487,0.501702547,0.496331543,-0.266876191,-0.151062012,0.463256836,0.0909971669,-1.62163103,20,0.699999988,0,-0.00465142401,-0.0051123742,4
994,4.971143,0.496087819,0.498184353,0.503551006,0.0553894006,-0.0503540002,-0.00503540039,0.0911611989,-1.52083182,20,0.699999988,0,0.00450251112,0.00450251112,1
995,4.976147,0.488907456,0.494851917,0.511092484,0.755309999,0.135955796,-0.89126581,0.0912502632,-1.42003262,20,0.699999988,0,0.0140647609,0.0140647609,1
996,4.981164,0.48144576,0.491388947,0.518554211,1.47033679,0.362548798,-1.83288562,0.0914799795,-1.32403338,20,0.699999988,0,0.0235258136,0.0235258136,1
997,4.986143,0.474252701,0.48805064,0.525747299,2.21557593,0.548858583,-2.76443458,0.0920705721,-1.22323418,20,0.699999988,0,0.0326462686,0.0326462686,1
998,4.991162,0.467197299,0.484776229,0.532802701,2.99606323,0.553893983,-3.54995728,0.093783848,-1.12243497,20,0.699999988,0,0.0415921696,0.0415921696,1
999,4.996149,0.46047315,0.481655538,0.53952688,3.74130201,0.181274399,-3.92257643,0.0975830629,-1.02163577,20,0.699999988,0,0.0496460497,0.0496460497,1
1000,5.001164,0.454277158,0.478779972,0.545722842,2.01415992,-0.1913452,-1.8228147,0.114113532,-0.920835555,20,0.699999988,0,0.0574701093,0.0574701093,1
1001,5.006139,0.44870472,0.476193786,0.55129528,2.6184082,4.10888624,-6.72729445,0.159858823,-0.8200351,20,0.699999988,0,0.0650398135,0.0650398135,1
1002,5.011162,0.443264216,0.473668814,0.556735754,5.46844435,0.946655154,-6.41509962,0.169857293,-0.724034667,20,0.699999988,0,0.0719380677,0.0719380677,1
1003,5.016160,0.438474536,0.471445948,0.561525524,5.50369215,1.83792114,-7.34161329,0.159540102,-0.623234212,20,0.699999988,0,0.0780111924,0.0780111924,1
1004,5.021155,0.434408516,0.469558895,0.565591514,5.79070997,2.05444312,-7.83508253,0.161576837,-0.522433758,20,0.699999988,0,0.0831666812,0.0831666812,1
1005,5.026145,0.430734485,0.467853785,0.569265544,6.22375441,2.01415992,-8.23791409,0.161326081,-0.42163381,20,0.699999988,0,0.0875649974,0.0875649974,1
1006,5.031161,0.427976608,0.466573834,0.572023392,6.35971022,2.25082374,-8.61053371,0.160332307,-0.320833981,20,0.699999988,0,0.0911023542,0.0911023542,1
1007,5.036141,0.426029474,0.465670168,0.573970556,6.53091383,2.33642554,-8.86733913,0.160592422,-0.220034048,20,0.699999988,0,0.0937908664,0.0937908664,1
1008,5.041158,0.424657255,0.465033323,0.575342774,6.71218824,2.32635498,-9.0385437,0.160712048,-0.12403392,20,0.699999988,0,0.0955307782,0.0955307782,1
1009,5.046137,0.424048245,0.464750677,0.575951755,6.71218824,2.37167335,-9.08386135,0.160712048,-0.0232339352,20,0.699999988,0,0.0963029638,0.0963029638,1
1010,5.051158,0.424148291,0.464797109,0.575851738,6.69204617,2.36160278,-9.05868435,0.160712048,0.0775660574,20,0.699999988,0,0.0961761102,0.0961761102,1
1011,5.056137,0.425202906,0.465286553,0.574797094,6.63162231,2.31124854,-8.94287109,0.160712048,0.178366125,20,0.699999988,0,0.0948436484,0.0948436484,1
1012,5.061154,0.426895738,0.466072202,0.573085785,6.5057373,2.28103638,-8.78677368,0.160712048,0.279166162,20,0.699999988,0,0.0926690623,0.0926690623,1
1013,5.066143,0.429485917,0.467274278,0.570514023,6.26907301,2.19039917,-8.45947266,0.160712048,0.379965991,20,0.699999988,0,0.0894082487,0.0894082487,1
1014,5.071154,0.432654917,0.468745053,0.567345142,5.99716139,2.08465552,-8.08181667,0.160712048,0.475965828,20,0.699999988,0,0.085390158,0.085390158,1
1015,5.076143,0.436559021,0.470556945,0.563440979,5.65979004,1.96884143,-7.62863159,0.160712048,0.576766133,20,0.699999988,0,0.0804399475,0.0804399475,1
1016,5.081229,0.441004664,0.472620159,0.558995306,5.25192213,1.8077085,-7.05963039,0.160545632,0.677566588,20,0.699999988,0,0.0748030916,0.0748030916,1
1017,5.086144,0.446188122,0.475025833,0.553811908,4.8289485,1.64657581,-6.47552443,0.160578415,0.778367043,20,0.699999988,0,0.0685541555,0.0685541555,1
1018,5.091142,0.451939106,0.477694869,0.548060894,4.31533766,1.45523071,-5.77056837,0.160477623,0.879167497,20,0.699999988,0,0.0613423809,0.0613423809,1
1019,5.096160,0.457746506,0.480390102,0.542253554,3.76144385,1.24877918,-5.01022291,0.160358056,0.979967952,20,0.699999988,0,0.0535753034,0.0535753034,1
1020,5.101148,0.464290917,0.483427376,0.535709143,3.16223121,1.01211548,-4.17434692,0.160224423,1.07596743,20,0.699999988,0,0.045277331,0.045277331,1
1021,5.106165,0.471186906,0.486627817,0.528813124,2.54791236,0.760345399,-3.30825782,0.159933731,1.17676663,20,0.699999988,0,0.0365335681,0.0365335681,1
1022,5.111140,0.47836408,0.489958733,0.52163595,1.87316883,0.523681581,-2.43209815,0.159593806,1.27756584,20,0.699999988,0,0.027433252,0.0278498977,1
1023,5.116156,0.485737681,0.493380845,0.514262319,1.2286377,0.246734604,-1.47537231,0.159113273,1.37836504,20,0.699999988,0,0.0185044557,0.0185044557,1
1024,5.121144,0.493255705,0.496705502,0.507098675,0.533752382,-0.0201416016,-0.51361078,0.158271953,1.47916424,20,0.699999988,0,0.00900075398,0.00900075398,1
1025,5.126158,0.500479698,0.500222623,0.499520272,-0.00503540039,-0.166168213,0.171203613,0.156755537,1.57996345,20,0.699999988,0,-0.000608268136,-0.000608268136,4
1026,5.131160,0.508048356,0.503735244,0.491951644,-0.302124023,-0.453186005,0.755310059,0.153502464,1.67596269,20,0.699999988,0,-0.0102049047,-0.0102049047,4
1027,5.136154,0.515522182,0.507203877,0.484477788,-0.730133057,-0.830841005,1.56097412,0.149115011,1.77676189,20,0.699999988,0,-0.0196813792,-0.0196813792,4
1028,5.141141,0.522863507,0.510610998,0.477136493,-0.730133057,-1.09771717,1.83792102,0.140640005,1.87756109,20,0.699999988,0,-0.028553294,-0.028553294,4
1029,5.146157,0.529936254,0.513893485,0.470063746,-1.17324817,0.110778801,1.06246936,0.123357169,1.9783603,20,0.699999988,0,-0.0375675336,-0.0375675336,4
1030,5.151143,0.536812067,0.516910613,0.463562667,-4.25994873,0.563964844,3.69598389,0.0948712379,2.07916141,20,0.699999988,0,-0.0462006666,-0.0462006666,4
1031,5.156153,0.542910814,0.519914985,0.457089186,-3.83193946,-1.49551392,5.32745361,0.0835439265,2.17996311,20,0.699999988,0,-0.0544087328,-0.0544087328,4
1032,5.161140,0.548997998,0.522740066,0.451002002,-4.31533766,-1.81274402,6.1280818,0.0889814049,2.27596474,20,0.699999988,0,-0.0621269867,-0.0621269867,4
1033,5.166156,0.554606795,0.52534312,0.445393205,-4.99511671,-1.77749634,6.77261305,0.0897642076,2.37676644,20,0.699999988,0,-0.0692386627,-0.0692386627,4
1034,5.171144,0.559630275,0.527674496,0.440369725,-5.35263062,-2.04940772,7.39196682,0.089639999,2.47756815,20,0.699999988,0,-0.0756081641,-0.075324297,4
1035,5.176159,0.564107716,0.529752493,0.435892254,-5.81085157,-2.10983276,7.92068434,0.0904063955,2.57836986,20,0.699999988,0,-0.0809078962,-0.0809078962,4
1036,5.181162,0.567947865,0.531534731,0.432324529,-6.1784358,-2.22061133,8.3990469,0.0903993696,2.67917156,20,0.699999988,0,-0.0858090669,-0.0858090669,4
1037,5.186159,0.570807755,0.532862008,0.429192275,-6.40502882,-2.36160278,8.76663208,0.0901462585,2.77997327,20,0.699999988,0,-0.0897806063,-0.0897806063,4
1038,5.191145,0.573225677,0.533984184,0.426774383,-6.64169264,-2.43713355,9.07882595,0.0901462585,2.87597489,20,0.699999988,0,-0.0928463861,-0.0928463861,4
1039,5.196157,0.574842632,0.534734607,0.425157398,-6.79275465,-2.49755836,9.29031277,0.0901462585,2.9767766,20,0.699999988,0,-0.0948966369,-0.0948966369,4
1040,5.201143,0.575761259,0.535160899,0.424238682,-6.86828518,-2.51769996,9.36584473,0.0901462585,3.07757831,20,0.699999988,0,-0.0961097777,-0.0961097777,4
1041,5.206220,0.575911641,0.535230696,0.424088359,-6.87332153,-2.51769996,9.39102173,0.0901462585,-3.10480547,20,0.699999988,0,-0.0962520987,-0.0962520987,4
1042,5.211140,0.575107574,0.534937441,0.424720377,-6.81289625,-2.49755836,9.31045437,0.0901462585,-3.00400376,20,0.699999988,0,-0.0954507589,-0.0954507589,4
1043,5.216140,0.573870063,0.534283221,0.426129967,-6.69708204,-2.46231055,9.15939236,0.0901462585,-2.90800214,20,0.699999988,0,-0.0936634466,-0.0936634466,4
1044,5.221160,0.571594059,0.533226907,0.428405941,-6.51077223,-2.38677955,8.89755154,0.0901462585,-2.80720043,20,0.699999988,0,-0.090777643,-0.090777643,4
1045,5.226140,0.568711281,0.531889021,0.431288719,-6.26907301,-2.29110718,8.56018066,0.0901462585,-2.70639873,20,0.699999988,0,-0.0871224329,-0.0871224329,4
1046,5.231157,0.56513083,0.530227304,0.43486917,-5.95687819,-2.17529273,8.13217068,0.0901462585,-2.60559702,20,0.699999988,0,-0.0825825632,-0.0829528868,4
1047,5.236148,0.56079036,0.528212905,0.43920961,-5.57418776,-2.03933716,7.61352491,0.0901462585,-2.50479531,20,0.699999988,0,-0.0773532018,-0.0773532018,4
1048,5.241161,0.555938542,0.525961161,0.44377166,-5.14617872,-1.87820435,7.02438307,0.0901462585,-2.40399361,20,0.699999988,0,-0.0712946877,-0.0712946877,4
1049,5.246141,0.550788701,0.523571134,0.449211299,-4.65270996,-1.67678833,6.32949829,0.0901462585,-2.30799198,20,0.699999988,0,-0.064397499,-0.064397499,4
1050,5.251164,0.5448066,0.520794809,0.45519346,-4.12902832,-1.5005492,5.62957764,0.0901462585,-2.20719028,20,0.699999988,0,-0.0568124354,-0.0568124354,4
1051,5.256141,0.5384202,0.517830908,0.461579829,-3.54995728,-1.29409778,4.84405518,0.0901462585,-2.10638857,20,0.699999988,0,-0.0487148426,-0.0487148426,4
1052,5.261156,0.531629264,0.514679193,0.468370706,-2.93060279,-1.05239868,4.00314331,0.0902540833,-2.00558686,20,0.699999988,0,-0.0401043333,-0.040553201,4
1053,5.266145,0.524579287,0.511407256,0.475420684,-2.27096558,-0.825805664,3.09677124,0.0903666168,-1.90478754,20,0.699999988,0,-0.031573303,-0.031573303,4
1054,5.271159,0.517251849,0.508006632,0.48241064,-1.60629261,-0.569000244,2.17529297,0.0905143172,-1.80398834,20,0.699999988,0,-0.0223024264,-0.0223024264,4
1055,5.276148,0.510147393,0.504709423,0.489852607,-0.881195009,-0.317230195,1.19842517,0.0906549841,-1.7079891,20,0.699999988,0,-0.0128663834,-0.0128663834,4
1056,5.281154,0.502588093,0.501201153,0.497411907,-0.1863098,-0.135955796,0.322265595,0.0910017937,-1.60718989,20,0.699999988,0,-0.00328159006,-0.00328159006,4
1057,5.286143,0.495006591,0.497682571,0.504993439,0.166168213,-0.0302123986,-0.135955811,0.0913040936,-1.50639069,20,0.699999988,0,0.00633140281,0.00633140281,1
1058,5.291166,0.487477809,0.494188428,0.512522161,0.876159668,0.1913452,-1.02218616,0.0913650617,-1.40559149,20,0.699999988,0,0.015877502,0.015877502,1
1059,5.296145,0.480076343,0.490753412,0.519923687,1.5760802,0.392761201,-1.96884143,0.0914635286,-1.30479228,20,0.699999988,0,0.0248407237,0.0248407237,1
1060,5.301163,0.472898573,0.487422168,0.52678591,2.31628418,0.553893983,-2.87017822,0.0922486782,-1.20399308,20,0.699999988,0,0.0339632034,0.0339632034,1
1061,5.306143,0.466220915,0.484323084,0.533779085,3.1018064,0.543823183,-3.64562964,0.0943978801,-1.10799384,20,0.699999988,0,0.0428301692,0.0428301692,1
1062,5.311171,0.459581286,0.481241614,0.540418744,3.80172729,0.0553894006,-3.8571167,0.100618206,-1.00719464,20,0.699999988,0,0.0512488745,0.0512488745,1
1063,5.316164,0.453454286,0.478398085,0.546545744,0.997009158,0.659637392,-1.65664649,0.12449865,-0.906394243,20,0.699999988,0,0.059017621,0.059017621,1
1064,5.321150,0.447523326,0.475645483,0.552476645,3.60534668,3.48953199,-6.86828566,0.16757445,-0.805593789,20,0.699999988,0,0.0660988688,0.0660988688,1
1065,5.326165,0.442359984,0.473249167,0.557640016,5.54397583,0.951690674,-6.4956665,0.167785406,-0.704793334,20,0.699999988,0,0.0728453472,0.0728453472,1
1066,5.331149,0.43763864,0.471153736,0.562155008,5.46844435,1.95877051,-7.42721462,0.159579962,-0.603992879,20,0.699999988,0,0.0788094252,0.0788094252,1
1067,5.336162,0.433711618,0.46923548,0.566288412,5.89645386,2.00408936,-7.90054321,0.161829934,-0.503192425,20,0.699999988,0,0.0840503275,0.0840503275,1
1068,5.341149,0.430238903,0.46762374,0.569761038,6.21368361,2.05444312,-8.26812649,0.160810441,-0.407192588,20,0.699999988,0,0.088453494,0.088453494,1
1069,5.346161,0.427640796,0.466417968,0.572359204,6.37481642,2.26592994,-8.64074612,0.160306498,-0.306392759,20,0.699999988,0,0.0917478055,0.0917478055,1
1070,5.351157,0.425599873,0.465470791,0.574400127,6.57623243,2.32131934,-8.87740993,0.160618231,-0.205592781,20,0.699999988,0,0.0943355635,0.0941643119,1
1071,5.356154,0.424370587,0.464900285,0.575629473,6.68701124,2.32635498,-9.0133667,0.160712048,-0.104792677,20,0.699999988,0,0.0956900194,0.0956900194,1
1072,5.361143,0.424032927,0.464743555,0.575967073,6.72729397,2.36663818,-9.09393215,0.160712048,-0.00399269117,20,0.699999988,0,0.0963223949,0.0963223949,1
1073,5.366154,0.424305201,0.464869916,0.575694799,6.70715332,2.35656738,-9.0637207,0.160712048,0.096807301,20,0.699999988,0,0.0959771425,0.0959771425,1
1074,5.371143,0.425407737,0.465381622,0.574592292,6.61651516,2.31124854,-8.92776394,0.160712048,0.192807391,20,0.699999988,0,0.0945792273,0.0945792273,1
1075,5.376155,0.427385628,0.466299564,0.572614372,6.42517042,2.25585937,-8.68103027,0.160712048,0.293607384,20,0.699999988,0,0.092071332,0.092071332,1
1076,5.381143,0.4299227,0.467476994,0.57007724,6.23886061,2.17529273,-8.4141531,0.160712048,0.394407213,20,0.699999988,0,0.0891044885,0.0891044885,1
1077,5.386163,0.433338493,0.469062299,0.566661537,5.94177198,2.06954932,-8.01132107,0.160712048,0.495207042,20,0.699999988,0,0.0847425684,0.0847425684,1
1078,5.391148,0.437317401,0.470814079,0.562886834,5.58425856,1.94366443,-7.52792311,0.160712048,0.596007466,20,0.699999988,0,0.0797373727,0.0797373727,1
1079,5.396159,0.441699147,0.472942501,0.558300912,5.19653273,1.78253162,-6.97906446,0.160545632,0.696807921,20,0.699999988,0,0.0739225373,0.0739225373,1
1080,5.401154,0.446920097,0.47536552,0.553079844,4.72320557,1.61132801,-6.33453369,0.160578415,0.792808354,20,0.699999988,0,0.067302607,0.067302607,1
1081,5.406164,0.452747583,0.47807008,0.547252417,4.20455933,1.41494751,-5.61950684,0.16047059,0.893608809,20,0.699999988,0,0.05991368,0.05991368,1
1082,5.411138,0.458959013,0.480952799,0.541040957,3.68087769,1.21856678,-4.89944458,0.16034399,0.994409263,20,0.699999988,0,0.0523807891,0.0523807891,1
1083,5.416176,0.465521127,0.483998299,0.534478843,3.071594,0.966796756,-4.03839064,0.160196289,1.09520853,20,0.699999988,0,0.0440905914,0.0440905914,1
1084,5.421148,0.472533047,0.48709625,0.527803719,2.44216919,0.730133057,-3.17230225,0.159957156,1.19600773,20,0.699999988,0,0.0352537148,0.0352537148,1
1085,5.426140,0.479391873,0.490435719,0.520608127,1.78253162,0.468292207,-2.25082374,0.159610197,1.29200697,20,0.699999988,0,0.026130056,0.026130056,1
1086,5.431156,0.486807436,0.493877292,0.513192534,1.09268188,0.1863098,-1.2789917,0.159007832,1.39280617,20,0.699999988,0,0.0167274754,0.0167274754,1
1087,5.436149,0.494349599,0.497377634,0.505650401,0.392761201,-0.0553894006,-0.337371796,0.158023536,1.49360538,20,0.699999988,0,0.00716443593,0.00716443593,1
1088,5.441157,0.501927674,0.500894666,0.498072386,-0.0402832031,-0.181274399,0.216522202,0.156186044,1.59440458,20,0.699999988,0,-0.00244414038,-0.0019861164,4
1089,5.446149,0.509486139,0.504402518,0.490513831,-0.3877258,-0.493469208,0.881195009,0.152841523,1.69520378,20,0.699999988,0,-0.011573405,-0.011573405,4
1090,5.451158,0.516934514,0.507702291,0.483403832,-0.750274599,-0.89126581,1.64154041,0.148416564,1.79600298,20,0.699999988,0,-0.0210430976,-0.0210430976,4
1091,5.456159,0.523896277,0.511090279,0.476103693,-0.704955995,-1.05239868,1.75735474,0.138994694,1.89680219,20,0.699999988,0,-0.0302992817,-0.0302992817,4
1092,5.461157,0.530953765,0.514365673,0.469046235,-1.72714221,0.433044404,1.29409778,0.118186891,1.99280143,20,0.699999988,0,-0.039247781,-0.039247781,4
1093,5.466145,0.537727356,0.517509341,0.462272644,-4.34051466,0.100708,4.23980665,0.090886876,2.0936029,20,0.699999988,0,-0.0478363782,-0.0478363782,4
1094,5.471161,0.544164479,0.520496786,0.455835521,-3.79165602,-1.67175281,5.46844435,0.0840337798,2.1944046,20,0.699999988,0,-0.0559983142,-0.0555805564,4
1095,5.476137,0.550132573,0.523266613,0.4501791,-4.43618774,-1.77749634,6.21368408,0.0894666091,2.29520631,20,0.699999988,0,-0.0631703883,-0.0631703883,4
1096,5.481160,0.555556059,0.525690258,0.444645256,-5.03539991,-1.82785022,6.86325026,0.0895884857,2.39600801,20,0.699999988,0,-0.0701870173,-0.0701870173,4
1097,5.486149,0.560343921,0.528005719,0.439656079,-5.42816114,-2.08465552,7.51281643,0.0898416042,2.49200964,20,0.699999988,0,-0.0765130073,-0.0765130073,4
1098,5.491160,0.564630508,0.529995084,0.435369462,-5.88638258,-2.12493873,8.01132107,0.0904252008,2.59281135,20,0.699999988,0,-0.0819482207,-0.0819482207,4
1099,5.496138,0.568371952,0.531731546,0.431628078,-6.22375441,-2.24578834,8.43933105,0.0902611539,2.69361305,20,0.699999988,0,-0.0866921321,-0.0866921321,4
1100,5.501155,0.571372151,0.53312391,0.428627819,-6.46041822,-2.37670875,8.81194973,0.0901463255,2.79441476,20,0.699999988,0,-0.0902657881,-0.0902657881,4
1101,5.506147,0.573592305,0.534154296,0.426407665,-6.65176344,-2.44216919,9.09393311,0.0901463255,2.89521646,20,0.699999988,0,-0.0931230262,-0.0931230262,4
1102,5.511154,0.575004399,0.534869969,0.424865663,-6.77764845,-2.48245239,9.26010132,0.0901463255,2.99601817,20,0.699999988,0,-0.0952665061,-0.0952665061,4
1103,5.516145,0.575759768,0.535160244,0.424240232,-6.86325026,-2.52273536,9.38598537,0.0901463255,3.0920198,20,0.699999988,0,-0.0960595533,-0.0960595533,4
1104,5.521165,0.575738072,0.53515017,0.424261957,-6.83807325,-2.51769996,9.35577297,0.0901463255,-3.09036398,20,0.699999988,0,-0.0960319862,-0.0960319862,4
1105,5.526142,0.575069249,0.534839749,0.424930722,-6.80786085,-2.49755836,9.29534912,0.0901463255,-2.98956227,20,0.699999988,0,-0.0951840356,-0.0951840356,4
1106,5.531178,0.573455513,0.534090817,0.426544517,-6.65176344,-2.44216919,9.09896851,0.0901463255,-2.88876057,20,0.699999988,0,-0.0931378156,-0.0931378156,4
1107,5.536149,0.571099162,0.532997251,0.428900838,-6.46041822,-2.36160278,8.82202148,0.0901463255,-2.78795886,20,0.699999988,0,-0.090383172,-0.090383172,4
1108,5.541148,0.568240345,0.531670451,0.431759655,-6.2086482,-2.27600098,8.48464966,0.0901463255,-2.68715715,20,0.699999988,0,-0.0865253136,-0.0865253136,4
1109,5.546154,0.56461519,0.529987991,0.43538478,-5.88638258,-2.15011597,8.03649902,0.0901463255,-2.59115553,20,0.699999988,0,-0.0819287896,-0.0819287896,4
1110,5.551139,0.560181022,0.52793014,0.439819008,-5.49865675,-2.00408936,7.50274611,0.0901463255,-2.49035382,20,0.699999988,0,-0.0763064548,-0.0763064548,4
1111,5.556163,0.55519551,0.525616348,0.44480449,-5.07064772,-1.83792114,6.90856886,0.0901463255,-2.38955212,20,0.699999988,0,-0.069985114,-0.069985114,4
1112,5.561163,0.549658418,0.523046553,0.450341612,-4.56207275,-1.67175281,6.24893141,0.0901463255,-2.28875041,20,0.699999988,0,-0.0629643202,-0.0633112043,4
1113,5.566164,0.543626606,0.520247161,0.456373394,-4.03335571,-1.47033679,5.50369263,0.0901463255,-2.1879487,20,0.699999988,0,-0.0556463376,-0.0556463376,4
1114,5.571141,0.537477195,0.517393231,0.462522805,-3.44924903,-1.2538147,4.70306396,0.0901463255,-2.087147,20,0.699999988,0,-0.0475192033,-0.0475192033,4
1115,5.576164,0.530661941,0.514230251,0.46933803,-2.81982398,-1.01211548,3.83193946,0.0903104171,-1.98634565,20,0.699999988,0,-0.0388778262,-0.0388778262,4
1116,5.581141,0.523547232,0.510928273,0.476452738,-2.13500953,-0.755309999,2.89031959,0.0903807506,-1.89034641,20,0.699999988,0,-0.0298567098,-0.0298567098,4
1117,5.586164,0.516218066,0.507526875,0.483781993,-1.46026611,-0.523681581,1.98394775,0.0905214176,-1.7895472,20,0.699999988,0,-0.0205636453,-0.0205636453,4
1118,5.591149,0.508703053,0.504039109,0.491296947,-0.795593143,-0.281982422,1.07757556,0.0907839164,-1.688748,20,0.699999988,0,-0.0114988415,-0.0114988415,4
1119,5.596156,0.501138926,0.500528574,0.498861074,-0.130920395,-0.110778801,0.241699189,0.091072157,-1.5879488,20,0.699999988,0,-0.00190172589,-0.00190172589,4
1120,5.601141,0.49391827,0.497177452,0.5060817,0.266876191,0.0151061993,-0.281982392,0.0912736803,-1.4871496,20,0.699999988,0,0.00771131925,0.00771131925,1
1121,5.606152,0.486407876,0.493691862,0.513592124,0.991973877,0.226593003,-1.21856689,0.0913791806,-1.39115036,20,0.699999988,0,0.0172341298,0.0172341298,1
1122,5.611158,0.478996813,0.490252376,0.521003187,1.72714221,0.428009033,-2.15515137,0.0915573314,-1.29035115,20,0.699999988,0,0.0266309623,0.0266309623,1
1123,5.616154,0.47186628,0.486943096,0.52813375,2.47238135,0.563964844,-3.0363462,0.0924901292,-1.18955195,20,0.699999988,0,0.0356721282,0.0356721282,1
1124,5.621143,0.464902759,0.483711332,0.535097301,3.21762061,0.50857538,-3.72619605,0.0949581191,-1.08875275,20,0.699999988,0,0.0440590121,0.0440590121,1
1125,5.626153,0.45839721,0.480692059,0.541602731,3.79165602,-0.0553894006,-3.73626661,0.102427661,-0.987953365,20,0.699999988,0,0.0523670167,0.0523670167,1
1126,5.631143,0.452566177,0.477985889,0.547433794,0.327301025,1.70700061,-2.03430176,0.129045665,-0.88715291,20,0.699999988,0,0.0601436719,0.0601436719,1
1127,5.636159,0.446871817,0.475343108,0.553128123,4.14413404,2.6184082,-6.76254225,0.171223834,-0.791152477,20,0.699999988,0,0.0673638284,0.0673638284,1
1128,5.641148,0.441613823,0.472902894,0.558386207,5.62454176,1.05743408,-6.68197584,0.166011304,-0.690352023,20,0.699999988,0,0.0740307197,0.0740307197,1
1129,5.646266,0.437077463,0.470797569,0.562922597,5.44830275,2.06954932,-7.51785183,0.159664482,-0.584751546,20,0.699999988,0,0.0797826126,0.0797826126,1
1130,5.651137,0.433071554,0.46893841,0.566928446,5.96694946,1.96884143,-7.93579102,0.161851168,-0.488751203,20,0.699999988,0,0.0847140178,0.0847140178,1
1131,5.656138,0.429903865,0.467468262,0.570185959,6.26403761,2.08969092,-8.35372829,0.160700426,-0.387951374,20,0.699999988,0,0.0889922231,0.0889922231,1
1132,5.661160,0.427216917,0.466296494,0.572620928,6.42013502,2.28607154,-8.70620632,0.160330087,-0.287151545,20,0.699999988,0,0.0920796841,0.0920796841,1
1133,5.666157,0.42544651,0.465399593,0.57455343,6.55609083,2.30621314,-8.86230373,0.160719186,-0.191151515,20,0.699999988,0,0.0945300087,0.0945300087,1
1134,5.671155,0.424327344,0.464880198,0.575672626,6.68197584,2.32635498,-9.0083313,0.160712212,-0.0903514326,20,0.699999988,0,0.0959490687,0.0959490687,1
1135,5.676143,0.424037039,0.464745462,0.575962961,6.68701124,2.36663818,-9.0838623,0.160712212,0.0104485545,20,0.699999988,0,0.0963171721,0.0963217765,1
1136,5.681160,0.424456477,0.464940131,0.575543523,6.68197584,2.34146094,-9.01840115,0.160712212,0.111248545,20,0.699999988,0,0.0957585201,0.0957585201,1
1137,5.686138,0.425704718,0.465519458,0.574432492,6.56112623,2.29614234,-8.85726833,0.160712212,0.212048665,20,0.699999988,0,0.094376646,0.094376646,1
1138,5.691159,0.4275949,0.466396689,0.5724051,6.41509962,2.24075317,-8.65585327,0.160712212,0.312848598,20,0.699999988,0,0.0918059796,0.0918059796,1
1139,5.696137,0.430296868,0.467650652,0.569703102,6.16333008,2.16018653,-8.32351685,0.160712212,0.408848435,20,0.699999988,0,0.0883800238,0.0883800238,1
1140,5.701163,0.433867931,0.469307989,0.566132009,5.87127638,2.04437232,-7.91564846,0.160712212,0.509648323,20,0.699999988,0,0.083852075,0.083852075,1
1141,5.706142,0.437890202,0.471174747,0.562109828,5.51376295,1.89834583,-7.4372859,0.160712212,0.610448778,20,0.699999988,0,0.0787520856,0.0788885131,1
1142,5.711158,0.442736268,0.473423809,0.557263732,5.11596632,1.76239002,-6.87835646,0.160559863,0.711249232,20,0.699999988,0,0.0729672909,0.0729672909,1
1143,5.716155,0.447970629,0.475853086,0.552029371,4.64767408,1.5710448,-6.21871901,0.160578579,0.812049687,20,0.699999988,0,0.0662513971,0.0662513971,1
1144,5.721154,0.453529507,0.478432953,0.546470463,4.12399244,1.38473499,-5.50872755,0.160456687,0.912850142,20,0.699999988,0,0.0589222014,0.0589222014,1
1145,5.726143,0.459846675,0.481364787,0.540153325,3.54995728,1.16317749,-4.71313477,0.160330087,1.00885046,20,0.699999988,0,0.0509123839,0.0509123839,1
1146,5.731163,0.466523319,0.484463423,0.53347671,2.95578003,0.931549013,-3.8873291,0.160154253,1.10964966,20,0.699999988,0,0.0424467251,0.0424467251,1
1147,5.736139,0.4735502,0.487724602,0.5264498,2.31124854,0.694885254,-3.0615232,0.159884661,1.21044886,20,0.699999988,0,0.0335369781,0.0339937732,1
1148,5.741160,0.480776101,0.491078138,0.519223869,1.67175281,0.422973603,-2.09472632,0.159446269,1.31124806,20,0.699999988,0,0.0247786772,0.0247786772,1
1149,5.746150,0.4882375,0.494541019,0.512110114,0.997009158,0.151062012,-1.14807117,0.158857957,1.41204727,20,0.699999988,0,0.0153549789,0.0153549789,1
1150,5.751196,0.495787203,0.498044819,0.504212737,0.302124023,-0.0704956055,-0.231628418,0.157890052,1.51284647,20,0.699999988,0,0.00579497311,0.00579497311,1
1151,5.756139,0.503015757,0.501399636,0.496984273,-0.0604247972,-0.231628403,0.292053193,0.156282201,1.60884571,20,0.699999988,0,-0.0038238042,-0.0038238042,4
1152,5.761140,0.510579944,0.504910171,0.489420086,-0.483398378,-0.553893983,1.03729236,0.15207991,1.70964491,20,0.699999988,0,-0.0134147974,-0.0134147974,4
1153,5.766156,0.517990589,0.508349478,0.482009411,-0.785522401,-0.976867676,1.76239014,0.146942481,1.81044412,20,0.699999988,0,-0.0228111669,-0.0228111669,4
1154,5.771163,0.525264382,0.511725247,0.474735618,-0.679778993,-0.971832216,1.65161121,0.13611199,1.91124332,20,0.699999988,0,-0.031653408,-0.031653408,4
1155,5.776159,0.532267213,0.51497525,0.467732757,-2.22564673,0.689849854,1.53579688,0.113677613,2.01204276,20,0.699999988,0,-0.0404990688,-0.0404990688,4
1156,5.781144,0.538695753,0.51795876,0.461304218,-4.34555054,-0.156097397,4.50164795,0.0886486992,2.11284447,20,0.699999988,0,-0.0490642861,-0.0490642861,4
1157,5.786156,0.545042634,0.520904362,0.454957396,-3.79669166,-1.82281482,5.61950636,0.0845471472,2.20884609,20,0.699999988,0,-0.0571117364,-0.0571117364,4
1158,5.791141,0.550942242,0.523642361,0.449057758,-4.60235548,-1.71203613,6.31439161,0.0898486897,2.3096478,20,0.699999988,0,-0.0645921454,-0.0645921454,4
1159,5.796156,0.556333661,0.526144564,0.443666339,-5.08071852,-1.89834583,6.95388746,0.0895229131,2.4104495,20,0.699999988,0,-0.0714282244,-0.0714282244,4
1160,5.801142,0.561161399,0.528385103,0.438838571,-5.46844435,-2.08465552,7.55309963,0.0900127664,2.51125121,20,0.699999988,0,-0.0772157758,-0.0772157758,4
1161,5.806162,0.565428495,0.530365467,0.434571505,-5.94177198,-2.13500953,8.07678127,0.0904018059,2.61205292,20,0.699999988,0,-0.0825932622,-0.0825932622,4
1162,5.811148,0.568781018,0.531921387,0.431218982,-6.24389648,-2.26592994,8.50982666,0.0902190283,2.71285462,20,0.699999988,0,-0.0872108489,-0.0872108489,4
1163,5.816155,0.571677148,0.533265471,0.428322822,-6.47552395,-2.39181495,8.86733913,0.0901463777,2.80885625,20,0.699999988,0,-0.0908830091,-0.0908830091,4
1164,5.821143,0.573969662,0.534329414,0.426030308,-6.68701124,-2.44216919,9.12918091,0.0901463777,2.90965796,20,0.699999988,0,-0.0937897861,-0.0937897861,4
1165,5.826155,0.575336456,0.534963787,0.424663544,-6.79779005,-2.47741675,9.28024292,0.0901463777,3.01045966,20,0.699999988,0,-0.0955228135,-0.0955228135,4
1166,5.831159,0.575938404,0.535243154,0.424061596,-6.85317898,-2.52273536,9.37591457,0.0901463777,3.11126137,20,0.699999988,0,-0.0961155221,-0.0961155221,4
1167,5.836155,0.575769365,0.535164714,0.424266726,-6.84814453,-2.50762939,9.35577393,0.0901463777,-3.07112241,20,0.699999988,0,-0.0960259661,-0.0960259661,4
1168,5.841143,0.574953973,0.534786224,0.425045997,-6.77261305,-2.48748779,9.26010132,0.0901463777,-2.9703207,20,0.699999988,0,-0.0950378552,-0.0950378552,4
1169,5.846161,0.573350191,0.534041941,0.426649749,-6.62155151,-2.42706275,9.0486145,0.0901463777,-2.87431908,20,0.699999988,0,-0.0930043831,-0.0930043831,4
1170,5.851147,0.570710361,0.532816768,0.429289609,-6.42013502,-2.35656738,8.77670288,0.0901463777,-2.77351737,20,0.699999988,0,-0.0896571726,-0.0896571726,4
1171,5.856160,0.567645669,0.531394482,0.432354361,-6.1331172,-2.24075317,8.37387085,0.0901463777,-2.67271566,20,0.699999988,0,-0.0857712403,-0.0857712403,4
1172,5.861146,0.563784957,0.529602706,0.436215043,-5.82595778,-2.12493873,7.95089626,0.0901463777,-2.57191396,20,0.699999988,0,-0.0811250284,-0.0811250284,4
1173,5.866154,0.559283555,0.527513564,0.440538764,-5.42816114,-1.98394775,7.4121089,0.0901463777,-2.47111225,20,0.699999988,0,-0.0753938332,-0.0753938332,4
1174,5.871139,0.554441333,0.52526629,0.445558667,-4.98504639,-1.8077085,6.79275513,0.0901463777,-2.37031054,20,0.699999988,0,-0.0690288395,-0.0690288395,4
1175,5.876215,0.548511624,0.522643268,0.451210499,-4.47143555,-1.61636329,6.08779907,0.0901463777,-2.26950884,20,0.699999988,0,-0.0618626103,-0.0618626103,4
1176,5.881163,0.542730391,0.51983124,0.457269609,-3.92761207,-1.41998279,5.34759474,0.0901463777,-2.17350721,20,0.699999988,0,-0.0541799739,-0.0541799739,4
1177,5.886143,0.536179006,0.516790748,0.463820994,-3.33847022,-1.21353137,4.57214308,0.0902190357,-2.07270551,20,0.699999988,0,-0.0458731316,-0.0463130809,4
1178,5.891161,0.529329479,0.513611853,0.470670491,-2.72918677,-0.986938417,3.71612525,0.0902800113,-1.97190452,20,0.699999988,0,-0.0375504196,-0.0375504196,4
1179,5.896140,0.522164166,0.510438561,0.477508008,-2.04940772,-0.745239198,2.79464698,0.0904019028,-1.87110531,20,0.699999988,0,-0.0285186693,-0.0285186693,4
1180,5.901160,0.515128314,0.50702107,0.484871715,-1.36459339,-0.493469208,1.85806262,0.0905496031,-1.77030611,20,0.699999988,0,-0.0191818792,-0.0191818792,4
1181,5.906138,0.507622778,0.503537774,0.492377251,-0.649566591,-0.246734604,0.89630121,0.0907816142,-1.67430687,20,0.699999988,0,-0.00966528803,-0.00966528803,4
1182,5.911162,0.500052512,0.500024378,0.499947488,-0.0856018066,-0.0906371996,0.176239014,0.0911425054,-1.57350767,20,0.699999988,0,-6.66049236e-05,-6.66049236e-05,1
1183,5.916137,0.4924815,0.496510655,0.50751853,0.397796571,0.0352478027,-0.402832001,0.0913018733,-1.47270846,20,0.699999988,0,0.00907748844,0.00907748844,1
1184,5.921157,0.484974593,0.493026674,0.515025377,1.08261108,0.25176999,-1.3343811,0.0913933069,-1.37190926,20,0.699999988,0,0.0186172333,0.0186172333,1
1185,5.926145,0.477608174,0.489784777,0.522010744,1.81274402,0.458221376,-2.27096534,0.0915995687,-1.27111006,20,0.699999988,0,0.0279085096,0.0279085096,1
1186,5.931161,0.470814526,0.486454993,0.529185534,2.5680542,0.584106386,-3.15216064,0.0926401913,-1.17031085,20,0.699999988,0,0.0370057151,0.0370057151,1
1187,5.936147,0.463971704,0.483279228,0.536028326,3.34854102,0.463256806,-3.81179786,0.0956800133,-1.07431161,20,0.699999988,0,0.0456820577,0.0456820577,1
1188,5.941159,0.457459986,0.480257124,0.542540073,3.68591261,-0.25680539,-3.42910719,0.100465953,-0.973512053,20,0.699999988,0,0.0539385937,0.0539385937,1
1189,5.946149,0.4514485,0.477467179,0.5485515,-0.0251770001,3.19244361,-2.84500098,0.134000331,-0.872711599,20,0.699999988,0,0.0615608282,0.0611108914,1
1190,5.951165,0.445720434,0.474808782,0.554279625,4.54696608,1.99401832,-6.54098415,0.173656583,-0.771911144,20,0.699999988,0,0.0684473887,0.0684473887,1
1191,5.956144,0.44070062,0.472561598,0.55912149,5.62454176,1.19338977,-6.81793165,0.163594872,-0.67111069,20,0.699999988,0,0.0749630779,0.0749630779,1
1192,5.961154,0.436375797,0.470471889,0.563624144,5.49362135,2.10479736,-7.59841871,0.159758136,-0.570310235,20,0.699999988,0,0.0806722343,0.0806722343,1
1193,5.966148,0.432512313,0.468678862,0.567487717,6.01730299,1.97891223,-7.99621534,0.161881581,-0.474309981,20,0.699999988,0,0.0855709761,0.0855709761,1
1194,5.971153,0.429385483,0.467227668,0.570614457,6.27914429,2.12997437,-8.40911865,0.160440192,-0.373510152,20,0.699999988,0,0.0895355865,0.0895355865,1
1195,5.976143,0.426737994,0.465998977,0.573261976,6.41509962,2.29614234,-8.71627712,0.160294831,-0.272710323,20,0.699999988,0,0.0928925052,0.0926170126,1
1196,5.981158,0.42518574,0.465278566,0.57481426,6.57119703,2.31124854,-8.88244534,0.160723805,-0.171910241,20,0.699999988,0,0.0948585346,0.0948585346,1
1197,5.986147,0.424212456,0.464810371,0.575823188,6.68197584,2.33139038,-9.0133667,0.160712123,-0.071110189,20,0.699999988,0,0.0961398929,0.0961398929,1
1198,5.991208,0.424007595,0.464731812,0.575992465,6.68197584,2.36160278,-9.0435791,0.160712123,0.0296897981,20,0.699999988,0,0.0963681266,0.0963681266,1
1199,5.996159,0.424527109,0.464972913,0.575472891,6.67190504,2.33139038,-9.0032959,0.160712123,0.12568979,20,0.699999988,0,0.0956958085,0.0956958085,1
1200,6.001144,0.425945699,0.465631276,0.574054301,6.54602003,2.28607154,-8.83209133,0.160712123,0.226489931,20,0.699999988,0,0.0938970968,0.0938970968,1
1201,6.006155,0.428171605,0.466664314,0.571828365,6.34963894,2.21557593,-8.59542847,0.160712123,0.32728982,20,0.699999988,0,0.0910747573,0.0914460272,1
1202,6.011142,0.430894047,0.467927814,0.569105923,6.1230464,2.12997437,-8.25302124,0.160712123,0.428089648,20,0.699999988,0,0.0878147036,0.0878147036,1
1203,6.016164,0.434541553,0.469620645,0.565589011,5.82092285,2.01919556,-7.84011841,0.160712123,0.528889656,20,0.699999988,0,0.0831635073,0.0831635073,1
1204,6.021140,0.438576788,0.471493393,0.561423182,5.44830275,1.87820435,-7.32650709,0.160712123,0.624890089,20,0.699999988,0,0.0778815001,0.0778815001,1
1205,6.026163,0.443365872,0.473715991,0.556634068,5.03036499,1.71707129,-6.74743652,0.160587907,0.725690544,20,0.699999988,0,0.0718091801,0.0718091801,1
1206,6.031138,0.448854655,0.476263374,0.551145375,4.53185987,1.5458678,-6.07772779,0.160578489,0.826490998,20,0.699999988,0,0.064849712,0.064849712,1
1207,6.036152,0.454724938,0.478987753,0.545275033,4.02831984,1.34445179,-5.37780762,0.160428464,0.927291453,20,0.699999988,0,0.0574064478,0.0578214452,1
1208,6.041139,0.461117923,0.481954753,0.538882077,3.46939063,1.12792969,-4.59732056,0.160294831,1.02809155,20,0.699999988,0,0.049734164,0.049734164,1
1209,6.046154,0.467884451,0.485095114,0.532469034,2.87017822,0.90133667,-3.77151489,0.160053372,1.12889075,20,0.699999988,0,0.0411690958,0.0411690958,1
1210,6.051157,0.474572778,0.488199174,0.525427222,2.21557593,0.63446039,-2.85003638,0.159821272,1.22968996,20,0.699999988,0,0.0322404131,0.0322404131,1
1211,6.056165,0.481846839,0.491575092,0.518153191,1.5458678,0.3826904,-1.92855823,0.15940398,1.3256892,20,0.699999988,0,0.0230172947,0.0230172947,1
1212,6.061138,0.489313364,0.495040327,0.510686636,0.861053407,0.0956726,-0.956726015,0.158724308,1.4264884,20,0.699999988,0,0.0135501241,0.0135501241,1
1213,6.066159,0.496876627,0.498550415,0.503123343,0.181274399,-0.0906371996,-0.130920395,0.157636836,1.5272876,20,0.699999988,0,0.00396025134,0.00441460917,1
1214,6.071144,0.504462838,0.502071202,0.495537162,-0.0856018066,-0.276946992,0.362548798,0.155391544,1.62808681,20,0.699999988,0,-0.00519703794,-0.00519703794,4
1215,6.076153,0.511984468,0.505405307,0.488353133,-0.538787842,-0.594177186,1.13296509,0.151618123,1.72888601,20,0.699999988,0,-0.0147676393,-0.0147676393,4
1216,6.081142,0.51905787,0.508844793,0.48094213,-0.780487061,-1.01211548,1.79260254,0.145932227,1.82488525,20,0.699999988,0,-0.0241644196,-0.0241644196,4
1217,6.086153,0.526285052,0.512198925,0.473714948,-0.689849854,-0.750274599,1.44012451,0.133770451,1.92568445,20,0.699999988,0,-0.0333281048,-0.0333281048,4
1218,6.091143,0.533272207,0.515441716,0.466727823,-2.98599219,0.961761415,2.02423072,0.109552473,2.02648425,20,0.699999988,0,-0.0421874486,-0.0421874486,4
1219,6.096155,0.539932668,0.518532813,0.460067302,-4.24987745,-0.533752382,4.71313477,0.0871063843,2.12728596,20,0.699999988,0,-0.0506326333,-0.0503240563,4
1220,6.101172,0.546235383,0.521457911,0.453764617,-3.87725806,-1.8429563,5.72021437,0.0862368718,2.22808766,20,0.699999988,0,-0.0581664592,-0.0581664592,4
1221,6.106270,0.552046299,0.524154782,0.447953731,-4.71313477,-1.68182349,6.3949585,0.0899540633,2.32888937,20,0.699999988,0,-0.0659920201,-0.0659920201,4
1222,6.111144,0.557100654,0.526500523,0.442899376,-5.12100172,-1.95877051,7.079772,0.0893587619,2.424891,20,0.699999988,0,-0.072400704,-0.072400704,4
1223,6.116146,0.561896801,0.528726399,0.438103199,-5.55908203,-2.09472632,7.65380859,0.0902540535,2.5256927,20,0.699999988,0,-0.078482002,-0.078482002,4
1224,6.121161,0.565865397,0.530568242,0.434134573,-5.99212646,-2.14508057,8.13720703,0.0904368758,2.62649441,20,0.699999988,0,-0.0835140198,-0.0835140198,4
1225,6.126136,0.569490314,0.532250583,0.430509686,-6.27410841,-2.28607154,8.56017971,0.0902423635,2.72729611,20,0.699999988,0,-0.0879242346,-0.0879242346,4
1226,6.131161,0.572195947,0.533506274,0.427804083,-6.4956665,-2.39685059,8.89251709,0.0901462659,2.82809782,20,0.699999988,0,-0.0914724171,-0.0914724171,4
1227,6.136149,0.574228764,0.534386039,0.425908476,-6.70211744,-2.44216919,9.14428711,0.0901462659,2.92889953,20,0.699999988,0,-0.0939443186,-0.0939443186,4
1228,6.141157,0.575469911,0.535025716,0.424530089,-6.80786085,-2.48748779,9.29534912,0.0901462659,3.02970123,20,0.699999988,0,-0.0956920013,-0.0956920013,4
1229,6.146137,0.57602334,0.535282552,0.42397666,-6.83807325,-2.51769996,9.35577297,0.0901462659,3.12570286,20,0.699999988,0,-0.0963937417,-0.0963937417,4
1230,6.151161,0.575682044,0.535124183,0.424318016,-6.81289625,-2.49755836,9.31045437,0.0901462659,-3.05668092,20,0.699999988,0,-0.09596093,-0.09596093,4
1231,6.156162,0.574573457,0.534609675,0.425426543,-6.72729397,-2.46734595,9.21981812,0.0901462659,-2.95587921,20,0.699999988,0,-0.0945553705,-0.0946404859,4
1232,6.161153,0.572769403,0.533772409,0.427230597,-6.58126831,-2.41699219,8.9982605,0.0901462659,-2.85507751,20,0.699999988,0,-0.0924733728,-0.0924733728,4
1233,6.166145,0.570226431,0.532656014,0.429636151,-6.36978149,-2.33139038,8.70117188,0.0901462659,-2.7542758,20,0.699999988,0,-0.0892178044,-0.0892178044,4
1234,6.171154,0.567141294,0.531160414,0.432858735,-6.0827632,-2.22564673,8.30840969,0.0901462659,-2.65347409,20,0.699999988,0,-0.0851317346,-0.0851317346,4
1235,6.176142,0.563185811,0.529324651,0.436814189,-5.75042677,-2.10479736,7.85522413,0.0901462659,-2.55747247,20,0.699999988,0,-0.0801164284,-0.0801164284,4
1236,6.181159,0.558548152,0.527172267,0.441451818,-5.35766554,-1.94366443,7.30133009,0.0901462659,-2.45667076,20,0.699999988,0,-0.0742361024,-0.0742361024,4
1237,6.186148,0.553375125,0.524771452,0.446624875,-4.85916138,-1.78756702,6.67694092,0.0901462659,-2.35586905,20,0.699999988,0,-0.0680578724,-0.0680578724,4
1238,6.191153,0.547707915,0.522141337,0.452292144,-4.39590406,-1.60125721,5.99716139,0.0901462659,-2.25506735,20,0.699999988,0,-0.0608477704,-0.0608477704,4
1239,6.196142,0.541791618,0.51939559,0.458208412,-3.84704566,-1.38977051,5.23681641,0.0901462659,-2.15426564,20,0.699999988,0,-0.0529896282,-0.0529896282,4
1240,6.201160,0.535218596,0.516345024,0.464781404,-3.23776197,-1.16317749,4.40093946,0.0902048573,-2.05346394,20,0.699999988,0,-0.0446554124,-0.0446554124,4
1241,6.206137,0.528299272,0.513133764,0.471700758,-2.59323096,-0.931549013,3.52478004,0.0902798995,-1.95746338,20,0.699999988,0,-0.0358820148,-0.0358820148,4
1242,6.211160,0.521103919,0.509794354,0.478896081,-1.91848731,-0.684814453,2.60330176,0.0904299244,-1.85666418,20,0.699999988,0,-0.0267587025,-0.0267587025,4
1243,6.216156,0.513717175,0.506366134,0.486282796,-1.2286377,-0.443115205,1.71203601,0.0906502679,-1.75586498,20,0.699999988,0,-0.0173926968,-0.0178293698,4
1244,6.221162,0.506186545,0.502871156,0.493813425,-0.548858583,-0.216522202,0.7653808,0.0908682197,-1.65506577,20,0.699999988,0,-0.00830748118,-0.00830748118,4
1245,6.226143,0.498965979,0.499520093,0.501033962,-0.0553894006,-0.0805664063,0.135955811,0.0911845714,-1.55426657,20,0.699999988,0,0.00131104921,0.00131104921,1
1246,6.231195,0.491042495,0.496009231,0.508598983,0.50857538,0.0755310059,-0.584106386,0.0912502035,-1.45346737,20,0.699999988,0,0.0109030567,0.0109030567,1
1247,6.236148,0.483910561,0.492532879,0.516089499,1.2286377,0.297088593,-1.52572632,0.0914213285,-1.35746813,20,0.699999988,0,0.0204006154,0.0204006154,1
1248,6.241145,0.476590514,0.489135623,0.523409486,1.96380603,0.478363007,-2.44216895,0.0917213261,-1.25666893,20,0.699999988,0,0.0296820123,0.0296820123,1
1249,6.246154,0.469483376,0.485837191,0.530516624,2.71408057,0.594177186,-3.26797462,0.0930103883,-1.15586972,20,0.699999988,0,0.0382738449,0.0382738449,1
1250,6.251139,0.462674737,0.482677281,0.537325263,3.47946167,0.402832001,-3.8822937,0.0961181894,-1.05507052,20,0.699999988,0,0.0468893833,0.0468893833,1
1251,6.256159,0.456304938,0.479809195,0.543505192,3.45931983,-0.342407227,-3.1169126,0.10644006,-0.95427072,20,0.699999988,0,0.0551623367,0.0551623367,1
1252,6.261144,0.450661033,0.477101684,0.549338937,0.25680539,4.06356764,-4.32037306,0.142878309,-0.858270288,20,0.699999988,0,0.0625592768,0.0625592768,1
1253,6.266152,0.445010543,0.474479288,0.554989398,4.95483351,1.40991199,-6.36474562,0.173618928,-0.757469833,20,0.699999988,0,0.0697238147,0.0697238147,1
1254,6.271159,0.439932466,0.47212255,0.560067534,5.55908203,1.43508911,-6.99417114,0.161475956,-0.656669378,20,0.699999988,0,0.0761625767,0.0761625767,1
1255,6.276160,0.435545474,0.470086545,0.564454496,5.54901075,2.10983276,-7.65380859,0.160526752,-0.555868924,20,0.699999988,0,0.0817250609,0.0814155117,1
1256,6.281148,0.431861401,0.468376756,0.568138599,6.06765699,1.96884143,-8.03649807,0.161836907,-0.455068767,20,0.699999988,0,0.0861931965,0.0861931965,1
1257,6.286164,0.428753734,0.466993213,0.571119666,6.26403761,2.15515137,-8.41918945,0.160329863,-0.354268938,20,0.699999988,0,0.09017618,0.09017618,1
1258,6.291140,0.426511824,0.465894014,0.573488116,6.43524122,2.30621314,-8.74145412,0.160320446,-0.258269101,20,0.699999988,0,0.0931792557,0.0931792557,1
1259,6.296159,0.424947232,0.46516788,0.575052738,6.62155151,2.30117774,-8.92272949,0.160721302,-0.157468975,20,0.699999988,0,0.095163092,0.095163092,1
1260,6.301149,0.424021035,0.464738041,0.575978994,6.69204617,2.34146094,-9.03350735,0.160711944,-0.0566689447,20,0.699999988,0,0.0963374674,0.0963374674,1
1261,6.306160,0.424050361,0.464751661,0.575949669,6.68701124,2.36160278,-9.0385437,0.160711944,0.0441310443,20,0.699999988,0,0.0963003114,0.0963990688,1
1262,6.311145,0.424727529,0.465065926,0.575272501,6.62658644,2.32131934,-8.94790554,0.160711944,0.144931063,20,0.699999988,0,0.0954306647,0.0954306647,1
1263,6.316153,0.426350623,0.465722352,0.573857963,6.51077223,2.27600098,-8.78677368,0.160711944,0.245731205,20,0.699999988,0,0.0936481878,0.0936481878,1
1264,6.321139,0.428417176,0.466778278,0.571582794,6.29425001,2.21557593,-8.50982571,0.160711944,0.341731042,20,0.699999988,0,0.0907633528,0.0907633528,1
1265,6.326161,0.431414872,0.46816954,0.568585157,6.06765699,2.10983276,-8.17749023,0.160711944,0.44253087,20,0.699999988,0,0.086962454,0.086962454,1
1266,6.331159,0.435103357,0.469881356,0.564896643,5.73028564,1.98394775,-7.7142334,0.160711944,0.543330967,20,0.699999988,0,0.0822856575,0.0822856575,1
1267,6.336158,0.439444095,0.471895903,0.560555875,5.37780714,1.85806262,-7.24594116,0.160711944,0.644131422,20,0.699999988,0,0.0770587847,0.0770587847,1
1268,6.341148,0.444437176,0.474213183,0.555562794,4.95483351,1.70196521,-6.65679884,0.160540819,0.744931877,20,0.699999988,0,0.0708204359,0.0708204359,1
1269,6.346202,0.449896276,0.476746768,0.550103664,4.47143555,1.51062,-5.98205566,0.16057831,0.845732331,20,0.699999988,0,0.0639255047,0.0639255047,1
1270,6.351145,0.455605268,0.479396313,0.544394672,3.93264771,1.30416858,-5.23681641,0.160458744,0.941732764,20,0.699999988,0,0.0562902428,0.0562902428,1
1271,6.356136,0.462057441,0.482390821,0.537942588,3.35861158,1.08764637,-4.44625807,0.160207927,1.04253268,20,0.699999988,0,0.0481092632,0.0481092632,1
1272,6.361158,0.468822926,0.485530674,0.531177104,2.74932837,0.845947206,-3.59527564,0.160111785,1.14333189,20,0.699999988,0,0.0395309441,0.0395309441,1
1273,6.366138,0.475943536,0.488835335,0.524056435,2.13500953,0.624389589,-2.75939918,0.159734368,1.24413109,20,0.699999988,0,0.030936949,0.030936949,1
1274,6.371156,0.483258456,0.492230237,0.516741574,1.45019519,0.337371796,-1.78756702,0.159326434,1.34493029,20,0.699999988,0,0.0216922071,0.0216922071,1
1275,6.376145,0.490399629,0.495544434,0.509600341,0.755309999,0.0704956055,-0.825805604,0.158611625,1.44572949,20,0.699999988,0,0.0121727567,0.0121727567,1
1276,6.381163,0.497965008,0.499055564,0.502035022,0.110778801,-0.125884995,0.0151061937,0.157409295,1.5465287,20,0.699999988,0,0.00258028414,0.00258028414,1
1277,6.386139,0.505543411,0.502572715,0.494456619,-0.130920395,-0.352477998,0.483398378,0.154601485,1.64252794,20,0.699999988,0,-0.00702873571,-0.00702873571,4
1278,6.391160,0.513075829,0.506068528,0.486924171,-0.624389589,-0.679778993,1.30416858,0.150952294,1.74332714,20,0.699999988,0,-0.0165794957,-0.0165794957,4
1279,6.396148,0.520471275,0.509500742,0.479528725,-0.775451601,-1.05743408,1.83288574,0.144188195,1.84412634,20,0.699999988,0,-0.025474323,-0.025474323,4
1280,6.401165,0.527658761,0.512836456,0.472341239,-0.77041626,-0.50857538,1.2789917,0.132488176,1.94492555,20,0.699999988,0,-0.0346155018,-0.0346155018,4
1281,6.406144,0.53424418,0.515892804,0.46575582,-3.51974463,0.997009158,2.5227356,0.103964746,2.04572582,20,0.699999988,0,-0.0434198864,-0.0434198864,4
1282,6.411165,0.540884316,0.518974483,0.459115684,-4.09378052,-0.845947206,4.93972778,0.0842210054,2.14652753,20,0.699999988,0,-0.0518392362,-0.0518392362,4
1283,6.416143,0.547092259,0.521855593,0.452907741,-3.99307227,-1.86813331,5.86120558,0.0870850682,2.24252915,20,0.699999988,0,-0.0597105809,-0.0597105809,4
1284,6.421154,0.552831531,0.524519205,0.447168469,-4.7987361,-1.71707129,6.51580715,0.0898952037,2.34333086,20,0.699999988,0,-0.0669876784,-0.0669876784,4
1285,6.426145,0.558043361,0.526938021,0.441956639,-5.17135572,-1.98898315,7.16033888,0.0895108134,2.44413257,20,0.699999988,0,-0.0731820092,-0.0731820092,4
1286,6.431162,0.562673807,0.529087007,0.437326103,-5.63461256,-2.09472632,7.72933865,0.0903639197,2.54493427,20,0.699999988,0,-0.0790803507,-0.0790803507,4
1287,6.436149,0.566502035,0.530863702,0.433497965,-6.03744507,-2.15515137,8.19259644,0.0903990865,2.64573598,20,0.699999988,0,-0.0843211859,-0.0843211859,4
1288,6.441153,0.570035696,0.532503664,0.429964274,-6.31439114,-2.30621314,8.62060452,0.0901272297,2.7417376,20,0.699999988,0,-0.0888017267,-0.0888017267,4
1289,6.446142,0.572465241,0.533631206,0.427534729,-6.53091383,-2.40188599,8.93280029,0.0901459679,2.84253931,20,0.699999988,0,-0.0918822736,-0.0918822736,4
1290,6.451162,0.574389815,0.534524441,0.425610185,-6.69708204,-2.44216919,9.13925171,0.0901459679,2.94334102,20,0.699999988,0,-0.0943225101,-0.0943225101,4
1291,6.456138,0.575623155,0.535096824,0.424376845,-6.79275465,-2.48748779,9.28024292,0.0901459679,3.04414272,20,0.699999988,0,-0.095841147,-0.095841147,4
1292,6.461156,0.575906038,0.535228133,0.424093992,-6.84310818,-2.50762939,9.35073757,0.0901459679,-3.13824105,20,0.699999988,0,-0.0963246077,-0.0963246077,4
1293,6.466148,0.575640321,0.535104811,0.424359709,-6.81289625,-2.49755836,9.31045437,0.0901459679,-3.03743935,20,0.699999988,0,-0.0959080607,-0.0959080607,4
1294,6.471173,0.574482083,0.534567237,0.425517887,-6.72225952,-2.46734595,9.18960571,0.0901459679,-2.93663764,20,0.699999988,0,-0.0944395363,-0.0944395363,4
1295,6.476153,0.572567761,0.53367883,0.427432269,-6.54098463,-2.41699219,8.95797729,0.0901459679,-2.84063601,20,0.699999988,0,-0.0920122191,-0.0920122191,4
1296,6.481140,0.569859743,0.532422006,0.430140257,-6.32949829,-2.32131934,8.65081787,0.0901459679,-2.73983431,20,0.699999988,0,-0.0885786042,-0.0888315961,4
1297,6.486155,0.566393673,0.530813396,0.433606327,-6.03240919,-2.21054053,8.24294949,0.0901459679,-2.6390326,20,0.699999988,0,-0.0844745114,-0.0844745114,4
1298,6.491144,0.562366843,0.528944552,0.437426716,-5.67993116,-2.07458496,7.75451612,0.0901459679,-2.5382309,20,0.699999988,0,-0.0793397278,-0.0793397278,4
1299,6.496161,0.557706773,0.526891232,0.44205752,-5.27206373,-1.92352283,7.19558668,0.0901459679,-2.43742919,20,0.699999988,0,-0.0734681338,-0.0734681338,4
1300,6.501147,0.552595317,0.524409592,0.447404683,-4.7987361,-1.75231934,6.55105543,0.0901459679,-2.34142756,20,0.699999988,0,-0.0666881874,-0.0666881874,4
1301,6.506159,0.546816945,0.5217278,0.453183055,-4.29519606,-1.56097412,5.85617018,0.0901459679,-2.24062586,20,0.699999988,0,-0.0593615025,-0.0593615025,4
1302,6.511143,0.540606022,0.51884532,0.459393978,-3.72619605,-1.34948719,5.105896,0.0901459679,-2.13982415,20,0.699999988,0,-0.0514863543,-0.0514863543,4
1303,6.516164,0.533955276,0.515758693,0.466044754,-3.1320188,-1.13296497,4.28008986,0.0902959928,-2.03902245,20,0.699999988,0,-0.0434636287,-0.0434636287,4
1304,6.521149,0.526948869,0.512507021,0.472735137,-2.49252319,-0.90133667,3.39385986,0.0902796015,-1.93822229,20,0.699999988,0,-0.0345704481,-0.0345704481,4
1305,6.526158,0.520073533,0.509316146,0.479926497,-1.81777942,-0.654602051,2.47238159,0.090530403,-1.83742309,20,0.699999988,0,-0.0254521817,-0.0254521817,4
1306,6.531144,0.512635589,0.505864203,0.487364382,-1.12289417,-0.397796571,1.52069068,0.0906124488,-1.74142385,20,0.699999988,0,-0.0160213374,-0.0160213374,4
1307,6.536157,0.505102038,0.502367854,0.494897932,-0.407867402,-0.176238999,0.584106386,0.0908960253,-1.64062464,20,0.699999988,0,-0.00646915007,-0.00646915007,4
1308,6.541145,0.497516721,0.498847514,0.502483249,-0.00503540039,-0.0604247972,0.0654601976,0.0912123844,-1.53982544,20,0.699999988,0,0.00314865983,0.00269079022,1
1309,6.546157,0.489948422,0.495335042,0.510051548,0.599212646,0.100708,-0.699920654,0.0912569165,-1.43902624,20,0.699999988,0,0.0122803869,0.0122803869,1
1310,6.551145,0.482498467,0.491877526,0.517149806,1.31927478,0.332336426,-1.65161121,0.0914210081,-1.33822703,20,0.699999988,0,0.0217450764,0.0217450764,1
1311,6.556152,0.475539744,0.488647968,0.524460256,2.05444312,0.51361078,-2.56805396,0.0918428749,-1.23742783,20,0.699999988,0,0.0310143624,0.0310143624,1
1312,6.561142,0.468491524,0.485376865,0.531508505,2.79968238,0.579071045,-3.37875342,0.0931694359,-1.14142859,20,0.699999988,0,0.0399511531,0.0399511531,1
1313,6.566162,0.461763114,0.482254207,0.538236916,3.60031104,0.322265625,-3.92257667,0.0975452214,-1.04062939,20,0.699999988,0,0.0484824404,0.0484824404,1
1314,6.571148,0.455350995,0.479278326,0.544649005,2.89535499,-0.397796571,-2.68386841,0.109139763,-0.939829409,20,0.699999988,0,0.0566126667,0.0566126667,1
1315,6.576153,0.44953531,0.476579249,0.55046469,0.876159668,4.50668335,-5.38284302,0.147206932,-0.839028955,20,0.699999988,0,0.063748233,0.063748233,1
1316,6.581139,0.444024444,0.474021643,0.555776596,5.19653273,1.10275269,-6.29928541,0.173124135,-0.7382285,20,0.699999988,0,0.070721902,0.070721902,1
1317,6.586166,0.439105868,0.471839279,0.560677946,5.53893995,1.5710448,-7.10998487,0.160718665,-0.637428045,20,0.699999988,0,0.0769365579,0.0769365579,1
1318,6.591158,0.435029268,0.469846964,0.564970732,5.63461256,2.08969092,-7.72430325,0.160467908,-0.541427612,20,0.699999988,0,0.0823795721,0.0823795721,1
1319,6.596146,0.43127808,0.468106061,0.56872195,6.1331172,1.97387683,-8.10699368,0.1616164,-0.440627545,20,0.699999988,0,0.087135911,0.087135911,1
1320,6.601164,0.428441137,0.466789424,0.571558893,6.31439114,2.20550537,-8.51989651,0.160285115,-0.339827716,20,0.699999988,0,0.090733014,0.090733014,1
1321,6.606143,0.426154971,0.465728402,0.573845029,6.46545315,2.31628418,-8.78173733,0.160421044,-0.239027843,20,0.699999988,0,0.0935982093,0.0935982093,1
1322,6.611158,0.424673617,0.465040892,0.575326383,6.61148024,2.29110718,-8.90258789,0.160742208,-0.138227701,20,0.699999988,0,0.0954461619,0.0954461619,1
1323,6.616149,0.42403084,0.464742601,0.57596916,6.68701124,2.35153174,-9.03854275,0.16071175,-0.0374277011,20,0.699999988,0,0.0963250399,0.0963250399,1
1324,6.621159,0.424108833,0.464778781,0.575891137,6.68701124,2.34649634,-9.03350735,0.16071175,0.0585722886,20,0.699999988,0,0.0962261334,0.0962261334,1
1325,6.626139,0.424957335,0.465172559,0.575042605,6.61148024,2.31628418,-8.92776489,0.16071175,0.15937233,20,0.699999988,0,0.0951502696,0.0951502696,1
1326,6.631157,0.426567644,0.465919912,0.573432326,6.44027615,2.25585937,-8.69613552,0.16071175,0.260172427,20,0.699999988,0,0.0931084827,0.0931084827,1
1327,6.636147,0.428981274,0.467040092,0.571018755,6.25900221,2.20046997,-8.45947266,0.16071175,0.360972255,20,0.699999988,0,0.0902846456,0.0902846456,1
1328,6.641155,0.432056099,0.468467116,0.568161547,6.02233887,2.09976196,-8.12210083,0.16071175,0.461772084,20,0.699999988,0,0.0864253789,0.0864253789,1
1329,6.646144,0.43567872,0.470148385,0.56432128,5.67993116,1.97387683,-7.65380812,0.16071175,0.5625723,20,0.699999988,0,0.0815561116,0.0815561116,1
1330,6.651159,0.44006139,0.472182393,0.55993861,5.30227613,1.81777942,-7.12005568,0.16071175,0.658572733,20,0.699999988,0,0.0759991333,0.0759991333,1
1331,6.656147,0.445052475,0.474498779,0.554947555,4.8692317,1.66168201,-6.53091383,0.160545334,0.759373188,20,0.699999988,0,0.0696706772,0.0696706772,1
1332,6.661155,0.450721532,0.477129787,0.549278438,4.35562134,1.47033679,-5.85113478,0.160578117,0.860173643,20,0.699999988,0,0.0624825768,0.0624825768,1
1333,6.666145,0.456792265,0.479947209,0.543207705,3.84201026,1.2840271,-5.1260376,0.16045855,0.960974097,20,0.699999988,0,0.0551181585,0.0551181585,1
1334,6.671159,0.463291466,0.482963532,0.536708593,3.26293921,1.04736316,-4.31030226,0.1601796,1.06177378,20,0.699999988,0,0.0469464883,0.0469464883,1
1335,6.676138,0.469819725,0.485993296,0.530180275,2.64358497,0.800628603,-3.44421363,0.160083458,1.16257298,20,0.699999988,0,0.0382670611,0.0382670611,1
1336,6.681155,0.476959795,0.489307016,0.523040235,1.98898315,0.538787842,-2.527771,0.159708366,1.25857222,20,0.699999988,0,0.0292138141,0.0292138141,1
1337,6.686148,0.484334767,0.492729753,0.515665293,1.3293457,0.271911591,-1.60125732,0.159234807,1.35937142,20,0.699999988,0,0.0198627394,0.0198627394,1
1338,6.691157,0.491844833,0.496215194,0.508155227,0.624389589,0.0201416016,-0.704956055,0.158398181,1.46017063,20,0.699999988,0,0.0103403665,0.0103403665,1
1339,6.696138,0.499411762,0.499726981,0.500588179,0.0553894006,-0.156097397,0.100707993,0.157022402,1.56096983,20,0.699999988,0,0.00120487716,0.00120487716,1
1340,6.701174,0.506991386,0.503244698,0.493008614,-0.206451416,-0.3877258,0.594177246,0.154146597,1.66176903,20,0.699999988,0,-0.00840845238,-0.00840845238,4
1341,6.706163,0.514156759,0.50657016,0.485843211,-0.669708192,-0.740203857,1.40991211,0.150152877,1.76256824,20,0.699999988,0,-0.0179500859,-0.0179500859,4
1342,6.711147,0.521532953,0.509993494,0.478467077,-0.750274599,-1.09268188,1.84295654,0.142666921,1.85856748,20,0.699999988,0,-0.0273026638,-0.0273026638,4
1343,6.716164,0.528667092,0.513304412,0.471332878,-0.966796756,-0.140991211,1.10778797,0.1268747,1.95936668,20,0.699999988,0,-0.0363484286,-0.0363484286,4
1344,6.721148,0.535528123,0.516488671,0.464471877,-4.02831984,0.850982606,3.02124,0.0993965715,2.06016731,20,0.699999988,0,-0.0450478494,-0.0446431078,4
1345,6.726155,0.542062104,0.519521117,0.457937926,-3.96285963,-1.14807117,5.11093092,0.0841903389,2.16096902,20,0.699999988,0,-0.0529942922,-0.0529942922,4
1346,6.731157,0.548179328,0.522360086,0.452061027,-4.09881544,-1.86813331,5.96694851,0.0874973834,2.26177073,20,0.699999988,0,-0.0607841872,-0.0607841872,4
1347,6.736154,0.553605616,0.524878442,0.446394354,-4.8742671,-1.68685913,6.56112623,0.0898739323,2.36257243,20,0.699999988,0,-0.0679692328,-0.0679692328,4
1348,6.741143,0.558784306,0.52728188,0.441215694,-5.24185133,-2.01415992,7.25601101,0.0894825384,2.45857406,20,0.699999988,0,-0.0745354965,-0.0745354965,4
1349,6.746159,0.56333071,0.529391885,0.43666926,-5.70510817,-2.09472632,7.79983425,0.0904528275,2.55937576,20,0.699999988,0,-0.0803001598,-0.0803001598,4
1350,6.751147,0.567240894,0.531206608,0.432759106,-6.0877986,-2.18032813,8.26812649,0.0903989375,2.66017747,20,0.699999988,0,-0.0852580667,-0.0849755183,4
1351,6.756161,0.570360184,0.532654285,0.429639876,-6.32949829,-2.32635498,8.65585327,0.0901294351,2.76097918,20,0.699999988,0,-0.0891140327,-0.0891140327,4
1352,6.761149,0.572996974,0.533878028,0.427044511,-6.55105543,-2.40692139,8.95797729,0.0901458263,2.86178088,20,0.699999988,0,-0.0925038829,-0.0925038829,4
1353,6.766159,0.574716926,0.534676254,0.425283074,-6.72225952,-2.45727539,9.17953491,0.0901458263,2.96258259,20,0.699999988,0,-0.0947372541,-0.0947372541,4
1354,6.771145,0.575719833,0.535141706,0.424280167,-6.79779005,-2.49252319,9.29031372,0.0901458263,3.05858421,20,0.699999988,0,-0.0960088894,-0.0960088894,4
1355,6.776154,0.575953901,0.535250306,0.424046069,-6.82296705,-2.49755836,9.32052517,0.0901458263,-3.12379956,20,0.699999988,0,-0.0963057205,-0.0963057205,4
1356,6.781138,0.575478315,0.53502959,0.424521685,-6.79779005,-2.48748779,9.28527832,0.0901458263,-3.02299786,20,0.699999988,0,-0.0957572162,-0.0957572162,4
1357,6.786163,0.574114323,0.534396589,0.425885677,-6.69204617,-2.45223999,9.14428616,0.0901458263,-2.92219615,20,0.699999988,0,-0.0941502228,-0.0941502228,4
1358,6.791161,0.572117805,0.533469975,0.427708566,-6.51077223,-2.38174438,8.89251709,0.0901458263,-2.82139444,20,0.699999988,0,-0.0916618332,-0.0916618332,4
1359,6.796155,0.569365084,0.532192469,0.430634946,-6.26403761,-2.29614234,8.56017971,0.0901458263,-2.72059274,20,0.699999988,0,-0.0879513845,-0.0879513845,4
1360,6.801144,0.565857232,0.530564427,0.434142709,-5.96191359,-2.18536377,8.14727783,0.0901458263,-2.62459111,20,0.699999988,0,-0.0835036859,-0.0835036859,4
1361,6.806204,0.561737061,0.528652251,0.438262939,-5.60440063,-2.04437232,7.64877319,0.0901458263,-2.52378941,20,0.699999988,0,-0.078279458,-0.078279458,4
1362,6.811144,0.556943953,0.526427805,0.443056077,-5.1914978,-1.89834583,7.09991407,0.0901458263,-2.4229877,20,0.699999988,0,-0.0722020194,-0.0725055039,4
1363,6.816148,0.551580787,0.523938715,0.448419213,-4.71313477,-1.72714221,6.4604187,0.0901458263,-2.32218599,20,0.699999988,0,-0.0657918453,-0.0657918453,4
1364,6.821163,0.545629203,0.521176577,0.454007894,-4.20455933,-1.5307616,5.73532104,0.0901458263,-2.22138429,20,0.699999988,0,-0.0583156571,-0.0583156571,4
1365,6.826142,0.539648592,0.518400967,0.460351408,-3.63555884,-1.3293457,4.96490479,0.0901458263,-2.12538266,20,0.699999988,0,-0.050272394,-0.050272394,4
1366,6.831159,0.53295058,0.515292406,0.46704939,-3.0262754,-1.08764637,4.11392164,0.0902958512,-2.02458096,20,0.699999988,0,-0.041779682,-0.041779682,4
1367,6.836148,0.525929093,0.512033701,0.474070877,-2.37167335,-0.856018066,3.22769141,0.09027946,-1.92378116,20,0.699999988,0,-0.0328767933,-0.0328767933,4
1368,6.841156,0.518670917,0.508665204,0.481329083,-1.68685913,-0.604248047,2.34649634,0.0905443206,-1.82298195,20,0.699999988,0,-0.023673797,-0.0241181217,4
1369,6.846165,0.511214197,0.505204499,0.488785774,-1.01211548,-0.352477998,1.36459351,0.0906474739,-1.72218275,20,0.699999988,0,-0.0146604413,-0.0146604413,4
1370,6.851156,0.503652811,0.501695275,0.495979875,-0.302124023,-0.161132813,0.463256836,0.0909450948,-1.62138355,20,0.699999988,0,-0.00509731565,-0.00509731565,4
1371,6.856145,0.496427476,0.498342007,0.503572583,0.0553894006,-0.0453185998,-0.0100708008,0.0912333429,-1.52538431,20,0.699999988,0,0.00452981051,0.00452981051,1
1372,6.861163,0.488889009,0.494843364,0.511110961,0.740203857,0.140991211,-0.881195068,0.0912567824,-1.4245851,20,0.699999988,0,0.0140881641,0.0140881641,1
1373,6.866143,0.48144263,0.491387486,0.51855737,1.45523071,0.367584199,-1.82281494,0.0914279073,-1.3237859,20,0.699999988,0,0.0235297903,0.0235297903,1
1374,6.871155,0.474172831,0.488013566,0.525827169,2.21557593,0.538787842,-2.73422217,0.0919927433,-1.2229867,20,0.699999988,0,0.0327475183,0.0322901905,1
1375,6.876147,0.467180461,0.484768391,0.53281951,2.92053223,0.584106386,-3.50463867,0.0936661586,-1.1221875,20,0.699999988,0,0.0412335694,0.0412335694,1
1376,6.881162,0.460520983,0.481677741,0.539202213,3.70605445,0.241699189,-3.94775367,0.0981005281,-1.02138829,20,0.699999988,0,0.0497063659,0.0497063659,1
1377,6.886140,0.454476774,0.478872597,0.545523226,2.33139038,-0.312194794,-2.01919556,0.113248184,-0.925388098,20,0.699999988,0,0.057721138,0.057721138,1
1378,6.891152,0.448649555,0.476168185,0.551350474,2.19039917,4.35058546,-6.54098463,0.158773169,-0.824587643,20,0.699999988,0,0.065109767,0.065109767,1
1379,6.896139,0.443205893,0.473641783,0.556794167,5.38787842,0.966796756,-6.35467529,0.170592695,-0.723787189,20,0.699999988,0,0.0720120668,0.0720120668,1
1380,6.901157,0.438413739,0.471417725,0.561586261,5.48355055,1.77246082,-7.23083448,0.159630969,-0.622986734,20,0.699999988,0,0.0780882686,0.0777560174,1
1381,6.906146,0.434239626,0.469480515,0.565760374,5.71517944,2.06451416,-7.7796936,0.161398172,-0.522186279,20,0.699999988,0,0.0831506476,0.0831506476,1
1382,6.911155,0.430670589,0.467893302,0.56918031,6.1532588,1.99401832,-8.14727688,0.161498979,-0.421386331,20,0.699999988,0,0.0877171084,0.0877171084,1
1383,6.916145,0.427968591,0.466570109,0.572031379,6.31439114,2.21054053,-8.52493191,0.160163,-0.325386494,20,0.699999988,0,0.091332145,0.091332145,1
1384,6.921163,0.425905049,0.465612411,0.574094951,6.4704895,2.31124854,-8.78173828,0.160601258,-0.224586576,20,0.699999988,0,0.0939486325,0.0939486325,1
1385,6.926140,0.424654961,0.46503225,0.575345039,6.62155151,2.30621314,-8.92776489,0.160711452,-0.123786442,20,0.699999988,0,0.0955336913,0.0955336913,1
1386,6.931180,0.423924148,0.464693069,0.576075852,6.68197584,2.34649634,-9.02847195,0.160711452,-0.0229864568,20,0.699999988,0,0.096460335,0.096460335,1
1387,6.936150,0.424211472,0.464826405,0.575788498,6.65176344,2.35153174,-9.00329494,0.160711452,0.0778135359,20,0.699999988,0,0.0962885022,0.0962885022,1
1388,6.941138,0.425019592,0.465201497,0.574980438,6.58630323,2.29110718,-8.87741089,0.160711452,0.178613603,20,0.699999988,0,0.0950713679,0.0950713679,1
1389,6.946164,0.426800311,0.466027915,0.573199689,6.43524122,2.26089454,-8.69613552,0.160711452,0.27941364,20,0.699999988,0,0.0928134769,0.0928134769,1
1390,6.951138,0.429320753,0.467197657,0.570679307,6.23382521,2.17529273,-8.4091177,0.160711452,0.375413477,20,0.699999988,0,0.0896177143,0.0896177143,1
1391,6.956164,0.432499051,0.468672693,0.567500949,5.96191359,2.06954932,-8.03146267,0.160711452,0.476213306,20,0.699999988,0,0.0855877697,0.0855877697,1
1392,6.961147,0.436466068,0.470513791,0.563533902,5.61447144,1.94869983,-7.55813551,0.160711452,0.577013612,20,0.699999988,0,0.0808095858,0.0808095858,1
1393,6.966162,0.441016465,0.472625643,0.558983505,5.23178053,1.78756702,-7.01934767,0.160711452,0.677814066,20,0.699999988,0,0.0750776231,0.0750776231,1
1394,6.971149,0.446157664,0.474872828,0.554141581,4.77859497,1.63650501,-6.4151001,0.160577819,0.778614521,20,0.699999988,0,0.0686487556,0.0686487556,1
1395,6.976159,0.451596051,0.477535665,0.548403978,4.28008986,1.44012439,-5.72021437,0.160505161,0.879414976,20,0.699999988,0,0.0613737814,0.0613737814,1
1396,6.981144,0.457727879,0.480381429,0.542272091,3.73123169,1.2286377,-4.95986938,0.16037856,0.975415409,20,0.699999988,0,0.0535989068,0.0535989068,1
1397,6.986155,0.464278519,0.483421594,0.535721481,3.14712501,0.997009158,-4.14413404,0.16018866,1.07621491,20,0.699999988,0,0.0452930145,0.0452930145,1
1398,6.991141,0.471157581,0.486614197,0.528842449,2.5428772,0.77041626,-3.31329346,0.159947202,1.17701411,20,0.699999988,0,0.0369353965,0.0369353965,1
1399,6.996162,0.478347033,0.489950836,0.521652997,1.88323963,0.503539979,-2.38677955,0.159644768,1.27781332,20,0.699999988,0,0.0279172566,0.0279172566,1
1400,7.001138,0.485389054,0.493219048,0.514611006,1.21856678,0.241699189,-1.46026599,0.15909861,1.37861252,20,0.699999988,0,0.0185259599,0.0185259599,1
1401,7.006155,0.492908478,0.49670881,0.507091522,0.528717041,-0.0151061993,-0.51361084,0.158271357,1.47941172,20,0.699999988,0,0.00899168663,0.00899168663,1
1402,7.011163,0.500499189,0.500231683,0.499500841,-0.00503540039,-0.161132813,0.166168213,0.156829938,1.57541096,20,0.699999988,0,-0.000632920943,-0.000632920943,4
1403,7.016157,0.508086443,0.503752947,0.491913557,-0.292053193,-0.448150605,0.740203798,0.153340086,1.67621017,20,0.699999988,0,-0.0102532106,-0.0102532106,4
1404,7.021146,0.515590668,0.507235646,0.484409362,-0.720062196,-0.810699403,1.5307616,0.149594784,1.77700937,20,0.699999988,0,-0.0193032976,-0.0193032976,4
1405,7.026158,0.522918165,0.51063633,0.477081776,-0.745239198,-1.09771717,1.8429563,0.141197115,1.87780857,20,0.699999988,0,-0.0286219791,-0.0286219791,4
1406,7.031144,0.529645741,0.513758659,0.470354289,-1.17324817,0.0956726,1.07757556,0.125306487,1.97860777,20,0.699999988,0,-0.0375892743,-0.0375892743,4
1407,7.036156,0.53648299,0.516931832,0.46351701,-4.23477125,0.594177186,3.64059401,0.0956088379,2.07940888,20,0.699999988,0,-0.0462585948,-0.0462585948,4
1408,7.041141,0.543064713,0.519986391,0.456935257,-3.8067627,-1.45523071,5.26199341,0.0834752545,2.17541051,20,0.699999988,0,-0.0546039008,-0.0546039008,4
1409,7.046183,0.549091518,0.522783458,0.450908512,-4.27001905,-1.79763782,6.06765699,0.0888377354,2.27621222,20,0.699999988,0,-0.0622455254,-0.0622455254,4
1410,7.051145,0.554619789,0.52534914,0.445380241,-4.92965698,-1.73721302,6.66687012,0.0898220912,2.37701392,20,0.699999988,0,-0.0689367279,-0.0689367279,4
1411,7.056146,0.559641778,0.527679861,0.440358222,-5.29724073,-2.03933716,7.33657789,0.0896580294,2.47781563,20,0.699999988,0,-0.0752172917,-0.0752172917,4
1412,7.061158,0.56411773,0.52966702,0.436076462,-5.76049757,-2.09472632,7.85522366,0.090419732,2.57861733,20,0.699999988,0,-0.0810517967,-0.0810517967,4
1413,7.066165,0.567738831,0.531437695,0.432261169,-6.1129756,-2.20550537,8.31848145,0.0903986469,2.67941904,20,0.699999988,0,-0.0858893767,-0.0858893767,4
1414,7.071160,0.57087189,0.53289175,0.42912811,-6.37481642,-2.34146094,8.71627712,0.0901221111,2.77542067,20,0.699999988,0,-0.089861922,-0.089861922,4
1415,7.076139,0.57328999,0.534013987,0.42671001,-6.58630323,-2.41195655,8.99825954,0.0901455358,2.87622237,20,0.699999988,0,-0.0929279774,-0.0929279774,4
1416,7.081159,0.574967384,0.534792483,0.425032645,-6.72729397,-2.45727539,9.17953491,0.0901455358,2.97702408,20,0.699999988,0,-0.0950548053,-0.0949017256,4
1417,7.086138,0.575824082,0.535190105,0.424199343,-6.79779005,-2.49755836,9.29534817,0.0901455358,3.07782578,20,0.699999988,0,-0.0961113721,-0.0961113721,4
1418,7.091157,0.575972736,0.535265207,0.424013913,-6.81289625,-2.49252319,9.30541992,0.0901455358,-3.10455799,20,0.699999988,0,-0.0963464752,-0.0963464752,4
1419,7.096145,0.575338304,0.534964621,0.424661666,-6.77764845,-2.48245239,9.26010132,0.0901455358,-3.00855637,20,0.699999988,0,-0.0955251679,-0.0955251679,4
1420,7.101153,0.573865592,0.534281135,0.426134378,-6.64672804,-2.43209815,9.07882595,0.0901455358,-2.90775466,20,0.699999988,0,-0.0936578587,-0.0936578587,4
1421,7.106140,0.571762681,0.533305168,0.428237319,-6.46041822,-2.36663818,8.82705688,0.0901455358,-2.80695295,20,0.699999988,0,-0.0909914523,-0.0909914523,4
1422,7.111154,0.568814993,0.531937122,0.431184947,-6.2086482,-2.27096558,8.48968506,0.0901455358,-2.70615125,20,0.699999988,0,-0.0874487981,-0.0874487981,4
1423,7.116152,0.565174103,0.53024739,0.434825897,-5.91659498,-2.15515137,8.07174683,0.0901455358,-2.60534954,20,0.699999988,0,-0.0828061104,-0.0828061104,4
1424,7.121159,0.560828447,0.528354049,0.438905567,-5.53893995,-2.01919556,7.55813551,0.0901455358,-2.50454783,20,0.699999988,0,-0.0774646327,-0.0774646327,4
1425,7.126137,0.556215763,0.526089847,0.443784267,-5.12100172,-1.86309803,6.98409986,0.0901455358,-2.40854621,20,0.699999988,0,-0.0712787211,-0.0712787211,4
1426,7.131153,0.55081594,0.52358377,0.44918406,-4.61746168,-1.66671741,6.28417921,0.0901455358,-2.3077445,20,0.699999988,0,-0.064432025,-0.064432025,4
1427,7.136145,0.544864058,0.520821512,0.455135971,-4.09378052,-1.49551392,5.58929443,0.0901455358,-2.2069428,20,0.699999988,0,-0.0568853356,-0.0568853356,4
1428,7.141154,0.538404346,0.517823517,0.461595684,-3.51974463,-1.27899158,4.8138423,0.0901455358,-2.10614109,20,0.699999988,0,-0.0491295382,-0.0491295382,4
1429,7.146146,0.531637847,0.514683187,0.468362182,-2.92556739,-1.05239868,3.97796607,0.0902885273,-2.00533938,20,0.699999988,0,-0.0404989794,-0.0404989794,4
1430,7.151157,0.524561644,0.51154846,0.475116551,-2.27096558,-0.815734804,3.08670044,0.0903588608,-1.90454006,20,0.699999988,0,-0.031550955,-0.031550955,4
1431,7.156147,0.517613769,0.508174598,0.482386231,-1.59118629,-0.563964844,2.15515113,0.0904854611,-1.80854082,20,0.699999988,0,-0.022333378,-0.022333378,4
1432,7.161165,0.510137022,0.504704595,0.489862978,-0.876159668,-0.322265625,1.19842529,0.0906823426,-1.70774162,20,0.699999988,0,-0.0128532266,-0.0128532266,4
1433,7.166141,0.502569437,0.50119251,0.497430593,-0.181274399,-0.135955796,0.347442627,0.0910221264,-1.60694242,20,0.699999988,0,-0.00325790606,-0.00325790606,4
1434,7.171165,0.494983941,0.497672051,0.505016088,0.161132813,-0.0251770001,-0.120849594,0.091258809,-1.50614321,20,0.699999988,0,0.0063601085,0.00590764778,1
1435,7.176162,0.487449288,0.494175196,0.512550712,0.840911746,0.1863098,-1.02722156,0.0913432091,-1.40534401,20,0.699999988,0,0.015461687,0.015461687,1
1436,7.181148,0.480375171,0.490892082,0.519624829,1.5760802,0.392761201,-1.96884143,0.0914557427,-1.30454481,20,0.699999988,0,0.0248832852,0.0248832852,1
1437,7.186156,0.473131746,0.48753041,0.526868284,2.30117774,0.558929443,-2.86010718,0.0921916738,-1.20854557,20,0.699999988,0,0.0340675972,0.0340675972,1
1438,7.191143,0.466176927,0.48430267,0.533823073,3.071594,0.553893983,-3.62548804,0.0942072719,-1.10774636,20,0.699999988,0,0.0428859442,0.0428859442,1
1439,7.196163,0.459532857,0.481219143,0.540467143,3.79669166,0.0805664063,-3.87725806,0.100326791,-1.00694716,20,0.699999988,0,0.0513102859,0.0513102859,1
1440,7.201139,0.453364432,0.478356361,0.546635568,1.51062,0.171203613,-1.68182361,0.117112733,-0.906146765,20,0.699999988,0,0.0587224811,0.0587224811,1
1441,7.206154,0.447594643,0.475678593,0.552405357,3.1320188,3.72619605,-6.85821486,0.162600264,-0.80534631,20,0.699999988,0,0.0661157742,0.0661157742,1
1442,7.211144,0.442489982,0.473309517,0.557510018,5.52383375,0.916442752,-6.44027662,0.168677613,-0.704545856,20,0.699999988,0,0.0729198009,0.0729198009,1
1443,7.216159,0.437784076,0.471125484,0.562215924,5.43319702,1.92352283,-7.35671997,0.159522921,-0.608545423,20,0.699999988,0,0.0788866431,0.0788866431,1
1444,7.221146,0.433702499,0.469231218,0.566297472,5.80078077,2.01415992,-7.81494045,0.161817431,-0.507744968,20,0.699999988,0,0.0840618461,0.0840618461,1
1445,7.226154,0.430288136,0.467646599,0.569711864,6.2086482,2.02423096,-8.23287964,0.160863563,-0.406945109,20,0.699999988,0,0.0883911029,0.0883911029,1
1446,7.231156,0.427458495,0.466333359,0.572541475,6.32446241,2.25082374,-8.54003811,0.160162732,-0.306145281,20,0.699999988,0,0.0916899815,0.0916899815,1
1447,7.236153,0.425596118,0.465469033,0.574403882,6.48559523,2.30117774,-8.78677273,0.160692394,-0.205345303,20,0.699999988,0,0.0943225175,0.0943225175,1
1448,7.241138,0.424345315,0.464888543,0.575654685,6.65679884,2.29614234,-8.95294094,0.160711184,-0.104545198,20,0.699999988,0,0.0959262922,0.0959262922,1
1449,7.246155,0.423970968,0.464714795,0.576029003,6.64672804,2.34146094,-8.98818874,0.160711184,-0.00854521245,20,0.699999988,0,0.0964009464,0.0964009464,1
1450,7.251140,0.424306959,0.464870751,0.575693071,6.64169264,2.33139038,-8.9730835,0.160711184,0.0922547802,20,0.699999988,0,0.0959749371,0.0959749371,1
1451,7.256156,0.425411314,0.465383291,0.574588716,6.54098463,2.29110718,-8.83209229,0.160711184,0.19305487,20,0.699999988,0,0.094574675,0.094574675,1
1452,7.261145,0.427154422,0.466192245,0.572845578,6.38992262,2.24578834,-8.63571072,0.160711184,0.293854862,20,0.699999988,0,0.0924232677,0.0924232677,1
1453,7.266165,0.429815769,0.467427373,0.570184231,6.17340088,2.15011597,-8.32351685,0.160711184,0.394654691,20,0.699999988,0,0.0890228823,0.0890228823,1
1454,7.271142,0.432956845,0.468885154,0.567043126,5.88134718,2.03933716,-7.92068434,0.160711184,0.49545452,20,0.699999988,0,0.0850073099,0.0850073099,1
1455,7.276155,0.437072545,0.470795274,0.562927485,5.54397583,1.92352283,-7.46749878,0.160711184,0.591454923,20,0.699999988,0,0.079788819,0.079788819,1
1456,7.281144,0.441758454,0.472970009,0.558241606,5.14617872,1.7674253,-6.91360378,0.160561159,0.692255378,20,0.699999988,0,0.073847346,0.073847346,1
1457,7.286181,0.446890444,0.475351751,0.553109527,4.67788696,1.59118629,-6.26907349,0.160577551,0.793055832,20,0.699999988,0,0.0673402026,0.0673402026,1
1458,7.291144,0.452685624,0.478041321,0.547314405,4.20455933,1.41494751,-5.61950684,0.160427526,0.893856287,20,0.699999988,0,0.0603515357,0.0603515357,1
1459,7.296145,0.45890829,0.480929255,0.541362584,3.64562964,1.19842529,-4.84405518,0.160357192,0.994656742,20,0.699999988,0,0.0524456576,0.0524456576,1
1460,7.301163,0.465565801,0.483869433,0.534756541,3.0564878,0.971832216,-4.02831984,0.160167292,1.095456,20,0.699999988,0,0.0440695174,0.0440695174,1
1461,7.306139,0.472168714,0.487083465,0.527831316,2.42202735,0.725097597,-3.14712501,0.159963325,1.19145525,20,0.699999988,0,0.0352886543,0.0352886543,1
1462,7.311157,0.479393244,0.490436375,0.520606756,1.75735462,0.468292207,-2.22564673,0.159588233,1.29225445,20,0.699999988,0,0.0261283368,0.0261283368,1
1463,7.316145,0.486815244,0.493880928,0.513184726,1.08764637,0.1913452,-1.31423938,0.158978835,1.39305365,20,0.699999988,0,0.016717596,0.016717596,1
1464,7.321161,0.494354278,0.49737981,0.505645752,0.392761201,-0.0453185998,-0.39276123,0.157994539,1.49385285,20,0.699999988,0,0.00760969566,0.00760969566,1
1465,7.326139,0.50194943,0.500904739,0.498413652,-0.0302123986,-0.181274399,0.211486802,0.15691638,1.59465206,20,0.699999988,0,-0.00201138924,-0.00201138924,4
1466,7.331164,0.509512305,0.504251599,0.490839064,-0.377654999,-0.493469208,0.871124208,0.152863994,1.69545126,20,0.699999988,0,-0.0116155799,-0.0116155799,4
1467,7.336142,0.516627729,0.507716954,0.483372271,-0.740203857,-0.886230409,1.62643433,0.148455396,1.7914505,20,0.699999988,0,-0.0210831221,-0.0210831221,4
1468,7.341152,0.523952544,0.511116445,0.476047486,-0.709991395,-1.05239868,1.76239014,0.139363989,1.8922497,20,0.699999988,0,-0.0303706005,-0.0303706005,4
1469,7.346145,0.531020761,0.514396787,0.468979269,-1.68182349,0.417938203,1.21353137,0.117625706,1.99304891,20,0.699999988,0,-0.039332699,-0.039332699,4
1470,7.351162,0.537773967,0.517530978,0.462226033,-4.32037306,0.241699189,4.06860352,0.0925452113,2.09385037,20,0.699999988,0,-0.0474599637,-0.0474599637,4
1471,7.356148,0.544179618,0.520503819,0.456078976,-3.76144385,-1.64154029,5.40298414,0.0839507058,2.19465208,20,0.699999988,0,-0.0556895994,-0.0556895994,4
1472,7.361155,0.5498752,0.523147166,0.45012477,-4.39086866,-1.78756702,6.1784358,0.089092873,2.29545379,20,0.699999988,0,-0.0632392615,-0.0632392615,4
1473,7.366143,0.555457175,0.525737762,0.444542825,-4.99511671,-1.83792114,6.83303785,0.0896530375,2.39145541,20,0.699999988,0,-0.0703168735,-0.0703168735,4
1474,7.371158,0.560404181,0.528033674,0.439595848,-5.38787842,-2.05947876,7.44735718,0.0899108052,2.49225712,20,0.699999988,0,-0.0765893832,-0.0765893832,4
1475,7.376146,0.564640284,0.529999673,0.435359716,-5.83602858,-2.09472632,7.90054226,0.0904521942,2.59305882,20,0.699999988,0,-0.0819605961,-0.0819605961,4
1476,7.381163,0.56843555,0.53176105,0.43156445,-6.16333008,-2.23068237,8.39401245,0.0902178511,2.69386053,20,0.699999988,0,-0.0865728632,-0.0865728632,4
1477,7.386139,0.571378529,0.533126891,0.428803146,-6.38992262,-2.36160278,8.75152588,0.0901451856,2.79466224,20,0.699999988,0,-0.0902739912,-0.0902739912,4
1478,7.391159,0.573656678,0.534184217,0.426491976,-6.61148024,-2.42202735,9.03350735,0.0901451856,2.89546394,20,0.699999988,0,-0.0932044238,-0.0932044238,4
1479,7.396162,0.575015128,0.534814656,0.424984872,-6.74743652,-2.46231055,9.20974731,0.0901451856,2.99146557,20,0.699999988,0,-0.0951153785,-0.0951153785,4
1480,7.401203,0.575883865,0.535217822,0.424116135,-6.80786085,-2.50259376,9.31045437,0.0901451856,3.09226727,20,0.699999988,0,-0.0962168798,-0.0962168798,4
1481,7.406144,0.575921893,0.535235465,0.424078107,-6.82296705,-2.49252319,9.30038452,0.0901451856,-3.0901165,20,0.699999988,0,-0.096265085,-0.0962887034,4
1482,7.411146,0.575188637,0.534895182,0.424811363,-6.72729397,-2.47741675,9.21981716,0.0901451856,-2.98931479,20,0.699999988,0,-0.0952502713,-0.0952502713,4
1483,7.416153,0.573630214,0.534171939,0.42645815,-6.62658644,-2.43713355,9.06371975,0.0901451856,-2.88851309,20,0.699999988,0,-0.0932473615,-0.0932473615,4
1484,7.421148,0.571392417,0.533133328,0.428607553,-6.43020582,-2.35656738,8.78677368,0.0901451856,-2.78771138,20,0.699999988,0,-0.0905219987,-0.0905219987,4
1485,7.426162,0.568287611,0.531692386,0.431712419,-6.168365,-2.25585937,8.42422485,0.0901451856,-2.69170976,20,0.699999988,0,-0.086585179,-0.086585179,4
1486,7.431147,0.564552844,0.529959083,0.435447127,-5.83602858,-2.12997437,7.96600294,0.0901451856,-2.59090805,20,0.699999988,0,-0.0818497613,-0.0818497613,4
1487,7.436157,0.560218453,0.527947485,0.439781636,-5.46844435,-1.99401832,7.46246243,0.0901451856,-2.49010634,20,0.699999988,0,-0.0763538554,-0.0763538554,4
1488,7.441141,0.555138171,0.525589705,0.444861829,-5.03539991,-1.83792114,6.87332106,0.0901451856,-2.38930464,20,0.699999988,0,-0.070340924,-0.070340924,4
1489,7.446152,0.549684465,0.523058653,0.45000115,-4.54696608,-1.65664661,6.2036128,0.0901451856,-2.28850293,20,0.699999988,0,-0.0633960068,-0.0633960068,4
1490,7.451342,0.543646574,0.5202564,0.456353366,-3.98803663,-1.44515979,5.43319654,0.0901451856,-2.18770123,20,0.699999988,0,-0.0553416796,-0.0553416796,4
1491,7.456161,0.537460923,0.517385662,0.462539047,-3.42407227,-1.23870838,4.66278076,0.0901451856,-2.0916996,20,0.699999988,0,-0.0474985838,-0.0474985838,4
1492,7.461137,0.53066963,0.514233828,0.469330341,-2.80471778,-1.00204468,3.80676246,0.0903092772,-1.99089813,20,0.699999988,0,-0.0388875864,-0.0388875864,4
1493,7.466159,0.523510516,0.510911286,0.476489484,-2.12997437,-0.745239198,2.87521362,0.0903725773,-1.89009893,20,0.699999988,0,-0.0298101455,-0.0298101455,4
1494,7.471147,0.516212821,0.507524371,0.483787149,-1.485443,-0.533752382,2.01919532,0.0905483738,-1.78929973,20,0.699999988,0,-0.0209714603,-0.0209714603,4
1495,7.476158,0.508698523,0.504037023,0.490935087,-0.785522401,-0.281982422,1.06750488,0.0907687098,-1.68850052,20,0.699999988,0,-0.0114938514,-0.0114938514,4
1496,7.481146,0.501482368,0.500687957,0.498517603,-0.140991211,-0.115814202,0.25680542,0.0911436602,-1.58770132,20,0.699999988,0,-0.00187958579,-0.00187958579,4
1497,7.486165,0.493899673,0.497168839,0.506100357,0.266876191,0.00503540039,-0.271911591,0.0912795886,-1.49170208,20,0.699999988,0,0.00773490081,0.00773490081,1
1498,7.491138,0.48637858,0.493678272,0.51362139,0.981903017,0.211486802,-1.19338977,0.0913569555,-1.39090288,20,0.699999988,0,0.0172712561,0.0172712561,1
1499,7.496154,0.47899583,0.490251929,0.5210042,1.70196521,0.438079834,-2.09976172,0.0914835557,-1.29010367,20,0.699999988,0,0.0266322438,0.0266322438,1
1500,7.501140,0.471826285,0.486924529,0.528173685,2.40692139,0.563964844,-2.97088623,0.0923765078,-1.18930447,20,0.699999988,0,0.0352974385,0.0352974385,1
1501,7.506162,0.464886189,0.483703613,0.535113811,3.19244361,0.528717041,-3.72116065,0.0946546197,-1.08850527,20,0.699999988,0,0.0440799817,0.0440799817,1
1502,7.511155,0.458617061,0.480794132,0.541382968,3.81683326,-0.00503540039,-3.81179786,0.101252265,-0.987705886,20,0.699999988,0,0.0524714962,0.0524714962,1
1503,7.516160,0.452513576,0.477961481,0.547486424,0.584106386,1.2890625,-1.87316895,0.127167106,-0.891705453,20,0.699999988,0,0.0602103621,0.0602103621,1
1504,7.521148,0.446643263,0.475237042,0.553356707,3.95278931,2.83996558,-6.79275513,0.161779568,-0.790904999,20,0.699999988,0,0.0676536262,0.0676536262,1
1505,7.526141,0.441601932,0.472897381,0.558398128,5.59432936,1.02218616,-6.61651564,0.16595611,-0.690104544,20,0.699999988,0,0.0740458146,0.0740458146,1
1506,7.531162,0.436913908,0.470721632,0.563086092,5.43823195,2.01919556,-7.4574275,0.159618616,-0.58930409,20,0.699999988,0,0.0797335282,0.0797335282,1
1507,7.536139,0.432954133,0.468963206,0.566874981,5.90652418,1.97891223,-7.88543653,0.161894381,-0.488503724,20,0.699999988,0,0.0847940668,0.0847940668,1
1508,7.541158,0.429920793,0.46747613,0.570079207,6.2036128,2.05947876,-8.26309204,0.16065222,-0.387703896,20,0.699999988,0,0.0888568833,0.0888568833,1
1509,7.546137,0.427196562,0.466211796,0.572803438,6.33453321,2.27600098,-8.61053467,0.160178721,-0.291704059,20,0.699999988,0,0.0923110545,0.0923110545,1
1510,7.551156,0.425199956,0.465285182,0.574800074,6.54602003,2.29614234,-8.84216213,0.160738841,-0.190904036,20,0.699999988,0,0.0948426649,0.0948426649,1
1511,7.556143,0.424264133,0.464850873,0.575735867,6.65679884,2.29614234,-8.95294094,0.160710767,-0.0901039541,20,0.699999988,0,0.0960292444,0.0959874615,1
1512,7.561164,0.423913598,0.464688182,0.576086402,6.66686964,2.35153174,-9.01840115,0.160710767,0.010696033,20,0.699999988,0,0.0965571329,0.0965571329,1
1513,7.566170,0.424397171,0.464912623,0.575602889,6.62658644,2.32131934,-8.94790554,0.160710767,0.111496024,20,0.699999988,0,0.0959118754,0.0959118754,1
1514,7.571159,0.425510764,0.465429425,0.574489236,6.54602003,2.29614234,-8.84216213,0.160710767,0.212296143,20,0.699999988,0,0.0944485813,0.0944485813,1
1515,7.576147,0.427482635,0.466344565,0.572517335,6.36978149,2.22061133,-8.59039307,0.160710767,0.308296084,20,0.699999988,0,0.0919483304,0.0919483304,1
1516,7.581152,0.430247664,0.467627853,0.569752395,6.1079402,2.12493873,-8.23287868,0.160710767,0.409095913,20,0.699999988,0,0.0884424523,0.0884424523,1
1517,7.586145,0.433769673,0.469262421,0.566230357,5.80581617,2.02926636,-7.86529493,0.160710767,0.509895802,20,0.699999988,0,0.0839767158,0.0842023492,1
1518,7.591163,0.43790102,0.471179783,0.56209898,5.49865675,1.90338135,-7.4020381,0.160710767,0.610696256,20,0.699999988,0,0.0789389312,0.0789389312,1
1519,7.596142,0.442609012,0.473297775,0.557535231,5.06561279,1.73721302,-6.80282593,0.160652176,0.711496711,20,0.699999988,0,0.0729517713,0.0729517713,1
1520,7.601162,0.44772023,0.475736886,0.55227977,4.62249708,1.56097412,-6.1834712,0.160577133,0.812297165,20,0.699999988,0,0.0662880912,0.0662880912,1
1521,7.606140,0.453544378,0.478439867,0.546455622,4.10385132,1.36962891,-5.47348022,0.160413042,0.908297598,20,0.699999988,0,0.058903385,0.058903385,1
1522,7.611159,0.45986253,0.481372148,0.54013747,3.54995728,1.15310657,-4.70306396,0.160328642,1.00909793,20,0.699999988,0,0.0508922748,0.0508922748,1
1523,7.616146,0.466513067,0.484458685,0.533486962,2.92556739,0.926513612,-3.87725806,0.160145774,1.10989714,20,0.699999988,0,0.0424597487,0.0428370312,1
1524,7.621162,0.473546326,0.487722784,0.526453614,2.33642554,0.694885254,-3.0313108,0.159869149,1.21069634,20,0.699999988,0,0.0339990817,0.0339990817,1
1525,7.626160,0.480809689,0.491093725,0.51954031,1.67175281,0.422973603,-2.09472632,0.159458891,1.31149554,20,0.699999988,0,0.0247761179,0.0247761179,1
1526,7.631163,0.487879038,0.494374633,0.512120962,0.976867676,0.161132813,-1.13800049,0.158821404,1.41229475,20,0.699999988,0,0.0153687783,0.0153687783,1
1527,7.636140,0.495444596,0.497885823,0.504555404,0.302124023,-0.0704956055,-0.231628418,0.157801941,1.50829399,20,0.699999988,0,0.00577602303,0.00577602303,1
1528,7.641163,0.503036857,0.501409411,0.496963173,-0.0553894006,-0.226593003,0.281982392,0.155730039,1.60909319,20,0.699999988,0,-0.00385053386,-0.00385053386,4
1529,7.646153,0.510589838,0.504914761,0.489410132,-0.483398378,-0.553893983,0.986938477,0.152123049,1.70989239,20,0.699999988,0,-0.0134274103,-0.012983975,4
1530,7.651141,0.518051982,0.508377969,0.481948018,-0.7653808,-0.936584413,1.70196521,0.147393361,1.8106916,20,0.699999988,0,-0.0224255137,-0.0224255137,4
1531,7.656162,0.525302351,0.51174283,0.475038201,-0.679778993,-0.961761415,1.64154041,0.138130873,1.9114908,20,0.699999988,0,-0.0316502787,-0.0316502787,4
1532,7.661138,0.531983197,0.514843464,0.468016803,-2.21054053,0.669708192,1.54083228,0.11315117,2.00749016,20,0.699999988,0,-0.0405530892,-0.0405530892,4
1533,7.666164,0.53874284,0.517980635,0.46125719,-4.33044434,-0.146026596,4.47647095,0.0880777314,2.10829186,20,0.699999988,0,-0.049123928,-0.049123928,4
1534,7.671139,0.545057654,0.520911336,0.454942375,-3.78662062,-1.78253162,5.56915236,0.0844261646,2.20909357,20,0.699999988,0,-0.0571307726,-0.0571307726,4
1535,7.676160,0.550997019,0.523667812,0.449002981,-4.53689575,-1.72714221,6.23886061,0.0897160247,2.30989528,20,0.699999988,0,-0.0646616295,-0.0643218011,4
1536,7.681156,0.556391537,0.526171386,0.443608463,-5.03036499,-1.88323963,6.91360474,0.089551948,2.41069698,20,0.699999988,0,-0.0711943656,-0.0711943656,4
1537,7.686164,0.561271429,0.528436184,0.438992113,-5.44326782,-2.07458496,7.51785278,0.090074569,2.51149869,20,0.699999988,0,-0.0773549005,-0.0773549005,4
1538,7.691149,0.565360308,0.530333817,0.434639722,-5.87631178,-2.11486816,7.99117994,0.0904144049,2.6123004,20,0.699999988,0,-0.0828735083,-0.0828735083,4
1539,7.696163,0.568900526,0.531976819,0.431099415,-6.193542,-2.25082374,8.4443655,0.0902620926,2.70830202,20,0.699999988,0,-0.0873624235,-0.0873624235,4
1540,7.701149,0.571683288,0.533268332,0.428316742,-6.44531202,-2.37670875,8.82202053,0.0901449099,2.80910373,20,0.699999988,0,-0.0908907279,-0.0908907279,4
1541,7.706154,0.573973954,0.534331441,0.426026046,-6.63665724,-2.42202735,9.0435791,0.0901449099,2.90990543,20,0.699999988,0,-0.093795225,-0.093612805,4
1542,7.711139,0.575400174,0.534993351,0.424599826,-6.75247145,-2.47238135,9.22485256,0.0901449099,3.01070714,20,0.699999988,0,-0.0955430046,-0.0955430046,4
1543,7.716153,0.57593894,0.535266876,0.424010396,-6.79779005,-2.49755836,9.29534817,0.0901449099,3.11150885,20,0.699999988,0,-0.0963509455,-0.0963509455,4
1544,7.721141,0.575732052,0.535147369,0.424267977,-6.81289625,-2.49252319,9.30541992,0.0901449099,-3.07567501,20,0.699999988,0,-0.0960243568,-0.0960243568,4
1545,7.726162,0.574889958,0.534756541,0.425110042,-6.72729397,-2.47238135,9.19967556,0.0901449099,-2.9748733,20,0.699999988,0,-0.0949566439,-0.0949566439,4
1546,7.731140,0.57328552,0.5340119,0.42671448,-6.56112623,-2.41195655,8.97308254,0.0901449099,-2.8740716,20,0.699999988,0,-0.092922315,-0.092922315,4
1547,7.736155,0.570876122,0.532893717,0.429123878,-6.37481642,-2.33642554,8.71627808,0.0901449099,-2.77326989,20,0.699999988,0,-0.0898673311,-0.0900337622,4
1548,7.741154,0.56769222,0.531416059,0.43230778,-6.1079402,-2.24075317,8.34869385,0.0901449099,-2.67246819,20,0.699999988,0,-0.0860391259,-0.0860391259,4
1549,7.746161,0.563774824,0.529597998,0.435924768,-5.78063917,-2.11486816,7.89550734,0.0901449099,-2.57166648,20,0.699999988,0,-0.0812441185,-0.0812441185,4
1550,7.751146,0.559594452,0.527657866,0.440405518,-5.38284254,-1.96884143,7.35168409,0.0901449099,-2.47566485,20,0.699999988,0,-0.0755627602,-0.0755627602,4
1551,7.756186,0.554472446,0.525280774,0.445527583,-4.95483351,-1.80267334,6.75750685,0.0901449099,-2.37486315,20,0.699999988,0,-0.0690682679,-0.0690682679,4
1552,7.761144,0.548814714,0.52265501,0.451185316,-4.43618774,-1.61132801,6.04751587,0.0901449099,-2.27406144,20,0.699999988,0,-0.0618945472,-0.0618945472,4
1553,7.766146,0.542749524,0.519840121,0.457250476,-3.88732886,-1.41494751,5.32241821,0.0901449099,-2.17325974,20,0.699999988,0,-0.0544955358,-0.0544955358,4
1554,7.771159,0.536191821,0.516796708,0.463808179,-3.32839942,-1.20849609,4.53689575,0.0901449099,-2.07245803,20,0.699999988,0,-0.0462549105,-0.0462549105,4
1555,7.776146,0.529312253,0.513758659,0.470354289,-2.70904541,-0.966796756,3.67584229,0.0903301015,-1.97165704,20,0.699999988,0,-0.0375892706,-0.0375892706,4
1556,7.781155,0.522528648,0.510455608,0.477471352,-2.03933716,-0.735168397,2.77450562,0.0904145017,-1.87085783,20,0.699999988,0,-0.0285651833,-0.0285651833,4
1557,7.786147,0.515097797,0.507006884,0.484902173,-1.35452271,-0.483398378,1.83792114,0.0905340686,-1.77485859,20,0.699999988,0,-0.0191432592,-0.0191432592,4
1558,7.791164,0.507610381,0.503531992,0.492389619,-0.63446039,-0.246734604,0.881195009,0.0907801315,-1.67405939,20,0.699999988,0,-0.00964956265,-0.00964956265,4
1559,7.796144,0.500033915,0.500015736,0.499966055,-0.0856018066,-0.0956726,0.201416001,0.0911410227,-1.57326019,20,0.699999988,0,-0.000501117378,-0.000501117378,1
1560,7.801160,0.492456824,0.496499181,0.507543147,0.357513398,0.0302123986,-0.3877258,0.0912933573,-1.47246099,20,0.699999988,0,0.00911572948,0.00911572948,1
1561,7.806140,0.485310555,0.4931826,0.514689445,1.07757568,0.25680539,-1.3343811,0.0913988575,-1.37166178,20,0.699999988,0,0.0186254494,0.0186254494,1
1562,7.811162,0.477936119,0.489760101,0.522063851,1.8077085,0.453186005,-2.26089454,0.0915910602,-1.27086258,20,0.699999988,0,0.0279758461,0.0279758461,1
1563,7.816149,0.470773697,0.486436009,0.529226303,2.5428772,0.584106386,-3.12698364,0.0926457196,-1.17486334,20,0.699999988,0,0.0370574631,0.0370574631,1
1564,7.821159,0.463897079,0.483244598,0.536102951,3.34350562,0.468292207,-3.81179786,0.0956433862,-1.07406414,20,0.699999988,0,0.045776695,0.045776695,1
1565,7.826148,0.457410187,0.480233997,0.542589784,3.71612525,-0.166168213,-3.59527564,0.103098847,-0.973264575,20,0.699999988,0,0.0536218137,0.0536218137,1
1566,7.831162,0.451395005,0.477442324,0.548604965,0.0704956055,2.55294776,-2.62344337,0.133436337,-0.87246412,20,0.699999988,0,0.0612770505,0.0612770505,1
1567,7.836139,0.445872843,0.474879503,0.554127157,4.46136475,2.11486816,-6.57623291,0.172319174,-0.771663666,20,0.699999988,0,0.0686304644,0.0686304644,1
1568,7.841164,0.440914631,0.472578377,0.559085369,5.60943556,1.14807117,-6.75750685,0.163612127,-0.670863211,20,0.699999988,0,0.0749172494,0.0749172494,1
1569,7.846143,0.436365634,0.47046718,0.563634336,5.47851563,2.06954932,-7.54806519,0.159958243,-0.574862778,20,0.699999988,0,0.0806851313,0.0806851313,1
1570,7.851163,0.43250373,0.468674868,0.56749624,5.97701979,1.95877051,-7.93579006,0.161847278,-0.474062502,20,0.699999988,0,0.0855818391,0.0855818391,1
1571,7.856163,0.429264039,0.467171311,0.570735931,6.24389648,2.10479736,-8.33862209,0.160450399,-0.373262674,20,0.699999988,0,0.08968959,0.0894482955,1
1572,7.861171,0.426792502,0.46602428,0.573207498,6.34460449,2.29110718,-8.63571167,0.160201907,-0.272462845,20,0.699999988,0,0.0926234573,0.0926234573,1
1573,7.866138,0.425062358,0.465221316,0.574937642,6.52587843,2.30117774,-8.82705593,0.160759762,-0.171662763,20,0.699999988,0,0.0950171202,0.0950171202,1
1574,7.871139,0.424051851,0.464752346,0.575948179,6.64672804,2.32131934,-8.96804714,0.160710588,-0.0708627105,20,0.699999988,0,0.0962983966,0.0962983966,1
1575,7.876157,0.423935473,0.464698344,0.576064527,6.62658644,2.34649634,-8.97308254,0.160710588,0.0251372773,20,0.699999988,0,0.0964459628,0.0964459628,1
1576,7.881142,0.424590915,0.465002537,0.575409114,6.59133816,2.31124854,-8.90258694,0.160710588,0.125937268,20,0.699999988,0,0.0956149101,0.0956149101,1
1577,7.886160,0.425829291,0.465577275,0.574170768,6.47552395,2.27096558,-8.78173828,0.160710588,0.22673741,20,0.699999988,0,0.0940447077,0.0939956009,1
1578,7.891145,0.42806083,0.466612905,0.57193917,6.30432081,2.20550537,-8.50982666,0.160710588,0.327537298,20,0.699999988,0,0.0915129408,0.0915129408,1
1579,7.896158,0.430901915,0.467861146,0.56924963,6.06765699,2.11990333,-8.18756008,0.160710588,0.428337127,20,0.699999988,0,0.0878049806,0.0878049806,1
1580,7.901144,0.43436718,0.469539702,0.56563282,5.78063917,2.00912452,-7.78976345,0.160710588,0.524337113,20,0.699999988,0,0.0832190588,0.0832190588,1
1581,7.906158,0.438487947,0.471452147,0.561512053,5.41305494,1.86813331,-7.28118801,0.160710588,0.625137568,20,0.699999988,0,0.0779941529,0.0779941529,1
1582,7.911144,0.443424314,0.473743141,0.556575716,4.98504639,1.71707129,-6.70211792,0.160525396,0.725938022,20,0.699999988,0,0.0717351064,0.0717351064,1
1583,7.916153,0.448827058,0.476250559,0.551172972,4.51675367,1.535797,-6.06262207,0.160576954,0.826738477,20,0.699999988,0,0.0652764365,0.0652764365,1
1584,7.921143,0.454666615,0.478960693,0.545333385,4.02328491,1.33941638,-5.36270142,0.160412863,0.927538931,20,0.699999988,0,0.0578492768,0.0578492768,1
1585,7.926164,0.461133957,0.481962204,0.539239824,3.43917823,1.11282337,-4.55200148,0.160300329,1.02833903,20,0.699999988,0,0.0497541316,0.0497541316,1
1586,7.931140,0.467521608,0.48492673,0.532478392,2.83493042,0.89126581,-3.72619629,0.160131529,1.12433827,20,0.699999988,0,0.0411809571,0.0411809571,1
1587,7.936165,0.474569887,0.488197833,0.525430083,2.18536377,0.629424989,-2.81478882,0.159833804,1.22513747,20,0.699999988,0,0.0322440937,0.0322440937,1
1588,7.941140,0.481835663,0.491569906,0.518164337,1.5257262,0.362548798,-1.95373523,0.159374312,1.32593668,20,0.699999988,0,0.0230314583,0.0230314583,1
1589,7.946162,0.489323258,0.495044917,0.510676742,0.850982606,0.105743401,-0.997009218,0.158746213,1.42673588,20,0.699999988,0,0.0135375783,0.0139917182,1
1590,7.951147,0.496895313,0.498559117,0.503104687,0.211486802,-0.0856018066,-0.125884995,0.157560319,1.52753508,20,0.699999988,0,0.00439425465,0.00439425465,1
1591,7.956153,0.504485071,0.501912415,0.495879263,-0.0856018066,-0.276946992,0.362548798,0.155263439,1.62833428,20,0.699999988,0,-0.00522487517,-0.00522487517,4
1592,7.961139,0.511665046,0.505413771,0.488334954,-0.548858583,-0.599212646,1.14807129,0.151529834,1.72433352,20,0.699999988,0,-0.0147906737,-0.0147906737,4
1593,7.966183,0.51907593,0.508853137,0.48092404,-0.785522401,-1.01211548,1.79763794,0.147090748,1.82513273,20,0.699999988,0,-0.0241873227,-0.0241873227,4
1594,7.971160,0.526323676,0.512216866,0.473676294,-0.679778993,-0.760345399,1.44012439,0.133937627,1.92593193,20,0.699999988,0,-0.0333771333,-0.0333771333,4
1595,7.976157,0.533315718,0.515461862,0.466684252,-2.96081543,0.90133667,1.85806274,0.108929813,2.02673173,20,0.699999988,0,-0.0417972505,-0.0417972505,4
1596,7.981147,0.540012836,0.518570006,0.459987134,-4.26498365,-0.407867402,4.67285109,0.085686855,2.12753344,20,0.699999988,0,-0.0502630435,-0.0502630435,4
1597,7.986189,0.546250165,0.521464765,0.453749835,-3.84201026,-1.8429563,5.68496656,0.0855579674,2.22833514,20,0.699999988,0,-0.0582792573,-0.0582792573,4
1598,7.991145,0.551796615,0.524038911,0.448203444,-4.64767408,-1.66671741,6.31439161,0.0898985937,2.32433677,20,0.699999988,0,-0.0656754151,-0.0656754151,4
1599,7.996139,0.557159126,0.526527643,0.442840874,-5.08575439,-1.93862903,7.02438354,0.0894368812,2.42513847,20,0.699999988,0,-0.072474882,-0.072474882,4
1600,8.001160,0.561807513,0.528684974,0.438192546,-5.51376295,-2.07962036,7.59338331,0.0902595297,2.52594018,20,0.699999988,0,-0.0783687159,-0.0783687159,4
1601,8.006139,0.566034913,0.53064692,0.433965087,-5.91659498,-2.12493873,8.04153347,0.0904282853,2.62674189,20,0.699999988,0,-0.0835016817,-0.0835016817,4
1602,8.011158,0.569497824,0.53225404,0.430502146,-6.2086482,-2.27600098,8.48464966,0.0902478397,2.72754359,20,0.699999988,0,-0.0880053192,-0.0880053192,4
1603,8.016146,0.572147846,0.533483922,0.427852154,-6.4553833,-2.37670875,8.83209229,0.0901447162,2.8283453,20,0.699999988,0,-0.0914798081,-0.0914798081,4
1604,8.021160,0.574216068,0.534443796,0.425783962,-6.65176344,-2.42202735,9.07379055,0.0901447162,2.92434692,20,0.699999988,0,-0.094102174,-0.094102174,4
1605,8.026149,0.57553339,0.535055161,0.42446655,-6.76757765,-2.46734595,9.23492336,0.0901447162,3.02514863,20,0.699999988,0,-0.0957725719,-0.0957725719,4
1606,8.031156,0.576085508,0.535311401,0.423914492,-6.81289625,-2.50259376,9.31548977,0.0901447162,3.12595034,20,0.699999988,0,-0.0964725763,-0.0964725763,4
1607,8.036146,0.575741947,0.535151958,0.424258053,-6.78771925,-2.48245239,9.27017212,0.0901447162,-3.05643344,20,0.699999988,0,-0.0961543098,-0.0961543098,4
1608,8.041165,0.574691296,0.534664333,0.425308675,-6.67694044,-2.45727539,9.13421631,0.0901447162,-2.95563173,20,0.699999988,0,-0.0947902203,-0.0947902203,4
1609,8.046144,0.57298553,0.533872724,0.42701447,-6.54098463,-2.39685059,8.93783569,0.0901447162,-2.85483003,20,0.699999988,0,-0.092541948,-0.092541948,4
1610,8.051153,0.570471406,0.532705903,0.429528594,-6.32949829,-2.31124854,8.64074707,0.0901447162,-2.7588284,20,0.699999988,0,-0.0893541649,-0.0893541649,4
1611,8.056144,0.567078054,0.531131029,0.432921946,-6.05758619,-2.22061133,8.27819729,0.0901447162,-2.6580267,20,0.699999988,0,-0.0850515366,-0.0850515366,4
1612,8.061159,0.56317538,0.529319763,0.43682459,-5.69000196,-2.08465552,7.77465725,0.0901447162,-2.55722499,20,0.699999988,0,-0.0801031962,-0.0801031962,4
1613,8.066139,0.558631301,0.527210891,0.441368699,-5.31738281,-1.94366443,7.26104736,0.0901447162,-2.45642328,20,0.699999988,0,-0.0745728165,-0.0745728165,4
1614,8.071162,0.553448379,0.524805486,0.446551621,-4.8440547,-1.77749634,6.62155104,0.0901447162,-2.35562158,20,0.699999988,0,-0.068151556,-0.068151556,4
1615,8.076137,0.547974646,0.522265136,0.452025384,-4.37072754,-1.58615112,5.95687866,0.0901447162,-2.25481987,20,0.699999988,0,-0.0608294047,-0.0608294047,4
1616,8.081157,0.541776001,0.519388318,0.458223999,-3.82186866,-1.38473499,5.20660353,0.0901447162,-2.15881824,20,0.699999988,0,-0.0529698394,-0.0529698394,4
1617,8.086148,0.535258949,0.51636374,0.464741021,-3.21258521,-1.16821277,4.38079786,0.0901447162,-2.05801654,20,0.699999988,0,-0.0447066054,-0.0447066054,4
1618,8.091155,0.528304756,0.513136268,0.471695215,-2.5831604,-0.931549013,3.51470947,0.0903299078,-1.95721591,20,0.699999988,0,-0.0358890258,-0.0358890258,4
1619,8.096142,0.521103024,0.509793937,0.478896976,-1.94366443,-0.689849854,2.6335144,0.0904213414,-1.8564167,20,0.699999988,0,-0.0272197276,-0.0272197276,4
1620,8.101167,0.513699114,0.506357789,0.486300886,-1.2437439,-0.443115205,1.68685913,0.0906416848,-1.7556175,20,0.699999988,0,-0.0178348385,-0.0178348385,4
1621,8.106163,0.506167948,0.503032088,0.493466735,-0.528717041,-0.206451416,0.735168457,0.0908596441,-1.6548183,20,0.699999988,0,-0.0082838349,-0.0082838349,4
1622,8.111138,0.498946488,0.499511063,0.501053512,-0.0503540002,-0.0805664063,0.13092041,0.0911759958,-1.55881906,20,0.699999988,0,0.00133577816,0.00133577816,1
1623,8.116159,0.491375595,0.495997399,0.508624434,0.498504579,0.0704956055,-0.569000185,0.0912556872,-1.45801985,20,0.699999988,0,0.0109353103,0.0109353103,1
1624,8.121147,0.483866572,0.492512465,0.516133428,1.22360218,0.292053193,-1.46026611,0.0913752541,-1.35722065,20,0.699999988,0,0.0204563662,0.0204563662,1
1625,8.126164,0.476534992,0.489109844,0.523464978,1.93862903,0.473327577,-2.38174415,0.0917338356,-1.25642145,20,0.699999988,0,0.029268723,0.029268723,1
1626,8.131163,0.469441682,0.48581785,0.530558348,2.66876221,0.589141846,-3.25790405,0.0928424373,-1.15562224,20,0.699999988,0,0.0383264422,0.0383264422,1
1627,8.136164,0.462658495,0.482815892,0.537026644,3.44924903,0.407867402,-3.85711646,0.0961236805,-1.05482304,20,0.699999988,0,0.0469478853,0.0469478853,1
1628,8.141149,0.456514657,0.479818374,0.543485343,3.45931983,-0.347442627,-3.1118772,0.103314318,-0.958823264,20,0.699999988,0,0.0551371947,0.0551371947,1
1629,8.146163,0.450567305,0.477058202,0.549432695,0.211486802,3.99307227,-4.20455885,0.14390336,-0.858022809,20,0.699999988,0,0.0626781359,0.0626781359,1
1630,8.151147,0.444908679,0.474432021,0.555091321,4.88937378,1.46026611,-6.37481642,0.17294243,-0.757222354,20,0.699999988,0,0.0698530003,0.0698530003,1
1631,8.156157,0.439921021,0.472117245,0.560078979,5.53893995,1.34948719,-6.88842726,0.161561221,-0.6564219,20,0.699999988,0,0.0758342817,0.0758342817,1
1632,8.161142,0.435483307,0.470057696,0.564324558,5.52383375,2.07962036,-7.60345411,0.160314351,-0.555621445,20,0.699999988,0,0.0815602913,0.0815602913,1
1633,8.166164,0.431686997,0.468447238,0.567986727,6.02737379,1.97891223,-8.00628567,0.161858842,-0.454821289,20,0.699999988,0,0.0862037092,0.0862037092,1
1634,8.171138,0.428873718,0.466990173,0.571126282,6.24389648,2.12493873,-8.36883545,0.160340086,-0.358821452,20,0.699999988,0,0.0901845247,0.0901845247,1
1635,8.176161,0.426447272,0.465864062,0.573552728,6.38488722,2.30117774,-8.68606472,0.16027911,-0.258021623,20,0.699999988,0,0.0932611376,0.0932611376,1
1636,8.181137,0.424883246,0.465138197,0.575116754,6.59637451,2.30117774,-8.85223389,0.160712793,-0.157221496,20,0.699999988,0,0.095244199,0.0953267217,1
1637,8.186164,0.424020022,0.464737564,0.575980008,6.64169264,2.31628418,-8.9831543,0.160710469,-0.0564214662,20,0.699999988,0,0.0962340683,0.0962340683,1
1638,8.191139,0.423927397,0.464694589,0.576088727,6.62155151,2.33642554,-8.95797729,0.160710469,0.0443785228,20,0.699999988,0,0.0964766219,0.0964766219,1
1639,8.196164,0.424730271,0.46504277,0.57532239,6.60140896,2.30621314,-8.90762234,0.160710469,0.145178542,20,0.699999988,0,0.0955049768,0.0955049768,1
1640,8.201140,0.426086366,0.465696573,0.573913634,6.46545315,2.26089454,-8.72634792,0.160710469,0.241178676,20,0.699999988,0,0.0937187299,0.0937187299,1
1641,8.206155,0.42836526,0.466754198,0.57163471,6.25396729,2.19039917,-8.44436646,0.160710469,0.34197852,20,0.699999988,0,0.0908292085,0.0908292085,1
1642,8.211142,0.431367218,0.468147427,0.568632782,6.02233887,2.09472632,-8.11706543,0.160710469,0.442778349,20,0.699999988,0,0.0870228931,0.0872921348,1
1643,8.216199,0.435113132,0.469885916,0.564886928,5.71517944,1.97387683,-7.6890564,0.160710469,0.543578446,20,0.699999988,0,0.0822732896,0.0822732896,1
1644,8.221138,0.439357013,0.471753925,0.560861945,5.35766554,1.8429563,-7.2006216,0.160710469,0.644378901,20,0.699999988,0,0.0771698058,0.0771698058,1
1645,8.226139,0.4442693,0.47404173,0.555932403,4.92462111,1.68182349,-6.60644436,0.160544053,0.745179355,20,0.699999988,0,0.070919387,0.070919387,1
1646,8.231158,0.449597627,0.476608187,0.550402403,4.42611694,1.50558472,-5.93170166,0.160576835,0.841179788,20,0.699999988,0,0.0639076605,0.0639076605,1
1647,8.236147,0.455548495,0.479369998,0.544451535,3.9074707,1.29409778,-5.2015686,0.160457268,0.941980243,20,0.699999988,0,0.0563622788,0.0563622788,1
1648,8.241154,0.462042928,0.482384056,0.537957072,3.31832862,1.07254028,-4.45632935,0.160220519,1.04278016,20,0.699999988,0,0.0481276363,0.0481276363,1
1649,8.246160,0.468839735,0.485538483,0.531160295,2.74932837,0.845947206,-3.59527564,0.160096243,1.14357936,20,0.699999988,0,0.0399278849,0.0399278849,1
1650,8.251155,0.475922406,0.48882556,0.524401188,2.11990333,0.609283388,-2.72918677,0.15972586,1.24437857,20,0.699999988,0,0.030939512,0.030939512,1
1651,8.256147,0.482910126,0.492068589,0.517089903,1.43508911,0.327301025,-1.76239014,0.159317926,1.34517777,20,0.699999988,0,0.0216691177,0.0216691177,1
1652,8.261154,0.490410417,0.49554947,0.509589612,0.745239198,0.0553894006,-0.800628603,0.158551589,1.44117701,20,0.699999988,0,0.0121591082,0.0121591082,1
1653,8.266147,0.497980088,0.499062538,0.502019882,0.110778801,-0.115814202,0.00503540039,0.157283634,1.54197621,20,0.699999988,0,0.00256111869,0.00256111869,1
1654,8.271155,0.505566478,0.502583385,0.494433522,-0.135955796,-0.352477998,0.443115205,0.154593021,1.64277542,20,0.699999988,0,-0.00705800392,-0.00705800392,4
1655,8.276144,0.513104796,0.506081939,0.486895204,-0.604248047,-0.654602051,1.2588501,0.150878176,1.74357462,20,0.699999988,0,-0.0161514115,-0.0161514115,4
1656,8.281160,0.520489216,0.509509087,0.479510754,-0.780487061,-1.06246936,1.84295642,0.144817248,1.84437382,20,0.699999988,0,-0.0255794097,-0.0255794097,4
1657,8.286148,0.527339816,0.512688458,0.472660214,-0.77041626,-0.51361078,1.2840271,0.132414028,1.94517303,20,0.699999988,0,-0.0346654728,-0.0346654728,4
1658,8.291154,0.534288406,0.515913308,0.465711534,-3.48953199,0.997009158,2.49252272,0.103775732,2.04117322,20,0.699999988,0,-0.0434760191,-0.0434760191,4
1659,8.296142,0.540966153,0.519012451,0.459033847,-4.08874464,-0.850982606,4.93972731,0.0889960453,2.14197493,20,0.699999988,0,-0.0519430004,-0.0519430004,4
1660,8.301153,0.547144771,0.521879971,0.452855259,-3.97796631,-1.85302722,5.79070997,0.0870062113,2.24277663,20,0.699999988,0,-0.0597771406,-0.0597771406,4
1661,8.306142,0.552930474,0.524565101,0.447069526,-4.75845337,-1.69692981,6.4553833,0.0898749679,2.34357834,20,0.699999988,0,-0.0667290837,-0.0667290837,4
1662,8.311154,0.558055341,0.526943564,0.442177683,-5.1411438,-1.95373535,7.09487915,0.0893734321,2.44438004,20,0.699999988,0,-0.0733157471,-0.0733157471,4
1663,8.316146,0.562429786,0.528973758,0.437570274,-5.57922316,-2.08969092,7.66891384,0.0903202891,2.54518175,20,0.699999988,0,-0.0791577399,-0.0791577399,4
1664,8.321159,0.566564918,0.530892849,0.433435023,-5.99716139,-2.15011597,8.14727783,0.0903976411,2.64118338,20,0.699999988,0,-0.0844009817,-0.0844009817,4
1665,8.326139,0.569929302,0.532454312,0.430070698,-6.27914429,-2.29110718,8.57025146,0.0901749805,2.74198508,20,0.699999988,0,-0.0886668041,-0.0886668041,4
1666,8.331164,0.572529495,0.533661067,0.427470505,-6.48559523,-2.38677955,8.87237453,0.090144515,2.84278679,20,0.699999988,0,-0.0919637382,-0.0919637382,4
1667,8.336141,0.574514389,0.534582257,0.425485611,-6.68701124,-2.43713355,9.12414455,0.090144515,2.9435885,20,0.699999988,0,-0.0943126902,-0.0943126902,4
1668,8.341251,0.575686455,0.535126209,0.424313545,-6.76757765,-2.48245239,9.25003052,0.090144515,3.0443902,20,0.699999988,0,-0.0959665999,-0.0959665999,4
1669,8.346137,0.576030612,0.53528595,0.423969388,-6.80786085,-2.49252319,9.30038452,0.090144515,-3.13799357,20,0.699999988,0,-0.096402958,-0.096402958,4
1670,8.351147,0.575699985,0.535132468,0.424300015,-6.75750732,-2.48748779,9.24499512,0.090144515,-3.04199195,20,0.699999988,0,-0.0959837362,-0.0959837362,4
1671,8.356153,0.574478388,0.534565568,0.425521672,-6.66183424,-2.44216919,9.10400391,0.090144515,-2.94119024,20,0.699999988,0,-0.0944347605,-0.0944347605,4
1672,8.361138,0.572621226,0.533703625,0.427378774,-6.51077223,-2.39685059,8.90258789,0.090144515,-2.84038854,20,0.699999988,0,-0.0920800194,-0.092142269,4
1673,8.366157,0.569909275,0.532445014,0.430090725,-6.27914429,-2.30117774,8.58032227,0.090144515,-2.73958683,20,0.699999988,0,-0.0888223201,-0.0888223201,4
1674,8.371144,0.566492379,0.530915618,0.433386087,-6.00723219,-2.20046997,8.20770264,0.090144515,-2.63878512,20,0.699999988,0,-0.0844630748,-0.0844630748,4
1675,8.376155,0.562511921,0.529011905,0.437488109,-5.64468384,-2.06451416,7.709198,0.090144515,-2.53798342,20,0.699999988,0,-0.0792619288,-0.0792619288,4
1676,8.381144,0.55793041,0.526885629,0.44206965,-5.23681641,-1.90841663,7.14523315,0.090144515,-2.44198179,20,0.699999988,0,-0.0734527707,-0.0734527707,4
1677,8.386156,0.552624404,0.524423063,0.447375566,-4.77355909,-1.73721302,6.51077223,0.090144515,-2.34118009,20,0.699999988,0,-0.066725105,-0.066725105,4
1678,8.391145,0.546840072,0.521738529,0.453159899,-4.25491333,-1.5458678,5.83602905,0.090144515,-2.24037838,20,0.699999988,0,-0.0593908429,-0.0597520247,4
1679,8.396153,0.540623069,0.518853247,0.459376931,-3.71612525,-1.35955799,5.07568312,0.090144515,-2.13957667,20,0.699999988,0,-0.0518958196,-0.0518958196,4
1680,8.401137,0.533938527,0.515913904,0.465710282,-3.1320188,-1.13296497,4.26498365,0.0902312398,-2.03877497,20,0.699999988,0,-0.0434776247,-0.0434776247,4
1681,8.406155,0.527313471,0.512676239,0.472686529,-2.49252319,-0.89126581,3.38378906,0.0902781487,-1.93797481,20,0.699999988,0,-0.0346321315,-0.0346321315,4
1682,8.411155,0.520055473,0.509307802,0.479944557,-1.79763782,-0.659637392,2.45727515,0.090535976,-1.84197557,20,0.699999988,0,-0.0254292917,-0.0254292917,4
1683,8.416159,0.512627423,0.505860388,0.487372577,-1.10778797,-0.402832001,1.51062,0.0906320959,-1.74117637,20,0.699999988,0,-0.0160109289,-0.0160109289,4
1684,8.421144,0.505087554,0.502361178,0.494912475,-0.392761201,-0.1863098,0.624389648,0.0909226984,-1.64037716,20,0.699999988,0,-0.00645074341,-0.00691403449,4
1685,8.426155,0.497496039,0.498837918,0.502503991,-0.0100708008,-0.0604247972,0.070495598,0.0911523476,-1.53957796,20,0.699999988,0,0.00271847961,0.00271847961,1
1686,8.431141,0.489929914,0.495492965,0.509711266,0.604248047,0.100708,-0.704956055,0.0913140625,-1.43877876,20,0.699999988,0,0.0123134339,0.0123134339,1
1687,8.436160,0.482818156,0.492025882,0.517181814,1.31423938,0.327301025,-1.64154041,0.091375038,-1.33797956,20,0.699999988,0,0.0217856877,0.0217856877,1
1688,8.441138,0.47554177,0.488648891,0.52445823,2.04940772,0.503539979,-2.55294776,0.0918484628,-1.24198031,20,0.699999988,0,0.0310117938,0.0310117938,1
1689,8.446143,0.468423575,0.485345334,0.531576395,2.79968238,0.569000244,-3.36868262,0.0934234411,-1.14118111,20,0.699999988,0,0.0400372818,0.0400372818,1
1690,8.451162,0.461716115,0.482232392,0.538283885,3.59024024,0.307159424,-3.90747023,0.0973445252,-1.04038191,20,0.699999988,0,0.0485420227,0.0485420227,1
1691,8.456140,0.455371946,0.479288042,0.544628024,3.0564878,-0.392761201,-2.66372657,0.110528149,-0.939581931,20,0.699999988,0,0.0563063659,0.0563063659,1
1692,8.461162,0.449399054,0.476516038,0.550331235,0.881195009,4.48150635,-5.36270142,0.14935711,-0.838781476,20,0.699999988,0,0.0638174638,0.0638174638,1
1693,8.466330,0.443921208,0.473973751,0.556078792,5.20660353,1.07757568,-6.28417921,0.172506362,-0.737981021,20,0.699999988,0,0.0711050704,0.0711050704,1
1694,8.471164,0.439212412,0.471788406,0.560787618,5.48355055,1.5811156,-7.06466627,0.160356373,-0.641980588,20,0.699999988,0,0.0770756006,0.0770756006,1
1695,8.476139,0.434966922,0.469818026,0.565033019,5.56915283,2.10479736,-7.6739502,0.159913406,-0.541180134,20,0.699999988,0,0.0824586153,0.0824586153,1
1696,8.481161,0.431325883,0.468128234,0.568674088,6.09283447,1.97387683,-8.03649902,0.161596209,-0.440380067,20,0.699999988,0,0.0870752856,0.0870752856,1
1697,8.486139,0.428376734,0.466759533,0.571623266,6.23886061,2.18032813,-8.4191885,0.160295412,-0.339580238,20,0.699999988,0,0.0907343253,0.0907343253,1
1698,8.491160,0.426150531,0.465726346,0.573883235,6.39495802,2.29614234,-8.69110012,0.160389125,-0.238780364,20,0.699999988,0,0.0936801508,0.0936801508,1
1699,8.496147,0.424598634,0.465006113,0.575401366,6.56112623,2.28607154,-8.84719753,0.160733759,-0.137980223,20,0.699999988,0,0.0956050977,0.0956050977,1
1700,8.501164,0.423968196,0.464713514,0.576031804,6.64672804,2.32635498,-8.9730835,0.160710335,-0.0419802219,20,0.699999988,0,0.0964044556,0.0964044556,1
1701,8.506144,0.423986256,0.464721888,0.576013684,6.62155151,2.32131934,-8.94287109,0.160710335,0.0588197671,20,0.699999988,0,0.0963815451,0.0963815451,1
1702,8.511155,0.424838066,0.465117216,0.575161934,6.54602003,2.29614234,-8.87741089,0.160710335,0.159619808,20,0.699999988,0,0.0953015238,0.0952197388,1
1703,8.516147,0.426452845,0.465866655,0.573547184,6.43524122,2.25082374,-8.68606472,0.160710335,0.260419905,20,0.699999988,0,0.0933731869,0.0933731869,1
1704,8.521162,0.42898795,0.467043191,0.571314692,6.21871948,2.18536377,-8.40408325,0.160710335,0.361219734,20,0.699999988,0,0.0904234126,0.0904234126,1
1705,8.526142,0.431846768,0.468369961,0.568153203,5.97198439,2.07962036,-8.05160522,0.160710335,0.457219571,20,0.699999988,0,0.0864148065,0.0864148065,1
1706,8.531159,0.435636431,0.470128775,0.564363599,5.63964796,1.95373535,-7.59338331,0.160710335,0.558019757,20,0.699999988,0,0.0816097409,0.0816097409,1
1707,8.536147,0.440024227,0.472165167,0.559975803,5.27206373,1.8077085,-7.079772,0.160710335,0.658820212,20,0.699999988,0,0.0760462433,0.0760462433,1
1708,8.541153,0.445110053,0.474525511,0.554889977,4.81384277,1.64657581,-6.4855957,0.16056031,0.759620667,20,0.699999988,0,0.0695976838,0.0699156597,1
1709,8.546142,0.450735837,0.477136433,0.549264193,4.36569166,1.48040771,-5.84609938,0.16051811,0.860421121,20,0.699999988,0,0.06276308,0.06276308,1
1710,8.551202,0.456772655,0.47993812,0.543227315,3.82186866,1.26892078,-5.09078932,0.16039151,0.961221576,20,0.699999988,0,0.0551880151,0.0551880151,1
1711,8.556139,0.463020742,0.482837886,0.536979318,3.25286865,1.04232776,-4.29519653,0.160208642,1.05722129,20,0.699999988,0,0.046887856,0.046887856,1
1712,8.561148,0.469861239,0.486012548,0.530138731,2.6184082,0.810699403,-3.42910767,0.160067976,1.1580205,20,0.699999988,0,0.0382144079,0.0382144079,1
1713,8.566156,0.47695899,0.489306629,0.52304101,1.97387683,0.543823183,-2.51769996,0.15970695,1.2588197,20,0.699999988,0,0.0292148236,0.0292148236,1
1714,8.571146,0.48434037,0.492732316,0.515659571,1.30416858,0.292053193,-1.64657593,0.159233391,1.3596189,20,0.699999988,0,0.0203042198,0.0203042198,1
1715,8.576163,0.491837054,0.496211559,0.508162975,0.654602051,0.0352478027,-0.689849854,0.158403799,1.46041811,20,0.699999988,0,0.0107895406,0.0107895406,1
1716,8.581139,0.499068409,0.499567628,0.500931561,0.0503540002,-0.146026596,0.0956725925,0.157028019,1.56121731,20,0.699999988,0,0.00118118559,0.00118118559,1
1717,8.586163,0.506660879,0.503091335,0.493339121,-0.201416001,-0.392761201,0.594177186,0.154063195,1.66201651,20,0.699999988,0,-0.00844565593,-0.00844565593,4
1718,8.591140,0.514175117,0.506578684,0.485824883,-0.669708192,-0.745239198,1.41494739,0.150636598,1.75801575,20,0.699999988,0,-0.0179733224,-0.0179733224,4
1719,8.596159,0.521550596,0.510001659,0.478449434,-0.750274599,-1.08764637,1.8379209,0.142895192,1.85881495,20,0.699999988,0,-0.0273250118,-0.0273250118,4
1720,8.601144,0.528707504,0.513323188,0.471292496,-0.956726015,-0.211486802,1.12792957,0.127245978,1.95961416,20,0.699999988,0,-0.0359752923,-0.0359752923,4
1721,8.606162,0.535544336,0.516496181,0.464455664,-3.89236426,0.886230409,3.00613379,0.100597523,2.06041479,20,0.699999988,0,-0.0447361544,-0.0447361544,4
1722,8.611147,0.542213798,0.519435883,0.458121538,-3.93768287,-1.14807117,5.08575392,0.0839217529,2.1612165,20,0.699999988,0,-0.0530997738,-0.0530997738,4
1723,8.616156,0.54799217,0.522273242,0.4520078,-4.07867432,-1.85806262,5.93673706,0.0876811445,2.2620182,20,0.699999988,0,-0.0608516634,-0.0608516634,4
1724,8.621142,0.553662241,0.524904728,0.446337759,-4.8440547,-1.68685913,6.53091383,0.0898936242,2.35801983,20,0.699999988,0,-0.0680409893,-0.0680409893,4
1725,8.626161,0.558748543,0.52726531,0.441251457,-5.20156813,-2.01919556,7.22076368,0.0893967748,2.45882154,20,0.699999988,0,-0.0744901747,-0.0744901747,4
1726,8.631159,0.563341022,0.529396653,0.436658949,-5.66986084,-2.09472632,7.7545166,0.090437375,2.55962324,20,0.699999988,0,-0.0803132355,-0.0801245868,4
1727,8.636163,0.567304194,0.531235993,0.432695806,-6.03744507,-2.16018653,8.19763184,0.0905756801,2.66042495,20,0.699999988,0,-0.0851245895,-0.0851245895,4
1728,8.641139,0.570460379,0.532700777,0.429539621,-6.28417921,-2.31124854,8.59542751,0.0901116654,2.76122665,20,0.699999988,0,-0.0893402025,-0.0893402025,4
1729,8.646162,0.5728423,0.533806205,0.42715767,-6.51077223,-2.38677955,8.89755154,0.0901444629,2.86202836,20,0.699999988,0,-0.0923603624,-0.0923603624,4
1730,8.651138,0.574841976,0.534734249,0.425157994,-6.67190504,-2.44216919,9.11407471,0.0901444629,2.95802999,20,0.699999988,0,-0.0948958471,-0.0948958471,4
1731,8.656159,0.575721383,0.535142422,0.424278647,-6.77764845,-2.48748779,9.26513672,0.0901444629,3.05883169,20,0.699999988,0,-0.0960108414,-0.0960108414,4
1732,8.661148,0.576015353,0.535278857,0.423984647,-6.79779005,-2.48748779,9.26513672,0.0901444629,-3.12355208,20,0.699999988,0,-0.0965488553,-0.0965488553,4
1733,8.666148,0.575660706,0.535114229,0.424339265,-6.77261305,-2.47238135,9.24499416,0.0901444629,-3.02275038,20,0.699999988,0,-0.0957545042,-0.0957545042,4
1734,8.671164,0.57417047,0.534422636,0.425750136,-6.65176344,-2.43209815,9.08386135,0.0901444629,-2.92194867,20,0.699999988,0,-0.0941450223,-0.0941450223,4
1735,8.676139,0.572168112,0.53349334,0.427831918,-6.4553833,-2.37167335,8.82705688,0.0901444629,-2.82594705,20,0.699999988,0,-0.0915054679,-0.0915054679,4
1736,8.681153,0.569470346,0.532241285,0.430529654,-6.23382521,-2.28103638,8.51486206,0.0901444629,-2.72514534,20,0.699999988,0,-0.0880848467,-0.0880848467,4
1737,8.686141,0.565901458,0.530584991,0.434098542,-5.93170118,-2.16522217,8.09692383,0.0901444629,-2.62434363,20,0.699999988,0,-0.0835596994,-0.0835596994,4
1738,8.691157,0.561726093,0.528647184,0.438273877,-5.57418776,-2.03933716,7.63870192,0.0901444629,-2.52354193,20,0.699999988,0,-0.0782655999,-0.0785966218,4
1739,8.696146,0.557024062,0.526464939,0.442975938,-5.1914978,-1.88323963,7.07473755,0.0901444629,-2.42274022,20,0.699999988,0,-0.0724898428,-0.0724898428,4
1740,8.701154,0.551567018,0.52405566,0.448167354,-4.70306349,-1.70700061,6.41006422,0.0901444629,-2.32193851,20,0.699999988,0,-0.065721184,-0.065721184,4
1741,8.706146,0.546014488,0.521355391,0.453985512,-4.17938185,-1.5257262,5.70510817,0.0901444629,-2.22593689,20,0.699999988,0,-0.0583440289,-0.0583440289,4
1742,8.711157,0.539664745,0.518408477,0.460335284,-3.615417,-1.31423938,4.92965651,0.0901444629,-2.12513518,20,0.699999988,0,-0.050292857,-0.050292857,4
1743,8.716149,0.532960415,0.515296996,0.467039615,-3.00613379,-1.07757568,4.08370972,0.0902522877,-2.02433348,20,0.699999988,0,-0.0417921059,-0.0417921059,4
1744,8.721158,0.525932491,0.51203531,0.474067509,-2.34146094,-0.856018066,3.23272681,0.0903577879,-1.92353368,20,0.699999988,0,-0.0328810811,-0.0333389044,4
1745,8.726136,0.518652797,0.5086568,0.480996728,-1.70700061,-0.619354188,2.32635474,0.0904773548,-1.82273448,20,0.699999988,0,-0.024095187,-0.024095187,4
1746,8.731156,0.511195779,0.505366206,0.488437474,-1.00707996,-0.352477998,1.35955799,0.0906672105,-1.72193527,20,0.699999988,0,-0.0146607142,-0.0146607142,4
1747,8.736152,0.504004717,0.501858592,0.495995283,-0.292053193,-0.151062012,0.443115205,0.0909788907,-1.62593603,20,0.699999988,0,-0.00507778767,-0.00507778767,4
1748,8.741156,0.4964059,0.498331994,0.50359416,0.0553894006,-0.0453185998,-0.0100708008,0.0912390053,-1.52513683,20,0.699999988,0,0.00455715461,0.00455715461,1
1749,8.746144,0.48884362,0.494822294,0.511156321,0.730133057,0.146026596,-0.876159668,0.0913210437,-1.42433763,20,0.699999988,0,0.0141457012,0.0141457012,1
1750,8.751158,0.4814246,0.491379142,0.51857543,1.46026611,0.347442627,-1.76742542,0.0914406106,-1.32353842,20,0.699999988,0,0.0235526655,0.023145413,1
1751,8.756147,0.474113792,0.487986147,0.525886178,2.14508057,0.523681581,-2.66876221,0.0920265391,-1.22273922,20,0.699999988,0,0.0323385522,0.0323385522,1
1752,8.761162,0.467137128,0.484887421,0.532563031,2.91046143,0.553893983,-3.46435547,0.0937936902,-1.12194002,20,0.699999988,0,0.0412883051,0.0412883051,1
1753,8.766142,0.460750163,0.481784075,0.539249837,3.68087769,0.226593003,-3.9074707,0.0988327563,-1.02594078,20,0.699999988,0,0.0497667938,0.0497667938,1
1754,8.771237,0.45421052,0.478865683,0.545538187,2.21054053,-0.287017792,-1.92352271,0.114667132,-0.920340598,20,0.699999988,0,0.057740055,0.057740055,1
1755,8.776141,0.448594272,0.476142496,0.551405668,2.29110718,4.26498365,-6.55609083,0.156706959,-0.824340165,20,0.699999988,0,0.0651798248,0.0651798248,1
1756,8.781143,0.443239629,0.473657429,0.556760371,5.35766554,0.941619813,-6.28417969,0.171702281,-0.72353971,20,0.699999988,0,0.0719692633,0.0717225745,1
1757,8.786163,0.43840301,0.471412748,0.56159699,5.44326782,1.73217762,-7.17544556,0.159995273,-0.622739255,20,0.699999988,0,0.0777070373,0.0777070373,1
1758,8.791153,0.434176892,0.469585121,0.565535009,5.69000196,2.06451416,-7.75451612,0.161312461,-0.521938801,20,0.699999988,0,0.0830950215,0.0830950215,1
1759,8.796155,0.430868208,0.467915833,0.569131792,6.1280818,1.95877051,-8.08685207,0.16133824,-0.425938845,20,0.699999988,0,0.087655589,0.087655589,1
1760,8.801140,0.42796272,0.466567367,0.57203722,6.27914429,2.20550537,-8.48464966,0.16015695,-0.325139016,20,0.699999988,0,0.0913395807,0.0913395807,1
1761,8.806162,0.425840616,0.46558252,0.574159384,6.42517042,2.31124854,-8.73641872,0.160571769,-0.224339098,20,0.699999988,0,0.0940303355,0.0940303355,1
1762,8.811148,0.424407005,0.464917153,0.575592935,6.57623243,2.28607154,-8.86230373,0.160754651,-0.123538963,20,0.699999988,0,0.0957127064,0.0957127064,1
1763,8.816153,0.423861742,0.464664131,0.576138318,6.64169264,2.32635498,-8.9680481,0.160710126,-0.0227389783,20,0.699999988,0,0.096371606,0.096371606,1
1764,8.821139,0.423999131,0.464727879,0.576000869,6.62658644,2.32635498,-8.95294189,0.160710126,0.0780610144,20,0.699999988,0,0.0963652581,0.0963652581,1
1765,8.826158,0.4250229,0.465203017,0.57497716,6.53594923,2.28103638,-8.81698608,0.160710126,0.174061075,20,0.699999988,0,0.0950671732,0.0950671732,1
1766,8.831146,0.426745832,0.466002613,0.573254168,6.39999342,2.24075317,-8.64074707,0.160710126,0.274861127,20,0.699999988,0,0.0928825587,0.0928825587,1
1767,8.836157,0.429270148,0.467174143,0.570729792,6.1885066,2.15515137,-8.34365845,0.160710126,0.375660956,20,0.699999988,0,0.0896818414,0.0896818414,1
1768,8.841146,0.43256259,0.468702167,0.567437351,5.93673658,2.07962036,-8.01635742,0.160710126,0.476460785,20,0.699999988,0,0.0857189968,0.0857189968,1
1769,8.846161,0.43647635,0.470518559,0.56352365,5.60440063,1.93359351,-7.53799438,0.160710126,0.57726109,20,0.699999988,0,0.0809281319,0.0809281319,1
1770,8.851137,0.440751791,0.472502798,0.559248149,5.20156813,1.79260242,-6.99417067,0.160651535,0.678061545,20,0.699999988,0,0.0751236826,0.0751236826,1
1771,8.856154,0.445827425,0.474858403,0.554172516,4.75845337,1.62643433,-6.3848877,0.160576493,0.774061978,20,0.699999988,0,0.0686880648,0.0686880648,1
1772,8.861140,0.451492608,0.477487624,0.548507333,4.25994873,1.42501819,-5.68496704,0.160475701,0.874862432,20,0.699999988,0,0.0615049005,0.0615049005,1
1773,8.866162,0.457743406,0.480388641,0.542256594,3.70101905,1.21856678,-4.9195857,0.160356134,0.975662887,20,0.699999988,0,0.0535792075,0.0535792075,1
1774,8.871147,0.464237213,0.483402431,0.535762787,3.15216041,1.00204468,-4.15420532,0.160208434,1.07646239,20,0.699999988,0,0.0457506329,0.0457506329,1
1775,8.876161,0.47115162,0.486611426,0.52884841,2.52273536,0.77041626,-3.29315162,0.159938842,1.17726159,20,0.699999988,0,0.0369735248,0.0369735248,1
1776,8.881146,0.478018045,0.489798129,0.521981955,1.88827503,0.50857538,-2.39685035,0.159598917,1.27806079,20,0.699999988,0,0.0278719924,0.0278719924,1
1777,8.886174,0.485395581,0.493222058,0.51460439,1.21353137,0.241699189,-1.45523059,0.159097254,1.37886,20,0.699999988,0,0.0185176525,0.0185176525,1
1778,8.891162,0.492932767,0.496720076,0.507067204,0.51864624,-0.0201416016,-0.498504639,0.158241883,1.47485924,20,0.699999988,0,0.00896087941,0.00896087941,1
1779,8.896162,0.50051868,0.500240743,0.49948135,-0.0100708008,-0.166168213,0.176239014,0.156596601,1.57565844,20,0.699999988,0,-0.00065765332,-0.00065765332,4
1780,8.901154,0.508104801,0.50376147,0.491895199,-0.271911591,-0.443115205,0.715026796,0.153392702,1.67645764,20,0.699999988,0,-0.00981209148,-0.00981209148,4
1781,8.906147,0.51559633,0.507238269,0.48476994,-0.715026796,-0.795593143,1.51061988,0.150680974,1.77725685,20,0.699999988,0,-0.0193109401,-0.0193109401,4
1782,8.911165,0.522954524,0.510484636,0.477408737,-0.745239198,-1.09771717,1.8429563,0.141315326,1.87805605,20,0.699999988,0,-0.0286445767,-0.0286445767,4
1783,8.916143,0.529686809,0.513777733,0.470313221,-1.16821277,0.100708,1.06750476,0.122478575,1.97405529,20,0.699999988,0,-0.0376413465,-0.0376413465,4
1784,8.921159,0.53655827,0.51696676,0.46344173,-4.20959473,0.589141846,3.62045288,0.0952442065,2.07485628,20,0.699999988,0,-0.0463540144,-0.0463540144,4
1785,8.926148,0.543080091,0.519993544,0.456919879,-3.79669166,-1.46026611,5.2166748,0.08344578,2.17565799,20,0.699999988,0,-0.054623425,-0.054623425,4
1786,8.931157,0.549145401,0.522808433,0.45085457,-4.18945265,-1.83792114,6.02737379,0.0887778252,2.27645969,20,0.699999988,0,-0.0619133115,-0.0619133115,4
1787,8.936146,0.55467695,0.525375664,0.445618272,-4.9095149,-1.72714221,6.63665724,0.0897645205,2.3772614,20,0.699999988,0,-0.068953231,-0.068953231,4
1788,8.941164,0.559701443,0.527603745,0.440522283,-5.26199341,-2.03933716,7.30133057,0.0895653069,2.47806311,20,0.699999988,0,-0.0754147321,-0.0754147321,4
1789,8.946159,0.563985467,0.529695749,0.436014533,-5.72021437,-2.08969092,7.80990505,0.0905285776,2.57406473,20,0.699999988,0,-0.0811303109,-0.0811303109,4
1790,8.951161,0.567912459,0.531518281,0.432087541,-6.06765699,-2.18536377,8.25302124,0.0904442221,2.67486644,20,0.699999988,0,-0.0861095488,-0.0861095488,4
1791,8.956137,0.570878565,0.53289485,0.429121435,-6.32949829,-2.32635498,8.62564087,0.0901348889,2.77566814,20,0.699999988,0,-0.0898704007,-0.0898509994,4
1792,8.961158,0.57347393,0.53409934,0.42652601,-6.55609083,-2.39685059,8.95294189,0.0901442468,2.87646985,20,0.699999988,0,-0.0928884745,-0.0928884745,4
1793,8.966138,0.575031459,0.534822226,0.425028414,-6.69204617,-2.44216919,9.13421535,0.0901442468,2.97727156,20,0.699999988,0,-0.0950601622,-0.0950601622,4
1794,8.971162,0.575948715,0.535208404,0.42413646,-6.76254225,-2.48748779,9.25003052,0.0901442468,3.07807326,20,0.699999988,0,-0.096191138,-0.096191138,4
1795,8.976140,0.576047242,0.535293639,0.423952729,-6.76757765,-2.49252319,9.26010132,0.0901442468,-3.10911059,20,0.699999988,0,-0.096424073,-0.096424073,4
1796,8.981162,0.575397193,0.53499198,0.424602807,-6.72225952,-2.46734595,9.18960571,0.0901442468,-3.00830889,20,0.699999988,0,-0.0955998078,-0.0955998078,4
1797,8.986141,0.574102163,0.534390926,0.425897777,-6.59637451,-2.41699219,9.01336575,0.0901442468,-2.90750718,20,0.699999988,0,-0.0939578488,-0.0939121023,4
1798,8.991255,0.571756482,0.533302307,0.428243518,-6.44027615,-2.36663818,8.80691433,0.0901442468,-2.80670547,20,0.699999988,0,-0.0909835696,-0.0909835696,4
1799,8.996145,0.568863034,0.531959414,0.430983096,-6.17340088,-2.26592994,8.43933105,0.0901442468,-2.70590377,20,0.699999988,0,-0.0875099301,-0.0875099301,4
1800,9.001143,0.565217376,0.530354023,0.43459627,-5.88134718,-2.14004493,8.02139187,0.0901442468,-2.60510206,20,0.699999988,0,-0.0829286203,-0.0829286203,4
1801,9.006181,0.561232388,0.528418064,0.438767612,-5.52383375,-2.01415992,7.53799343,0.0901442468,-2.50430036,20,0.699999988,0,-0.0776395872,-0.0776395872,4
1802,9.011141,0.556248784,0.526105165,0.443751216,-5.09078979,-1.85302722,6.94381714,0.0901442468,-2.40829873,20,0.699999988,0,-0.0713206008,-0.0713206008,4
1803,9.016160,0.550802052,0.523577332,0.449197978,-4.60235548,-1.65664661,6.25900221,0.0901442468,-2.30749702,20,0.699999988,0,-0.0644143894,-0.0644143894,4
1804,9.021146,0.54481262,0.52079761,0.45518738,-4.09378052,-1.49551392,5.58929443,0.0901442468,-2.20669532,20,0.699999988,0,-0.0572367832,-0.0572367832,4
1805,9.026157,0.538419247,0.517830431,0.461580753,-3.52981544,-1.27899158,4.8088069,0.0901442468,-2.10589361,20,0.699999988,0,-0.0490298085,-0.0490298085,4
1806,9.031145,0.532027245,0.514863908,0.467972755,-2.90542579,-1.04232776,3.94775343,0.0902778432,-2.00509191,20,0.699999988,0,-0.04060895,-0.04060895,4
1807,9.036158,0.524906218,0.51155901,0.475093752,-2.24075317,-0.810699403,3.05145264,0.0903645679,-1.90909255,20,0.699999988,0,-0.0315798633,-0.0315798633,4
1808,9.041147,0.517609835,0.50817275,0.482390165,-1.58615112,-0.569000244,2.15515137,0.0905122682,-1.80829334,20,0.699999988,0,-0.0223283507,-0.0223283507,4
1809,9.046157,0.510134816,0.504703581,0.489865154,-0.871124148,-0.302124023,1.17324817,0.0907021239,-1.70749414,20,0.699999988,0,-0.0128504569,-0.0128504569,4
1810,9.051147,0.502552807,0.501184762,0.497447193,-0.211486802,-0.140991211,0.352478027,0.0910068005,-1.60669494,20,0.699999988,0,-0.00369802886,-0.00369802886,4
1811,9.056158,0.494957179,0.497659624,0.505042851,0.135955796,-0.0352478027,-0.100707993,0.091250509,-1.50589573,20,0.699999988,0,0.00593131687,0.00593131687,1
1812,9.061145,0.487767905,0.494323075,0.512232125,0.840911746,0.176238999,-1.01715076,0.0913771093,-1.40509653,20,0.699999988,0,0.0155096948,0.0155096948,1
1813,9.066163,0.480341196,0.490876317,0.519658804,1.5710448,0.392761201,-1.96380603,0.0914685428,-1.30909729,20,0.699999988,0,0.0249263607,0.0249263607,1
1814,9.071148,0.473136008,0.487532377,0.526863992,2.29110718,0.548858583,-2.83996582,0.0922396258,-1.20829809,20,0.699999988,0,0.0340621844,0.0340621844,1
1815,9.076159,0.466187507,0.484307587,0.533812523,3.0615232,0.533752382,-3.59527564,0.0942857116,-1.10749888,20,0.699999988,0,0.0428725407,0.0428725407,1
1816,9.081144,0.459484309,0.481196612,0.540515721,3.75137305,0.0906371996,-3.84201026,0.0996107236,-1.00669968,20,0.699999988,0,0.0509833246,0.0509833246,1
1817,9.086164,0.453349739,0.478349537,0.546650231,1.41998279,0.246734604,-1.66671741,0.12049824,-0.905899286,20,0.699999988,0,0.0588836521,0.0588836521,1
1818,9.091138,0.447758228,0.475754499,0.552241743,3.17733765,3.63052368,-6.80786133,0.165828705,-0.805098832,20,0.699999988,0,0.0662399158,0.0662399158,1
1819,9.096161,0.442477763,0.473303825,0.557522178,5.48858643,0.916442752,-6.4050293,0.168481871,-0.709098399,20,0.699999988,0,0.0729352608,0.0729352608,1
1820,9.101138,0.437773347,0.471120507,0.562226653,5.39291382,1.89834583,-7.29125977,0.159688115,-0.608297944,20,0.699999988,0,0.0789002404,0.0789002404,1
1821,9.106162,0.433639556,0.469202012,0.566360414,5.82092285,1.97891223,-7.79983521,0.161809191,-0.507497489,20,0.699999988,0,0.0841416493,0.0841416493,1
1822,9.111138,0.430280715,0.467643172,0.569719255,6.17340088,2.01415992,-8.18756104,0.161007687,-0.406697631,20,0.699999988,0,0.0883611962,0.0883611962,1
1823,9.116168,0.427511811,0.466358095,0.572488129,6.29425001,2.22564673,-8.51989651,0.160189688,-0.305897802,20,0.699999988,0,0.0918464735,0.0918464735,1
1824,9.121178,0.425592303,0.465445638,0.574454308,6.48559523,2.28607154,-8.77166653,0.160611525,-0.205097824,20,0.699999988,0,0.0944042504,0.0944042504,1
1825,9.126143,0.424281627,0.464858979,0.575718343,6.58630323,2.28607154,-8.87237453,0.160710007,-0.109097719,20,0.699999988,0,0.0960070491,0.0960070491,1
1826,9.131153,0.423908949,0.464686036,0.576091051,6.62658644,2.33642554,-8.96301174,0.160710007,-0.00829773396,20,0.699999988,0,0.0964795947,0.0964795947,1
1827,9.136141,0.424185336,0.464814276,0.575814605,6.61651516,2.31628418,-8.89251709,0.160710007,0.0925022587,20,0.699999988,0,0.0961291194,0.0962502062,1
1828,9.141161,0.425354183,0.465356737,0.574645758,6.53594923,2.28607154,-8.82202053,0.160710007,0.193302348,20,0.699999988,0,0.0948130041,0.0948130041,1
1829,9.146138,0.427159905,0.466173232,0.572886467,6.37985229,2.23068237,-8.61053467,0.160710007,0.294102341,20,0.699999988,0,0.0924163982,0.0924163982,1
1830,9.151154,0.429625392,0.467339009,0.570374548,6.143188,2.14508057,-8.28826904,0.160710007,0.39490217,20,0.699999988,0,0.0892314017,0.0892314017,1
1831,9.156143,0.433020324,0.468914628,0.566979706,5.86120558,2.03933716,-7.90054274,0.160710007,0.490902007,20,0.699999988,0,0.0849268287,0.0849268287,1
1832,9.161154,0.436980695,0.470752627,0.563019276,5.50872755,1.90841663,-7.4171443,0.160710007,0.591702402,20,0.699999988,0,0.0799052715,0.0799052715,1
1833,9.166147,0.441628426,0.472909659,0.558371603,5.1109314,1.75231934,-6.89849758,0.160710007,0.692502856,20,0.699999988,0,0.0740121976,0.0743073151,1
1834,9.171161,0.446903884,0.475358009,0.553096116,4.68292189,1.60125721,-6.28417921,0.160524815,0.793303311,20,0.699999988,0,0.0677071437,0.0677071437,1
1835,9.176161,0.452661902,0.478030324,0.547338128,4.17434692,1.40487659,-5.57922363,0.160468549,0.894103765,20,0.699999988,0,0.0603330173,0.0603330173,1
1836,9.181161,0.458586067,0.480779707,0.541413903,3.615417,1.17828369,-4.7937007,0.160334915,0.99490422,20,0.699999988,0,0.0525107346,0.0525107346,1
1837,9.186140,0.465231985,0.483864099,0.534767985,3.0413816,0.961761415,-4.00314283,0.160210639,1.09090352,20,0.699999988,0,0.0440840721,0.0440840721,1
1838,9.191161,0.472186148,0.487091541,0.527813852,2.40188599,0.715026796,-3.11691284,0.159962147,1.19170272,20,0.699999988,0,0.0352665633,0.0352665633,1
1839,9.196137,0.479411244,0.49044475,0.520588815,1.75735462,0.478363007,-2.25585937,0.159594089,1.29250193,20,0.699999988,0,0.0265255813,0.0265255813,1
1840,9.201158,0.486822993,0.493884534,0.513176978,1.10778797,0.201416001,-1.30920398,0.158991724,1.39330113,20,0.699999988,0,0.0171321109,0.0171321109,1
1841,9.206147,0.494372934,0.497388482,0.505987763,0.433044404,-0.0503540002,-0.3826904,0.158028528,1.49410033,20,0.699999988,0,0.007592218,0.007592218,1
1842,9.211152,0.501606286,0.500745475,0.498393714,-0.0302123986,-0.171203613,0.201416016,0.156605855,1.59489954,20,0.699999988,0,-0.00203670282,-0.00203670282,4
1843,9.216142,0.509186804,0.50426358,0.490813166,-0.377654999,-0.493469208,0.871124208,0.152865231,1.69089878,20,0.699999988,0,-0.0116484156,-0.0116484156,4
1844,9.221163,0.51667279,0.507737875,0.48332718,-0.750274599,-0.89126581,1.64154041,0.148311362,1.79169798,20,0.699999988,0,-0.021140296,-0.021140296,4
1845,9.226142,0.523970246,0.511124611,0.476029754,-0.704955995,-1.06246936,1.7774961,0.138884827,1.89249718,20,0.699999988,0,-0.0303930622,-0.0299094096,4
1846,9.231180,0.531062543,0.514416158,0.468937457,-1.69189441,0.322265625,1.21856689,0.11814265,1.99329638,20,0.699999988,0,-0.0389042757,-0.0389042757,4
1847,9.236141,0.537820637,0.51740706,0.462492913,-4.29519606,0.221557602,4.07363844,0.0917988941,2.09409785,20,0.699999988,0,-0.0475570597,-0.0475570597,4
1848,9.241141,0.543900788,0.520374417,0.456099212,-3.74130201,-1.64154029,5.38284206,0.0835301653,2.19489956,20,0.699999988,0,-0.0556639582,-0.0556639582,4
1849,9.246153,0.549969971,0.523191154,0.450029999,-4.36065626,-1.78253162,6.143188,0.0894481242,2.29090118,20,0.699999988,0,-0.0633594245,-0.0633594245,4
1850,9.251142,0.555425048,0.525722861,0.444574952,-4.96490479,-1.8077085,6.77261353,0.0895418674,2.39170289,20,0.699999988,0,-0.0702761561,-0.0702761561,4
1851,9.256163,0.560366511,0.52801621,0.439633489,-5.35766554,-2.05947876,7.38189602,0.0898324922,2.4925046,20,0.699999988,0,-0.0765416771,-0.0765416771,4
1852,9.261148,0.564702451,0.530028522,0.435297549,-5.80581617,-2.09472632,7.90054226,0.0904160887,2.5933063,20,0.699999988,0,-0.0818654224,-0.0818654224,4
1853,9.266156,0.568499267,0.531790614,0.431714058,-6.11801147,-2.21054053,8.32855225,0.0903246924,2.69410801,20,0.699999988,0,-0.0865830928,-0.0865830928,4
1854,9.271141,0.571318924,0.533099234,0.428681046,-6.36474514,-2.34649634,8.71124172,0.0901067331,2.79010963,20,0.699999988,0,-0.0904288143,-0.0904288143,4
1855,9.276159,0.573572338,0.534145057,0.426427662,-6.56112623,-2.40692139,8.9680481,0.0901442245,2.89091134,20,0.699999988,0,-0.0932860076,-0.0932860076,4
1856,9.281145,0.575323641,0.534957826,0.424676389,-6.68701124,-2.44720435,9.13421535,0.0901442245,2.99171305,20,0.699999988,0,-0.0955065116,-0.0955065116,4
1857,9.286160,0.575884759,0.535218239,0.424115241,-6.77261305,-2.48245239,9.26010132,0.0901442245,3.09251475,20,0.699999988,0,-0.0962180272,-0.0962733626,4
1858,9.291149,0.57592088,0.535234988,0.42407909,-6.77764845,-2.47741675,9.25506496,0.0901442245,-3.08986902,20,0.699999988,0,-0.0962875634,-0.0962875634,4
1859,9.296156,0.575124502,0.534865379,0.424758911,-6.72225952,-2.45727539,9.17953491,0.0901442245,-2.98906732,20,0.699999988,0,-0.0954018533,-0.0954018533,4
1860,9.301144,0.57377696,0.534240007,0.426223069,-6.58630323,-2.41699219,9.0032959,0.0901442245,-2.88826561,20,0.699999988,0,-0.0935453922,-0.0935453922,4
1861,9.306162,0.571327925,0.533103406,0.428672075,-6.37985229,-2.34146094,8.72131348,0.0901442245,-2.79226398,20,0.699999988,0,-0.0904402062,-0.0904402062,4
1862,9.311149,0.568446159,0.531765997,0.431553841,-6.1280818,-2.24075317,8.36883545,0.0901442245,-2.69146228,20,0.699999988,0,-0.0867862552,-0.0867862552,4
1863,9.316157,0.564543068,0.529954553,0.435456991,-5.80581617,-2.11486816,7.96096754,0.0901442245,-2.59066057,20,0.699999988,0,-0.0818372667,-0.0822123587,4
1864,9.321141,0.56030488,0.527987599,0.43969515,-5.45333815,-1.97891223,7.4322505,0.0901442245,-2.48985887,20,0.699999988,0,-0.0766814128,-0.0766814128,4
1865,9.326165,0.555259526,0.525646031,0.444446594,-5.01525879,-1.82785022,6.84310913,0.0901442245,-2.38905716,20,0.699999988,0,-0.070438914,-0.070438914,4
1866,9.331138,0.549863338,0.523141623,0.450136602,-4.54193115,-1.64657581,6.18850708,0.0901442245,-2.29305553,20,0.699999988,0,-0.0632242262,-0.0632242262,4
1867,9.336165,0.543963194,0.520403385,0.456036747,-3.97796631,-1.44012439,5.41809082,0.0901442245,-2.18745375,20,0.699999988,0,-0.055743169,-0.055743169,4
1868,9.341160,0.537444711,0.517378151,0.462555289,-3.40896559,-1.2286377,4.63760328,0.0901442245,-2.09145212,20,0.699999988,0,-0.0474779867,-0.0474779867,4
1869,9.346138,0.530677617,0.514237523,0.469322383,-2.78961158,-0.991973877,3.82690382,0.0902778208,-1.99065065,20,0.699999988,0,-0.038897641,-0.038897641,4
1870,9.351158,0.523549736,0.510929465,0.476450264,-2.16522217,-0.77041626,2.93563843,0.0903856456,-1.88985145,20,0.699999988,0,-0.0302718803,-0.0302718803,4
1871,9.356137,0.516534805,0.50767386,0.483465225,-1.4904784,-0.533752382,2.02423072,0.0905122459,-1.78905225,20,0.699999988,0,-0.0209652688,-0.0209652688,4
1872,9.361155,0.509053707,0.504201829,0.490946293,-0.760345399,-0.276946992,1.03729236,0.0907887965,-1.68825305,20,0.699999988,0,-0.0114796115,-0.0114796115,4
1873,9.366147,0.501467288,0.500680983,0.498532712,-0.135955796,-0.115814202,0.25176999,0.0910559371,-1.5922538,20,0.699999988,0,-0.00186043349,-0.00186043349,4
1874,9.371160,0.493871212,0.497155637,0.506128848,0.276946992,0.0151061993,-0.292053193,0.0912574604,-1.4914546,20,0.699999988,0,0.00777102867,0.00777102867,1
1875,9.376140,0.486349255,0.493664682,0.513650775,0.946655154,0.201416001,-1.14807117,0.0914051607,-1.3906554,20,0.699999988,0,0.0168437753,0.0168437753,1
1876,9.381161,0.478926957,0.49021998,0.521073103,1.65664661,0.422973603,-2.07962012,0.0914825276,-1.2898562,20,0.699999988,0,0.0262783021,0.0262783021,1
1877,9.386148,0.471763462,0.487040848,0.527923048,2.40692139,0.558929443,-2.96585083,0.0923965722,-1.18905699,20,0.699999988,0,0.0354050398,0.0354050398,1
1878,9.391155,0.46519053,0.483844876,0.53480947,3.18237257,0.498504579,-3.68087721,0.0947871953,-1.08825779,20,0.699999988,0,0.0441366285,0.0441366285,1
1879,9.396290,0.458231568,0.480615199,0.541768432,3.76647925,-0.0251770001,-3.74130225,0.1014833,-0.987458408,20,0.699999988,0,0.0525337607,0.0525337607,1
1880,9.401156,0.452499062,0.477954745,0.547500968,0.483398378,1.42501819,-1.90841651,0.126371607,-0.891457975,20,0.699999988,0,0.0602287836,0.0602287836,1
1881,9.406144,0.446673334,0.475250989,0.553326607,3.99307227,2.95074439,-6.75750732,0.170926303,-0.79065752,20,0.699999988,0,0.0673426539,0.0673426539,1
1882,9.411163,0.441447914,0.472825885,0.558552146,5.54901075,0.981903017,-6.53091383,0.166032568,-0.689857066,20,0.699999988,0,0.0739474297,0.0739474297,1
1883,9.416138,0.437054604,0.470786929,0.562945366,5.42312574,1.96884143,-7.3919673,0.159746632,-0.589056611,20,0.699999988,0,0.0798115507,0.0798115507,1
1884,9.421158,0.433224589,0.469009429,0.566775441,5.86120558,1.98898315,-7.85018873,0.161879405,-0.488256246,20,0.699999988,0,0.0846678391,0.0846678391,1
1885,9.426138,0.429685503,0.467366934,0.570314527,6.1784358,2.05444312,-8.23287868,0.160620868,-0.392256409,20,0.699999988,0,0.089155212,0.089155212,1
1886,9.431155,0.427072585,0.466154277,0.572927415,6.31942701,2.25585937,-8.57528687,0.160170838,-0.29145658,20,0.699999988,0,0.0924682468,0.0924682468,1
1887,9.436148,0.42519635,0.465283483,0.574803591,6.4956665,2.28607154,-8.77670193,0.160747379,-0.190656558,20,0.699999988,0,0.0946049243,0.0946049243,1
1888,9.441156,0.424200803,0.464821488,0.575799227,6.60644531,2.30117774,-8.90762329,0.160709932,-0.0898564756,20,0.699999988,0,0.0960678458,0.0960678458,1
1889,9.446150,0.423913836,0.464628875,0.576214135,6.62658644,2.33139038,-8.95797729,0.160709932,0.0109435115,20,0.699999988,0,0.0966356844,0.0966356844,1
1890,9.451174,0.424297065,0.464866161,0.575702965,6.59637451,2.30117774,-8.89755249,0.160709932,0.111743502,20,0.699999988,0,0.0959874913,0.0959874913,1
1891,9.456163,0.425575286,0.465459377,0.574424744,6.4956665,2.26592994,-8.76159668,0.160709932,0.207743615,20,0.699999988,0,0.0943667665,0.0943667665,1
1892,9.461137,0.427547485,0.466374665,0.572452486,6.32949829,2.21557593,-8.54507446,0.160709932,0.308543563,20,0.699999988,0,0.0918660983,0.0918660983,1
1893,9.466160,0.430312008,0.467657685,0.569687963,6.09283447,2.12493873,-8.23287964,0.160709932,0.409343392,20,0.699999988,0,0.0883608311,0.0886169747,1
1894,9.471144,0.433671027,0.469216615,0.566329002,5.80581617,2.01919556,-7.82501173,0.160709932,0.51014328,20,0.699999988,0,0.0843278691,0.0843278691,1
1895,9.476153,0.437810779,0.471087754,0.562297165,5.45837355,1.88323963,-7.34161329,0.160709932,0.610943735,20,0.699999988,0,0.0789896548,0.0789896548,1
1896,9.481138,0.442383558,0.473260105,0.557616413,5.05050611,1.72714221,-6.77764845,0.160559908,0.706944168,20,0.699999988,0,0.073054716,0.073054716,1
1897,9.486152,0.447691411,0.475723505,0.552308619,4.57717848,1.5509032,-6.1280818,0.160576299,0.807744622,20,0.699999988,0,0.0663246363,0.0663246363,1
1898,9.491142,0.453596562,0.478464097,0.546403408,4.06860304,1.35955799,-5.42816114,0.160405174,0.908545077,20,0.699999988,0,0.0588371865,0.0588371865,1
1899,9.496160,0.459780842,0.481334239,0.540219188,3.50463867,1.15814209,-4.71313477,0.16031374,1.00934541,20,0.699999988,0,0.0509958602,0.0512613915,1
1900,9.501149,0.466502756,0.484453887,0.533497274,2.94570899,0.926513612,-3.87222266,0.160151973,1.11014462,20,0.699999988,0,0.0428504273,0.0428504273,1
1901,9.506157,0.473521143,0.48756358,0.526796699,2.33642554,0.694885254,-3.0313108,0.159875348,1.21094382,20,0.699999988,0,0.0339768864,0.0339768864,1
1902,9.511155,0.48047775,0.490939707,0.51952225,1.65161133,0.417938203,-2.06954956,0.159436956,1.31174302,20,0.699999988,0,0.0247532278,0.0247532278,1
1903,9.516153,0.487907261,0.494387746,0.512092769,0.976867676,0.151062012,-1.12792969,0.158879146,1.40774226,20,0.699999988,0,0.0153329819,0.0153329819,1
1904,9.521137,0.495459586,0.497892797,0.504540443,0.302124023,-0.0755310059,-0.26184082,0.157817483,1.50854146,20,0.699999988,0,0.00575701986,0.00575701986,1
1905,9.526156,0.50306046,0.501420379,0.49693957,-0.0704956055,-0.201416001,0.25176999,0.155740887,1.60934067,20,0.699999988,0,-0.00388048473,-0.00341330259,4
1906,9.531142,0.510634065,0.504935265,0.489365935,-0.458221376,-0.543823183,1.00204456,0.152262792,1.71013987,20,0.699999988,0,-0.0130074611,-0.0130074611,4
1907,9.536163,0.518084705,0.508393109,0.482266843,-0.775451601,-0.946655154,1.7221067,0.147329256,1.81093907,20,0.699999988,0,-0.0224847384,-0.0224847384,4
1908,9.541149,0.524979115,0.511592865,0.475020885,-0.674743593,-0.961761415,1.63650501,0.138078466,1.90693831,20,0.699999988,0,-0.0316722691,-0.0316722691,4
1909,9.546263,0.53237915,0.515027225,0.46762085,-2.19039917,0.674743593,1.51565552,0.11382772,2.01253772,20,0.699999988,0,-0.0406072512,-0.0406072512,4
1910,9.551144,0.538790166,0.51800257,0.461209834,-4.31030273,-0.135955796,4.44625854,0.0888128877,2.10853934,20,0.699999988,0,-0.049183961,-0.049183961,4
1911,9.556149,0.54518199,0.520969033,0.45481801,-3.76144385,-1.74728382,5.48355055,0.0838371068,2.20934105,20,0.699999988,0,-0.0568726994,-0.0568726994,4
1912,9.561156,0.551052094,0.523693383,0.448947906,-4.48150635,-1.7422483,6.22375488,0.089431636,2.31014276,20,0.699999988,0,-0.0643914491,-0.0643914491,4
1913,9.566154,0.556449652,0.526064754,0.443838209,-5.00015211,-1.85806262,6.85821486,0.0893847421,2.41094446,20,0.699999988,0,-0.071210295,-0.071210295,4
1914,9.571163,0.561117768,0.528364837,0.438882202,-5.41305494,-2.06954932,7.48260403,0.0900901929,2.51174617,20,0.699999988,0,-0.0774942562,-0.0774942562,4
1915,9.576142,0.565316796,0.530313611,0.434683204,-5.85113478,-2.08969092,7.94082546,0.0905566141,2.60774779,20,0.699999988,0,-0.0828183889,-0.0828183889,4
1916,9.581162,0.568908393,0.531980515,0.431091607,-6.1532588,-2.23571777,8.38897705,0.0902308673,2.7085495,20,0.699999988,0,-0.0873723626,-0.0873723626,4
1917,9.586138,0.571805835,0.533325195,0.428194135,-6.36978149,-2.35153174,8.72131348,0.0901441574,2.80935121,20,0.699999988,0,-0.0908951685,-0.0908951685,4
1918,9.591154,0.573978305,0.534333467,0.426021725,-6.57623243,-2.40692139,8.9831543,0.0901441574,2.91015291,20,0.699999988,0,-0.0937706605,-0.0937706605,4
1919,9.596144,0.575354874,0.53497231,0.424645066,-6.70211744,-2.46231055,9.16442776,0.0901441574,3.01095462,20,0.699999988,0,-0.0955462232,-0.0955462232,4
1920,9.601154,0.576052129,0.535295904,0.423947871,-6.74743652,-2.48245239,9.22988892,0.0901441574,3.10695624,20,0.699999988,0,-0.0964302123,-0.0964302123,4
1921,9.606142,0.575915754,0.535232604,0.424084246,-6.76254225,-2.47741675,9.23995876,0.0901441574,-3.07542753,20,0.699999988,0,-0.0962573141,-0.0962573141,4
1922,9.611156,0.574886739,0.534755051,0.425113231,-6.68197584,-2.45727539,9.13925171,0.0901441574,-2.97462583,20,0.699999988,0,-0.0949526131,-0.0949526131,4
1923,9.616145,0.573280454,0.534009576,0.426719487,-6.56112623,-2.40188599,8.9630127,0.0901441574,-2.87382412,20,0.699999988,0,-0.0928870291,-0.0928870291,4
1924,9.621160,0.570927024,0.532917321,0.429072946,-6.34460449,-2.32131934,8.66592407,0.0901441574,-2.77302241,20,0.699999988,0,-0.0900985375,-0.0900985375,4
1925,9.626161,0.567738771,0.531514168,0.432096332,-6.06262159,-2.21557593,8.27819729,0.0901441574,-2.67222071,20,0.699999988,0,-0.0860983953,-0.0860983953,4
1926,9.631153,0.564117193,0.529756904,0.435882807,-5.73532057,-2.09472632,7.83004665,0.0901441574,-2.57621908,20,0.699999988,0,-0.0812973827,-0.0812973827,4
1927,9.636146,0.55958277,0.527652442,0.4404172,-5.36270142,-1.94869983,7.31140137,0.0901441574,-2.47541738,20,0.699999988,0,-0.0755479559,-0.0755479559,4
1928,9.641155,0.554459333,0.525274634,0.445540637,-4.92462111,-1.78756702,6.71218824,0.0901441574,-2.37461567,20,0.699999988,0,-0.0690516904,-0.0690516904,4
1929,9.646145,0.548879504,0.522685051,0.451120496,-4.44122267,-1.61132801,6.05255079,0.0901441574,-2.27381396,20,0.699999988,0,-0.0623790063,-0.0623790063,4
1930,9.651143,0.542768657,0.519849002,0.457231343,-3.89739966,-1.41998279,5.31738234,0.0901441574,-2.17301226,20,0.699999988,0,-0.0546083748,-0.0546083748,4
1931,9.656157,0.536204636,0.516977847,0.463417858,-3.30825758,-1.19338977,4.50164747,0.0901441574,-2.07221055,20,0.699999988,0,-0.0463843085,-0.0463843085,4
1932,9.661145,0.529652476,0.513761759,0.470347524,-2.67883277,-0.971832216,3.65066504,0.0902777538,-1.97620952,20,0.699999988,0,-0.0375978276,-0.0375978276,4
1933,9.666157,0.522510767,0.510447264,0.477489203,-2.03430152,-0.730133057,2.76443458,0.0904066786,-1.87541032,20,0.699999988,0,-0.0285425298,-0.0285425298,4
1934,9.671142,0.515128314,0.50702107,0.484871715,-1.34445179,-0.488433838,1.86813354,0.0905238762,-1.77461112,20,0.699999988,0,-0.019181883,-0.019181883,4
1935,9.676162,0.5076105,0.503532052,0.49238953,-0.63446039,-0.246734604,0.916442811,0.0907723159,-1.67381191,20,0.699999988,0,-0.00964969583,-0.0101064844,4
1936,9.681155,0.500015259,0.500007093,0.499984741,-0.105743401,-0.0956726,0.201416001,0.0911777318,-1.57301271,20,0.699999988,0,-0.00047814718,-0.00047814718,1
1937,9.686157,0.492432177,0.496654779,0.50720793,0.357513398,0.0251770001,-0.3826904,0.0912925676,-1.47221351,20,0.699999988,0,0.00913928449,0.00913928449,1
1938,9.691145,0.485280395,0.493168622,0.514719665,1.06750476,0.25176999,-1.31927478,0.0914191678,-1.37621427,20,0.699999988,0,0.0186637286,0.0186637286,1
1939,9.696158,0.477918297,0.489751846,0.522081733,1.79260242,0.443115205,-2.23571754,0.0916043296,-1.27541506,20,0.699999988,0,0.0279984903,0.0279984903,1
1940,9.701147,0.470733136,0.486417204,0.529266894,2.53784156,0.569000244,-3.1068418,0.0926355794,-1.17461586,20,0.699999988,0,0.0371089131,0.0371089131,1
1941,9.706163,0.463851422,0.483223379,0.536148548,3.33343482,0.473327577,-3.77151489,0.0957293287,-1.07381666,20,0.699999988,0,0.0453937538,0.0453937538,1
1942,9.711136,0.457360268,0.480210841,0.542339921,3.71612525,-0.1863098,-3.52981544,0.103939481,-0.973017097,20,0.699999988,0,0.0536848567,0.0536848567,1
1943,9.716162,0.45134142,0.477546245,0.54838109,0.0402832031,2.67883277,-2.71911597,0.134171546,-0.872216642,20,0.699999988,0,0.0613447912,0.0613447912,1
1944,9.721147,0.445903748,0.474893838,0.554096222,4.45129347,2.05444312,-6.50573635,0.169362947,-0.776216209,20,0.699999988,0,0.0685912967,0.0685912967,1
1945,9.726156,0.440711051,0.472483903,0.559288919,5.54397583,1.19338977,-6.73736572,0.163916051,-0.675415754,20,0.699999988,0,0.0751753673,0.0751753673,1
1946,9.731159,0.436355501,0.470462501,0.563644528,5.42816114,2.05444312,-7.48260403,0.159830883,-0.5746153,20,0.699999988,0,0.0806980208,0.0806980208,1
1947,9.736156,0.432330668,0.468594551,0.567669332,5.93673658,1.94366443,-7.88040113,0.162029356,-0.473815024,20,0.699999988,0,0.0855205804,0.0855205804,1
1948,9.741143,0.429199725,0.467141479,0.570724785,6.193542,2.08465552,-8.27819729,0.160489529,-0.373015195,20,0.699999988,0,0.0896754414,0.0896754414,1
1949,9.746156,0.426885635,0.466067493,0.573114336,6.33956814,2.26592994,-8.60549831,0.160201177,-0.272215366,20,0.699999988,0,0.0927053019,0.0927053019,1
1950,9.751144,0.42505908,0.465219796,0.57494092,6.4956665,2.27096558,-8.76663208,0.160716876,-0.176215291,20,0.699999988,0,0.0950212851,0.0950212851,1
1951,9.756161,0.42405051,0.46475172,0.57594949,6.59637451,2.29614234,-8.89251709,0.160709903,-0.0754152313,20,0.699999988,0,0.0963000953,0.0963000953,1
1952,9.761150,0.423873961,0.464669794,0.576126039,6.58630323,2.32635498,-8.91265869,0.160709903,0.0253847558,20,0.699999988,0,0.0965239555,0.0965239555,1
1953,9.766167,0.4245933,0.46500361,0.575406671,6.58630323,2.30117774,-8.85223293,0.160709903,0.126184747,20,0.699999988,0,0.0956118554,0.0959039852,1
1954,9.771157,0.425893933,0.465607256,0.574106038,6.4704895,2.25585937,-8.72634888,0.160709903,0.226984888,20,0.699999988,0,0.094143495,0.094143495,1
1955,9.776149,0.427890807,0.466534019,0.572109222,6.25900221,2.20046997,-8.45947266,0.160709903,0.327784777,20,0.699999988,0,0.0914307907,0.0914307907,1
1956,9.781157,0.430758178,0.467864752,0.569241822,6.05758619,2.10983276,-8.16741943,0.160709903,0.423784614,20,0.699999988,0,0.087795116,0.087795116,1
1957,9.786172,0.434269845,0.469494522,0.565730155,5.74539137,1.99401832,-7.73940945,0.160709903,0.524584591,20,0.699999988,0,0.0833424926,0.0833424926,1
1958,9.791164,0.438499004,0.471457303,0.561501026,5.38787842,1.85302722,-7.24090576,0.160709903,0.625385046,20,0.699999988,0,0.0779801533,0.0779801533,1
1959,9.796141,0.443344951,0.473706305,0.556655049,4.98504639,1.69692981,-6.68197632,0.160566911,0.726185501,20,0.699999988,0,0.0720837712,0.0720837712,1
1960,9.801159,0.448757797,0.476218402,0.551242173,4.49157667,1.535797,-6.02737379,0.160576269,0.826985955,20,0.699999988,0,0.0653119162,0.0653119162,1
1961,9.806148,0.45442763,0.478849769,0.54557234,4.00314331,1.3343811,-5.33752441,0.160412177,0.92778641,20,0.699999988,0,0.0577834249,0.0577834249,1
1962,9.811153,0.46077618,0.481796145,0.53922379,3.44421363,1.11282337,-4.55703688,0.160292611,1.02378654,20,0.699999988,0,0.0497337952,0.0497337952,1
1963,9.816146,0.46751231,0.484922409,0.53248769,2.82989502,0.876159668,-3.70605469,0.160130844,1.12458575,20,0.699999988,0,0.041192729,0.041192729,1
1964,9.821153,0.474546403,0.488186955,0.525453627,2.19543433,0.629424989,-2.82485938,0.159819052,1.22538495,20,0.699999988,0,0.0322738923,0.0322738923,1
1965,9.826145,0.481868207,0.491585016,0.518131793,1.56097412,0.392761201,-1.95373535,0.159394726,1.32618415,20,0.699999988,0,0.0234167632,0.0234167632,1
1966,9.831152,0.48932451,0.495045483,0.511007547,0.881195009,0.100708,-0.981903017,0.158715054,1.42698336,20,0.699999988,0,0.0139570385,0.0139570385,1
1967,9.836143,0.496549934,0.498398811,0.503450096,0.1963806,-0.0856018066,-0.110778794,0.1575526,1.52778256,20,0.699999988,0,0.00437451666,0.00437451666,1
1968,9.841160,0.504142404,0.501922488,0.495857596,-0.0856018066,-0.271911591,0.357513398,0.155333042,1.6237818,20,0.699999988,0,-0.00525237015,-0.00525237015,4
1969,9.846147,0.511702359,0.505431116,0.488297671,-0.548858583,-0.589141846,1.13800049,0.151538521,1.724581,20,0.699999988,0,-0.0148379859,-0.0148379859,4
1970,9.851154,0.519155681,0.508890212,0.480844349,-0.780487061,-1.02722156,1.80770862,0.146054134,1.82538021,20,0.699999988,0,-0.0242884271,-0.0242884271,4
1971,9.856143,0.526383758,0.512244761,0.473616272,-0.669708192,-0.810699403,1.4804076,0.134384587,1.92617941,20,0.699999988,0,-0.0329963714,-0.0329963714,4
1972,9.861159,0.533359408,0.515482187,0.466640621,-2.76443458,0.89630121,1.86813331,0.10978926,2.02697921,20,0.699999988,0,-0.041851934,-0.041851934,4
1973,9.866148,0.539753258,0.518449545,0.460246712,-4.25994873,-0.407867402,4.66781616,0.0856017619,2.12778091,20,0.699999988,0,-0.0504051596,-0.0504051596,4
1974,9.871146,0.546052635,0.521373093,0.453947335,-3.78662062,-1.86309803,5.64971876,0.0856439844,2.22378254,20,0.699999988,0,-0.0583924316,-0.0583924316,4
1975,9.876163,0.551852107,0.52406466,0.448147893,-4.61242628,-1.68182349,6.29424953,0.0899611562,2.32458425,20,0.699999988,0,-0.0657458678,-0.0657458678,4
1976,9.881138,0.557171404,0.526533306,0.442828566,-5.07568312,-1.90841663,6.95388746,0.0893846005,2.42538595,20,0.699999988,0,-0.0724904537,-0.0722463503,4
1977,9.886165,0.561968684,0.528759778,0.438031346,-5.48355055,-2.07962036,7.56317091,0.0902588069,2.52618766,20,0.699999988,0,-0.0783067569,-0.0783067569,4
1978,9.891231,0.566044152,0.530651212,0.433955908,-5.91659498,-2.11990333,8.04656982,0.090533033,2.62698936,20,0.699999988,0,-0.0837405622,-0.0837405622,4
1979,9.896157,0.569471657,0.532241881,0.430528313,-6.19857788,-2.25082374,8.44940186,0.0901158825,2.72779107,20,0.699999988,0,-0.0880865455,-0.0880865455,4
1980,9.901145,0.572095156,0.533459485,0.427904844,-6.40502882,-2.37670875,8.78173733,0.0901440009,2.8237927,20,0.699999988,0,-0.0914129838,-0.0914129838,4
1981,9.906158,0.574280441,0.534473658,0.425719529,-6.62155151,-2.42706275,9.0486145,0.0901440009,2.9245944,20,0.699999988,0,-0.0941838622,-0.0941838622,4
1982,9.911141,0.575597107,0.535084724,0.424402893,-6.72225952,-2.46734595,9.20974636,0.0901440009,3.02539611,20,0.699999988,0,-0.0958532915,-0.0957214311,4
1983,9.916159,0.576085806,0.53531158,0.423914254,-6.76757765,-2.49252319,9.26010132,0.0901440009,3.12619781,20,0.699999988,0,-0.0964655504,-0.0964655504,4
1984,9.921145,0.575863719,0.535208464,0.424228728,-6.75750732,-2.47238135,9.22988892,0.0901440009,-3.05618596,20,0.699999988,0,-0.0960741118,-0.0960741118,4
1985,9.926155,0.574816167,0.534722328,0.425183892,-6.68701124,-2.44720435,9.13421535,0.0901440009,-2.95538425,20,0.699999988,0,-0.0948630422,-0.0948630422,4
1986,9.931139,0.572980225,0.53387022,0.427019745,-6.51580763,-2.39181495,8.90762234,0.0901440009,-2.85938263,20,0.699999988,0,-0.0925352424,-0.0925352424,4
1987,9.936155,0.570464373,0.532702625,0.429535687,-6.29928541,-2.31124854,8.61053371,0.0901440009,-2.75858092,20,0.699999988,0,-0.0893451795,-0.0893451795,4
1988,9.941139,0.567123771,0.531152248,0.432876229,-6.02233887,-2.20046997,8.21777344,0.0901440009,-2.65777922,20,0.699999988,0,-0.0851095021,-0.085532859,4
1989,9.946155,0.563216388,0.529338837,0.436783671,-5.69503784,-2.07458496,7.7696228,0.0901440009,-2.55697751,20,0.699999988,0,-0.0804098025,-0.0804098025,4
1990,9.951143,0.55861938,0.527334452,0.441102386,-5.29724073,-1.93359351,7.23083401,0.0901440009,-2.4561758,20,0.699999988,0,-0.0746791884,-0.0746791884,4
1991,9.956153,0.55373615,0.52493906,0.44626388,-4.83901978,-1.76239002,6.60140991,0.0901440009,-2.3553741,20,0.699999988,0,-0.0681347027,-0.0681347027,4
1992,9.961142,0.547999263,0.522276521,0.452000737,-4.34555054,-1.5760802,5.92163086,0.0901440009,-2.25937247,20,0.699999988,0,-0.0608605891,-0.0608605891,4
1993,9.966155,0.541861951,0.519428194,0.458138078,-3.79669166,-1.37969971,5.1763916,0.0901440009,-2.15857077,20,0.699999988,0,-0.0530787893,-0.0530787893,4
1994,9.971144,0.535242438,0.516356111,0.464757591,-3.19747901,-1.15814209,4.39590454,0.090268217,-2.05776906,20,0.699999988,0,-0.0446856022,-0.045055937,4
1995,9.976153,0.528287411,0.513128221,0.471712589,-2.58819556,-0.931549013,3.51974463,0.0902775973,-1.95696843,20,0.699999988,0,-0.0363805033,-0.0363805033,4
1996,9.981140,0.521119177,0.509962976,0.478532791,-1.93359351,-0.684814453,2.61840796,0.0904346555,-1.85616922,20,0.699999988,0,-0.0272193309,-0.0272193309,4
1997,9.986141,0.514047503,0.506519437,0.485952467,-1.25884998,-0.443115205,1.70196521,0.0906034186,-1.75537002,20,0.699999988,0,-0.0178115387,-0.0178115387,4
1998,9.991153,0.506519914,0.503025889,0.493480086,-0.523681581,-0.1963806,0.720062196,0.0908659175,-1.65937078,20,0.699999988,0,-0.00826692488,-0.00826692488,4
1999,9.996141,0.498926997,0.499502033,0.501073062,-0.0503540002,-0.0704956055,0.120849609,0.0911307037,-1.55857158,20,0.699999988,0,0.00136054691,0.00136054691,1
2000,10.001161,0.491350353,0.495985687,0.508649647,0.493469208,0.0704956055,-0.563964844,0.0912549347,-1.45777237,20,0.699999988,0,0.0109673189,0.0109673189,1
2001,10.006138,0.483848304,0.492503971,0.516151667,1.17828369,0.271911591,-1.45019531,0.0913745016,-1.35697317,20,0.699999988,0,0.0199987628,0.0199987628,1
2002,10.011156,0.47651723,0.489101589,0.523157299,1.89331031,0.468292207,-2.36160254,0.0917190239,-1.25617397,20,0.699999988,0,0.0293622389,0.0293622389,1
2003,10.016147,0.469755739,0.485963583,0.530244231,2.64358497,0.579071045,-3.22265601,0.0929213613,-1.15537477,20,0.699999988,0,0.0383481905,0.0383481905,1
2004,10.021163,0.462927371,0.482794523,0.537072599,3.42407227,0.402832001,-3.8269043,0.0963947847,-1.05937552,20,0.699999988,0,0.0470061861,0.0470061861,1
2005,10.026142,0.456464469,0.479795098,0.54353559,3.43414259,-0.352477998,-3.08166456,0.106433056,-0.958575785,20,0.699999988,0,0.0552008599,0.0552008599,1
2006,10.031164,0.450513244,0.477033138,0.549486756,0.241699189,4.02831984,-4.27001905,0.122633062,-0.857775331,20,0.699999988,0,0.0627467036,0.0627467036,1
2007,10.036144,0.444851339,0.474405408,0.555148602,4.79370117,1.56097412,-6.35467529,0.173595607,-0.756974876,20,0.699999988,0,0.0695527568,0.0695527568,1
2008,10.041155,0.439909577,0.47211194,0.559917152,5.54397583,1.34948719,-6.89346313,0.161762014,-0.656174421,20,0.699999988,0,0.0759718791,0.0759718791,1
2009,10.046143,0.435665458,0.470142245,0.564334571,5.49362135,2.06451416,-7.55813551,0.16044715,-0.555373967,20,0.699999988,0,0.0815729499,0.0815729499,1
2010,10.051162,0.431839108,0.468366414,0.568160892,5.99716139,1.94869983,-7.94586134,0.161834612,-0.459373802,20,0.699999988,0,0.086424537,0.086424537,1
2011,10.056153,0.428924859,0.467013925,0.571075141,6.19857788,2.12493873,-8.32351685,0.160426006,-0.358573973,20,0.699999988,0,0.0901196674,0.0901196674,1
2012,10.061157,0.426382542,0.465834022,0.573617458,6.37481642,2.27096558,-8.63067627,0.160285339,-0.257774144,20,0.699999988,0,0.0933431759,0.0931490436,1
2013,10.066146,0.424819171,0.465108454,0.575180829,6.53594923,2.27600098,-8.81195068,0.160721347,-0.156974018,20,0.699999988,0,0.0952529311,0.0952529311,1
2014,10.071164,0.424019009,0.464737117,0.576022267,6.60644531,2.30621314,-8.91265869,0.160709664,-0.0561739877,20,0.699999988,0,0.0963923633,0.0963923633,1
2015,10.076144,0.423912048,0.464687437,0.576087892,6.62155151,2.33139038,-8.95294189,0.160709664,0.0446260013,20,0.699999988,0,0.096475631,0.096475631,1
2016,10.081164,0.4246189,0.465015501,0.5753811,6.56112623,2.29614234,-8.85726833,0.160709664,0.140626013,20,0.699999988,0,0.0955794081,0.0955794081,1
2017,10.086144,0.426030606,0.465670675,0.573969364,6.44027615,2.25082374,-8.69110012,0.160709664,0.241426155,20,0.699999988,0,0.0937894285,0.0937894285,1
2018,10.091163,0.428313255,0.466730088,0.571686804,6.23382521,2.19039917,-8.43933105,0.160709664,0.342225999,20,0.699999988,0,0.0908951759,0.0908951759,1
2019,10.096145,0.431263447,0.468099266,0.568736613,5.99212646,2.08969092,-8.08181763,0.160709664,0.443025827,20,0.699999988,0,0.0873530731,0.0873530731,1
2020,10.101173,0.435070127,0.469865918,0.564929843,5.68496704,1.97387683,-7.65884399,0.160709664,0.543825924,20,0.699999988,0,0.082701236,0.082701236,1
2021,10.106158,0.439099878,0.471736133,0.560900092,5.32745314,1.82785022,-7.15530348,0.160709664,0.644626379,20,0.699999988,0,0.0772182345,0.0772182345,1
2022,10.111162,0.444125742,0.474068671,0.555874228,4.8793025,1.67678833,-6.55609083,0.160587773,0.740626812,20,0.699999988,0,0.0708457083,0.0708457083,1
2023,10.116162,0.449570715,0.4765957,0.550429285,4.41101074,1.4753722,-5.88638306,0.160576031,0.841427267,20,0.699999988,0,0.0639417693,0.0639417693,1
2024,10.121146,0.455563456,0.479376912,0.544436514,3.8822937,1.30416858,-5.22170973,0.160397872,0.942227721,20,0.699999988,0,0.05634325,0.0567620657,1
2025,10.126157,0.462028176,0.482377231,0.537971854,3.34350562,1.07254028,-4.41604614,0.160271272,1.04302764,20,0.699999988,0,0.0485047288,0.0485047288,1
2026,10.131142,0.468781054,0.485381454,0.531498551,2.72918677,0.845947206,-3.57513404,0.160081372,1.14382684,20,0.699999988,0,0.0399385877,0.0399385877,1
2027,10.136164,0.475577056,0.488665283,0.524422944,2.11486816,0.614318848,-2.72918701,0.15976958,1.24462605,20,0.699999988,0,0.0309670381,0.0309670381,1
2028,10.141139,0.482914597,0.492070645,0.517085373,1.41998279,0.327301025,-1.74728382,0.159324154,1.34062529,20,0.699999988,0,0.0216634106,0.0216634106,1
2029,10.146164,0.490413189,0.495550752,0.509586811,0.745239198,0.0604247972,-0.805664003,0.15854378,1.44142449,20,0.699999988,0,0.012155571,0.012155571,1
2030,10.151139,0.497998774,0.499071211,0.502001166,0.110778801,-0.110778801,-0.0100707933,0.15734145,1.54222369,20,0.699999988,0,0.00299809524,0.00299809524,1
2031,10.156154,0.505593836,0.50259608,0.494406164,-0.115814202,-0.332336426,0.448150635,0.154685989,1.64302289,20,0.699999988,0,-0.00662964908,-0.00662964908,4
2032,10.161142,0.513144374,0.505929947,0.487222761,-0.609283388,-0.669708192,1.27899158,0.150893807,1.7438221,20,0.699999988,0,-0.016200874,-0.016200874,4
2033,10.166159,0.520175338,0.509363413,0.479824692,-0.7653808,-1.06750476,1.8328855,0.144631281,1.8446213,20,0.699999988,0,-0.0255812649,-0.0255812649,4
2034,10.171144,0.527401328,0.512717009,0.472598642,-0.780487061,-0.498504579,1.2789917,0.13057813,1.94062054,20,0.699999988,0,-0.0347435325,-0.0347435325,4
2035,10.176155,0.534360468,0.515946746,0.465639502,-3.49456763,1.00204468,2.49252295,0.104232036,2.0414207,20,0.699999988,0,-0.0435673632,-0.0435673632,4
2036,10.181140,0.540948808,0.519004405,0.459051192,-4.05853271,-0.745239198,4.8591609,0.0849007815,2.1422224,20,0.699999988,0,-0.0514926724,-0.0514926724,4
2037,10.186157,0.547159314,0.521886706,0.452840626,-3.91754103,-1.87316883,5.79070997,0.0866234601,2.24302411,20,0.699999988,0,-0.0594359078,-0.0594359078,4
2038,10.191143,0.552858233,0.5244506,0.447316378,-4.72320557,-1.68182349,6.4050293,0.0899421871,2.34382582,20,0.699999988,0,-0.0668001845,-0.0668001845,4
2039,10.196164,0.557928145,0.526884556,0.442071885,-5.11596632,-1.94366443,7.05963087,0.0895015746,2.44462752,20,0.699999988,0,-0.0734499097,-0.0734499097,4
2040,10.201149,0.562642992,0.529072702,0.437357008,-5.55908203,-2.07962036,7.63870239,0.0903124809,2.54062915,20,0.699999988,0,-0.0794281438,-0.0794281438,4
2041,10.206158,0.566627979,0.530922174,0.433372051,-5.96694946,-2.13500953,8.10195923,0.0904484317,2.64143085,20,0.699999988,0,-0.0844808668,-0.0844808668,4
2042,10.211148,0.569936574,0.53245765,0.430063397,-6.25396729,-2.26592994,8.4745779,0.0902609155,2.74223256,20,0.699999988,0,-0.0887122452,-0.0887122452,4
2043,10.216139,0.572535038,0.53366363,0.427464992,-6.4553833,-2.36663818,8.82202148,0.09026324,2.84303427,20,0.699999988,0,-0.0918347612,-0.0918347612,4
2044,10.221164,0.57463944,0.534640312,0.425493091,-6.62658644,-2.42202735,9.04861355,0.09026324,2.94383597,20,0.699999988,0,-0.0944709703,-0.0944709703,4
2045,10.226144,0.575652838,0.535110593,0.424347162,-6.72225952,-2.46734595,9.18960571,0.09026324,3.0398376,20,0.699999988,0,-0.0959239304,-0.0959239304,4
2046,10.231157,0.57615453,0.535343409,0.42384544,-6.75247145,-2.48245239,9.23492432,0.09026324,3.14063931,20,0.699999988,0,-0.0965600982,-0.0965600982,4
2047,10.236147,0.575759768,0.535160244,0.424240232,-6.73736525,-2.45727539,9.19464111,0.09026324,-3.04174447,20,0.699999988,0,-0.0960595608,-0.0960595608,4
2048,10.241163,0.574474573,0.53456378,0.425525457,-6.63162231,-2.44720435,9.06371975,0.09026324,-2.94094276,20,0.699999988,0,-0.0944299549,-0.094599016,4
2049,10.246138,0.572615683,0.533701062,0.427384317,-6.49063015,-2.37670875,8.86733913,0.09026324,-2.84014106,20,0.699999988,0,-0.0921352655,-0.0921352655,4
2050,10.251161,0.569901884,0.532441556,0.429955363,-6.25900221,-2.29110718,8.55010986,0.09026324,-2.73933935,20,0.699999988,0,-0.0888130218,-0.0888130218,4
2051,10.256137,0.566767752,0.530987024,0.433232248,-5.96694946,-2.18032813,8.14727783,0.09026324,-2.64333773,20,0.699999988,0,-0.0846581236,-0.0846581236,4
2052,10.261153,0.56265378,0.529077709,0.43734628,-5.62454176,-2.05444312,7.67898464,0.09026324,-2.54253602,20,0.699999988,0,-0.0794417635,-0.0794417635,4
2053,10.266142,0.557918251,0.526879966,0.442081779,-5.2116394,-1.89331031,7.10494995,0.09026324,-2.44173431,20,0.699999988,0,-0.0734373629,-0.0734373629,4
2054,10.271162,0.552696347,0.524456441,0.447303653,-4.74334669,-1.72210681,6.4755249,0.09026324,-2.34093261,20,0.699999988,0,-0.0668162853,-0.0670929775,4
2055,10.276157,0.546863258,0.521749318,0.453136712,-4.25994873,-1.5509032,5.81085205,0.09026324,-2.2401309,20,0.699999988,0,-0.0598303154,-0.0598303154,4
2056,10.281162,0.540607035,0.518845797,0.459152997,-3.71108985,-1.34445179,5.05554152,0.09026324,-2.1393292,20,0.699999988,0,-0.0517919324,-0.0517919324,4
2057,10.286140,0.534300745,0.51591903,0.465699255,-3.1018064,-1.11785889,4.21966553,0.09026324,-2.04332757,20,0.699999988,0,-0.0434915982,-0.0434915982,4
2058,10.291154,0.527340233,0.512688637,0.472659737,-2.45727539,-0.886230409,3.34350586,0.09026324,-1.94252729,20,0.699999988,0,-0.0346660502,-0.0346660502,4
2059,10.296145,0.520069838,0.509314418,0.479930162,-1.80267334,-0.664672852,2.46734619,0.0904765278,-1.84172809,20,0.699999988,0,-0.0254475251,-0.0254475251,4
2060,10.301161,0.512639582,0.505866051,0.487360418,-1.11785889,-0.392761201,1.55593872,0.0906171948,-1.74092889,20,0.699999988,0,-0.0160263311,-0.0164661705,4
2061,10.306150,0.505073011,0.502354383,0.494927019,-0.438079834,-0.1863098,0.624389648,0.0909007639,-1.64012969,20,0.699999988,0,-0.00689036958,-0.00689036958,4
2062,10.311164,0.4974733,0.498827368,0.502164423,-0.00503540039,-0.0604247972,0.0654601976,0.0911514983,-1.53933048,20,0.699999988,0,0.0027443599,0.0027443599,1
2063,10.316140,0.490270168,0.495484352,0.509729803,0.599212646,0.100708,-0.699920654,0.0912546217,-1.44333124,20,0.699999988,0,0.0123369209,0.0123369209,1
2064,10.321162,0.482772201,0.492004573,0.517227829,1.30416858,0.332336426,-1.63650501,0.0914257467,-1.34253204,20,0.699999988,0,0.0218439996,0.0218439996,1
2065,10.326139,0.475464821,0.488613188,0.524535179,2.04437232,0.50857538,-2.55294776,0.091868706,-1.24173284,20,0.699999988,0,0.0311093517,0.0311093517,1
2066,10.331184,0.468406588,0.485337436,0.531593382,2.78457642,0.563964844,-3.34854126,0.0933663696,-1.14093363,20,0.699999988,0,0.0400588438,0.0400588438,1
2067,10.336161,0.461669296,0.482210636,0.538330674,3.539886,0.332336426,-3.87222242,0.0972617045,-1.04013443,20,0.699999988,0,0.048166275,0.048166275,1
2068,10.341149,0.455284685,0.479400039,0.544386685,3.00109839,-0.392761201,-2.60833716,0.110067979,-0.939334452,20,0.699999988,0,0.056280084,0.056280084,1
2069,10.346160,0.449695468,0.476653606,0.550304592,0.936584413,4.46639967,-5.40298414,0.150689811,-0.838533998,20,0.699999988,0,0.0637836158,0.0637836158,1
2070,10.351148,0.444107652,0.474060267,0.555892348,5.12100172,1.13296497,-6.25396681,0.172831178,-0.742533565,20,0.699999988,0,0.0708686635,0.0708686635,1
2071,10.356160,0.439201176,0.471783161,0.560798764,5.47347975,1.56097412,-7.03445387,0.160561621,-0.64173311,20,0.699999988,0,0.0770898014,0.0770898014,1
2072,10.361148,0.434957266,0.469813555,0.565042734,5.55404615,2.08969092,-7.63870144,0.160945982,-0.540932655,20,0.699999988,0,0.0823668242,0.0823668242,1
2073,10.366156,0.431206226,0.468072712,0.568793774,6.04247999,1.95877051,-8.00125027,0.161700711,-0.440132588,20,0.699999988,0,0.0870298594,0.0870298594,1
2074,10.371141,0.428375632,0.466759026,0.571624398,6.24389648,2.15515137,-8.39904785,0.160294428,-0.339332759,20,0.699999988,0,0.0908160582,0.0908160582,1
2075,10.376158,0.426172405,0.465736508,0.573827624,6.39495802,2.28103638,-8.67599487,0.160402194,-0.238532886,20,0.699999988,0,0.093609646,0.093609646,1
2076,10.381144,0.424718738,0.465061843,0.575281262,6.55105543,2.27600098,-8.82705688,0.160725728,-0.142532751,20,0.699999988,0,0.0954528451,0.0954528451,1
2077,10.386160,0.423843414,0.464655608,0.576156616,6.61651516,2.30621314,-8.92272854,0.160709336,-0.0417327434,20,0.699999988,0,0.0965626836,0.0965626836,1
2078,10.391145,0.423987418,0.464722455,0.576012611,6.57119703,2.32131934,-8.89251614,0.160709336,0.0590672456,20,0.699999988,0,0.0963287577,0.0963287577,1
2079,10.396163,0.424963415,0.46517542,0.575036645,6.55105543,2.28103638,-8.83209229,0.160709336,0.159867287,20,0.699999988,0,0.0952935666,0.0952935666,1
2080,10.401147,0.426423699,0.465853125,0.573576331,6.41509962,2.23068237,-8.64578247,0.160709336,0.260667384,20,0.699999988,0,0.0932910293,0.0932910293,1
2081,10.406164,0.428691953,0.466905832,0.571308076,6.2086482,2.17025733,-8.3789053,0.160709336,0.361467212,20,0.699999988,0,0.0904150009,0.0904150009,1
2082,10.411140,0.431854993,0.468373775,0.568144977,5.95687819,2.06954932,-8.02642727,0.160709336,0.457467049,20,0.699999988,0,0.0864043757,0.0864043757,1
2083,10.416155,0.435594082,0.470109105,0.564405918,5.62454176,1.93862903,-7.56317091,0.160709336,0.558267236,20,0.699999988,0,0.0816634521,0.0816634521,1
2084,10.421146,0.440035611,0.472170413,0.559964359,5.26702881,1.81274402,-7.07977295,0.160709336,0.65906769,20,0.699999988,0,0.0762526393,0.0762526393,1
2085,10.426154,0.44503358,0.474489987,0.55496639,4.8188777,1.64154029,-6.46041775,0.160559312,0.759868145,20,0.699999988,0,0.0700129122,0.0700129122,1
2086,10.431142,0.450434238,0.476996452,0.549565732,4.34555054,1.46026611,-5.80581665,0.160488978,0.8606686,20,0.699999988,0,0.0628468469,0.0628468469,1
2087,10.436161,0.456489921,0.4798069,0.543510079,3.80172729,1.2638855,-5.06561279,0.160390511,0.961469054,20,0.699999988,0,0.0551685467,0.0551685467,1
2088,10.441147,0.462947249,0.482803762,0.537052751,3.21258521,1.02722156,-4.23980665,0.160242811,1.05746877,20,0.699999988,0,0.0469810106,0.0469810106,1
2089,10.446174,0.469829649,0.485997885,0.530170321,2.6184082,0.810699403,-3.42910767,0.160045877,1.15826797,20,0.699999988,0,0.0382544585,0.0382544585,1
2090,10.451160,0.476976812,0.489314884,0.523023129,1.96380603,0.574035585,-2.5932312,0.159684852,1.25906718,20,0.699999988,0,0.0296299756,0.0296299756,1
2091,10.456148,0.484346032,0.492734969,0.515653968,1.3343811,0.281982422,-1.61636353,0.159218371,1.35986638,20,0.699999988,0,0.0202977806,0.0202977806,1
2092,10.461157,0.491855353,0.49605298,0.508504629,0.664672852,0.0352478027,-0.699920654,0.158388719,1.46066558,20,0.699999988,0,0.0107834255,0.0107834255,1
2093,10.466147,0.49908632,0.499575943,0.50091362,0.0654601976,-0.146026596,0.0805663988,0.157001197,1.55666482,20,0.699999988,0,0.0011584739,0.0011584739,1
2094,10.471160,0.506679535,0.503099978,0.493320495,-0.1863098,-0.377654999,0.563964784,0.154050454,1.65746403,20,0.699999988,0,-0.0084692752,-0.0084692752,4
2095,10.476139,0.514182031,0.506581903,0.485817999,-0.669708192,-0.735168397,1.36459339,0.150192633,1.75826323,20,0.699999988,0,-0.0179820582,-0.0179820582,4
2096,10.481161,0.521568477,0.510009944,0.478431523,-0.750274599,-1.07757568,1.83792114,0.143562123,1.85906243,20,0.699999988,0,-0.0269297808,-0.0269297808,4
2097,10.486140,0.528747976,0.513341963,0.471586972,-0.926513612,-0.206451416,1.13296509,0.128498837,1.95986164,20,0.699999988,0,-0.0360263065,-0.0360263065,4
2098,10.491291,0.535618186,0.516530454,0.464381814,-3.97796631,0.850982606,3.12698364,0.098597303,2.06066227,20,0.699999988,0,-0.045162037,-0.045162037,4
2099,10.496144,0.541894019,0.519443095,0.458105981,-3.90243506,-1.14807117,5.05050611,0.0835621506,2.15666389,20,0.699999988,0,-0.0531195067,-0.0531195067,4
2100,10.501161,0.548045456,0.522297978,0.451954544,-4.05349684,-1.8328855,5.8863821,0.0877246782,2.2574656,20,0.699999988,0,-0.060919214,-0.060919214,4
2101,10.506149,0.553762436,0.52495122,0.446237564,-4.8088069,-1.69692981,6.50573683,0.0899957567,2.35826731,20,0.699999988,0,-0.0681680366,-0.0681680366,4
2102,10.511156,0.558903337,0.527337134,0.441096663,-5.17135572,-1.98898315,7.16033888,0.0895082876,2.45906901,20,0.699999988,0,-0.0743351504,-0.0743351504,4
2103,10.516144,0.563402653,0.529425263,0.436694682,-5.61950636,-2.07458496,7.69409132,0.0904246643,2.55987072,20,0.699999988,0,-0.0802679136,-0.0802679136,4
2104,10.521160,0.567312896,0.531161845,0.432855636,-6.01730299,-2.15011597,8.16741943,0.0903965607,2.66067243,20,0.699999988,0,-0.0851356611,-0.0851356611,4
2105,10.526148,0.570524752,0.532730639,0.429475218,-6.24893141,-2.29110718,8.54003906,0.0901738927,2.75667405,20,0.699999988,0,-0.0894218311,-0.0894218311,4
2106,10.531153,0.572966039,0.533863664,0.427033961,-6.47552395,-2.38174438,8.85726833,0.0901434273,2.85747576,20,0.699999988,0,-0.0925172269,-0.0925172269,4
2107,10.536145,0.574906409,0.534764171,0.425093591,-6.66686964,-2.43209815,9.07882595,0.0901434273,2.95827746,20,0.699999988,0,-0.094977513,-0.094977513,4
2108,10.541161,0.575846195,0.535200357,0.424153805,-6.73736525,-2.46734595,9.18456936,0.0901434273,3.05907917,20,0.699999988,0,-0.0961307362,-0.0961307362,4
2109,10.546141,0.576138914,0.535336196,0.423854619,-6.78268385,-2.48748779,9.27017212,0.0901434273,-3.12330461,20,0.699999988,0,-0.0965484828,-0.0965484828,4
2110,10.551156,0.575640082,0.535104692,0.424359918,-6.71722317,-2.46734595,9.18456936,0.0901434273,-3.0225029,20,0.699999988,0,-0.0959077701,-0.0959077701,4
2111,10.556157,0.574366808,0.534513772,0.425633192,-6.62658644,-2.42202735,9.04861355,0.0901434273,-2.92650127,20,0.699999988,0,-0.094293341,-0.094293341,4
2112,10.561146,0.572338641,0.533572495,0.427661359,-6.45034742,-2.36663818,8.81698608,0.0901434273,-2.82569957,20,0.699999988,0,-0.091721721,-0.091721721,4
2113,10.566153,0.569462657,0.532237709,0.430537343,-6.19857788,-2.26592994,8.46450806,0.0901434273,-2.72489786,20,0.699999988,0,-0.0880751163,-0.0880751163,4
2114,10.571137,0.566053033,0.530655324,0.433946967,-5.91156006,-2.16018653,8.07174683,0.0901434273,-2.62409616,20,0.699999988,0,-0.0839808211,-0.0839808211,4
2115,10.576164,0.561765373,0.528665423,0.438234687,-5.55908203,-2.02423096,7.58331299,0.0901434273,-2.52329445,20,0.699999988,0,-0.0786469504,-0.0786469504,4
2116,10.581149,0.557251453,0.526570499,0.442748547,-5.13107252,-1.86813331,6.99920559,0.0901434273,-2.42249274,20,0.699999988,0,-0.0725919455,-0.0725919455,4
2117,10.586156,0.551903129,0.524088323,0.448096871,-4.66781616,-1.69692981,6.36474609,0.0901434273,-2.32649112,20,0.699999988,0,-0.0658105165,-0.0658105165,4
2118,10.591140,0.546036839,0.521365762,0.453963131,-4.14413404,-1.5156554,5.65978956,0.0901434273,-2.22568941,20,0.699999988,0,-0.058372397,-0.058372397,4
2119,10.596158,0.539713264,0.518431008,0.460286736,-3.59024024,-1.29409778,4.8843379,0.0901434273,-2.1248877,20,0.699999988,0,-0.05035441,-0.05035441,4
2120,10.601146,0.53297019,0.515301526,0.46702984,-3.01116943,-1.08261108,4.09378052,0.0903215483,-2.024086,20,0.699999988,0,-0.0422521867,-0.0422521867,4
2121,10.606163,0.52595681,0.512046576,0.474043161,-2.36160278,-0.856018066,3.21762085,0.0902770236,-1.9232862,20,0.699999988,0,-0.0332897268,-0.0332897268,4
2122,10.611159,0.519000769,0.508818269,0.480999202,-1.69692981,-0.609283388,2.30621314,0.0905700028,-1.822487,20,0.699999988,0,-0.0240920391,-0.0240920391,4
2123,10.616159,0.511553705,0.505362093,0.488446325,-1.01211548,-0.352477998,1.36459351,0.0906520709,-1.72648776,20,0.699999988,0,-0.0146494666,-0.0146494666,4
2124,10.621147,0.50398922,0.50185138,0.496010751,-0.297088593,-0.161132813,0.458221406,0.0909637511,-1.62568855,20,0.699999988,0,-0.00505813677,-0.00505813677,4
2125,10.626163,0.496387213,0.498323292,0.503612816,0.0654601976,-0.0352478027,-0.0302123949,0.0912519991,-1.52488935,20,0.699999988,0,0.0045808428,0.0045808428,1
2126,10.631147,0.488834143,0.494817913,0.511165857,0.709991395,0.135955796,-0.845947206,0.0913410708,-1.42409015,20,0.699999988,0,0.0137037784,0.0137037784,1
2127,10.636162,0.48139149,0.491363764,0.51860851,1.41494751,0.347442627,-1.76239014,0.0914325044,-1.32329094,20,0.699999988,0,0.023168439,0.023168439,1
2128,10.641147,0.474457204,0.48814556,0.525542796,2.15515137,0.528717041,-2.68386841,0.0920184329,-1.22249174,20,0.699999988,0,0.0323869735,0.0323869735,1
2129,10.646154,0.467420101,0.484879613,0.532579899,2.90542579,0.563964844,-3.46939063,0.0936332792,-1.1264925,20,0.699999988,0,0.0413096733,0.0413096733,1
2130,10.651141,0.460702419,0.481761932,0.539297581,3.68087769,0.201416001,-3.8822937,0.097699672,-1.0256933,20,0.699999988,0,0.0498273261,0.0498273261,1
2131,10.656163,0.454410076,0.478841633,0.545589864,2.19543433,-0.271911591,-1.92352271,0.114851251,-0.924893141,20,0.699999988,0,0.0578056835,0.0578056835,1
2132,10.661137,0.448455572,0.476078153,0.551544428,1.98394775,4.35562134,-6.33956909,0.158152014,-0.824092686,20,0.699999988,0,0.0649122149,0.0649122149,1
2133,10.666199,0.443135262,0.473609,0.556864798,5.30731201,0.956726015,-6.26403809,0.171623945,-0.723292232,20,0.699999988,0,0.0716803223,0.0716803223,1
2134,10.671157,0.438504398,0.471459806,0.561495602,5.41809082,1.73217762,-7.15026855,0.159884095,-0.622491777,20,0.699999988,0,0.0779733062,0.0779733062,1
2135,10.676149,0.434295863,0.469506621,0.565704167,5.65979004,2.03430152,-7.6940918,0.161189601,-0.521691322,20,0.699999988,0,0.0833095089,0.0833095089,1
2136,10.681154,0.430804342,0.467886209,0.569195688,6.11801147,1.97891223,-8.09692383,0.161330238,-0.425691366,20,0.699999988,0,0.0877365991,0.0877365991,1
2137,10.686145,0.4279567,0.466564566,0.57204324,6.22878981,2.20046997,-8.44940186,0.160163015,-0.324891537,20,0.699999988,0,0.0913472101,0.09119948,1
2138,10.691156,0.425776124,0.465552568,0.574223876,6.39495802,2.28607154,-8.68102932,0.160605967,-0.224091619,20,0.699999988,0,0.0940090492,0.0940090492,1
2139,10.696143,0.42440477,0.46491614,0.57561177,6.56112623,2.27096558,-8.83209229,0.160753697,-0.123291485,20,0.699999988,0,0.0958718807,0.0958718807,1
2140,10.701163,0.423869759,0.464667857,0.576130271,6.60140896,2.33139038,-8.93279934,0.160709172,-0.0224914998,20,0.699999988,0,0.096529305,0.096529305,1
2141,10.706139,0.42412436,0.464785993,0.57587564,6.58630323,2.30621314,-8.89251614,0.160709172,0.0735084936,20,0.699999988,0,0.0962064862,0.0962064862,1
2142,10.711159,0.424965024,0.465176135,0.575034916,6.51580763,2.27600098,-8.79180908,0.160709172,0.174308553,20,0.699999988,0,0.0951405168,0.0951405168,1
2143,10.716147,0.426691264,0.465977311,0.573308766,6.37985229,2.22564673,-8.61053467,0.160709172,0.275108606,20,0.699999988,0,0.092951782,0.0930776298,1
2144,10.721160,0.429334641,0.467204094,0.570665359,6.168365,2.15011597,-8.31848145,0.160709172,0.375908434,20,0.699999988,0,0.0899162218,0.0899162218,1
2145,10.726149,0.432461441,0.468655229,0.567705929,5.88134718,2.04940772,-7.93075466,0.160709172,0.476708263,20,0.699999988,0,0.0858476982,0.0858476982,1
2146,10.731163,0.436184257,0.470382988,0.563815713,5.56411695,1.91848731,-7.48260403,0.160709172,0.577508569,20,0.699999988,0,0.0809151009,0.0809151009,1
2147,10.736142,0.440715402,0.4724859,0.559284568,5.17639112,1.77749634,-6.95388746,0.160709172,0.673509002,20,0.699999988,0,0.0751698315,0.0751698315,1
2148,10.741163,0.445928484,0.474905312,0.554071486,4.73327637,1.61636329,-6.34963989,0.160545081,0.774309456,20,0.699999988,0,0.0685599223,0.0685599223,1
2149,10.746143,0.451507062,0.477494359,0.548492968,4.23477125,1.42501819,-5.70007277,0.160488814,0.875109911,20,0.699999988,0,0.0614865795,0.0617404804,1
2150,10.751155,0.457690477,0.480364084,0.542309523,3.72116065,1.22360218,-4.94476271,0.160362214,0.975910366,20,0.699999988,0,0.0540279932,0.0540279932,1
2151,10.756147,0.464253753,0.48341012,0.536066115,3.15719557,1.00204468,-4.15924025,0.160221547,1.07670987,20,0.699999988,0,0.0457300022,0.0457300022,1
2152,10.761155,0.470857173,0.486474752,0.529142797,2.51266456,0.7653808,-3.27804542,0.159937888,1.17750907,20,0.699999988,0,0.0369516052,0.0369516052,1
2153,10.766144,0.478000134,0.489789844,0.521999896,1.85806262,0.493469208,-2.35153174,0.159597963,1.27350831,20,0.699999988,0,0.0278947148,0.0278947148,1
2154,10.771160,0.485402137,0.493225098,0.514597833,1.19842529,0.236663789,-1.43508911,0.159068212,1.37430751,20,0.699999988,0,0.0185093302,0.0185093302,1
2155,10.776149,0.492940068,0.496723473,0.507059932,0.523681581,-0.0201416016,-0.538787782,0.158168301,1.47510672,20,0.699999988,0,0.00895165,0.00940158498,1
2156,10.781157,0.500536919,0.500249207,0.499463081,0.0201416016,-0.151062012,0.13092041,0.156471401,1.57590592,20,0.699999988,0,-0.000222290968,-0.000222290968,4
2157,10.786146,0.508123457,0.503770113,0.492242843,-0.276946992,-0.433044404,0.709991395,0.153424531,1.67670512,20,0.699999988,0,-0.00983566884,-0.00983566884,4
2158,10.791169,0.515627265,0.507088244,0.484727055,-0.704955995,-0.795593143,1.50054908,0.14959015,1.77750432,20,0.699999988,0,-0.0193653423,-0.0193653423,4
2159,10.796158,0.522627354,0.510501385,0.477372646,-0.725097597,-1.07757568,1.80267334,0.141122177,1.87350357,20,0.699999988,0,-0.0286903251,-0.0286903251,4
2160,10.801147,0.529775918,0.513819039,0.470224082,-1.17324817,0.105743401,1.06750476,0.123302616,1.97430277,20,0.699999988,0,-0.037754342,-0.037754342,4
2161,10.806159,0.536604166,0.516988039,0.463395834,-4.18441772,0.589141846,3.44421339,0.0995768234,2.07510376,20,0.699999988,0,-0.0464122221,-0.0464122221,4
2162,10.811148,0.54306072,0.519984543,0.45693928,-3.8067627,-1.38473499,5.1914978,0.08338622,2.17590547,20,0.699999988,0,-0.0541771613,-0.0541771613,4
2163,10.816157,0.549119949,0.522796631,0.451116711,-4.18945265,-1.8077085,5.99716091,0.0886596814,2.27670717,20,0.699999988,0,-0.0619815439,-0.0619815439,4
2164,10.821146,0.554571152,0.52532655,0.445428848,-4.88937378,-1.73721302,6.62658691,0.089873746,2.37750888,20,0.699999988,0,-0.06919346,-0.06919346,4
2165,10.826156,0.55953753,0.527631462,0.4404625,-5.25192213,-2.02423096,7.27615309,0.0895455852,2.4735105,20,0.699999988,0,-0.0754905269,-0.0754905269,4
2166,10.831141,0.563995481,0.529700398,0.436004519,-5.71014357,-2.07962036,7.78976393,0.0903963521,2.57431221,20,0.699999988,0,-0.0811430216,-0.0811430216,4
2167,10.836158,0.567920923,0.531522214,0.432079077,-6.05255079,-2.17529273,8.20770264,0.0903963596,2.67511392,20,0.699999988,0,-0.0861202776,-0.0861202776,4
2168,10.841143,0.571000516,0.532951474,0.428999513,-6.29425001,-2.32131934,8.61556911,0.0901174545,2.77591562,20,0.699999988,0,-0.0898596123,-0.0898596123,4
2169,10.846162,0.573419034,0.534073889,0.426795781,-6.51077223,-2.39181495,8.90258694,0.0901432261,2.87671733,20,0.699999988,0,-0.0928192288,-0.0928192288,4
2170,10.851147,0.57491374,0.534767568,0.42508623,-6.65176344,-2.42706275,9.07882595,0.0901432261,2.97751904,20,0.699999988,0,-0.0949868411,-0.0949868411,4
2171,10.856157,0.575988531,0.535266399,0.424011499,-6.73736525,-2.46734595,9.20471096,0.0901432261,3.07352066,20,0.699999988,0,-0.0963495448,-0.0963495448,4
2172,10.861145,0.576108634,0.53532213,0.423891366,-6.76254225,-2.48245239,9.24499512,0.0901432261,-3.10886312,20,0.699999988,0,-0.096501857,-0.096501857,4
2173,10.866159,0.575456023,0.535019279,0.424543977,-6.70211744,-2.44720435,9.16442871,0.0901432261,-3.00806141,20,0.699999988,0,-0.0956744328,-0.0956744328,4
2174,10.871149,0.574037433,0.534360886,0.425962567,-6.57623243,-2.40188599,8.9781189,0.0901432261,-2.9072597,20,0.699999988,0,-0.0939832181,-0.0939832181,4
2175,10.876160,0.571750224,0.533299387,0.42807135,-6.41509962,-2.34649634,8.76159573,0.0901432261,-2.806458,20,0.699999988,0,-0.0912018865,-0.0912018865,4
2176,10.881149,0.568952858,0.532001138,0.431047112,-6.16333008,-2.24578834,8.40911865,0.0901432261,-2.70565629,20,0.699999988,0,-0.087428771,-0.087428771,4
2177,10.886155,0.56544733,0.530374169,0.43455261,-5.85617065,-2.14508057,8.00125122,0.0901432261,-2.60965466,20,0.699999988,0,-0.0829839334,-0.0829839334,4
2178,10.891143,0.561221242,0.528412879,0.438778788,-5.48858643,-2.00408936,7.49267578,0.0901432261,-2.50885296,20,0.699999988,0,-0.0776253939,-0.0776253939,4
2179,10.896179,0.556282043,0.526120603,0.443717986,-5.06561279,-1.84799182,6.91360474,0.0901432261,-2.40805125,20,0.699999988,0,-0.0713627562,-0.0713627562,4
2180,10.901161,0.550788105,0.523570836,0.449211925,-4.59732056,-1.65664661,6.25396729,0.0901432261,-2.30724955,20,0.699999988,0,-0.0647910163,-0.0647910163,4
2181,10.906136,0.544870198,0.520960093,0.454837263,-4.06860304,-1.485443,5.55404615,0.0901432261,-2.20644784,20,0.699999988,0,-0.0572640486,-0.0572640486,4
2182,10.911160,0.538778067,0.517996967,0.461221933,-3.50967383,-1.2638855,4.77355957,0.0901432261,-2.10564613,20,0.699999988,0,-0.0491686165,-0.0491686165,4
2183,10.916148,0.531984389,0.514844,0.468015611,-2.88528442,-1.02722156,3.9125061,0.0903283805,-2.00964451,20,0.699999988,0,-0.0405545607,-0.0405545607,4
2184,10.921156,0.524908721,0.511560202,0.475091279,-2.24075317,-0.810699403,3.05145264,0.0903635472,-1.90884507,20,0.699999988,0,-0.0315829925,-0.0315829925,4
2185,10.926145,0.517577708,0.508157849,0.482422292,-1.5760802,-0.574035585,2.17529273,0.0905112475,-1.80804586,20,0.699999988,0,-0.0222876426,-0.0227519181,4
2186,10.931153,0.510124505,0.504698813,0.489875525,-0.89630121,-0.317230195,1.21353137,0.0907526612,-1.70724666,20,0.699999988,0,-0.013271437,-0.013271437,4
2187,10.936144,0.502534151,0.501344919,0.497102141,-0.211486802,-0.140991211,0.352478027,0.0910127759,-1.60644746,20,0.699999988,0,-0.00367436372,-0.00367436372,4
2188,10.941155,0.495303482,0.497820348,0.504696548,0.146026596,-0.0251770001,-0.120849594,0.0912869424,-1.50564826,20,0.699999988,0,0.00595496269,0.00595496269,1
2189,10.946147,0.487749457,0.494314522,0.512250602,0.840911746,0.176238999,-1.01715076,0.0913619697,-1.40964901,20,0.699999988,0,0.0155330859,0.0155330859,1
2190,10.951161,0.480323136,0.490867943,0.519676864,1.5509032,0.3826904,-1.93359363,0.0914463699,-1.30884981,20,0.699999988,0,0.024949275,0.024949275,1
2191,10.956138,0.473031551,0.487483889,0.52696842,2.27600098,0.543823183,-2.78457642,0.0922174677,-1.20805061,20,0.699999988,0,0.0336556099,0.0336556099,1
2192,10.961156,0.46611616,0.484274447,0.53388381,3.00613379,0.543823183,-3.54995704,0.0940619856,-1.10725141,20,0.699999988,0,0.0425521024,0.0425521024,1
2193,10.966146,0.459468514,0.481346667,0.540192366,3.75137305,0.100708,-3.85208106,0.0995088667,-1.0064522,20,0.699999988,0,0.0509618893,0.0509618893,1
2194,10.971160,0.453582674,0.47845763,0.546417296,1.4753722,0.206451416,-1.68182361,0.120520592,-0.905651808,20,0.699999988,0,0.0588547997,0.0588547997,1
2195,10.976149,0.447702348,0.475728571,0.552297711,3.1370542,3.65066504,-6.78771925,0.163683102,-0.809651375,20,0.699999988,0,0.0663107932,0.0663107932,1
2196,10.981160,0.442372262,0.473254859,0.557627738,5.48355055,0.89126581,-6.37481642,0.169113606,-0.70885092,20,0.699999988,0,0.0730690435,0.0730690435,1
2197,10.986149,0.437661618,0.47106865,0.562338352,5.39291382,1.84799182,-7.24090576,0.1596542,-0.608050466,20,0.699999988,0,0.0790418908,0.0787141696,1
2198,10.991156,0.433576703,0.469172835,0.566423297,5.74035645,2.01415992,-7.7545166,0.161728412,-0.507250011,20,0.699999988,0,0.0839968696,0.0839968696,1
2199,10.996148,0.430273294,0.467654109,0.569695771,6.1079402,1.99905372,-8.10699368,0.161079213,-0.406450152,20,0.699999988,0,0.0883706585,0.0883706585,1
2200,11.001160,0.42755726,0.466379195,0.57244271,6.25900221,2.22564673,-8.4846487,0.160172164,-0.305650324,20,0.699999988,0,0.091853708,0.091853708,1
2201,11.006157,0.425541788,0.46544382,0.574458182,6.44531202,2.27600098,-8.72131348,0.160624474,-0.209650353,20,0.699999988,0,0.0944092199,0.0944092199,1
2202,11.011146,0.42427963,0.464858055,0.57572037,6.56616116,2.28103638,-8.84719753,0.160708934,-0.108850241,20,0.699999988,0,0.0960096046,0.0960096046,1
2203,11.016157,0.423846841,0.464657217,0.576153219,6.60644531,2.32131934,-8.92776394,0.160708934,-0.00805025548,20,0.699999988,0,0.0965583697,0.0966332406,1
2204,11.021145,0.424125284,0.46478641,0.575874686,6.59133816,2.30621314,-8.89755154,0.160708934,0.0927497372,20,0.699999988,0,0.0962480381,0.0962480381,1
2205,11.026157,0.425297081,0.465330273,0.574712157,6.48559523,2.26592994,-8.75152493,0.160708934,0.193549827,20,0.699999988,0,0.0947312713,0.0947312713,1
2206,11.031142,0.427059472,0.466148168,0.572940469,6.35467529,2.21054053,-8.56521606,0.160708934,0.289549828,20,0.699999988,0,0.0924848467,0.0924848467,1
2207,11.036162,0.429632604,0.467342377,0.570367396,6.09283447,2.12997437,-8.22280884,0.160708934,0.390349656,20,0.699999988,0,0.0892222673,0.0892222673,1
2208,11.041145,0.433138072,0.468969285,0.566861928,5.85113478,2.02423096,-7.87536573,0.160708934,0.491149485,20,0.699999988,0,0.0847775266,0.0847775266,1
2209,11.046159,0.436991245,0.470757544,0.563008785,5.49865675,1.89834583,-7.4171443,0.160708934,0.59194988,20,0.699999988,0,0.0798918977,0.0802151784,1
2210,11.051145,0.441640466,0.472915232,0.558359504,5.10589552,1.76239002,-6.86828566,0.160708934,0.692750335,20,0.699999988,0,0.0742921084,0.0742921084,1
2211,11.056165,0.446917087,0.475364119,0.553342223,4.67285109,1.59118629,-6.26403713,0.160537809,0.793550789,20,0.699999988,0,0.067635268,0.067635268,1
2212,11.061142,0.452354282,0.477887541,0.547645748,4.14916992,1.38977051,-5.53894043,0.160474509,0.889551222,20,0.699999988,0,0.0604123659,0.0604123659,1
2213,11.066163,0.458601534,0.48078689,0.541398406,3.6103816,1.18331909,-4.7937007,0.160340875,0.990351677,20,0.699999988,0,0.0524911173,0.0524911173,1
2214,11.071139,0.465220213,0.483858645,0.534779787,3.01116943,0.951690674,-3.96286011,0.160200208,1.091151,20,0.699999988,0,0.0440989807,0.0440989807,1
2215,11.076154,0.472181052,0.487089157,0.527818918,2.39181495,0.720062196,-3.14208961,0.159954041,1.1919502,20,0.699999988,0,0.0352729894,0.0357004777,1
2216,11.081141,0.479412615,0.490445375,0.520587385,1.77749634,0.468292207,-2.24578857,0.159600049,1.2927494,20,0.699999988,0,0.0265671536,0.0265671536,1
2217,11.086162,0.48685205,0.493898004,0.513515055,1.10778797,0.1963806,-1.30416858,0.159004703,1.39354861,20,0.699999988,0,0.017136449,0.017136449,1
2218,11.091146,0.494025737,0.497227341,0.505974293,0.428009033,-0.0453185998,-0.38269043,0.158013374,1.48954785,20,0.699999988,0,0.00757507747,0.00757507747,1
2219,11.096160,0.501626313,0.500754774,0.498373687,-0.0302123986,-0.181274399,0.211486802,0.156082138,1.59034705,20,0.699999988,0,-0.00206205738,-0.00206205738,4
2220,11.101146,0.50919795,0.504268765,0.49080202,-0.3877258,-0.488433838,0.876159668,0.152871221,1.69114625,20,0.699999988,0,-0.0116625531,-0.0116625531,4
2221,11.106157,0.516704559,0.507752597,0.483295441,-0.745239198,-0.861053407,1.59118652,0.148209512,1.79194546,20,0.699999988,0,-0.0211805329,-0.0207153149,4
2222,11.111143,0.523988008,0.511132896,0.476012021,-0.704955995,-1.05743408,1.76239014,0.14044936,1.89274466,20,0.699999988,0,-0.0300043542,-0.0300043542,4
2223,11.116155,0.53107959,0.514259338,0.469275326,-1.5307616,0.327301025,1.20346057,0.119343914,1.99354386,20,0.699999988,0,-0.0389573127,-0.0389573127,4
2224,11.121140,0.53755337,0.517428577,0.46244663,-4.28512573,0.216522202,4.06860352,0.0916947201,2.08954525,20,0.699999988,0,-0.0476157591,-0.0476157591,4
2225,11.126222,0.54402256,0.520430923,0.45597744,-3.74130201,-1.62139881,5.36270094,0.0836556852,2.19514704,20,0.699999988,0,-0.0558183491,-0.0558183491,4
2226,11.131148,0.549983859,0.523197591,0.450016081,-4.34555054,-1.78756702,6.13311768,0.0893322602,2.29114866,20,0.699999988,0,-0.06337706,-0.06337706,4
2227,11.136140,0.555572629,0.525791347,0.444427341,-4.93469191,-1.77749634,6.71218824,0.0896721259,2.39195037,20,0.699999988,0,-0.0699787289,-0.0699787289,4
2228,11.141160,0.560475588,0.528066814,0.439524412,-5.30227613,-2.04940772,7.35168362,0.0897494629,2.49275208,20,0.699999988,0,-0.0763393193,-0.0763393193,4
2229,11.146139,0.564627469,0.529993713,0.435372531,-5.77056885,-2.08969092,7.86026001,0.0904150903,2.59355378,20,0.699999988,0,-0.0819443613,-0.0819443613,4
2230,11.151161,0.568405151,0.531746924,0.431594849,-6.07772779,-2.20046997,8.27819824,0.0903307274,2.69435549,20,0.699999988,0,-0.0867342353,-0.0867342353,4
2231,11.156148,0.571325421,0.533102274,0.428674579,-6.33453321,-2.34146094,8.67599392,0.090119794,2.79035711,20,0.699999988,0,-0.0904370099,-0.0904370099,4
2232,11.161163,0.57363683,0.534174979,0.4263632,-6.54098463,-2.39181495,8.93279934,0.0901432186,2.89115882,20,0.699999988,0,-0.0933677331,-0.0933677331,4
2233,11.166139,0.575387776,0.534987569,0.424612164,-6.67694044,-2.43209815,9.10903835,0.0901432186,2.99196053,20,0.699999988,0,-0.0953629836,-0.0953629836,4
2234,11.171158,0.576071203,0.535304785,0.423928857,-6.75750732,-2.47741675,9.23492432,0.0901432186,3.09276223,20,0.699999988,0,-0.0962746069,-0.0962746069,4
2235,11.176147,0.576105654,0.535300732,0.423937529,-6.75750732,-2.47238135,9.22988892,0.0901432186,-3.08962154,20,0.699999988,0,-0.0964433551,-0.0964433551,4
2236,11.181154,0.575299621,0.53494668,0.424700409,-6.69708204,-2.45223999,9.14932251,0.0901432186,-2.99361992,20,0.699999988,0,-0.0954760537,-0.0954760537,4
2237,11.186142,0.573832452,0.534265757,0.426167548,-6.56112623,-2.41195655,8.97308254,0.0901432186,-2.89281821,20,0.699999988,0,-0.0936157778,-0.0936157778,4
2238,11.191161,0.571437597,0.533154309,0.428562403,-6.36474514,-2.32131934,8.68606472,0.0901432186,-2.79201651,20,0.699999988,0,-0.0905792639,-0.0905792639,4
2239,11.196141,0.568382204,0.531736255,0.431617767,-6.11801147,-2.23571777,8.35372925,0.0901432186,-2.6912148,20,0.699999988,0,-0.0869771913,-0.0869771913,4
2240,11.201160,0.564585567,0.529974282,0.435414433,-5.78567505,-2.11990333,7.90557861,0.0901432186,-2.59041309,20,0.699999988,0,-0.0821998864,-0.0821998864,4
2241,11.206139,0.560563684,0.528107703,0.439436316,-5.43319702,-1.97387683,7.40707397,0.0901432186,-2.48961139,20,0.699999988,0,-0.0767916963,-0.0767916963,4
2242,11.211154,0.555585742,0.525797427,0.444414228,-4.99511671,-1.81777942,6.81289625,0.0901432186,-2.39360976,20,0.699999988,0,-0.0704799294,-0.0704799294,4
2243,11.216146,0.550011158,0.523210287,0.449988872,-4.50164747,-1.64154029,6.14318752,0.0901432186,-2.29280806,20,0.699999988,0,-0.0634115934,-0.0634115934,4
2244,11.221156,0.543983579,0.520412862,0.456016421,-3.96789551,-1.43508911,5.40298462,0.0901432186,-2.19200635,20,0.699999988,0,-0.0557689741,-0.0557689741,4
2245,11.226146,0.537488997,0.517398715,0.462511003,-3.41903663,-1.23870838,4.65774488,0.0901432186,-2.09120464,20,0.699999988,0,-0.0479334928,-0.0479334928,4
2246,11.231155,0.53066051,0.514229596,0.46933952,-2.80975318,-0.997009158,3.80676222,0.090276815,-1.99040318,20,0.699999988,0,-0.039327763,-0.039327763,4
2247,11.236161,0.523550987,0.511089921,0.476104558,-2.14508057,-0.775451601,2.92053223,0.0903916731,-1.88960397,20,0.699999988,0,-0.0302981883,-0.0302981883,4
2248,11.241172,0.516529858,0.507671535,0.483470142,-1.46026611,-0.523681581,1.98394775,0.0905393735,-1.78880477,20,0.699999988,0,-0.0209590457,-0.0209590457,4
2249,11.246156,0.509027779,0.504189789,0.490972221,-0.760345399,-0.271911591,1.03225696,0.0908088982,-1.69280553,20,0.699999988,0,-0.0114467721,-0.0114467721,4
2250,11.251141,0.501446545,0.500671387,0.498553514,-0.140991211,-0.115814202,0.266876221,0.0910690129,-1.59200633,20,0.699999988,0,-0.00183410547,-0.00183410547,4
2251,11.256156,0.493852526,0.497146934,0.506147444,0.261840791,0,-0.231628403,0.0912775621,-1.49120712,20,0.699999988,0,0.00733722514,0.00733722514,1
2252,11.261145,0.48631981,0.493651003,0.51368016,0.941619813,0.206451416,-1.14807129,0.091397129,-1.39040792,20,0.699999988,0,0.0169216264,0.0169216264,1
2253,11.266158,0.478926003,0.490381002,0.520726025,1.65664661,0.422973603,-2.07962012,0.0915401205,-1.28960872,20,0.699999988,0,0.026279537,0.026279537,1
2254,11.271146,0.472082138,0.487043291,0.527917922,2.38174438,0.569000244,-2.95074463,0.0923440084,-1.19360948,20,0.699999988,0,0.0353984535,0.0353984535,1
2255,11.276165,0.465145826,0.483824134,0.534854174,3.16223121,0.51361078,-3.67584205,0.0945822522,-1.09281027,20,0.699999988,0,0.04419332,0.04419332,1
2256,11.281142,0.458552241,0.480764031,0.541447759,3.75640869,-0.0302123986,-3.76647949,0.101859599,-0.992010951,20,0.699999988,0,0.05255365,0.05255365,1
2257,11.286164,0.452446163,0.477930188,0.547553837,0.458221376,1.04736316,-1.7472837,0.128100231,-0.891210496,20,0.699999988,0,0.0602958538,0.0599869564,1
2258,11.291138,0.446616828,0.475224793,0.55308181,3.76144385,2.97592139,-6.73736525,0.169898674,-0.790410042,20,0.699999988,0,0.067305088,0.067305088,1
2259,11.296159,0.441388398,0.472949713,0.558285236,5.53390503,0.961761415,-6.4956665,0.166830748,-0.689609587,20,0.699999988,0,0.0739027038,0.0739027038,1
2260,11.301145,0.437044114,0.470782071,0.562955916,5.39291382,1.97891223,-7.37182617,0.159555748,-0.593609154,20,0.699999988,0,0.0798248723,0.0798248723,1
2261,11.306154,0.433052987,0.468929768,0.566946983,5.84609938,1.95877051,-7.80486965,0.161899462,-0.492808759,20,0.699999988,0,0.0848853961,0.0848853961,1
2262,11.311138,0.429735482,0.46739012,0.570264518,6.143188,2.06954932,-8.19763088,0.160636231,-0.39200893,20,0.699999988,0,0.08909183,0.0888426751,1
2263,11.316155,0.427126527,0.466179281,0.572873414,6.27914429,2.25082374,-8.53500271,0.160333827,-0.291209102,20,0.699999988,0,0.092266731,0.092266731,1
2264,11.321143,0.425192863,0.465281904,0.574676931,6.43524122,2.26089454,-8.69613552,0.16068776,-0.190409079,20,0.699999988,0,0.0946865305,0.0946865305,1
2265,11.326154,0.424137354,0.464807272,0.575829804,6.55105543,2.29110718,-8.84216309,0.160708919,-0.0896089971,20,0.699999988,0,0.0961483344,0.0961483344,1
2266,11.331144,0.423786014,0.464628965,0.576214015,6.58630323,2.31628418,-8.90258789,0.160708919,0.00639099022,20,0.699999988,0,0.0966354758,0.0966354758,1
2267,11.336155,0.424299091,0.464867085,0.575700939,6.56616116,2.29614234,-8.86230373,0.160708919,0.107190982,20,0.699999988,0,0.0959849134,0.0959849134,1
2268,11.341145,0.425457805,0.465404838,0.574542165,6.44027615,2.25585937,-8.73138332,0.160708919,0.207991093,20,0.699999988,0,0.0945157036,0.0945157036,1
2269,11.346242,0.427494228,0.466349959,0.572505713,6.28921461,2.20550537,-8.49472046,0.160708919,0.308791041,20,0.699999988,0,0.0919336081,0.0919336081,1
2270,11.351140,0.430262685,0.467634797,0.569882631,6.06765699,2.11990333,-8.18756008,0.160708919,0.40959087,20,0.699999988,0,0.0886076465,0.0886076465,1
2271,11.356166,0.433734059,0.469163209,0.566444039,5.79070997,2.00408936,-7.79479933,0.160708919,0.510390759,20,0.699999988,0,0.0842476711,0.0842476711,1
2272,11.361160,0.437612236,0.471045732,0.562387764,5.43319702,1.87820435,-7.31140137,0.160708919,0.606391191,20,0.699999988,0,0.0791045204,0.0791045204,1
2273,11.366147,0.442395627,0.473265707,0.557604373,5.03036499,1.72714221,-6.75750732,0.160643294,0.707191646,20,0.699999988,0,0.0730394125,0.0730394125,1
2274,11.371153,0.44770503,0.475729823,0.55229497,4.57717848,1.535797,-6.1129756,0.160575286,0.807992101,20,0.699999988,0,0.0663073733,0.0663073733,1
2275,11.376141,0.453498423,0.478418559,0.546501637,4.08370972,1.35955799,-5.44326782,0.160446361,0.908792555,20,0.699999988,0,0.0592774451,0.0592774451,1
2276,11.381154,0.459829301,0.48135671,0.54017067,3.5348506,1.14303577,-4.67788649,0.16031976,1.00959289,20,0.699999988,0,0.0513243787,0.0513243787,1
2277,11.386145,0.46622169,0.484323412,0.53377825,2.94067359,0.916442752,-3.85711622,0.160113469,1.11039209,20,0.699999988,0,0.0428291634,0.0428291634,1
2278,11.391160,0.473220527,0.487571627,0.526779532,2.32131934,0.669708192,-2.99102759,0.159860268,1.20639133,20,0.699999988,0,0.0339550339,0.0339550339,1
2279,11.396138,0.480495811,0.490948081,0.519504189,1.64154029,0.412902832,-2.05444312,0.159450009,1.30719054,20,0.699999988,0,0.0247303154,0.0247303154,1
2280,11.401154,0.487915993,0.494391799,0.512084007,0.971832216,0.140991211,-1.11282349,0.158871114,1.40798974,20,0.699999988,0,0.0153219113,0.0153219113,1
2281,11.406147,0.495474577,0.497899741,0.504525423,0.322265625,-0.0654601976,-0.25680542,0.157736793,1.50878894,20,0.699999988,0,0.00619131373,0.00619131373,1
2282,11.411163,0.503079116,0.501429021,0.496920854,-0.0604247972,-0.211486802,0.271911591,0.15573521,1.60958815,20,0.699999988,0,-0.00343972375,-0.00343972375,4
2283,11.416139,0.510293782,0.504777372,0.489706248,-0.458221376,-0.533752382,0.991973758,0.15227817,1.71038735,20,0.699999988,0,-0.013051955,-0.013051955,4
2284,11.421157,0.517751336,0.508238435,0.482248664,-0.775451601,-0.931549013,1.70700061,0.147119567,1.80638659,20,0.699999988,0,-0.022507811,-0.022507811,4
2285,11.426146,0.525016844,0.511610329,0.474983126,-0.649566591,-0.941619813,1.5911864,0.138000056,1.90718579,20,0.699999988,0,-0.0317200981,-0.0317200981,4
2286,11.431162,0.532094598,0.514895141,0.467905402,-2.17529273,0.669708192,1.50558448,0.113925084,2.00798512,20,0.699999988,0,-0.0406943262,-0.0406943262,4
2287,11.436137,0.5388062,0.51801002,0.4611938,-4.30526686,-0.0402832031,4.34555006,0.0890321285,2.10878682,20,0.699999988,0,-0.0488097258,-0.0488097258,4
2288,11.441153,0.545160532,0.520959079,0.454839557,-3.73123169,-1.7422483,5.47348022,0.0843774378,2.20958853,20,0.699999988,0,-0.0569378361,-0.0569378361,4
2289,11.446143,0.550839007,0.523594499,0.449161053,-4.46136475,-1.72714221,6.18850708,0.0896954089,2.31039023,20,0.699999988,0,-0.0644612312,-0.0644612312,4
2290,11.451163,0.556219816,0.526091695,0.443780184,-4.97497559,-1.85806262,6.83303833,0.0895852521,2.40639186,20,0.699999988,0,-0.0712838769,-0.0712838769,4
2291,11.456141,0.561128855,0.528370023,0.438871145,-5.40802002,-2.05444312,7.46246338,0.0900141224,2.50719357,20,0.699999988,0,-0.0775082931,-0.0775082931,4
2292,11.461189,0.565379381,0.530342698,0.434620619,-5.84106445,-2.09472632,7.93579102,0.0904125422,2.60799527,20,0.699999988,0,-0.0828977302,-0.0828977302,4
2293,11.466143,0.569028378,0.532036185,0.430971652,-6.1280818,-2.21557593,8.34365749,0.0903094262,2.70879698,20,0.699999988,0,-0.0873303786,-0.0873303786,4
2294,11.471145,0.571811855,0.533327997,0.428188145,-6.34963894,-2.35153174,8.70117092,0.0902625173,2.80959868,20,0.699999988,0,-0.0909769461,-0.0909769461,4
2295,11.476163,0.574163437,0.534352422,0.425980806,-6.56112623,-2.39181495,8.95294094,0.0902625173,2.91040039,20,0.699999988,0,-0.0938525945,-0.0938525945,4
2296,11.481148,0.57541883,0.535001993,0.4245812,-6.68701124,-2.45727539,9.14428711,0.0902625173,3.00640202,20,0.699999988,0,-0.0956271961,-0.0956271961,4
2297,11.486157,0.576052666,0.535296142,0.423947304,-6.73233032,-2.48245239,9.21478271,0.0902625173,3.10720372,20,0.699999988,0,-0.0964309424,-0.0964309424,4
2298,11.491142,0.575976372,0.535260737,0.424023628,-6.73736525,-2.45727539,9.18960476,0.0902625173,-3.07518005,20,0.699999988,0,-0.0963341668,-0.0963647738,4
2299,11.496159,0.575005531,0.534810185,0.424994439,-6.65176344,-2.45223999,9.10400391,0.0902625173,-2.97437835,20,0.699999988,0,-0.0953353792,-0.0953353792,4
2300,11.501144,0.573394895,0.534062684,0.426448405,-6.52084303,-2.39685059,8.91769409,0.0902625173,-2.87357664,20,0.699999988,0,-0.0932596624,-0.0932596624,4
2301,11.506156,0.571051836,0.532975256,0.428948164,-6.33453321,-2.32131934,8.65585232,0.0902625173,-2.77277493,20,0.699999988,0,-0.0900901183,-0.0900901183,4
2302,11.511142,0.56783998,0.531484663,0.43216005,-6.06262159,-2.20550537,8.26812744,0.0902625173,-2.67677331,20,0.699999988,0,-0.086017631,-0.086017631,4
2303,11.516157,0.564055026,0.529728055,0.435945034,-5.71014357,-2.07962036,7.78976393,0.0902625173,-2.5759716,20,0.699999988,0,-0.0812184513,-0.0812184513,4
2304,11.521145,0.559522808,0.527624607,0.440477192,-5.34759474,-1.95373535,7.30133057,0.0902625173,-2.4751699,20,0.699999988,0,-0.0754719004,-0.075818792,4
2305,11.526161,0.554490447,0.525289118,0.445509553,-4.92965698,-1.79260242,6.72225952,0.0902625173,-2.37436819,20,0.699999988,0,-0.0694113523,-0.0694113523,4
2306,11.531138,0.548904777,0.522807121,0.450857431,-4.43618774,-1.61636329,6.05255127,0.0902625173,-2.27356648,20,0.699999988,0,-0.0623102784,-0.0623102784,4
2307,11.536163,0.543122709,0.520013332,0.456877291,-3.91250587,-1.41494751,5.32745361,0.0902625173,-2.17276478,20,0.699999988,0,-0.0546774231,-0.0546774231,4
2308,11.541139,0.536536098,0.516956449,0.463463873,-3.29818726,-1.19338977,4.49157715,0.0902625173,-2.07676315,20,0.699999988,0,-0.0463259369,-0.0463259369,4
2309,11.546152,0.529659152,0.513764858,0.470340818,-2.66876221,-0.951690674,3.62045288,0.0902625173,-1.97596216,20,0.699999988,0,-0.0376063474,-0.0376063474,4
2310,11.551149,0.522492886,0.510438979,0.477507144,-2.01415992,-0.730133057,2.77450562,0.090433605,-1.87516296,20,0.699999988,0,-0.0285197981,-0.0289582759,4
2311,11.556163,0.515122175,0.507018209,0.484877825,-1.36459339,-0.488433838,1.85302722,0.090574272,-1.77436376,20,0.699999988,0,-0.0196404289,-0.0196404289,4
2312,11.561164,0.507585704,0.503520548,0.492414325,-0.664672852,-0.25680539,0.921478271,0.0908086523,-1.67356455,20,0.699999988,0,-0.0100910431,-0.0100910431,4
2313,11.566162,0.500358701,0.500166476,0.499641269,-0.0906371996,-0.0956726,0.1863098,0.0911695361,-1.57276535,20,0.699999988,0,-0.000454849214,-0.000454849214,1
2314,11.571148,0.492767632,0.496643454,0.507232368,0.357513398,0.0251770001,-0.3826904,0.0912913978,-1.47676611,20,0.699999988,0,0.00917028077,0.00917028077,1
2315,11.576159,0.485238254,0.493149042,0.514761746,1.06246936,0.25176999,-1.31423938,0.091375798,-1.37596691,20,0.699999988,0,0.0187171549,0.0187171549,1
2316,11.581145,0.477864683,0.489726961,0.522135317,1.79260242,0.453186005,-2.20046973,0.0915680081,-1.2751677,20,0.699999988,0,0.0280664507,0.0276268441,1
2317,11.586238,0.47071588,0.486409187,0.52928412,2.52273536,0.579071045,-3.1018064,0.0926883072,-1.1743685,20,0.699999988,0,0.0371307731,0.0371307731,1
2318,11.591146,0.463864177,0.483229309,0.53587532,3.27301002,0.488433838,-3.76144385,0.095393002,-1.0735693,20,0.699999988,0,0.0454881117,0.0454881117,1
2319,11.596139,0.457610279,0.480326861,0.542389691,3.71108985,-0.176238999,-3.53485084,0.10369458,-0.972769737,20,0.699999988,0,0.0537480079,0.0537480079,1
2320,11.601162,0.451604754,0.477539688,0.548395216,0.0755310059,2.5428772,-2.6184082,0.133408636,-0.876769304,20,0.699999988,0,0.0613627024,0.0613627024,1
2321,11.606141,0.445934445,0.474908084,0.554065585,4.37072754,2.20046997,-6.57119751,0.171785221,-0.77596885,20,0.699999988,0,0.0685523823,0.0685523823,1
2322,11.611162,0.4407956,0.472523123,0.55920434,5.56915283,1.10778797,-6.67694092,0.163575083,-0.675168395,20,0.699999988,0,0.0750681534,0.0750681534,1
2323,11.616149,0.436190337,0.470385849,0.563809693,5.45837355,1.98898315,-7.40707397,0.159820393,-0.57436794,20,0.699999988,0,0.0805254728,0.0805254728,1
2324,11.621155,0.432322115,0.468590587,0.567511439,5.91659498,1.93359351,-7.85018826,0.161843017,-0.473567665,20,0.699999988,0,0.085601069,0.085601069,1
2325,11.626144,0.429325789,0.467199981,0.570674181,6.193542,2.06954932,-8.26309109,0.160577402,-0.372767836,20,0.699999988,0,0.0896113068,0.0896113068,1
2326,11.631158,0.426821113,0.466037571,0.573178887,6.28417921,2.26592994,-8.55010891,0.160312518,-0.276767999,20,0.699999988,0,0.0927871093,0.0927871093,1
2327,11.636147,0.424994707,0.465189934,0.575005293,6.49063015,2.26592994,-8.75656033,0.160729751,-0.175967932,20,0.699999988,0,0.0951028913,0.0951028913,1
2328,11.641163,0.42398718,0.464722335,0.57601285,6.58126831,2.29614234,-8.87741089,0.160708711,-0.075167872,20,0.699999988,0,0.0963804051,0.0963804051,1
2329,11.646140,0.423812449,0.464641243,0.576187551,6.57119703,2.32131934,-8.89251614,0.160708711,0.0256321151,20,0.699999988,0,0.0965349227,0.0965349227,1
2330,11.651163,0.424411178,0.46491912,0.575588882,6.53594923,2.27600098,-8.81195068,0.160708711,0.126432106,20,0.699999988,0,0.0958229005,0.0958229005,1
2331,11.656142,0.425694972,0.465514898,0.574304998,6.44027615,2.25082374,-8.69110012,0.160708711,0.227232248,20,0.699999988,0,0.0942149758,0.0942149758,1
2332,11.661162,0.427896827,0.46653679,0.572103143,6.23886061,2.17529273,-8.4141531,0.160708711,0.323232144,20,0.699999988,0,0.0914231539,0.0914231539,1
2333,11.666140,0.430653095,0.467815995,0.569346905,6.02233887,2.10479736,-8.12713623,0.160708711,0.424031973,20,0.699999988,0,0.0879283249,0.0879283249,1
2334,11.671157,0.434332728,0.469523698,0.565667212,5.73028564,1.98898315,-7.73940992,0.160708711,0.524831951,20,0.699999988,0,0.0832627341,0.0832627341,1
2335,11.676157,0.438459843,0.471439123,0.561540186,5.37277174,1.85302722,-7.22579908,0.160708711,0.625632405,20,0.699999988,0,0.0783642754,0.0783642754,1
2336,11.681159,0.443265259,0.47366932,0.556930661,4.94476271,1.68685913,-6.63162184,0.160621986,0.72643286,20,0.699999988,0,0.0721852034,0.0721852034,1
2337,11.686136,0.44846189,0.476081103,0.551538169,4.49661255,1.5206908,-6.01730347,0.160575077,0.822433293,20,0.699999988,0,0.0653477386,0.0653477386,1
2338,11.691158,0.45444265,0.478856742,0.54555732,3.97293067,1.31423938,-5.28716993,0.160425052,0.923233747,20,0.699999988,0,0.0577643774,0.0577643774,1
2339,11.696147,0.460760474,0.481788874,0.539239526,3.40393043,1.10275269,-4.50668335,0.160305485,1.0240339,20,0.699999988,0,0.0497537479,0.0497537479,1
2340,11.701202,0.467502952,0.484918088,0.532497108,2.80975318,0.871124148,-3.68087721,0.160115585,1.12483311,20,0.699999988,0,0.0412046351,0.0412046351,1
2341,11.706157,0.474564016,0.488195121,0.525435984,2.21054053,0.63446039,-2.84500098,0.159824893,1.22563231,20,0.699999988,0,0.0326843075,0.0326843075,1
2342,11.711142,0.481842399,0.491437256,0.518450081,1.5509032,0.357513398,-1.90841663,0.159379467,1.32643151,20,0.699999988,0,0.0233937819,0.0233937819,1
2343,11.716162,0.488993198,0.494891733,0.511006773,0.881195009,0.105743401,-0.986938417,0.158713877,1.42723072,20,0.699999988,0,0.0139560523,0.0139560523,1
2344,11.721137,0.496563047,0.49840492,0.503436983,0.206451416,-0.0956726,-0.110778816,0.157544389,1.52322996,20,0.699999988,0,0.0043579,0.0043579,1
2345,11.726164,0.504164457,0.50193274,0.495835572,-0.0956726,-0.281982422,0.377655029,0.155188918,1.62402916,20,0.699999988,0,-0.00528029772,-0.00528029772,4
2346,11.731156,0.511720836,0.505439639,0.488279164,-0.548858583,-0.599212646,1.10275269,0.151537359,1.72482836,20,0.699999988,0,-0.0148614235,-0.0144195948,4
2347,11.736158,0.519173741,0.508898556,0.480826229,-0.775451601,-0.991973877,1.76742554,0.146263942,1.82562757,20,0.699999988,0,-0.0238476377,-0.0238476377,4
2348,11.741147,0.526401281,0.512095392,0.473938048,-0.679778993,-0.820770144,1.50054908,0.134198308,1.92642677,20,0.699999988,0,-0.0330452323,-0.0330452323,4
2349,11.746155,0.53310442,0.515363812,0.46689555,-2.75436378,0.906372011,1.8479917,0.109914698,2.02722669,20,0.699999988,0,-0.041974768,-0.041974768,4
2350,11.751141,0.539737105,0.518442035,0.460262895,-4.23477125,-0.392761201,4.62753248,0.0887459219,2.12322831,20,0.699999988,0,-0.050384637,-0.050384637,4
2351,11.756164,0.54610461,0.521397233,0.45389542,-3.82690406,-1.82281482,5.64971876,0.0855654627,2.22403002,20,0.699999988,0,-0.0584582686,-0.0584582686,4
2352,11.761148,0.551823616,0.524051428,0.448176354,-4.58221436,-1.69692981,6.24893188,0.0898826718,2.32483172,20,0.699999988,0,-0.0657097474,-0.0654276311,4
2353,11.766157,0.557230055,0.526560545,0.442769945,-5.03539991,-1.91345203,6.94885206,0.0895709544,2.42563343,20,0.699999988,0,-0.0723206326,-0.0723206326,4
2354,11.771143,0.561979532,0.528667331,0.438230515,-5.45333815,-2.05947876,7.51281691,0.0902506039,2.52643514,20,0.699999988,0,-0.0783205926,-0.0783205926,4
2355,11.776162,0.565927625,0.530597091,0.434072375,-5.88638258,-2.10479736,7.99117994,0.0904334262,2.62723684,20,0.699999988,0,-0.0835928842,-0.0835928842,4
2356,11.781138,0.569366515,0.532193124,0.430633515,-6.1532588,-2.25585937,8.40911865,0.090215452,2.72323847,20,0.699999988,0,-0.087953195,-0.087953195,4
2357,11.786154,0.572335839,0.533571184,0.427664161,-6.41006422,-2.35656738,8.76663208,0.0901428089,2.82404017,20,0.699999988,0,-0.091718182,-0.091718182,4
2358,11.791153,0.574405551,0.534531713,0.425594419,-6.60644531,-2.40692139,8.9881897,0.0901428089,2.92484188,20,0.699999988,0,-0.0943424925,-0.0942425504,4
2359,11.796152,0.575537741,0.535057187,0.424462289,-6.69708204,-2.45223999,9.14932251,0.0901428089,3.02564359,20,0.699999988,0,-0.0958803147,-0.0958803147,4
2360,11.801141,0.576148033,0.535337806,0.423857659,-6.75247145,-2.47238135,9.22485256,0.0901428089,3.12644529,20,0.699999988,0,-0.0965446308,-0.0965446308,4
2361,11.806164,0.575893223,0.535222173,0.424106777,-6.71722317,-2.45727539,9.17449856,0.0901428089,-3.05593848,20,0.699999988,0,-0.096228756,-0.096228756,4
2362,11.811148,0.574812651,0.534720659,0.42518732,-6.66183424,-2.44216919,9.10400391,0.0901428089,-2.95993686,20,0.699999988,0,-0.0948586613,-0.0948586613,4
2363,11.816175,0.573153496,0.533950686,0.426846534,-6.4956665,-2.37167335,8.86734009,0.0901428089,-2.85913515,20,0.699999988,0,-0.0927549005,-0.0927549005,4
2364,11.821165,0.570514619,0.53272593,0.429485381,-6.28417921,-2.29614234,8.58032227,0.0901428089,-2.75833344,20,0.699999988,0,-0.0894089639,-0.0894089639,4
2365,11.826141,0.567278922,0.531224251,0.432721078,-6.00723219,-2.18536377,8.19259644,0.0901428089,-2.65753174,20,0.699999988,0,-0.0854521841,-0.0854521841,4
2366,11.831157,0.563360333,0.529405653,0.436438233,-5.66986084,-2.06954932,7.7394104,0.0901428089,-2.55673003,20,0.699999988,0,-0.0805930942,-0.0805930942,4
2367,11.836147,0.558933616,0.527351201,0.441066384,-5.28716993,-1.92352283,7.21069288,0.0901428089,-2.46072841,20,0.699999988,0,-0.0747248307,-0.0747248307,4
2368,11.841159,0.553722858,0.524932861,0.446277112,-4.8088069,-1.75735462,6.56616163,0.0901428089,-2.3599267,20,0.699999988,0,-0.0681178942,-0.0681178942,4
2369,11.846139,0.548062623,0.522305965,0.451937437,-4.32037306,-1.5660094,5.88638258,0.0901428089,-2.25912499,20,0.699999988,0,-0.0609409101,-0.0609409101,4
2370,11.851160,0.54181236,0.519405186,0.45818764,-3.77151465,-1.37466419,5.1864624,0.0901428089,-2.15832329,20,0.699999988,0,-0.0530159697,-0.0534423366,4
2371,11.856139,0.535225809,0.516348362,0.464774162,-3.22265601,-1.16317749,4.38583374,0.0902951434,-2.05752158,20,0.699999988,0,-0.0451079011,-0.0451079011,4
2372,11.861158,0.528292894,0.513130784,0.471371084,-2.58819556,-0.921478152,3.5096736,0.0902764052,-1.95672107,20,0.699999988,0,-0.0363000222,-0.0363000222,4
2373,11.866149,0.521466613,0.509962678,0.478533387,-1.92352283,-0.689849854,2.6133728,0.0904475302,-1.86072183,20,0.699999988,0,-0.0272185411,-0.0272185411,4
2374,11.871160,0.51404047,0.506516218,0.48595953,-1.23367298,-0.443115205,1.67678821,0.0906748995,-1.75992262,20,0.699999988,0,-0.0178026073,-0.0178026073,4
2375,11.876148,0.506506562,0.503019691,0.493493438,-0.528717041,-0.206451416,0.735168457,0.0908507034,-1.65912342,20,0.699999988,0,-0.00824996457,-0.00824996457,4
2376,11.881164,0.498907417,0.499492943,0.501092613,-0.0453185998,-0.0704956055,0.135955811,0.0911740884,-1.55832422,20,0.699999988,0,0.00138535583,0.000926484994,1
2377,11.886138,0.491331816,0.495977074,0.508668184,0.463256806,0.0604247972,-0.523681581,0.0912537798,-1.45752501,20,0.699999988,0,0.0105437469,0.0105437469,1
2378,11.891155,0.483830035,0.492647797,0.515841901,1.17828369,0.271911591,-1.45019531,0.0914178714,-1.35672581,20,0.699999988,0,0.0200866777,0.0200866777,1
2379,11.896143,0.47682488,0.489244372,0.523175061,1.90338135,0.473327577,-2.37670898,0.0916967764,-1.26072657,20,0.699999988,0,0.0293848515,0.0293848515,1
2380,11.901153,0.469738603,0.485955626,0.530261397,2.6335144,0.579071045,-3.21258545,0.0928639621,-1.15992737,20,0.699999988,0,0.0383699164,0.0383699164,1
2381,11.906142,0.462881118,0.482773066,0.537118852,3.41400123,0.412902832,-3.82690406,0.0963022485,-1.05912817,20,0.699999988,0,0.0470648557,0.0470648557,1
2382,11.911160,0.456343234,0.479738802,0.543656707,3.48953199,-0.332336426,-3.25790381,0.106762417,-0.958328426,20,0.699999988,0,0.0553545356,0.0548884757,1
2383,11.916140,0.450459272,0.477008045,0.549540699,0.0503540002,3.63555884,-3.68591285,0.134889737,-0.857527971,20,0.699999988,0,0.0624169968,0.0624169968,1
2384,11.921166,0.444883168,0.47442019,0.55500108,4.74334669,1.60125721,-6.34460402,0.173240557,-0.756727517,20,0.699999988,0,0.0697385594,0.0697385594,1
2385,11.926165,0.440022707,0.472164422,0.559977233,5.52383375,1.29913318,-6.82296705,0.162037402,-0.655927062,20,0.699999988,0,0.0760481283,0.0760481283,1
2386,11.931142,0.435655475,0.470137596,0.564344525,5.46844435,2.06451416,-7.53295851,0.160399109,-0.559926629,20,0.699999988,0,0.0815855712,0.0815855712,1
2387,11.936155,0.431886137,0.46838823,0.568113804,5.98205566,1.95373535,-7.93579102,0.16185692,-0.459126443,20,0.699999988,0,0.0863648802,0.0863648802,1
2388,11.941141,0.428744853,0.46693036,0.571255147,6.2036128,2.10479736,-8.30841064,0.160331115,-0.358326614,20,0.699999988,0,0.0902589709,0.0902589709,1
2389,11.946164,0.426317811,0.465803981,0.573682189,6.33453321,2.27096558,-8.60549927,0.160291225,-0.257526785,20,0.699999988,0,0.0932310596,0.0932310596,1
2390,11.951148,0.424816251,0.465105206,0.575187802,6.4956665,2.26089454,-8.75656128,0.16071783,-0.156726658,20,0.699999988,0,0.0953343064,0.0953343064,1
2391,11.956158,0.423914611,0.464688629,0.576085329,6.59133816,2.29614234,-8.88748074,0.160708472,-0.0559266284,20,0.699999988,0,0.0964723751,0.0964723751,1
2392,11.961144,0.423912853,0.464687824,0.576087117,6.58126831,2.31628418,-8.89755249,0.160708472,0.0400733612,20,0.699999988,0,0.0964746401,0.0964746401,1
2393,11.966155,0.424621552,0.465016723,0.575378418,6.52084303,2.28607154,-8.80691433,0.160708472,0.140873373,20,0.699999988,0,0.0955760255,0.0955760255,1
2394,11.971141,0.426095456,0.465700775,0.573904514,6.39999342,2.24075317,-8.64074707,0.160708472,0.241673514,20,0.699999988,0,0.0938180238,0.0938180238,1
2395,11.976155,0.428319603,0.466733009,0.571680367,6.22375441,2.17025733,-8.3940115,0.160708472,0.342473358,20,0.699999988,0,0.0910424888,0.0910424888,1
2396,11.981144,0.431058645,0.468004197,0.568941355,5.96694946,2.07458496,-8.04153442,0.160708472,0.443273187,20,0.699999988,0,0.0874141306,0.0874141306,1
2397,11.986164,0.434891194,0.469782889,0.565108776,5.65475416,1.95877051,-7.61352444,0.160708472,0.544073284,20,0.699999988,0,0.0825546607,0.0825546607,1
2398,11.991138,0.439160675,0.471764386,0.560839355,5.29724073,1.8328855,-7.130126,0.160708472,0.640073717,20,0.699999988,0,0.0771411732,0.0771411732,1
2399,11.996158,0.444002122,0.474011302,0.555997908,4.85916138,1.66671741,-6.52587891,0.160558447,0.740874171,20,0.699999988,0,0.0710024759,0.0710024759,1
2400,12.001148,0.449502826,0.476564199,0.550497234,4.38583374,1.4904784,-5.90652466,0.160574839,0.841674626,20,0.699999988,0,0.0642682686,0.0642682686,1
2401,12.006159,0.455506533,0.479350507,0.544493437,3.88732886,1.2890625,-5.1763916,0.160455272,0.94247508,20,0.699999988,0,0.0567431264,0.0567431264,1
2402,12.011156,0.462013632,0.482239127,0.538269281,3.32336402,1.06750476,-4.39086866,0.160218522,1.043275,20,0.699999988,0,0.0485235155,0.0485235155,1
2403,12.016162,0.468518466,0.485389352,0.531481504,2.71911597,0.840911746,-3.5600276,0.160094246,1.1440742,20,0.699999988,0,0.0399169773,0.0399169773,1
2404,12.021147,0.475614518,0.488682657,0.524385452,2.09976196,0.614318848,-2.71408081,0.159702763,1.24007344,20,0.699999988,0,0.0309195369,0.0309195369,1
2405,12.026260,0.482932836,0.492079079,0.517067134,1.42501819,0.322265625,-1.74728382,0.159243271,1.34567261,20,0.699999988,0,0.0216402784,0.0216402784,1
2406,12.031145,0.490431756,0.495559365,0.509568274,0.780487061,0.0704956055,-0.850982666,0.158514455,1.44167185,20,0.699999988,0,0.0125874542,0.0125874542,1
2407,12.036147,0.498014301,0.499078453,0.501985729,0.120849594,-0.110778801,-0.0100707933,0.157281652,1.54247105,20,0.699999988,0,0.00297683291,0.00297683291,1
2408,12.041153,0.505612433,0.502437234,0.494748533,-0.115814202,-0.337371796,0.453186005,0.15473634,1.64327025,20,0.699999988,0,-0.00665860856,-0.00665860856,4
2409,12.046145,0.512795389,0.505938351,0.487204611,-0.589141846,-0.659637392,1.2487793,0.150972262,1.7392695,20,0.699999988,0,-0.0162238777,-0.0162238777,4
2410,12.051156,0.52020961,0.509379327,0.47979039,-0.780487061,-1.04736316,1.82785022,0.144651204,1.8400687,20,0.699999988,0,-0.02562478,-0.02562478,4
2411,12.056148,0.527418792,0.512725115,0.472581238,-0.77041626,-0.503539979,1.2739563,0.131036371,1.9408679,20,0.699999988,0,-0.0347656161,-0.0347656161,4
2412,12.061160,0.534404695,0.51596725,0.465595305,-3.48449659,1.00204468,2.3062129,0.103562944,2.04166818,20,0.699999988,0,-0.0436234102,-0.0431787856,4
2413,12.066163,0.540997624,0.519027054,0.459002376,-4.11895752,-0.715026796,4.83398438,0.0843371674,2.14246988,20,0.699999988,0,-0.0515542589,-0.0515542589,4
2414,12.071160,0.54713589,0.521797061,0.453033745,-3.89739966,-1.85302722,5.75042677,0.0865122005,2.24327159,20,0.699999988,0,-0.0595508032,-0.0595508032,4
2415,12.076148,0.552697122,0.524456799,0.447302878,-4.69299269,-1.69189441,6.38488722,0.0899153054,2.33927321,20,0.699999988,0,-0.0668172687,-0.0668172687,4
2416,12.081155,0.558034122,0.52693373,0.441965908,-5.08071852,-1.95877051,7.03948879,0.0895145163,2.44007492,20,0.699999988,0,-0.0735842809,-0.0735842809,4
2417,12.086144,0.562653601,0.529077649,0.437346399,-5.54397583,-2.06451416,7.60848999,0.0903535485,2.54087663,20,0.699999988,0,-0.0794415995,-0.0794415995,4
2418,12.091160,0.566745281,0.530976593,0.433254719,-5.94680786,-2.12493873,8.06671047,0.0903957486,2.64167833,20,0.699999988,0,-0.0846296325,-0.0842708647,4
2419,12.096148,0.570057511,0.532513797,0.429942489,-6.2036128,-2.27096558,8.47457886,0.090173088,2.74248004,20,0.699999988,0,-0.0887216255,-0.0887216255,4
2420,12.101164,0.572717607,0.533698499,0.427389801,-6.43524122,-2.36663818,8.80187988,0.0901426226,2.84328175,20,0.699999988,0,-0.0920660347,-0.0920660347,4
2421,12.106140,0.574571311,0.534608662,0.425428689,-6.59637451,-2.40188599,8.9982605,0.0901426226,2.93928337,20,0.699999988,0,-0.0945526287,-0.0945526287,4
2422,12.111158,0.575716257,0.535140038,0.424283743,-6.69708204,-2.45727539,9.15435791,0.0901426226,3.04008508,20,0.699999988,0,-0.0960043967,-0.0960043967,4
2423,12.116138,0.576092541,0.535314679,0.423907518,-6.73736525,-2.47741675,9.21478176,0.0901426226,3.14088678,20,0.699999988,0,-0.0964814052,-0.0964814052,4
2424,12.121160,0.575819671,0.535188019,0.424180329,-6.70211744,-2.46231055,9.15939236,0.0901426226,-3.04149699,20,0.699999988,0,-0.0961033106,-0.0961033106,4
2425,12.126160,0.574592173,0.534618378,0.425407857,-6.61148024,-2.43209815,9.04357815,0.0901426226,-2.94069529,20,0.699999988,0,-0.0945943221,-0.0945943221,4
2426,12.131157,0.572550952,0.533776224,0.427222371,-6.46545315,-2.36663818,8.83209133,0.0901426226,-2.83989358,20,0.699999988,0,-0.0922783539,-0.0922783539,4
2427,12.136147,0.570151389,0.532557368,0.429848582,-6.23886061,-2.28103638,8.51989746,0.0901426226,-2.74389195,20,0.699999988,0,-0.0889484435,-0.0889484435,4
2428,12.141276,0.56652838,0.530875921,0.43347159,-5.94177198,-2.17529273,8.11706448,0.0901426226,-2.63829017,20,0.699999988,0,-0.084577769,-0.084577769,4
2429,12.146141,0.562694192,0.529096484,0.437305778,-5.60440063,-2.04940772,7.66387844,0.0901426226,-2.54228854,20,0.699999988,0,-0.079493098,-0.079493098,4
2430,12.151139,0.558000207,0.526917994,0.441999763,-5.1914978,-1.89331031,7.10494995,0.0901426226,-2.44148684,20,0.699999988,0,-0.0737790614,-0.0737790614,4
2431,12.156163,0.552768469,0.524489939,0.447231531,-4.73831129,-1.71203613,6.45034742,0.0901426226,-2.34068513,20,0.699999988,0,-0.067130357,-0.067130357,4
2432,12.161147,0.547210276,0.521910369,0.452789724,-4.24987745,-1.5458678,5.79574537,0.0901426226,-2.23988342,20,0.699999988,0,-0.0598602183,-0.0598602183,4
2433,12.166155,0.540963769,0.519011378,0.459036291,-3.69094825,-1.33941638,5.03036451,0.0901426226,-2.1438818,20,0.699999988,0,-0.0519399233,-0.0519399233,4
2434,12.171141,0.534256279,0.515898407,0.465743721,-3.0917356,-1.12289417,4.21462965,0.0902926102,-2.04308009,20,0.699999988,0,-0.043435242,-0.043435242,4
2435,12.176156,0.527278602,0.512660027,0.472721398,-2.45223999,-0.89126581,3.34350586,0.090276219,-1.94227993,20,0.699999988,0,-0.034587875,-0.034587875,4
2436,12.181145,0.520051777,0.509306073,0.479948223,-1.82281482,-0.649566591,2.47238135,0.0905199945,-1.84148073,20,0.699999988,0,-0.025867451,-0.025867451,4
2437,12.186153,0.512621105,0.505857468,0.487378895,-1.13296497,-0.407867402,1.5408324,0.0906090736,-1.74068153,20,0.699999988,0,-0.016456075,-0.016456075,4
2438,12.191142,0.505415618,0.502513409,0.494584382,-0.428009033,-0.1913452,0.619354248,0.0908996761,-1.63988233,20,0.699999988,0,-0.00686674984,-0.00686674984,4
2439,12.196164,0.497820377,0.49898842,0.502179563,-0.00503540039,-0.0654601976,0.070495598,0.0911504105,-1.54388309,20,0.699999988,0,0.00276362477,0.00276362477,1
2440,12.201138,0.490235895,0.495468467,0.509764135,0.594177186,0.100708,-0.694885194,0.0912535414,-1.44308388,20,0.699999988,0,0.0123803997,0.0123803997,1
2441,12.206161,0.482753962,0.49199608,0.517246008,1.29913318,0.327301025,-1.62643421,0.0913731083,-1.34228468,20,0.699999988,0,0.0218670908,0.0218670908,1
2442,12.211146,0.475447148,0.488604993,0.524552882,2.00912452,0.523681581,-2.53280616,0.0918254405,-1.24148548,20,0.699999988,0,0.030721575,0.030721575,1
2443,12.216155,0.46836403,0.485317707,0.531636,2.74429321,0.574035585,-3.31832886,0.0929809064,-1.14068627,20,0.699999988,0,0.039662499,0.039662499,1
2444,12.221141,0.461965591,0.482348174,0.538034439,3.51974463,0.362548798,-3.88229346,0.0969793424,-1.03988707,20,0.699999988,0,0.0482256971,0.0482256971,1
2445,12.226160,0.455526292,0.479359686,0.544473708,3.1370542,-0.3877258,-2.74932837,0.109867625,-0.943887115,20,0.699999988,0,0.0563903898,0.0563903898,1
2446,12.231145,0.449600071,0.47660929,0.550399899,0.720062196,4.41101074,-5.131073,0.149891824,-0.84308666,20,0.699999988,0,0.0639045313,0.0639045313,1
2447,12.236153,0.444049627,0.474033326,0.555950344,5.06561279,1.18835437,-6.25396729,0.173120677,-0.742286205,20,0.699999988,0,0.0709422231,0.0709422231,1
2448,12.241161,0.439189941,0.471777946,0.56081003,5.47347975,1.45019519,-6.94381666,0.160593361,-0.641485751,20,0.699999988,0,0.0768900663,0.0768900663,1
2449,12.246156,0.434841961,0.46976006,0.565158069,5.51879883,2.07962036,-7.59841919,0.160410494,-0.540685296,20,0.699999988,0,0.0824461505,0.0824461505,1
2450,12.251146,0.431297809,0.468115211,0.568702221,6.05255079,1.94366443,-7.99621534,0.161722973,-0.439885229,20,0.699999988,0,0.0871108994,0.0871108994,1
2451,12.256244,0.428189367,0.46667257,0.571810663,6.19857788,2.15011597,-8.34869385,0.160244033,-0.3390854,20,0.699999988,0,0.0908240527,0.0908240527,1
2452,12.261146,0.426227927,0.465762258,0.573772073,6.34963894,2.27600098,-8.62563992,0.160454944,-0.243085533,20,0.699999988,0,0.0935392305,0.0935392305,1
2453,12.266137,0.424593389,0.465003669,0.575406611,6.53594923,2.27096558,-8.80691528,0.16072455,-0.142285392,20,0.699999988,0,0.0956117734,0.0955458656,1
2454,12.271158,0.423842669,0.46465525,0.576157331,6.56616116,2.29614234,-8.86230373,0.160708159,-0.0414853841,20,0.699999988,0,0.0965442285,0.0965442285,1
2455,12.276148,0.423864454,0.464665353,0.576094925,6.58126831,2.31124854,-8.89251709,0.160708159,0.0593146048,20,0.699999988,0,0.0964845121,0.0964845121,1
2456,12.281157,0.424724638,0.465064585,0.575275302,6.52084303,2.27096558,-8.79180908,0.160708159,0.160114646,20,0.699999988,0,0.0954453051,0.0954453051,1
2457,12.286145,0.426308393,0.4657996,0.573691607,6.37985229,2.23068237,-8.61053467,0.160708159,0.256114751,20,0.699999988,0,0.0934372023,0.0934372023,1
2458,12.291164,0.428756505,0.466935784,0.571243465,6.1885066,2.16018653,-8.34869289,0.160708159,0.35691458,20,0.699999988,0,0.0903331116,0.0903331116,1
2459,12.296141,0.431752324,0.468326151,0.568247676,5.90148878,2.04940772,-8.01132107,0.160708159,0.457714409,20,0.699999988,0,0.0865346044,0.0866685882,1
2460,12.301160,0.435603946,0.470113695,0.564396083,5.61447144,1.93862903,-7.55310059,0.160708159,0.558514595,20,0.699999988,0,0.0820294246,0.0820294246,1
2461,12.306140,0.439998358,0.472153127,0.560176134,5.23178053,1.79763782,-7.02941847,0.160708159,0.65931505,20,0.699999988,0,0.0763002932,0.0763002932,1
2462,12.311163,0.445046574,0.474358678,0.555249453,4.8239131,1.64657581,-6.47048903,0.160551101,0.760115504,20,0.699999988,0,0.070053488,0.070053488,1
2463,12.316143,0.450327575,0.47694695,0.549672425,4.32037306,1.46026611,-5.78063917,0.160487801,0.856115937,20,0.699999988,0,0.0629820898,0.0629820898,1
2464,12.321162,0.456470042,0.479797661,0.543529928,3.78662062,1.2538147,-5.04043531,0.160375267,0.956916392,20,0.699999988,0,0.055193767,0.055193767,1
2465,12.326141,0.462963611,0.482811362,0.537036419,3.20754981,1.02218616,-4.28008986,0.1602346,1.05771613,20,0.699999988,0,0.0469602719,0.0473616458,1
2466,12.331164,0.469822139,0.485994399,0.530177832,2.60330176,0.805664003,-3.43414283,0.159986109,1.15851533,20,0.699999988,0,0.0387168266,0.0387168266,1
2467,12.336138,0.47701326,0.489162982,0.523350596,2.00912452,0.574035585,-2.58316016,0.159725875,1.25931454,20,0.699999988,0,0.0296073444,0.0296073444,1
2468,12.341161,0.483984083,0.492567003,0.516015947,1.3293457,0.287017792,-1.61636353,0.159224227,1.36011374,20,0.699999988,0,0.0203074031,0.0203074031,1
2469,12.346148,0.491500258,0.496055245,0.508499742,0.654602051,0.0302123986,-0.684814453,0.15839465,1.45611298,20,0.699999988,0,0.0107772416,0.0107772416,1
2470,12.351163,0.499104053,0.499584198,0.500895977,0.0503540002,-0.146026596,0.0956725925,0.157000095,1.55691218,20,0.699999988,0,0.00113602204,0.00113602204,1
2471,12.356140,0.506703258,0.503111005,0.493296742,-0.1963806,-0.397796571,0.543823242,0.153960302,1.65771139,20,0.699999988,0,-0.00849939045,-0.00804182608,4
2472,12.361155,0.514223278,0.506601036,0.485776722,-0.649566591,-0.704955995,1.35452259,0.149936095,1.75851059,20,0.699999988,0,-0.0175974239,-0.0175974239,4
2473,12.366145,0.521638751,0.510042608,0.478743166,-0.7653808,-1.07757568,1.84295654,0.143675923,1.85930979,20,0.699999988,0,-0.0269525573,-0.0269525573,4
2474,12.371156,0.52845335,0.51320523,0.47154665,-0.921478152,-0.206451416,1.12792957,0.127471238,1.960109,20,0.699999988,0,-0.0360774063,-0.0360774063,4
2475,12.376148,0.535315335,0.516389906,0.464684665,-3.87222266,0.906372011,2.96585059,0.100447796,2.05610967,20,0.699999988,0,-0.044778049,-0.044778049,4
2476,12.381176,0.541875541,0.519434512,0.458124459,-3.91250587,-1.13800049,5.05050659,0.083645463,2.15691137,20,0.699999988,0,-0.0530960485,-0.0530960485,4
2477,12.386161,0.548098862,0.522322774,0.451901138,-4.03335571,-1.8429563,5.87631226,0.087369673,2.25771308,20,0.699999988,0,-0.0609869398,-0.0609869398,4
2478,12.391150,0.553731859,0.524937034,0.446268082,-4.76852369,-1.66671741,6.43524122,0.0898985565,2.35851479,20,0.699999988,0,-0.0678595006,-0.0678595006,4
2479,12.396163,0.558867395,0.527320445,0.441132605,-5.1361084,-1.98898315,7.12509155,0.0895001143,2.45931649,20,0.699999988,0,-0.0743501782,-0.0743501782,4
2480,12.401147,0.563212991,0.529337227,0.436786979,-5.60943556,-2.06451416,7.67394972,0.09044227,2.5601182,20,0.699999988,0,-0.0801508874,-0.0801508874,4
2481,12.406157,0.567207694,0.53119117,0.432792276,-5.97701979,-2.15515137,8.13217163,0.0904024467,2.65611982,20,0.699999988,0,-0.0852159634,-0.0852159634,4
2482,12.411163,0.570531785,0.532733917,0.429468215,-6.25396729,-2.29614234,8.55010986,0.090261817,2.75692153,20,0.699999988,0,-0.0894307494,-0.0894307494,4
2483,12.416160,0.573090136,0.533921242,0.426909894,-6.47552395,-2.37670875,8.85223293,0.090261817,2.85772324,20,0.699999988,0,-0.0926745385,-0.0926745385,4
2484,12.421146,0.574787855,0.534709156,0.425212115,-6.61651516,-2.41699219,9.03350735,0.090261817,2.95852494,20,0.699999988,0,-0.0948973224,-0.0948973224,4
2485,12.426164,0.575909555,0.535229743,0.424090445,-6.68701124,-2.45727539,9.14428711,0.090261817,3.05932665,20,0.699999988,0,-0.0962111354,-0.0962111354,4
2486,12.431137,0.576021194,0.535281539,0.423978806,-6.74240017,-2.47741675,9.21981716,0.090261817,-3.12305713,20,0.699999988,0,-0.0963910222,-0.0963910222,4
2487,12.436154,0.575637877,0.535103679,0.424362123,-6.67190504,-2.44720435,9.11910915,0.090261817,-3.0270555,20,0.699999988,0,-0.0959050059,-0.0959050059,4
2488,12.441142,0.574362695,0.534511864,0.425637305,-6.59133816,-2.41699219,9.00833035,0.090261817,-2.9262538,20,0.699999988,0,-0.0942881182,-0.0942881182,4
2489,12.446159,0.572391748,0.533597112,0.427608252,-6.42517042,-2.36160278,8.77670193,0.090261817,-2.82545209,20,0.699999988,0,-0.0917890444,-0.0917890444,4
2490,12.451147,0.569511533,0.532260418,0.430488437,-6.19857788,-2.25585937,8.45443726,0.090261817,-2.72465038,20,0.699999988,0,-0.0883245617,-0.0883245617,4
2491,12.456160,0.565989971,0.530626059,0.433829546,-5.90148878,-2.15515137,8.05664063,0.090261817,-2.62384868,20,0.699999988,0,-0.0839007422,-0.0839007422,4
2492,12.461148,0.562066495,0.528805137,0.437933505,-5.54397583,-2.02423096,7.56820679,0.090261817,-2.52304697,20,0.699999988,0,-0.0786971524,-0.0786971524,4
2493,12.466164,0.557239115,0.526564777,0.442760915,-5.12100172,-1.86309803,6.98409986,0.090261817,-2.42704535,20,0.699999988,0,-0.0725762621,-0.0725762621,4
2494,12.471150,0.55193156,0.524101496,0.44806841,-4.65270996,-1.69189441,6.34460449,0.090261817,-2.32624364,20,0.699999988,0,-0.0658466071,-0.0658466071,4
2495,12.476162,0.545984685,0.521341562,0.454015344,-4.13909864,-1.51062,5.64971876,0.090261817,-2.22544193,20,0.699999988,0,-0.0583062097,-0.0583062097,4
2496,12.481148,0.539665163,0.518408656,0.460334837,-3.60031104,-1.30416858,4.9044795,0.090261817,-2.12464023,20,0.699999988,0,-0.0507259108,-0.0507259108,4
2497,12.486165,0.532979965,0.515306056,0.467020035,-3.00613379,-1.08261108,4.08874512,0.090261817,-2.02383852,20,0.699999988,0,-0.0422650352,-0.0422650352,4
2498,12.491138,0.526279688,0.512196422,0.473720312,-2.35656738,-0.840911746,3.19747925,0.090261817,-1.9278388,20,0.699999988,0,-0.0333213061,-0.0333213061,4
2499,12.496139,0.518998027,0.508817017,0.481001973,-1.69189441,-0.619354188,2.31124854,0.0904891714,-1.8270396,20,0.699999988,0,-0.0240885206,-0.0240885206,4
2500,12.501157,0.511553824,0.505362153,0.488446146,-0.991973877,-0.347442627,1.3394165,0.0906790271,-1.7262404,20,0.699999988,0,-0.0146496976,-0.0146496976,4
2501,12.506149,0.503964126,0.501839757,0.496035844,-0.297088593,-0.156097397,0.488433838,0.090993084,-1.62544119,20,0.699999988,0,-0.00502635445,-0.00549310073,4
2502,12.511163,0.496365607,0.498313278,0.503634393,0.0402832031,-0.0453185998,0.00503539667,0.0912367925,-1.52464199,20,0.699999988,0,0.00414930517,0.00414930517,1
2503,12.516142,0.488797873,0.494967401,0.510843813,0.694885254,0.130920395,-0.825805664,0.0912531987,-1.42384279,20,0.699999988,0,0.0137493974,0.0137493974,1
2504,12.521152,0.48170948,0.491511345,0.51829052,1.40991199,0.357513398,-1.76742542,0.0914172903,-1.32304358,20,0.699999988,0,0.0231914669,0.0231914669,1
2505,12.526164,0.474419206,0.488127917,0.525580764,2.14004493,0.528717041,-2.66876197,0.0919235423,-1.22704434,20,0.699999988,0,0.0324351341,0.0324351341,1
2506,12.531158,0.467376828,0.484859526,0.532623172,2.89031959,0.569000244,-3.45931983,0.0936344564,-1.12624514,20,0.699999988,0,0.0413645096,0.0413645096,1
2507,12.536148,0.460718185,0.481769234,0.539281785,3.66577101,0.271911591,-3.90747046,0.0977524295,-1.02544594,20,0.699999988,0,0.0498073399,0.049494233,1
2508,12.541153,0.454431981,0.478851795,0.545567989,2.578125,-0.352477998,-2.22564697,0.112818025,-0.924645782,20,0.699999988,0,0.0574572608,0.0574572608,1
2509,12.546142,0.448483586,0.476214826,0.551249921,1.73721302,4.42611694,-6.16333008,0.156266481,-0.823845327,20,0.699999988,0,0.0649823025,0.0649823025,1
2510,12.551157,0.443271518,0.473672241,0.556728542,5.26702881,0.991973877,-6.25900269,0.171868831,-0.723044872,20,0.699999988,0,0.0719288513,0.0719288513,1
2511,12.556146,0.438493371,0.47145468,0.561506629,5.44830275,1.66671741,-7.11502028,0.15985243,-0.627044439,20,0.699999988,0,0.0779872686,0.0779872686,1
2512,12.561163,0.434286475,0.46950224,0.565713525,5.60943556,2.06451416,-7.67394972,0.161347747,-0.526243985,20,0.699999988,0,0.0833214149,0.0833214149,1
2513,12.566141,0.430684,0.46783033,0.56931603,6.0877986,1.94869983,-8.00628567,0.161343053,-0.425444007,20,0.699999988,0,0.0876980796,0.0876980796,1
2514,12.571164,0.427833438,0.466507405,0.572166622,6.23382521,2.17529273,-8.4091177,0.16017583,-0.324644178,20,0.699999988,0,0.0912813619,0.0912813619,1
2515,12.576143,0.425892621,0.465560317,0.574207306,6.35971022,2.28607154,-8.64578152,0.160496905,-0.22384426,20,0.699999988,0,0.094091028,0.094091028,1
2516,12.581165,0.424447477,0.464935958,0.575552523,6.55105543,2.27600098,-8.82705688,0.160745412,-0.123044126,20,0.699999988,0,0.0957967415,0.0957967415,1
2517,12.586145,0.423807144,0.46463877,0.576192856,6.59637451,2.31124854,-8.90762329,0.160714954,-0.0270441398,20,0.699999988,0,0.0966086611,0.0966086611,1
2518,12.591154,0.424001932,0.46472916,0.575998008,6.53091383,2.30621314,-8.83712673,0.160714954,0.0737558529,20,0.699999988,0,0.096361652,0.096361652,1
2519,12.596143,0.424968362,0.465177685,0.575031638,6.47552395,2.26592994,-8.77166748,0.160714954,0.174555913,20,0.699999988,0,0.0952167213,0.0952167213,1
2520,12.601156,0.42669642,0.465979695,0.57330358,6.32949829,2.22061133,-8.55010986,0.160714954,0.275355965,20,0.699999988,0,0.0929952636,0.0929952636,1
2521,12.606146,0.429226458,0.467118353,0.570850015,6.1381526,2.15011597,-8.28826904,0.160714954,0.376155794,20,0.699999988,0,0.0898342803,0.0898342803,1
2522,12.611207,0.432415098,0.468633741,0.567697346,5.87631178,2.03430152,-7.91061306,0.160714954,0.476955622,20,0.699999988,0,0.085836798,0.085836798,1
2523,12.616139,0.436142564,0.470363677,0.563857436,5.55404615,1.92352283,-7.4775691,0.160714954,0.572955906,20,0.699999988,0,0.0809679851,0.0809679851,1
2524,12.621138,0.440678984,0.472469032,0.559321046,5.1663208,1.77246082,-6.93878174,0.160714954,0.673756361,20,0.699999988,0,0.0752160326,0.0752160326,1
2525,12.626154,0.445897788,0.474891067,0.554102182,4.70306349,1.61132801,-6.34460354,0.160574287,0.774556816,20,0.699999988,0,0.068598859,0.0689774975,1
2526,12.631141,0.451521546,0.477501094,0.548478484,4.23477125,1.41998279,-5.65475416,0.160466462,0.87535727,20,0.699999988,0,0.061772313,0.061772313,1
2527,12.636164,0.457671762,0.480355412,0.5426296,3.71108985,1.21856678,-4.92965651,0.160353929,0.976157725,20,0.699999988,0,0.0540521666,0.0540521666,1
2528,12.641138,0.46392116,0.483255744,0.536078811,3.12194824,1.00204468,-4.12399292,0.160213262,1.07215726,20,0.699999988,0,0.0457461365,0.0457461365,1
2529,12.646160,0.470850915,0.486471862,0.529149115,2.50259376,0.750274599,-3.25286841,0.159929603,1.17295647,20,0.699999988,0,0.0369595774,0.0369595774,1
2530,12.651137,0.478035867,0.489806414,0.521964133,1.86309803,0.498504579,-2.36160254,0.159575611,1.27375567,20,0.699999988,0,0.0278493781,0.0278493781,1
2531,12.656164,0.485432327,0.493239135,0.514567733,1.18331909,0.221557602,-1.4904784,0.159080982,1.37455487,20,0.699999988,0,0.018471105,0.018471105,1
2532,12.661138,0.492952973,0.496729463,0.507047057,0.548858583,-0.0151061993,-0.533752382,0.158181071,1.47535408,20,0.699999988,0,0.00939315185,0.00939315185,1
2533,12.666164,0.500556529,0.500258267,0.499805659,0.0201416016,-0.161132813,0.140991211,0.156634182,1.57615328,20,0.699999988,0,-0.000246412965,-0.000246412965,4
2534,12.671148,0.507782042,0.503611684,0.492217988,-0.276946992,-0.433044404,0.709991395,0.153467804,1.67695248,20,0.699999988,0,-0.00986720435,-0.00986720435,4
2535,12.676161,0.515291274,0.507096708,0.484708756,-0.704955995,-0.795593143,1.50054908,0.149157658,1.77295172,20,0.699999988,0,-0.0193885285,-0.0193885285,4
2536,12.681145,0.522663474,0.510518134,0.477336526,-0.740203857,-1.08261108,1.82281494,0.141866267,1.87375093,20,0.699999988,0,-0.028736135,-0.028736135,4
2537,12.686158,0.529769063,0.51381588,0.470230937,-1.17324817,0.0956726,1.06750476,0.125127181,1.97455013,20,0.699999988,0,-0.0377456658,-0.0373534001,4
2538,12.691163,0.536620319,0.516995549,0.463379711,-4.12902832,0.704955995,3.42407227,0.0958748385,2.07535124,20,0.699999988,0,-0.0460679531,-0.0460679531,4
2539,12.696161,0.543145835,0.520024061,0.457117945,-3.8067627,-1.37466419,5.181427,0.0834295303,2.17615294,20,0.699999988,0,-0.0543722585,-0.0543722585,4
2540,12.701137,0.548897624,0.522693455,0.451102376,-4.16427612,-1.8077085,5.97198486,0.0882061049,2.27215457,20,0.699999988,0,-0.061999701,-0.061999701,4
2541,12.706164,0.55453974,0.525311947,0.44546023,-4.8692317,-1.72210681,6.59133863,0.0898139179,2.37295628,20,0.699999988,0,-0.0691536367,-0.0691536367,4
2542,12.711139,0.559645772,0.527681708,0.440354228,-5.22170973,-2.01919556,7.24090528,0.0896170065,2.47375798,20,0.699999988,0,-0.0756278187,-0.0756278187,4
2543,12.716153,0.564057529,0.529729187,0.435942471,-5.70007277,-2.07458496,7.73940992,0.0904302821,2.57455969,20,0.699999988,0,-0.0812216848,-0.0809735879,4
2544,12.721142,0.567929268,0.531526089,0.432070762,-6.03240919,-2.16018653,8.19259548,0.090402171,2.67536139,20,0.699999988,0,-0.0858530253,-0.0858530253,4
2545,12.726190,0.571007252,0.532954574,0.428992778,-6.28417921,-2.30621314,8.59039211,0.0901186094,2.7761631,20,0.699999988,0,-0.0899412632,-0.0899412632,4
2546,12.731139,0.573328257,0.534031749,0.426671684,-6.4956665,-2.37670875,8.87237549,0.090142034,2.87216473,20,0.699999988,0,-0.0929765701,-0.0929765701,4
2547,12.736139,0.575161338,0.534882486,0.424838692,-6.63665724,-2.43713355,9.07379055,0.090142034,2.97296643,20,0.699999988,0,-0.0953007191,-0.0953007191,4
2548,12.741160,0.575927854,0.535238266,0.424072146,-6.71218824,-2.46231055,9.17449856,0.090142034,3.07376814,20,0.699999988,0,-0.0962726697,-0.0962726697,4
2549,12.746149,0.57604593,0.535293043,0.42395404,-6.73233032,-2.46231055,9.20974731,0.090142034,-3.10861564,20,0.699999988,0,-0.0965161845,-0.0965161845,4
2550,12.751157,0.575515032,0.535046637,0.424484968,-6.67694044,-2.44720435,9.12414455,0.090142034,-3.00781393,20,0.699999988,0,-0.095732823,-0.095732823,4
2551,12.756146,0.5741539,0.534426272,0.425821632,-6.55609083,-2.40692139,8.9630127,0.090142034,-2.90701222,20,0.699999988,0,-0.094054386,-0.094054386,4
2552,12.761162,0.571981132,0.533406556,0.428018868,-6.38992262,-2.33642554,8.72634792,0.090142034,-2.80621052,20,0.699999988,0,-0.0912684053,-0.0912684053,4
2553,12.766141,0.569113672,0.532075763,0.430886328,-6.1280818,-2.24578834,8.3738699,0.090142034,-2.71020889,20,0.699999988,0,-0.0876326486,-0.0876326486,4
2554,12.771164,0.565491021,0.530394495,0.434508979,-5.82595778,-2.13500953,7.96096706,0.090142034,-2.60940719,20,0.699999988,0,-0.0830393136,-0.0830393136,4
2555,12.776143,0.561210036,0.528407693,0.438789964,-5.48858643,-1.99401832,7.48260498,0.090142034,-2.50860548,20,0.699999988,0,-0.0778213963,-0.0778213963,4
2556,12.781162,0.556269407,0.526114702,0.443730563,-5.07064772,-1.84799182,6.91863966,0.090142034,-2.40780377,20,0.699999988,0,-0.0716559216,-0.0716559216,4
2557,12.786142,0.551043749,0.523689508,0.448956251,-4.57214308,-1.65161133,6.22375441,0.090142034,-2.30700207,20,0.699999988,0,-0.0647208765,-0.0647208765,4
2558,12.791161,0.545147657,0.520953119,0.454852372,-4.05349684,-1.47033679,5.52383375,0.090142034,-2.20620036,20,0.699999988,0,-0.0572449192,-0.0572449192,4
2559,12.796149,0.538730502,0.517974854,0.461269438,-3.48953199,-1.2638855,4.75341749,0.090142034,-2.11019874,20,0.699999988,0,-0.0491083562,-0.0491083562,4
2560,12.801159,0.53199333,0.514848173,0.4680067,-2.88024879,-1.04232776,3.92257643,0.090299055,-2.00939703,20,0.699999988,0,-0.0405658819,-0.0405658819,4
2561,12.806157,0.524911165,0.511561334,0.475088835,-2.24075317,-0.810699403,3.09173584,0.0903623551,-1.90859771,20,0.699999988,0,-0.0315860994,-0.0320199952,4
2562,12.811165,0.517587841,0.508162558,0.482412159,-1.5962218,-0.574035585,2.17025733,0.0905030221,-1.8077985,20,0.699999988,0,-0.0227288716,-0.0227288716,4
2563,12.816140,0.510465205,0.504856944,0.489534795,-0.90133667,-0.327301025,1.2286377,0.0906507224,-1.7069993,20,0.699999988,0,-0.0132693518,-0.0132693518,4
2564,12.821158,0.50288415,0.501338542,0.49711588,-0.206451416,-0.135955796,0.342407227,0.0909834802,-1.6062001,20,0.699999988,0,-0.00365690957,-0.00365690957,4
2565,12.826148,0.495277464,0.497808248,0.504722476,0.135955796,-0.0302123986,-0.105743393,0.0911920592,-1.51020086,20,0.699999988,0,0.00598791428,0.00598791428,1
2566,12.831159,0.48773098,0.494305938,0.51226902,0.830841005,0.176238999,-1.00707996,0.0912530348,-1.40940166,20,0.699999988,0,0.0155565003,0.0155565003,1
2567,12.836140,0.480273247,0.490844786,0.519726753,1.51062,0.3877258,-1.89834583,0.0914452597,-1.30860245,20,0.699999988,0,0.0245684348,0.0245684348,1
2568,12.841169,0.473014027,0.487475753,0.526985943,2.24075317,0.543823183,-2.78457642,0.0921389982,-1.20780325,20,0.699999988,0,0.0337318666,0.0337318666,1
2569,12.846139,0.4663966,0.484404624,0.53360343,2.99606323,0.558929443,-3.55499268,0.0938850716,-1.10700405,20,0.699999988,0,0.0426074304,0.0426074304,1
2570,12.851138,0.459726751,0.481309116,0.540273249,3.74130201,0.120849594,-3.86215162,0.099646017,-1.00620484,20,0.699999988,0,0.0510644577,0.0510644577,1
2571,12.856156,0.453530371,0.478433371,0.546469569,1.65664661,0.0755310059,-1.73217762,0.11959134,-0.91020447,20,0.699999988,0,0.0589211024,0.0589211024,1
2572,12.861164,0.447646409,0.475702614,0.552353621,2.94570899,3.81683326,-6.76254225,0.164413244,-0.809404016,20,0.699999988,0,0.0663817078,0.0663817078,1
2573,12.866159,0.442360133,0.473249257,0.557639897,5.45333815,0.89630121,-6.29928541,0.168974161,-0.708603561,20,0.699999988,0,0.0730844438,0.0727252737,1
2574,12.871143,0.437650859,0.471063644,0.562349081,5.38787842,1.82281482,-7.21069336,0.159739777,-0.607803106,20,0.699999988,0,0.0788557678,0.0788557678,1
2575,12.876156,0.433459461,0.469225764,0.566309273,5.70510817,1.99401832,-7.69912624,0.161605358,-0.507002652,20,0.699999988,0,0.0840767846,0.0840767846,1
2576,12.881141,0.430240035,0.467624307,0.569759965,6.1079402,1.97891223,-8.08685207,0.161033526,-0.411002785,20,0.699999988,0,0.0884521008,0.0884521008,1
2577,12.886157,0.427492559,0.466349185,0.572507501,6.21871948,2.20550537,-8.42422485,0.160187393,-0.310202956,20,0.699999988,0,0.0919357762,0.0919357762,1
2578,12.891144,0.42541647,0.465385675,0.57458353,6.39495802,2.26592994,-8.66088772,0.16060923,-0.209402993,20,0.699999988,0,0.0945681408,0.0945681408,1
2579,12.896160,0.424215823,0.464828432,0.575784147,6.55609083,2.26592994,-8.80187893,0.160714746,-0.108602881,20,0.699999988,0,0.0960904881,0.0959618315,1
2580,12.901149,0.423846662,0.464657098,0.576153278,6.55105543,2.31628418,-8.86734009,0.160714746,-0.00780289574,20,0.699999988,0,0.0965547487,0.0965547487,1
2581,12.906160,0.424127102,0.46474281,0.575968683,6.55609083,2.29614234,-8.85223293,0.160714746,0.0929970965,20,0.699999988,0,0.0963244289,0.0963244289,1
2582,12.911147,0.425230473,0.465299338,0.574769497,6.46041822,2.25082374,-8.71124172,0.160714746,0.193797186,20,0.699999988,0,0.0948039442,0.0948039442,1
2583,12.916159,0.426945865,0.466095448,0.573054135,6.32446241,2.20550537,-8.52996826,0.160714746,0.289797187,20,0.699999988,0,0.0926289409,0.0926289409,1
2584,12.921148,0.429582447,0.467319101,0.570417583,6.07772779,2.11990333,-8.19763088,0.160714746,0.390597016,20,0.699999988,0,0.0892858878,0.0892858878,1
2585,12.926158,0.432983667,0.468897611,0.567016363,5.81085157,2.01415992,-7.84011745,0.160714746,0.491396844,20,0.699999988,0,0.0852612704,0.0852612704,1
2586,12.931144,0.436950475,0.47073862,0.563049495,5.47851563,1.89834583,-7.37686157,0.160714746,0.592197239,20,0.699999988,0,0.0802019015,0.0802019015,1
2587,12.936154,0.441652566,0.472812772,0.558580399,5.09078979,1.74728382,-6.83807373,0.160590529,0.692997694,20,0.699999988,0,0.0742769316,0.0742769316,1
2588,12.941141,0.446584433,0.475209743,0.553415596,4.62753248,1.5811156,-6.2086482,0.160574079,0.788998127,20,0.699999988,0,0.0677282363,0.0677282363,1
2589,12.946158,0.452368885,0.477894336,0.547631145,4.13406372,1.38977051,-5.52383423,0.160452187,0.889798582,20,0.699999988,0,0.0603938401,0.0603938401,1
2590,12.951143,0.458550125,0.480763048,0.541449904,3.58520484,1.17324817,-4.79370117,0.16033262,0.990599036,20,0.699999988,0,0.0525563583,0.0525563583,1
2591,12.956183,0.465208739,0.48385331,0.534791231,3.00613379,0.951690674,-3.99307227,0.16018492,1.09139836,20,0.699999988,0,0.0441135503,0.0441135503,1
2592,12.961145,0.472198486,0.487097263,0.528138697,2.41699219,0.725097597,-3.14208984,0.159952819,1.19219756,20,0.699999988,0,0.0356784463,0.0356784463,1
2593,12.966163,0.479430616,0.490284115,0.52093488,1.76239002,0.468292207,-2.23068213,0.159512103,1.29299676,20,0.699999988,0,0.0265443344,0.0265443344,1
2594,12.971162,0.486492097,0.493730962,0.513507843,1.10275269,0.1963806,-1.2991333,0.158975333,1.38899601,20,0.699999988,0,0.0171273071,0.0171273071,1
2595,12.976139,0.494044393,0.497235984,0.505955577,0.417938203,-0.0503540002,-0.367584199,0.15801917,1.48979521,20,0.699999988,0,0.00755139347,0.00755139347,1
2596,12.981159,0.50164634,0.500764072,0.49835366,-0.0251770001,-0.181274399,0.206451401,0.15615353,1.59059441,20,0.699999988,0,-0.00208745315,-0.00208745315,4
2597,12.986138,0.509231389,0.504284322,0.490768611,-0.352477998,-0.473327577,0.825805545,0.153010562,1.69139361,20,0.699999988,0,-0.0112399412,-0.0112399412,4
2598,12.991163,0.516722798,0.507761061,0.483277202,-0.740203857,-0.856018066,1.59622192,0.148517638,1.79219282,20,0.699999988,0,-0.0207552314,-0.0207552314,4
2599,12.996140,0.523681462,0.51099062,0.476318538,-0.725097597,-1.05239868,1.77749634,0.141052797,1.89299202,20,0.699999988,0,-0.0300268792,-0.0300268792,4
2600,13.001160,0.530791402,0.514290333,0.469208598,-1.51062,0.312194794,1.19842517,0.11949499,1.98899126,20,0.699999988,0,-0.0390419289,-0.0390419289,4
2601,13.006149,0.537569582,0.517436087,0.462430388,-4.27505493,0.241699189,4.03335571,0.0971402898,2.08979273,20,0.699999988,0,-0.0476363413,-0.0476363413,4
2602,13.011152,0.544073462,0.520454586,0.455926538,-3.71612525,-1.61636329,5.33248854,0.0835043639,2.19059443,20,0.699999988,0,-0.055882927,-0.055882927,4
2603,13.016142,0.550078988,0.523241758,0.449921012,-4.29016113,-1.78756702,6.07772827,0.0890918747,2.29139614,20,0.699999988,0,-0.0631000698,-0.0631000698,4
2604,13.021161,0.555540383,0.525776386,0.444459587,-4.90447998,-1.77749634,6.68197632,0.0897012353,2.39219785,20,0.699999988,0,-0.0701084286,-0.0701084286,4
2605,13.026139,0.560365021,0.528015494,0.439634919,-5.28716993,-2.04437232,7.33154202,0.0899004191,2.49299955,20,0.699999988,0,-0.0765398517,-0.0765398517,4
2606,13.031158,0.564637363,0.529998302,0.435362667,-5.75546217,-2.07458496,7.83004713,0.0905636996,2.58900118,20,0.699999988,0,-0.0819568485,-0.0819568485,4
2607,13.036137,0.568357766,0.53172493,0.431642234,-6.06262159,-2.19039917,8.25302124,0.0902191922,2.68980289,20,0.699999988,0,-0.0866741687,-0.0866741687,4
2608,13.041156,0.571389854,0.533132136,0.428610146,-6.29928541,-2.33139038,8.63067627,0.0901043564,2.79060459,20,0.699999988,0,-0.0905186906,-0.0905186906,4
2609,13.046148,0.573701322,0.5342049,0.426298678,-6.52084303,-2.38174438,8.90258789,0.0901418477,2.8914063,20,0.699999988,0,-0.0934108421,-0.0934108421,4
2610,13.051155,0.575267792,0.534931898,0.424732178,-6.65176344,-2.44216919,9.09393311,0.0901418477,2.992208,20,0.699999988,0,-0.0952889919,-0.0952889919,4
2611,13.056143,0.576054156,0.535296857,0.423945874,-6.71218824,-2.45223999,9.16442871,0.0901418477,3.09300971,20,0.699999988,0,-0.0964327753,-0.0964327753,4
2612,13.061163,0.576061547,0.535300314,0.423938483,-6.70211744,-2.45727539,9.15939331,0.0901418477,-3.09417415,20,0.699999988,0,-0.0964421555,-0.0964421555,4
2613,13.066140,0.575296819,0.534945369,0.424703181,-6.66183424,-2.43713355,9.09896755,0.0901418477,-2.99337244,20,0.699999988,0,-0.0954725295,-0.0954725295,4
2614,13.071188,0.573827744,0.534263551,0.426172256,-6.54098463,-2.39685059,8.93783569,0.0901418477,-2.89257073,20,0.699999988,0,-0.0936098173,-0.0936098173,4
2615,13.076164,0.571489334,0.533178329,0.428510666,-6.31439114,-2.33139038,8.66592407,0.0901418477,-2.79176903,20,0.699999988,0,-0.0908035114,-0.0908035114,4
2616,13.081149,0.568485439,0.531784177,0.431355476,-6.09283447,-2.22564673,8.31848145,0.0901418477,-2.69096732,20,0.699999988,0,-0.0870377421,-0.0870377421,4
2617,13.086159,0.564871907,0.530107141,0.435128063,-5.78063917,-2.10983276,7.89047194,0.0901418477,-2.59016562,20,0.699999988,0,-0.0822543204,-0.0822543204,4
2618,13.091146,0.560552299,0.528102398,0.439447671,-5.39794874,-1.97387683,7.3718257,0.0901418477,-2.49416399,20,0.699999988,0,-0.0767772645,-0.0767772645,4
2619,13.096156,0.555527806,0.525770545,0.444472224,-4.96490479,-1.81777942,6.78268433,0.0901418477,-2.39336228,20,0.699999988,0,-0.0704063997,-0.0704063997,4
2620,13.101144,0.550078332,0.52324146,0.449921697,-4.48654127,-1.63146961,6.14318752,0.0901418477,-2.29256058,20,0.699999988,0,-0.0634967685,-0.0637400746,4
2621,13.106153,0.543932676,0.520389199,0.456067294,-3.97293067,-1.44515979,5.41809034,0.0901418477,-2.19175887,20,0.699999988,0,-0.0561244749,-0.0561244749,4
2622,13.111142,0.537503064,0.517405212,0.462212294,-3.41903663,-1.2437439,4.66278076,0.0902801231,-2.09095716,20,0.699999988,0,-0.0479129069,-0.0479129069,4
2623,13.116153,0.530974627,0.514375389,0.469025373,-2.79464722,-0.997009158,3.79165649,0.0902754441,-1.99015582,20,0.699999988,0,-0.0392742753,-0.0392742753,4
2624,13.121137,0.523877621,0.511081636,0.47612235,-2.12997437,-0.77041626,2.90039063,0.0903832689,-1.89415658,20,0.699999988,0,-0.030275654,-0.030275654,4
2625,13.126159,0.516524971,0.50766927,0.483475059,-1.46026611,-0.523681581,1.98394775,0.0905309692,-1.79335737,20,0.699999988,0,-0.0209528003,-0.0209528003,4
2626,13.131164,0.509024084,0.50418812,0.490975916,-0.7653808,-0.281982422,1.04736328,0.0908075199,-1.69255817,20,0.699999988,0,-0.0114420792,-0.0114420792,4
2627,13.136160,0.501430213,0.500663757,0.498569816,-0.146026596,-0.115814202,0.261840791,0.0910676345,-1.59175897,20,0.699999988,0,-0.00227071182,-0.00227071182,4
2628,13.141146,0.493828893,0.497135967,0.505810022,0.241699189,-0.00503540039,-0.236663789,0.0912621245,-1.49095976,20,0.699999988,0,0.00736681372,0.00736681372,1
2629,13.146155,0.4866575,0.493807733,0.5133425,0.936584413,0.206451416,-1.14303589,0.0913676247,-1.39016056,20,0.699999988,0,0.0169175994,0.0169175994,1
2630,13.151139,0.479222417,0.490357071,0.520777524,1.64657581,0.412902832,-2.05947876,0.0914731249,-1.29416132,20,0.699999988,0,0.026344886,0.026344886,1
2631,13.156158,0.472042143,0.487024695,0.527957797,2.37670875,0.563964844,-2.94067359,0.0923731104,-1.19336212,20,0.699999988,0,0.03544911,0.03544911,1
2632,13.161147,0.465101004,0.483803332,0.534898996,3.14712501,0.533752382,-3.64562964,0.0946582556,-1.09256291,20,0.699999988,0,0.0442501456,0.0438419804,1
2633,13.166161,0.458536625,0.480756789,0.541463375,3.76647925,0.0453185998,-3.81179786,0.101820745,-0.991763592,20,0.699999988,0,0.0522305518,0.0522305518,1
2634,13.171138,0.45235464,0.478036493,0.547324836,0.936584413,0.780487061,-1.71707153,0.124463692,-0.890963137,20,0.699999988,0,0.0600054525,0.0600054525,1
2635,13.176157,0.446861774,0.475338459,0.553138196,3.62548804,3.1370542,-6.76254225,0.168887123,-0.790162683,20,0.699999988,0,0.0673765689,0.0673765689,1
2636,13.181147,0.441608131,0.472900242,0.558391869,5.52383375,0.936584413,-6.46041822,0.166944161,-0.69416225,20,0.699999988,0,0.0740379244,0.0740379244,1
2637,13.186187,0.436931431,0.470729798,0.563068628,5.36773634,1.96884143,-7.33657789,0.159687936,-0.593361795,20,0.699999988,0,0.079967767,0.079967767,1
2638,13.191160,0.432989657,0.468900383,0.567010283,5.82092285,1.93862903,-7.759552,0.161869928,-0.4925614,20,0.699999988,0,0.084965691,0.084965691,1
2639,13.196149,0.429728419,0.467386842,0.570271552,6.1331172,2.02423096,-8.15734863,0.160791829,-0.391761571,20,0.699999988,0,0.0890688747,0.0890688747,1
2640,13.201154,0.427121162,0.466176808,0.572773874,6.26403761,2.24578834,-8.50982571,0.160196468,-0.290961742,20,0.699999988,0,0.0922736079,0.0922736079,1
2641,13.206142,0.425258607,0.465312421,0.574741423,6.45034742,2.26089454,-8.71124172,0.160758927,-0.19016172,20,0.699999988,0,0.0947683081,0.0947683081,1
2642,13.211162,0.424168497,0.464806497,0.575831532,6.53594923,2.27600098,-8.81195068,0.160714447,-0.0941616371,20,0.699999988,0,0.0961505175,0.0961505175,1
2643,13.216137,0.423786163,0.464629024,0.576213837,6.54602003,2.31628418,-8.86230469,0.160714447,0.00663834997,20,0.699999988,0,0.0966352671,0.0966352671,1
2644,13.221165,0.424177617,0.464810729,0.575822413,6.54602003,2.29110718,-8.83712769,0.160714447,0.107438341,20,0.699999988,0,0.0961389467,0.0961389467,1
2645,13.226145,0.425522476,0.465434849,0.574477494,6.44027615,2.25082374,-8.69110012,0.160714447,0.208238453,20,0.699999988,0,0.0945292935,0.0945292935,1
2646,13.231163,0.42749992,0.466352582,0.57250005,6.28921461,2.19543433,-8.4846487,0.160714447,0.309038401,20,0.699999988,0,0.0921423137,0.0921423137,1
2647,13.236143,0.430067837,0.467544347,0.569932103,6.05255079,2.11486816,-8.16741943,0.160714447,0.409838229,20,0.699999988,0,0.0886704028,0.0886704028,1
2648,13.241165,0.433456838,0.469117194,0.566543102,5.76553297,1.99401832,-7.75955105,0.160714447,0.505838096,20,0.699999988,0,0.0843733102,0.0843733102,1
2649,13.246144,0.437623024,0.471050769,0.562377036,5.41305494,1.86813331,-7.28118801,0.160714447,0.606638551,20,0.699999988,0,0.0790908709,0.0790908709,1
2650,13.251159,0.442314148,0.473227918,0.557685852,5.01525879,1.71707129,-6.73233032,0.160714447,0.707439005,20,0.699999988,0,0.0731427372,0.0731427372,1
2651,13.256149,0.447761059,0.475755841,0.552239001,4.56710768,1.5458678,-6.1129756,0.160580814,0.80823946,20,0.699999988,0,0.0665696785,0.0665696785,1
2652,13.261159,0.453551143,0.478443027,0.546773732,4.06356764,1.35452271,-5.41809034,0.160437822,0.909039915,20,0.699999988,0,0.0593067296,0.0593067296,1
2653,13.266147,0.459471941,0.48119086,0.540528059,3.50967383,1.14303577,-4.65270948,0.160318255,1.00984025,20,0.699999988,0,0.0513875447,0.0513875447,1
2654,13.271161,0.466183752,0.484305829,0.533816278,2.91046143,0.906372011,-3.8168335,0.16010493,1.10583949,20,0.699999988,0,0.0428772941,0.0428772941,1
2655,13.276138,0.473172963,0.487549543,0.526827037,2.30621314,0.669708192,-2.97592139,0.15985173,1.20663869,20,0.699999988,0,0.0340153277,0.0340153277,1
2656,13.281157,0.48048237,0.490941852,0.51951766,1.65161133,0.412902832,-2.10479712,0.159441471,1.3074379,20,0.699999988,0,0.0247473735,0.0247473735,1
2657,13.286148,0.487924695,0.494395822,0.512075305,0.986938417,0.151062012,-1.13800049,0.158904746,1.4082371,20,0.699999988,0,0.015764419,0.015764419,1
2658,13.291154,0.495493352,0.497908473,0.504868448,0.332336426,-0.0704956055,-0.26184082,0.157791525,1.5090363,20,0.699999988,0,0.0061729732,0.0061729732,1
2659,13.296146,0.502733707,0.501268685,0.497266263,-0.0604247972,-0.211486802,0.271911591,0.155771196,1.60983551,20,0.699999988,0,-0.00346621079,-0.00346621079,4
2660,13.301185,0.510312319,0.504785955,0.489687681,-0.443115205,-0.538787842,0.981903076,0.152189985,1.71063471,20,0.699999988,0,-0.0130754802,-0.0130754802,4
2661,13.306144,0.517798245,0.50826019,0.482201755,-0.760345399,-0.931549013,1.69189441,0.147174433,1.80663395,20,0.699999988,0,-0.0225672908,-0.0225672908,4
2662,13.311145,0.525095224,0.511646748,0.474904776,-0.664672852,-0.931549013,1.68182373,0.137459531,1.90743315,20,0.699999988,0,-0.0318194553,-0.031385567,4
2663,13.316162,0.532111526,0.514903009,0.467888445,-1.99401832,0.574035585,1.41998267,0.113372803,2.00823259,20,0.699999988,0,-0.0403322466,-0.0403322466,4
2664,13.321146,0.538822293,0.51801753,0.461488873,-4.30023193,-0.0251770001,4.32540894,0.0890775025,2.1090343,20,0.699999988,0,-0.0488301478,-0.0488301478,4
2665,13.326165,0.544920504,0.520847678,0.455079466,-3.72116065,-1.72210681,5.44326735,0.0841978192,2.20983601,20,0.699999988,0,-0.0569569655,-0.0569569655,4
2666,13.331149,0.550894082,0.523620009,0.449105918,-4.43115187,-1.75231934,6.1834712,0.0896986276,2.30583763,20,0.699999988,0,-0.0645310953,-0.0645310953,4
2667,13.336158,0.556277931,0.526118696,0.443722069,-4.96490479,-1.84799182,6.81289673,0.0895767435,2.40663934,20,0.699999988,0,-0.0713575631,-0.0713575631,4
2668,13.341144,0.561140001,0.528375149,0.438859999,-5.36270142,-2.04437232,7.39700317,0.0899985805,2.50744104,20,0.699999988,0,-0.0775224119,-0.0773117468,4
2669,13.346160,0.565495074,0.530396342,0.434504896,-5.79574585,-2.08969092,7.88543701,0.0904040337,2.60824275,20,0.699999988,0,-0.0827419013,-0.0827419013,4
2670,13.351165,0.569036126,0.532039762,0.431116879,-6.1129756,-2.22061133,8.33358669,0.090221256,2.70904446,20,0.699999988,0,-0.0873403102,-0.0873403102,4
2671,13.356154,0.571874261,0.533356965,0.428125679,-6.33956814,-2.34146094,8.68102932,0.0902681127,2.80984616,20,0.699999988,0,-0.0911329687,-0.0911329687,4
2672,13.361143,0.573963404,0.534326553,0.426036656,-6.53091383,-2.39181495,8.92272854,0.0902681127,2.90584779,20,0.699999988,0,-0.0937817767,-0.0937817767,4
2673,13.366154,0.575482786,0.535031676,0.424517214,-6.66686964,-2.43713355,9.10400295,0.0902681127,3.00664949,20,0.699999988,0,-0.0957083181,-0.0957083181,4
2674,13.371143,0.576177359,0.535354018,0.423822641,-6.72729397,-2.47238135,9.17953491,0.0902681127,3.1074512,20,0.699999988,0,-0.0965890288,-0.0965730399,4
2675,13.376158,0.576037049,0.53528893,0.423962981,-6.71722317,-2.45727539,9.17449856,0.0902681127,-3.07493258,20,0.699999988,0,-0.0963632166,-0.0963632166,4
2676,13.381145,0.575186074,0.534836948,0.424936861,-6.63162231,-2.43713355,9.0687561,0.0902681127,-2.97413087,20,0.699999988,0,-0.0951762646,-0.0951762646,4
2677,13.386155,0.573486686,0.534105301,0.426513314,-6.50070143,-2.38174438,8.88244629,0.0902681127,-2.87332916,20,0.699999988,0,-0.0931774005,-0.0931774005,4
2678,13.391141,0.571102977,0.532998979,0.428896993,-6.29928541,-2.30117774,8.60046291,0.0902681127,-2.77732754,20,0.699999988,0,-0.0901549757,-0.0901549757,4
2679,13.396163,0.567941964,0.53153199,0.432058036,-6.01226759,-2.20550537,8.21777344,0.0902681127,-2.67652583,20,0.699999988,0,-0.0861469805,-0.0861469805,4
2680,13.401149,0.564096928,0.529747486,0.435903043,-5.72524977,-2.09976196,7.83508253,0.0902681127,-2.57572412,20,0.699999988,0,-0.0812716857,-0.0815860853,4
2681,13.406163,0.55965662,0.527686715,0.44034338,-5.34255934,-1.94366443,7.28622389,0.0902681127,-2.47492242,20,0.699999988,0,-0.0759274289,-0.0759274289,4
2682,13.411153,0.55452162,0.525303543,0.445180804,-4.88937378,-1.78253162,6.67190552,0.0902681127,-2.37412071,20,0.699999988,0,-0.0695079565,-0.0695079565,4
2683,13.416179,0.548890471,0.522819042,0.45083186,-4.41604614,-1.60125721,6.01730347,0.0902681127,-2.27331901,20,0.699999988,0,-0.062342722,-0.062342722,4
2684,13.421141,0.543037415,0.519973755,0.456962615,-3.87725806,-1.39984119,5.27709913,0.0902681127,-2.17731738,20,0.699999988,0,-0.0545692332,-0.0545692332,4
2685,13.426146,0.536608636,0.516990125,0.463391393,-3.29315162,-1.18835437,4.48150587,0.0902681127,-2.07651567,20,0.699999988,0,-0.0464178436,-0.0464178436,4
2686,13.431157,0.529641926,0.513756871,0.470358044,-2.66372657,-0.956726015,3.65570068,0.0902681127,-1.97571468,20,0.699999988,0,-0.0375844985,-0.0380075425,4
2687,13.436149,0.522456825,0.51042223,0.477543175,-2.03430152,-0.735168397,2.76946998,0.0904040709,-1.87491548,20,0.699999988,0,-0.0289359894,-0.0289359894,4
2688,13.441159,0.515103817,0.507009685,0.484540939,-1.35452271,-0.478363007,1.83288574,0.0905517712,-1.77411628,20,0.699999988,0,-0.0196013078,-0.0196013078,4
2689,13.446138,0.507933497,0.503681958,0.492066503,-0.654602051,-0.25176999,0.90637207,0.0907697305,-1.67811704,20,0.699999988,0,-0.0100592878,-0.0100592878,4
2690,13.451159,0.500339985,0.500157773,0.499659985,-0.0956726,-0.105743401,0.201416001,0.0911024883,-1.57731783,20,0.699999988,0,-0.000431119319,-0.000431119319,1
2691,13.456147,0.492743164,0.496632099,0.507256866,0.362548798,0.0302123986,-0.392761201,0.091282934,-1.47651863,20,0.699999988,0,0.00920130406,0.00920130406,1
2692,13.461156,0.485196233,0.493129551,0.514803767,1.07757568,0.25176999,-1.2890625,0.0913814008,-1.37571943,20,0.699999988,0,0.0187704079,0.0182894915,1
2693,13.466161,0.47782889,0.489710331,0.52217108,1.74728382,0.428009033,-2.17529297,0.0916111097,-1.27492023,20,0.699999988,0,0.0276719444,0.0276719444,1
2694,13.471156,0.470674932,0.486390173,0.528990686,2.48748779,0.574035585,-3.06152344,0.0925345421,-1.17412102,20,0.699999988,0,0.0367586985,0.0367586985,1
2695,13.476145,0.464108169,0.483342558,0.535891891,3.26293921,0.488433838,-3.75137305,0.0951525196,-1.07812178,20,0.699999988,0,0.0455090478,0.0455090478,1
2696,13.481153,0.457629085,0.480335593,0.542370915,3.73123169,-0.151062012,-3.58016968,0.103395469,-0.97732228,20,0.699999988,0,0.0537241921,0.0537241921,1
2697,13.486144,0.451551259,0.477514863,0.548448741,0.0906371996,2.42706275,-2.51769996,0.133086085,-0.876521826,20,0.699999988,0,0.0614305325,0.0614305325,1
2698,13.491160,0.445789754,0.474840939,0.554210305,4.32540846,2.21557593,-6.61148071,0.171931416,-0.775721371,20,0.699999988,0,0.0687358603,0.0684128329,1
2699,13.496140,0.440687805,0.472473115,0.559312224,5.53390503,1.07254028,-6.60644531,0.164386868,-0.674920917,20,0.699999988,0,0.0747949779,0.0747949779,1
2700,13.501162,0.436180115,0.470381081,0.563621879,5.39291382,2.01919556,-7.41210938,0.159823611,-0.574120462,20,0.699999988,0,0.0806693211,0.0806693211,1
2701,13.506142,0.432424992,0.468638331,0.567574978,5.88134718,1.93359351,-7.81494045,0.161839232,-0.478120178,20,0.699999988,0,0.0856816769,0.0856816769,1
2702,13.511153,0.429261357,0.467170089,0.570738673,6.1331172,2.06451416,-8.19763184,0.160437688,-0.377320349,20,0.699999988,0,0.0896930024,0.0896930024,1
2703,13.516141,0.426756382,0.466007501,0.573243558,6.27410841,2.24075317,-8.51486206,0.160191521,-0.27652052,20,0.699999988,0,0.0928691551,0.0928691551,1
2704,13.521158,0.424930274,0.465160012,0.575069666,6.47552395,2.25585937,-8.70117092,0.160735309,-0.175720453,20,0.699999988,0,0.0951845795,0.0951033533,1
2705,13.526162,0.423985779,0.46472168,0.576014221,6.55609083,2.27600098,-8.83209229,0.160714269,-0.0749203935,20,0.699999988,0,0.096347332,0.096347332,1
2706,13.531197,0.423688471,0.464583695,0.576311529,6.55105543,2.30621314,-8.85726833,0.160714269,0.0258795936,20,0.699999988,0,0.0966919959,0.0966919959,1
2707,13.536146,0.424367577,0.464898884,0.575632453,6.5057373,2.27600098,-8.78173828,0.160714269,0.121879585,20,0.699999988,0,0.0958980992,0.0958980992,1
2708,13.541145,0.425699264,0.465516895,0.574300706,6.39495802,2.23068237,-8.62564087,0.160714269,0.222679719,20,0.699999988,0,0.0942095518,0.0942095518,1
2709,13.546158,0.427844137,0.466512352,0.572155893,6.25900221,2.17529273,-8.4342947,0.160714269,0.323479623,20,0.699999988,0,0.0914899856,0.0914899856,1
2710,13.551146,0.430660903,0.467819601,0.569339037,5.99716139,2.09472632,-8.10195827,0.160714269,0.424279451,20,0.699999988,0,0.0881808624,0.0881808624,1
2711,13.556160,0.43418169,0.469453633,0.56581831,5.71014357,1.97891223,-7.68905592,0.160714269,0.525079429,20,0.699999988,0,0.0837546736,0.0837546736,1
2712,13.561148,0.438520938,0.471345127,0.561742663,5.35263062,1.85302722,-7.20565796,0.160714269,0.625879884,20,0.699999988,0,0.0782865807,0.0782865807,1
2713,13.566155,0.443128049,0.473605633,0.556871951,4.94979811,1.68685913,-6.63665724,0.16055721,0.726680338,20,0.699999988,0,0.0721107274,0.0721107274,1
2714,13.571145,0.448433787,0.47606805,0.551566243,4.47143555,1.51062,-5.98205566,0.160580635,0.822680771,20,0.699999988,0,0.0653833374,0.0653833374,1
2715,13.576155,0.454420507,0.47884649,0.545579493,3.95782447,1.3092041,-5.26702881,0.160454035,0.923481226,20,0.699999988,0,0.0577924959,0.0577924959,1
2716,13.581159,0.460776508,0.481796324,0.539223492,3.40393043,1.10275269,-4.53186035,0.160245419,1.02428138,20,0.699999988,0,0.0497333966,0.0501678586,1
2717,13.586163,0.467493534,0.484913677,0.532506406,2.82989502,0.876159668,-3.70605469,0.16011411,1.12508059,20,0.699999988,0,0.0416325182,0.0416325182,1
2718,13.591149,0.474561095,0.488035202,0.525780499,2.18536377,0.63446039,-2.81982422,0.159816384,1.22587979,20,0.699999988,0,0.0326884054,0.0326884054,1
2719,13.596159,0.481538236,0.491431862,0.518461764,1.5458678,0.372619599,-1.91848743,0.159385026,1.32667899,20,0.699999988,0,0.0234085787,0.0234085787,1
2720,13.601144,0.489002824,0.494896203,0.510997176,0.876159668,0.0956726,-0.971832275,0.158719435,1.42267823,20,0.699999988,0,0.0139438594,0.0139438594,1
2721,13.606152,0.496581733,0.498413593,0.503418326,0.211486802,-0.0906371996,-0.120849602,0.157566339,1.52347744,20,0.699999988,0,0.00433421601,0.00433421601,1
2722,13.611137,0.504186451,0.501942933,0.495813519,-0.0856018066,-0.25680539,0.342407197,0.155180424,1.62427664,20,0.699999988,0,-0.00484964484,-0.00484964484,4
2723,13.616153,0.511758268,0.505457044,0.488241732,-0.533752382,-0.584106386,1.11785877,0.151655421,1.72507584,20,0.699999988,0,-0.0144430511,-0.0144430511,4
2724,13.621141,0.518810928,0.508730173,0.481189042,-0.775451601,-0.986938417,1.76239002,0.146014065,1.82587504,20,0.699999988,0,-0.0238513444,-0.0238513444,4
2725,13.626157,0.526100338,0.512113214,0.473899692,-0.674743593,-0.825805664,1.50054932,0.135127321,1.92667425,20,0.699999988,0,-0.0330938548,-0.0330938548,4
2726,13.631147,0.533067822,0.515346825,0.466932148,-2.72918677,0.886230409,1.8429563,0.110098414,2.02267408,20,0.699999988,0,-0.0419283509,-0.0419283509,4
2727,13.636161,0.539849579,0.518494248,0.460150421,-4.23980665,-0.377654999,4.61746168,0.0865742117,2.12347579,20,0.699999988,0,-0.0505272374,-0.0505272374,4
2728,13.641137,0.546082139,0.521386802,0.453917861,-3.76144385,-1.82281482,5.58425856,0.0852031261,2.2242775,20,0.699999988,0,-0.0580175072,-0.0580175072,4
2729,13.646160,0.551921248,0.524096727,0.448078752,-4.52178907,-1.69692981,6.21871901,0.0898812413,2.3250792,20,0.699999988,0,-0.0655508265,-0.0655508265,4
2730,13.651146,0.557096183,0.526498437,0.442903817,-5.00518751,-1.90338135,6.90856886,0.0895554498,2.42588091,20,0.699999988,0,-0.0723950639,-0.0723950639,4
2731,13.656147,0.561780393,0.528672397,0.438219637,-5.43823195,-2.05947876,7.4977107,0.0902491584,2.52668262,20,0.699999988,0,-0.0783343837,-0.0783343837,4
2732,13.661158,0.565936923,0.530601442,0.434063077,-5.87631178,-2.09472632,7.97103786,0.0905304104,2.62268424,20,0.699999988,0,-0.083604686,-0.083604686,4
2733,13.666147,0.569543421,0.5322752,0.430456549,-6.143188,-2.24578834,8.3889761,0.0902515426,2.72348595,20,0.699999988,0,-0.0881775543,-0.0881775543,4
2734,13.671164,0.572224021,0.533519268,0.427775949,-6.37985229,-2.35153174,8.71124172,0.0901413783,2.82428765,20,0.699999988,0,-0.0915764198,-0.0915809348,4
2735,13.676140,0.574348986,0.534505486,0.425651014,-6.54602003,-2.40188599,8.94790649,0.0901413783,2.92508936,20,0.699999988,0,-0.0942477509,-0.0942477509,4
2736,13.681165,0.575539827,0.535095692,0.424379349,-6.67694044,-2.44216919,9.11911011,0.0901413783,3.02589107,20,0.699999988,0,-0.0958831459,-0.0958831459,4
2737,13.686143,0.576018751,0.535280406,0.423981249,-6.73736525,-2.47741675,9.21478176,0.0901413783,3.12189269,20,0.699999988,0,-0.0963879153,-0.0963879153,4
2738,13.691161,0.575891614,0.535221398,0.424108356,-6.71218824,-2.45727539,9.16946411,0.0901413783,-3.06049109,20,0.699999988,0,-0.096226722,-0.096226722,4
2739,13.696141,0.574870169,0.534747362,0.425129801,-6.59637451,-2.42706275,9.0234375,0.0901413783,-2.95968938,20,0.699999988,0,-0.0949316025,-0.0949316025,4
2740,13.701162,0.57314831,0.533948243,0.42685172,-6.4704895,-2.36663818,8.82705688,0.0901413783,-2.85888767,20,0.699999988,0,-0.0927482918,-0.0928774849,4
2741,13.706142,0.570564985,0.532749295,0.429413468,-6.25900221,-2.29614234,8.55514431,0.0901413783,-2.75808597,20,0.699999988,0,-0.089500159,-0.089500159,4
2742,13.711163,0.567270219,0.531273603,0.432614774,-6.00219679,-2.19039917,8.19259644,0.0901413783,-2.65728426,20,0.699999988,0,-0.0854410455,-0.0854410455,4
2743,13.716140,0.563448071,0.529446363,0.436551929,-5.65979004,-2.05947876,7.7192688,0.0901413783,-2.56128263,20,0.699999988,0,-0.0804489255,-0.0804489255,4
2744,13.721163,0.558921695,0.527345657,0.441078275,-5.27206373,-1.91345203,7.18551588,0.0901413783,-2.46048093,20,0.699999988,0,-0.0747097656,-0.0747097656,4
2745,13.726138,0.553753197,0.524946928,0.446246743,-4.79370117,-1.74728382,6.58630371,0.0901413783,-2.35967922,20,0.699999988,0,-0.0681563839,-0.0681563839,4
2746,13.731155,0.547970176,0.52226305,0.452029854,-4.30526686,-1.5760802,5.91659498,0.0901413783,-2.25887752,20,0.699999988,0,-0.0612788275,-0.0612788275,4
2747,13.736142,0.541830599,0.51941365,0.457901061,-3.77151465,-1.37466419,5.14617872,0.0901413783,-2.15807581,20,0.699999988,0,-0.053379301,-0.053379301,4
2748,13.741163,0.535238028,0.516516328,0.464412272,-3.18740821,-1.15310657,4.34051466,0.0901413783,-2.0572741,20,0.699999988,0,-0.0451234616,-0.0451234616,4
2749,13.746142,0.528634787,0.513289452,0.471365243,-2.5831604,-0.926513612,3.50967407,0.0902749747,-1.95647359,20,0.699999988,0,-0.0363074243,-0.0363074243,4
2750,13.751153,0.521466017,0.50996244,0.478534013,-1.92352283,-0.679778993,2.60330176,0.0904460996,-1.86047435,20,0.699999988,0,-0.0272178017,-0.0272178017,4
2751,13.756145,0.514033437,0.50651294,0.485966563,-1.22360218,-0.443115205,1.66671741,0.0906594098,-1.75967515,20,0.699999988,0,-0.0177936852,-0.0177936852,4
2752,13.761158,0.506487906,0.503011048,0.493512094,-0.533752382,-0.221557602,0.785522461,0.0908281878,-1.65887594,20,0.699999988,0,-0.00869108178,-0.00869108178,4
2753,13.766150,0.498887807,0.499483824,0.501112163,-0.0604247972,-0.0704956055,0.13092041,0.0911726728,-1.55807674,20,0.699999988,0,0.000949830923,0.000949830923,1
2754,13.771165,0.491299212,0.496125847,0.50834769,0.458221376,0.0604247972,-0.518646181,0.0912523642,-1.45727754,20,0.699999988,0,0.0105844066,0.0105844066,1
2755,13.776162,0.484152615,0.492645204,0.515847385,1.17828369,0.276946992,-1.45523071,0.0913672224,-1.3612783,20,0.699999988,0,0.0200936589,0.0200936589,1
2756,13.781147,0.476825833,0.489244848,0.523174226,1.90338135,0.478363007,-2.38174438,0.0917164236,-1.26047909,20,0.699999988,0,0.0293836799,0.0293836799,1
2757,13.786157,0.469648242,0.485913694,0.530351758,2.6184082,0.579071045,-3.19747925,0.0929351598,-1.15967989,20,0.699999988,0,0.038484484,0.038484484,1
2758,13.791143,0.462834775,0.482751578,0.537165284,3.37875366,0.433044404,-3.8117981,0.096389845,-1.05888069,20,0.699999988,0,0.046722509,0.046722509,1
2759,13.796160,0.456398606,0.479764521,0.543601394,3.57513404,-0.302124023,-3.27301002,0.104773439,-0.958080947,20,0.699999988,0,0.0549079701,0.0549079701,1
2760,13.801161,0.450405091,0.477110267,0.549320519,0.0251770001,3.58520484,-3.61038184,0.129961744,-0.857280493,20,0.699999988,0,0.0625359043,0.0625359043,1
2761,13.806163,0.444985986,0.474467903,0.555014014,4.69299269,1.64154029,-6.33453274,0.173658624,-0.756480038,20,0.699999988,0,0.0697549731,0.0697549731,1
2762,13.811140,0.439962476,0.472136497,0.560037553,5.49362135,1.31423938,-6.80786085,0.162485927,-0.660479605,20,0.699999988,0,0.0761245266,0.0761245266,1
2763,13.816156,0.435593247,0.470108718,0.564406753,5.42816114,2.06954932,-7.49771023,0.160219565,-0.559679151,20,0.699999988,0,0.0816644952,0.0816644952,1
2764,13.821145,0.431655765,0.468281329,0.568344235,5.95184278,1.90841663,-7.86025953,0.161862522,-0.458878964,20,0.699999988,0,0.0862407535,0.0862407535,1
2765,13.826156,0.428738266,0.46692732,0.571261764,6.16333008,2.09976196,-8.26309204,0.160299227,-0.358079135,20,0.699999988,0,0.0901206657,0.0901206657,1
2766,13.831145,0.426406264,0.465845019,0.573593736,6.30935621,2.27096558,-8.58032227,0.160301521,-0.257279307,20,0.699999988,0,0.0933131054,0.0933131054,1
2767,13.836155,0.424747914,0.465075374,0.575252056,6.47552395,2.24578834,-8.72131252,0.160709411,-0.161279187,20,0.699999988,0,0.0954158157,0.0954158157,1
2768,13.841140,0.423913509,0.464688122,0.576086462,6.56616116,2.28103638,-8.84719753,0.16071412,-0.0604791492,20,0.699999988,0,0.0964737758,0.0964737758,1
2769,13.846164,0.423789442,0.464630544,0.576210558,6.54098463,2.30621314,-8.84719753,0.16071412,0.0403208397,20,0.699999988,0,0.0966311172,0.0966311172,1
2770,13.851137,0.424501181,0.464960873,0.575498819,6.48559523,2.27096558,-8.75656128,0.16071412,0.141120851,20,0.699999988,0,0.0957156792,0.0957156792,1
2771,13.856158,0.426039726,0.465674937,0.573960304,6.39495802,2.23571777,-8.63067627,0.16071412,0.241920993,20,0.699999988,0,0.0939655155,0.0939655155,1
2772,13.861156,0.428086162,0.466624677,0.571913838,6.193542,2.16522217,-8.35876465,0.16071412,0.342720836,20,0.699999988,0,0.0911831185,0.0911831185,1
2773,13.866162,0.431066751,0.468007982,0.568933249,5.95687819,2.06954932,-8.02642727,0.16071412,0.438720673,20,0.699999988,0,0.0874038562,0.0874038562,1
2774,13.871146,0.434688509,0.469688833,0.565311491,5.65979004,1.95877051,-7.61856079,0.16071412,0.539520741,20,0.699999988,0,0.0828116536,0.0828116536,1
2775,13.876175,0.439122468,0.471746624,0.560877502,5.28213501,1.81274402,-7.09487915,0.16071412,0.640321195,20,0.699999988,0,0.0771895871,0.0771895871,1
2776,13.881157,0.444105864,0.474059463,0.555894136,4.8692317,1.67175281,-6.54098463,0.160571128,0.74112165,20,0.699999988,0,0.0712407678,0.0712407678,1
2777,13.886148,0.449557662,0.47658962,0.550755143,4.40093994,1.4904784,-5.89141846,0.160521895,0.841922104,20,0.699999988,0,0.0643549711,0.0643549711,1
2778,13.891158,0.455299586,0.479254484,0.544700444,3.87725806,1.2890625,-5.1663208,0.160453886,0.942722559,20,0.699999988,0,0.0566778593,0.0566778593,1
2779,13.896137,0.461653799,0.482203484,0.538346231,3.31329322,1.05743408,-4.37072754,0.160268694,1.03872252,20,0.699999988,0,0.0486210696,0.0486210696,1
2780,13.901160,0.468535542,0.485397279,0.531464458,2.71408057,0.830841005,-3.54492164,0.16007176,1.13952172,20,0.699999988,0,0.0398953259,0.0398953259,1
2781,13.906138,0.475573003,0.488663375,0.524426937,2.08969092,0.619354188,-2.72918677,0.159752935,1.24032092,20,0.699999988,0,0.030972179,0.0313828364,1
2782,13.911155,0.482950807,0.492087454,0.517049193,1.44515979,0.347442627,-1.79260242,0.159227833,1.34112012,20,0.699999988,0,0.0221009813,0.0221009813,1
2783,13.916143,0.490442634,0.495564401,0.509557366,0.7653808,0.0654601976,-0.830841005,0.158520132,1.44191933,20,0.699999988,0,0.012553812,0.012553812,1
2784,13.921162,0.498029798,0.4989191,0.502329051,0.120849594,-0.110778801,-0.0100707933,0.157245144,1.54271853,20,0.699999988,0,0.00295308023,0.00295308023,1
2785,13.926139,0.505274415,0.502447844,0.494725585,-0.125884995,-0.327301025,0.453186035,0.154716209,1.63871777,20,0.699999988,0,-0.00668767188,-0.00668767188,4
2786,13.931154,0.512834549,0.505956531,0.487165451,-0.604248047,-0.659637392,1.2638855,0.151083454,1.73951697,20,0.699999988,0,-0.0162735395,-0.0162735395,4
2787,13.936142,0.520243943,0.509395242,0.479756087,-0.785522401,-1.04736316,1.80267322,0.144736573,1.84031618,20,0.699999988,0,-0.0256682504,-0.0252255406,4
2788,13.941164,0.527480245,0.512753606,0.472519755,-0.785522401,-0.604248047,1.3494873,0.130582675,1.94111538,20,0.699999988,0,-0.0343594551,-0.0343594551,4
2789,13.946143,0.534393609,0.515962124,0.465956748,-3.30322266,1.00707996,2.29614258,0.107960798,2.04191566,20,0.699999988,0,-0.0431651138,-0.0431651138,4
2790,13.951163,0.541046262,0.518923342,0.459225833,-4.11895752,-0.704955995,4.82391357,0.0847904906,2.14271736,20,0.699999988,0,-0.0516995378,-0.0516995378,4
2791,13.956143,0.546942949,0.521786332,0.453057081,-3.86718702,-1.86309803,5.73028517,0.0864897221,2.23871899,20,0.699999988,0,-0.0595212653,-0.0595212653,4
2792,13.961162,0.55275327,0.524482846,0.447246701,-4.68292189,-1.68182349,6.36474514,0.0898740888,2.33952069,20,0.699999988,0,-0.0668884888,-0.0668884888,4
2793,13.966142,0.557952106,0.526895642,0.442047864,-5.07064772,-1.95877051,7.01431274,0.0895061046,2.4403224,20,0.699999988,0,-0.0734803602,-0.0732422471,4
2794,13.971157,0.562664211,0.529082537,0.437335759,-5.50872755,-2.04940772,7.55813503,0.090387322,2.54112411,20,0.699999988,0,-0.079193905,-0.079193905,4
2795,13.976164,0.566700041,0.530955613,0.433299959,-5.91659498,-2.10983276,8.02642822,0.0905513987,2.64192581,20,0.699999988,0,-0.0844193995,-0.0844193995,4
2796,13.981282,0.570007801,0.53249073,0.429992199,-6.1834712,-2.27096558,8.45443726,0.0901084617,2.74272752,20,0.699999988,0,-0.0887663439,-0.0887663439,4
2797,13.986147,0.572615743,0.533701062,0.427384198,-6.41006422,-2.36160278,8.77166748,0.0901412591,2.83872914,20,0.699999988,0,-0.0920731351,-0.0920731351,4
2798,13.991145,0.574575067,0.534610391,0.425424933,-6.58630323,-2.40692139,8.9932251,0.0901412591,2.93953085,20,0.699999988,0,-0.0945573896,-0.0945573896,4
2799,13.996159,0.575718105,0.535140872,0.424281865,-6.68701124,-2.45727539,9.14428711,0.0901412591,3.04033256,20,0.699999988,0,-0.0960067436,-0.0960067436,4
2800,14.001144,0.57615447,0.535343409,0.42384553,-6.71218824,-2.46231055,9.17449856,0.0901412591,3.14113426,20,0.699999988,0,-0.0965596288,-0.0965596288,4
2801,14.006157,0.575817704,0.535187125,0.424182266,-6.69708204,-2.45223999,9.14932251,0.0901412591,-3.04124951,20,0.699999988,0,-0.0961793885,-0.0961793885,4
2802,14.011146,0.574661255,0.534650385,0.425338745,-6.59637451,-2.42202735,9.0184021,0.0901412591,-2.94044781,20,0.699999988,0,-0.0946666747,-0.0946666747,4
2803,14.016160,0.572831452,0.533801198,0.427168548,-6.42517042,-2.35656738,8.78173828,0.0901412591,-2.84444618,20,0.699999988,0,-0.0923465863,-0.0923465863,4
2804,14.021148,0.570144057,0.532553971,0.429855913,-6.2036128,-2.27600098,8.47961426,0.0901412591,-2.74364448,20,0.699999988,0,-0.0889391452,-0.0889391452,4
2805,14.026161,0.566695333,0.530953407,0.433304638,-5.92163086,-2.16522217,8.08685303,0.0901412591,-2.64284277,20,0.699999988,0,-0.0845663249,-0.0845663249,4
2806,14.031149,0.562734544,0.5291152,0.437265426,-5.56915283,-2.03933716,7.63870192,0.0901412591,-2.54204106,20,0.699999988,0,-0.0797405317,-0.0797405317,4
2807,14.036154,0.557988048,0.526912332,0.44168207,-5.20156813,-1.89834583,7.09991407,0.0901412591,-2.44123936,20,0.699999988,0,-0.0739441663,-0.0739441663,4
2808,14.041139,0.552930593,0.52456516,0.447069407,-4.72320557,-1.69692981,6.4201355,0.0901412591,-2.34043765,20,0.699999988,0,-0.0671133026,-0.0671133026,4
2809,14.046155,0.547195554,0.521903515,0.452804446,-4.21966553,-1.5257262,5.74539185,0.0901412591,-2.24443603,20,0.699999988,0,-0.059841577,-0.059841577,4
2810,14.051138,0.540914655,0.51898855,0.459085256,-3.66577101,-1.33941638,5.00518751,0.0901412591,-2.14363432,20,0.699999988,0,-0.0518777929,-0.0518777929,4
2811,14.056164,0.534267306,0.515903533,0.465732664,-3.08670044,-1.11785889,4.20455933,0.0902842134,-2.04283261,20,0.699999988,0,-0.0434492268,-0.0434492268,4
2812,14.061137,0.527283132,0.512662172,0.472716898,-2.48245239,-0.89126581,3.37371826,0.0902748555,-1.94203246,20,0.699999988,0,-0.0350222476,-0.0350222476,4
2813,14.066154,0.520066202,0.509312749,0.479600519,-1.80267334,-0.654602051,2.45727539,0.0904459804,-1.84123325,20,0.699999988,0,-0.0258654989,-0.0258654989,4
2814,14.071139,0.512939453,0.506005228,0.487060577,-1.12792969,-0.412902832,1.54083252,0.0906077102,-1.74043405,20,0.699999988,0,-0.0164065305,-0.0164065305,4
2815,14.076163,0.505401373,0.502506793,0.494598657,-0.417938203,-0.1863098,0.604247987,0.0908983126,-1.64443481,20,0.699999988,0,-0.00684863562,-0.00684863562,4
2816,14.081138,0.497794598,0.498976469,0.502205372,-0.00503540039,-0.0604247972,0.0654601976,0.0911349654,-1.54363561,20,0.699999988,0,0.00279633678,0.00279633678,1
2817,14.086160,0.49020943,0.495456189,0.509790599,0.589141846,0.0956726,-0.684814453,0.0912521556,-1.4428364,20,0.699999988,0,0.0124139516,0.0124139516,1
2818,14.091150,0.482749671,0.491994083,0.517250299,1.26892078,0.317230195,-1.586151,0.0914303139,-1.3420372,20,0.699999988,0,0.021442486,0.021442486,1
2819,14.096157,0.475429714,0.488596886,0.52426672,2.01415992,0.51361078,-2.52777076,0.0918170214,-1.241238,20,0.699999988,0,0.0307689607,0.0307689607,1
2820,14.101145,0.468676835,0.485462874,0.531323195,2.73925781,0.574035585,-3.31329346,0.0931318477,-1.1404388,20,0.699999988,0,0.0397161879,0.0397161879,1
2821,14.106171,0,0,0,0,0,0,0.0966638848,-1.04443955,20,0.699999988,0,0.0426563174,0.0426563174,1
2822,14.111163,0,0,0,0,0,0,0.0999310985,-0.943639636,20,0.699999988,0,0.0426563174,0.0426563174,1
2823,14.116138,0,0,0,0,0,0,0.102045149,-0.842839181,20,0.699999988,0,0.0426563174,0.0426563174,1
2824,14.121158,0,0,0,0,0,0,0.103359982,-0.742038727,20,0.699999988,0,0.0426563174,0.0426563174,1
2825,14.126147,0,0,0,0,0,0,0.104102947,-0.641238272,20,0.699999988,0,0.0426563174,0.0426563174,1
2826,14.131155,0,0,0,0,0,0,0.104604542,-0.540437818,20,0.699999988,0,0.0426563174,0.0426563174,1
2827,14.136143,0,0,0,0,0,0,0.104831867,-0.444437742,20,0.699999988,0,0.0426563174,0.0426563174,1
2828,14.141157,0,0,0,0,0,0,0.104927965,-0.343637913,20,0.699999988,0,0.0426563174,0.0426563174,1
2829,14.146149,0,0,0,0,0,0,0.104927965,-0.242838055,20,0.699999988,0,0.0426563174,0.0426563174,1
2830,14.151162,0,0,0,0,0,0,0.104927965,-0.142037913,20,0.699999988,0,0.0426563174,0.0426563174,1
2831,14.156142,0,0,0,0,0,0,0.104927965,-0.0412379056,20,0.699999988,0,0.0426563174,0.0426563174,1
2832,14.161156,0,0,0,0,0,0,0.104927965,0.0595620833,20,0.699999988,0,0.0426563174,0.0426563174,1
2833,14.166149,0,0,0,0,0,0,0.104927965,0.155562118,20,0.699999988,0,0.0426563174,0.0426563174,1
2834,14.171164,0,0,0,0,0,0,0.104927965,0.25636223,20,0.699999988,0,0.0426563174,0.0426563174,1
2835,14.176139,0,0,0,0,0,0,0.104927965,0.357162058,20,0.699999988,0,0.0426563174,0.0426563174,1
2836,14.181160,0,0,0,0,0,0,0.104927965,0.457961887,20,0.699999988,0,0.0426563174,0.0426563174,1
2837,14.186148,0,0,0,0,0,0,0.104927965,0.558762074,20,0.699999988,0,0.0426563174,0.0426563174,1
2838,14.191161,0,0,0,0,0,0,0.104927965,0.659562528,20,0.699999988,0,0.0426563174,0.0426563174,1
2839,14.196149,0,0,0,0,0,0,0.104927965,0.755562961,20,0.699999988,0,0.0426563174,0.0426563174,1
2840,14.201158,0,0,0,0,0,0,0.104927965,0.856363416,20,0.699999988,0,0.0426563174,0.0426563174,1
2841,14.206150,0,0,0,0,0,0,0.104927965,0.95716387,20,0.699999988,0,0.0426563174,0.0426563174,1
2842,14.211205,0,0,0,0,0,0,0.104927965,1.05796361,20,0.699999988,0,0.0426563174,0.0426563174,1
2843,14.216147,0,0,0,0,0,0,0.104927965,1.15876281,20,0.699999988,0,0.0426563174,0.0426563174,1
2844,14.221148,0,0,0,0,0,0,0.104927965,1.25956202,20,0.699999988,0,0.0426563174,0.0426563174,1
2845,14.226155,0,0,0,0,0,0,0.104927965,1.35556126,20,0.699999988,0,0.0426563174,0.0426563174,1
2846,14.231143,0,0,0,0,0,0,0.104927965,1.45636046,20,0.699999988,0,0.0426563174,0.0426563174,1
2847,14.236155,0,0,0,0,0,0,0.104927965,1.55715966,20,0.699999988,0,0.0426563174,0.0426563174,1
2848,14.241140,0,0,0,0,0,0,0.104927965,1.65795887,20,0.699999988,0,0.0426563174,0.0426563174,1
2849,14.246162,0,0,0,0,0,0,0.104927965,1.75875807,20,0.699999988,0,0.0426563174,0.0426563174,1
2850,14.251147,0,0,0,0,0,0,0.104927965,1.85955727,20,0.699999988,0,0.0426563174,0.0426563174,1
2851,14.256164,0,0,0,0,0,0,0.104927965,1.95555651,20,0.699999988,0,0.0426563174,0.0426563174,1
2852,14.261137,0,0,0,0,0,0,0.104927965,2.05635715,20,0.699999988,0,0.0426563174,0.0426563174,1
2853,14.266160,0,0,0,0,0,0,0.104927965,2.15715885,20,0.699999988,0,0.0426563174,0.0426563174,1
2854,14.271148,0,0,0,0,0,0,0.104927965,2.25796056,20,0.699999988,0,0.0426563174,0.0426563174,1
2855,14.276153,0,0,0,0,0,0,0.104927965,2.35876226,20,0.699999988,0,0.0426563174,0.0426563174,1
2856,14.281141,0,0,0,0,0,0,0.104927965,2.45476389,20,0.699999988,0,0.0426563174,0.0426563174,1
2857,14.286157,0,0,0,0,0,0,0.104927965,2.5555656,20,0.699999988,0,0.0426563174,0.0426563174,1
2858,14.291145,0,0,0,0,0,0,0.104927965,2.6563673,20,0.699999988,0,0.0426563174,0.0426563174,1
2859,14.296160,0,0,0,0,0,0,0.104927965,2.75716901,20,0.699999988,0,0.0426563174,0.0426563174,1
2860,14.301144,0,0,0,0,0,0,0.104927965,2.85797071,20,0.699999988,0,0.0426563174,0.0426563174,1
2861,14.306158,0,0,0,0,0,0,0.104927965,2.95877242,20,0.699999988,0,0.0426563174,0.0426563174,1
2862,14.311144,0,0,0,0,0,0,0.104927965,3.05477405,20,0.699999988,0,0.0426563174,0.0426563174,1
2863,14.316164,0,0,0,0,0,0,0.104927965,-3.12760973,20,0.699999988,0,0.0426563174,0.0426563174,1
2864,14.321149,0,0,0,0,0,0,0.104927965,-3.02680802,20,0.699999988,0,0.0426563174,0.0426563174,1
2865,14.326165,0,0,0,0,0,0,0.104927965,-2.92600632,20,0.699999988,0,0.0426563174,0.0426563174,1
2866,14.331138,0,0,0,0,0,0,0.104927965,-2.82520461,20,0.699999988,0,0.0426563174,0.0426563174,1
2867,14.336254,0,0,0,0,0,0,0.104927965,-2.7244029,20,0.699999988,0,0.0426563174,0.0426563174,1
2868,14.341140,0,0,0,0,0,0,0.104927965,-2.62840128,20,0.699999988,0,0.0426563174,0.0426563174,1
2869,14.346143,0,0,0,0,0,0,0.104927965,-2.52759957,20,0.699999988,0,0.0426563174,0.0426563174,1
2870,14.351159,0,0,0,0,0,0,0.104927965,-2.42679787,20,0.699999988,0,0.0426563174,0.0426563174,1
2871,14.356139,0,0,0,0,0,0,0.104927965,-2.32599616,20,0.699999988,0,0.0426563174,0.0426563174,1
2872,14.361163,0,0,0,0,0,0,0.104927965,-2.22519445,20,0.699999988,0,0.0426563174,0.0426563174,1
2873,14.366162,0,0,0,0,0,0,0.104927965,-2.12439275,20,0.699999988,0,0.0426563174,0.0426563174,1
2874,14.371164,0,0,0,0,0,0,0.104927965,-2.02359104,20,0.699999988,0,0.0426563174,0.0426563174,1
2875,14.376139,0,0,0,0,0,0,0.104927965,-1.92759132,20,0.699999988,0,0.0426563174,0.0426563174,1
2876,14.381158,0,0,0,0,0,0,0.104927965,-1.82679212,20,0.699999988,0,0.0426563174,0.0426563174,1
2877,14.386148,0,0,0,0,0,0,0.104927965,-1.72599292,20,0.699999988,0,0.0426563174,0.0426563174,1
2878,14.391152,0,0,0,0,0,0,0.104927965,-1.62519372,20,0.699999988,0,0.0426563174,0.0426563174,1
2879,14.396141,0,0,0,0,0,0,0.104927965,-1.52439451,20,0.699999988,0,0.0426563174,0.0426563174,1
2880,14.401163,0,0,0,0,0,0,0.104927965,-1.42359531,20,0.699999988,0,0.0426563174,0.0426563174,1
2881,14.406142,0,0,0,0,0,0,0.104927965,-1.32759607,20,0.699999988,0,0.0426563174,0.0426563174,1
2882,14.411155,0,0,0,0,0,0,0.104927965,-1.22679687,20,0.699999988,0,0.0426563174,0.0426563174,1
2883,14.416155,0,0,0,0,0,0,0.104927965,-1.12599766,20,0.699999988,0,0.0426563174,0.0426563174,1
2884,14.421161,0,0,0,0,0,0,0.104927965,-1.02519846,20,0.699999988,0,0.0426563174,0.0426563174,1
2885,14.426141,0,0,0,0,0,0,0.104927965,-0.924398303,20,0.699999988,0,0.0426563174,0.0426563174,1
2886,14.431160,0,0,0,0,0,0,0.104927965,-0.823597848,20,0.699999988,0,0.0426563174,0.0426563174,1
2887,14.436148,0,0,0,0,0,0,0.104927965,-0.727597415,20,0.699999988,0,0.0426563174,0.0426563174,1
2888,14.441164,0,0,0,0,0,0,0.104927965,-0.626796961,20,0.699999988,0,0.0426563174,0.0426563174,1
2889,14.446139,0,0,0,0,0,0,0.104927965,-0.525996506,20,0.699999988,0,0.0426563174,0.0426563174,1
2890,14.451175,0,0,0,0,0,0,0.104927965,-0.425196528,20,0.699999988,0,0.0426563174,0.0426563174,1
2891,14.456162,0,0,0,0,0,0,0.104927965,-0.3243967,20,0.699999988,0,0.0426563174,0.0426563174,1
2892,14.461147,0,0,0,0,0,0,0.104927965,-0.228396788,20,0.699999988,0,0.0426563174,0.0426563174,1
2893,14.466163,0,0,0,0,0,0,0.104927965,-0.127596647,20,0.699999988,0,0.0426563174,0.0426563174,1
2894,14.471139,0,0,0,0,0,0,0.104927965,-0.0267966613,20,0.699999988,0,0.0426563174,0.0426563174,1
2895,14.476227,0,0,0,0,0,0,0.104927965,0.0740033314,20,0.699999988,0,0.0426563174,0.0426563174,1
2896,14.481139,0,0,0,0,0,0,0.104927965,0.174803391,20,0.699999988,0,0.0426563174,0.0426563174,1
2897,14.486158,0,0,0,0,0,0,0.104927965,0.275603443,20,0.699999988,0,0.0426563174,0.0426563174,1
2898,14.491147,0,0,0,0,0,0,0.104927965,0.37160328,20,0.699999988,0,0.0426563174,0.0426563174,1
2899,14.496154,0,0,0,0,0,0,0.104927965,0.472403109,20,0.699999988,0,0.0426563174,0.0426563174,1
2900,14.501139,0,0,0,0,0,0,0.104927965,0.573203385,20,0.699999988,0,0.0426563174,0.0426563174,1
2901,14.506152,0,0,0,0,0,0,0.104927965,0.674003839,20,0.699999988,0,0.0426563174,0.0426563174,1
2902,14.511137,0,0,0,0,0,0,0.104927965,0.774804294,20,0.699999988,0,0.0426563174,0.0426563174,1
2903,14.516153,0,0,0,0,0,0,0.104927965,0.875604749,20,0.699999988,0,0.0426563174,0.0426563174,1
2904,14.521149,0,0,0,0,0,0,0.104927965,0.971605182,20,0.699999988,0,0.0426563174,0.0426563174,1
2905,14.526157,0,0,0,0,0,0,0.104927965,1.07240474,20,0.699999988,0,0.0426563174,0.0426563174,1
2906,14.531144,0,0,0,0,0,0,0.104927965,1.17320395,20,0.699999988,0,0.0426563174,0.0426563174,1
2907,14.536161,0,0,0,0,0,0,0.104927965,1.27400315,20,0.699999988,0,0.0426563174,0.0426563174,1
2908,14.541137,0,0,0,0,0,0,0.104927965,1.37480235,20,0.699999988,0,0.0426563174,0.0426563174,1
2909,14.546159,0,0,0,0,0,0,0.104927965,1.47560155,20,0.699999988,0,0.0426563174,0.0426563174,1
2910,14.551149,0,0,0,0,0,0,0.104927965,1.57160079,20,0.699999988,0,0.0426563174,0.0426563174,1
2911,14.556155,0,0,0,0,0,0,0.104927965,1.6724,20,0.699999988,0,0.0426563174,0.0426563174,1
2912,14.561142,0,0,0,0,0,0,0.104927965,1.7731992,20,0.699999988,0,0.0426563174,0.0426563174,1
2913,14.566169,0,0,0,0,0,0,0.104927965,1.8739984,20,0.699999988,0,0.0426563174,0.0426563174,1
2914,14.571158,0,0,0,0,0,0,0.104927965,1.97479761,20,0.699999988,0,0.0426563174,0.0426563174,1
2915,14.576147,0,0,0,0,0,0,0.104927965,2.07559872,20,0.699999988,0,0.0426563174,0.0426563174,1
2916,14.581153,0,0,0,0,0,0,0.104927965,2.17160034,20,0.699999988,0,0.0426563174,0.0426563174,1
2917,14.586141,0,0,0,0,0,0,0.104927965,2.27240205,20,0.699999988,0,0.0426563174,0.0426563174,1
2918,14.591158,0,0,0,0,0,0,0.104927965,2.37320375,20,0.699999988,0,0.0426563174,0.0426563174,1
2919,14.596160,0,0,0,0,0,0,0.104927965,2.47400546,20,0.699999988,0,0.0426563174,0.0426563174,1
2920,14.601153,0,0,0,0,0,0,0.104927965,2.57480717,20,0.699999988,0,0.0426563174,0.0426563174,1
2921,14.606146,0,0,0,0,0,0,0.104927965,2.67560887,20,0.699999988,0,0.0426563174,0.0426563174,1
2922,14.611153,0,0,0,0,0,0,0.104927965,2.7716105,20,0.699999988,0,0.0426563174,0.0426563174,1
2923,14.616145,0,0,0,0,0,0,0.104927965,2.8724122,20,0.699999988,0,0.0426563174,0.0426563174,1
2924,14.621157,0,0,0,0,0,0,0.104927965,2.97321391,20,0.699999988,0,0.0426563174,0.0426563174,1
2925,14.626147,0,0,0,0,0,0,0.104927965,3.07401562,20,0.699999988,0,0.0426563174,0.0426563174,1
2926,14.631161,0,0,0,0,0,0,0.104927965,-3.10836816,20,0.699999988,0,0.0426563174,0.0426563174,1
2927,14.636149,0,0,0,0,0,0,0.104927965,-3.00756645,20,0.699999988,0,0.0426563174,0.0426563174,1
2928,14.641164,0,0,0,0,0,0,0.104927965,-2.90676475,20,0.699999988,0,0.0426563174,0.0426563174,1
2929,14.646142,0,0,0,0,0,0,0.104927965,-2.81076312,20,0.699999988,0,0.0426563174,0.0426563174,1
2930,14.651165,0,0,0,0,0,0,0.104927965,-2.70996141,20,0.699999988,0,0.0426563174,0.0426563174,1
2931,14.656141,0,0,0,0,0,0,0.104927965,-2.60915971,20,0.699999988,0,0.0426563174,0.0426563174,1
2932,14.661153,0,0,0,0,0,0,0.104927965,-2.508358,20,0.699999988,0,0.0426563174,0.0426563174,1
2933,14.666145,0,0,0,0,0,0,0.104927965,-2.4075563,20,0.699999988,0,0.0426563174,0.0426563174,1
2934,14.671146,0,0,0,0,0,0,0.104927965,-2.30675459,20,0.699999988,0,0.0426563174,0.0426563174,1
2935,14.676161,0,0,0,0,0,0,0.104927965,-2.21075296,20,0.699999988,0,0.0426563174,0.0426563174,1
2936,14.681148,0,0,0,0,0,0,0.104927965,-2.10995126,20,0.699999988,0,0.0426563174,0.0426563174,1
2937,14.686161,0,0,0,0,0,0,0.104927965,-2.00914955,20,0.699999988,0,0.0426563174,0.0426563174,1
2938,14.691148,0,0,0,0,0,0,0.104927965,-1.90835023,20,0.699999988,0,0.0426563174,0.0426563174,1
2939,14.696156,0,0,0,0,0,0,0.104927965,-1.80755103,20,0.699999988,0,0.0426563174,0.0426563174,1
2940,14.701142,0,0,0,0,0,0,0.104927965,-1.71155179,20,0.699999988,0,0.0426563174,0.0426563174,1
2941,14.706153,0,0,0,0,0,0,0.104927965,-1.61075258,20,0.699999988,0,0.0426563174,0.0426563174,1
2942,14.711138,0,0,0,0,0,0,0.104927965,-1.50995338,20,0.699999988,0,0.0426563174,0.0426563174,1
2943,14.716162,0,0,0,0,0,0,0.104927965,-1.40915418,20,0.699999988,0,0.0426563174,0.0426563174,1
2944,14.721146,0,0,0,0,0,0,0.104927965,-1.30835497,20,0.699999988,0,0.0426563174,0.0426563174,1
2945,14.726157,0,0,0,0,0,0,0.104927965,-1.20755577,20,0.699999988,0,0.0426563174,0.0426563174,1
2946,14.731146,0,0,0,0,0,0,0.104927965,-1.11155653,20,0.699999988,0,0.0426563174,0.0426563174,1
2947,14.736160,0,0,0,0,0,0,0.104927965,-1.01075733,20,0.699999988,0,0.0426563174,0.0426563174,1
2948,14.741149,0,0,0,0,0,0,0.104927965,-0.909956992,20,0.699999988,0,0.0426563174,0.0426563174,1
2949,14.746153,0,0,0,0,0,0,0.104927965,-0.809156537,20,0.699999988,0,0.0426563174,0.0426563174,1
2950,14.751143,0,0,0,0,0,0,0.104927965,-0.708356082,20,0.699999988,0,0.0426563174,0.0426563174,1
2951,14.756157,0,0,0,0,0,0,0.104927965,-0.607555628,20,0.699999988,0,0.0426563174,0.0426563174,1
2952,14.761143,0,0,0,0,0,0,0.104927965,-0.511555195,20,0.699999988,0,0.0426563174,0.0426563174,1
2953,14.766158,0,0,0,0,0,0,0.104927965,-0.410755306,20,0.699999988,0,0.0426563174,0.0426563174,1
