Index,Time,debug_PWM_A,debug_PWM_B,debug_PWM_C
0,0.000000,0,0,0
1,0.001749,0,0,0
2,0.002753,0,0,0
3,0.003728,0,0,0
4,0.004728,"nan","nan","nan"
5,0.005727,"nan","nan","nan"
6,0.006731,"nan","nan","nan"
7,0.007732,"nan","nan","nan"
8,0.008731,"nan","nan","nan"
9,0.009731,"nan","nan","nan"
10,0.010730,"nan","nan","nan"
11,0.011732,"nan","nan","nan"
12,0.012744,"nan","nan","nan"
13,0.013732,"nan","nan","nan"
14,0.014733,"nan","nan","nan"
15,0.015732,"nan","nan","nan"
16,0.016736,"nan","nan","nan"
17,0.017736,"nan","nan","nan"
18,0.018736,"nan","nan","nan"
19,0.019736,"nan","nan","nan"
20,0.020735,"nan","nan","nan"
21,0.021736,"nan","nan","nan"
22,0.022876,"nan","nan","nan"
23,0.023737,"nan","nan","nan"
24,0.024738,"nan","nan","nan"
25,0.025737,"nan","nan","nan"
26,0.026729,"nan","nan","nan"
27,0.027729,"nan","nan","nan"
28,0.028730,"nan","nan","nan"
29,0.029729,"nan","nan","nan"
30,0.030731,"nan","nan","nan"
31,0.031732,"nan","nan","nan"
32,0.032732,"nan","nan","nan"
33,0.033750,"nan","nan","nan"
34,0.034739,"nan","nan","nan"
35,0.035738,"nan","nan","nan"
36,0.036730,"nan","nan","nan"
37,0.037731,"nan","nan","nan"
38,0.038731,"nan","nan","nan"
39,0.039731,"nan","nan","nan"
40,0.040732,"nan","nan","nan"
41,0.041732,"nan","nan","nan"
42,0.042732,"nan","nan","nan"
43,0.043733,"nan","nan","nan"
44,0.044750,"nan","nan","nan"
45,0.045738,"nan","nan","nan"
46,0.046729,"nan","nan","nan"
47,0.047730,"nan","nan","nan"
48,0.048729,"nan","nan","nan"
49,0.049731,"nan","nan","nan"
50,0.050732,"nan","nan","nan"
51,0.051733,"nan","nan","nan"
52,0.052742,"nan","nan","nan"
53,0.053730,"nan","nan","nan"
54,0.054749,"nan","nan","nan"
55,0.055736,"nan","nan","nan"
56,0.056728,"nan","nan","nan"
57,0.057726,"nan","nan","nan"
58,0.058727,"nan","nan","nan"
59,0.059738,"nan","nan","nan"
60,0.060740,"nan","nan","nan"
61,0.061728,"nan","nan","nan"
62,0.062726,"nan","nan","nan"
63,0.063727,"nan","nan","nan"
64,0.064766,"nan","nan","nan"
65,0.065743,"nan","nan","nan"
66,0.066734,"nan","nan","nan"
67,0.067734,"nan","nan","nan"
68,0.068734,"nan","nan","nan"
69,0.069734,"nan","nan","nan"
70,0.070734,"nan","nan","nan"
71,0.071734,"nan","nan","nan"
72,0.072734,"nan","nan","nan"
73,0.073734,"nan","nan","nan"
74,0.074734,"nan","nan","nan"
75,0.075786,"nan","nan","nan"
76,0.076729,"nan","nan","nan"
77,0.077729,"nan","nan","nan"
78,0.078729,"nan","nan","nan"
79,0.079729,"nan","nan","nan"
80,0.080729,"nan","nan","nan"
81,0.081730,"nan","nan","nan"
82,0.082729,"nan","nan","nan"
83,0.083729,"nan","nan","nan"
84,0.084729,"nan","nan","nan"
85,0.085730,"nan","nan","nan"
86,0.086749,"nan","nan","nan"
87,0.087736,"nan","nan","nan"
88,0.088737,"nan","nan","nan"
89,0.089738,"nan","nan","nan"
90,0.090737,"nan","nan","nan"
91,0.091738,"nan","nan","nan"
92,0.092737,"nan","nan","nan"
93,0.093739,"nan","nan","nan"
94,0.094727,"nan","nan","nan"
95,0.095728,"nan","nan","nan"
96,0.096774,"nan","nan","nan"
97,0.097736,"nan","nan","nan"
98,0.098738,"nan","nan","nan"
99,0.099738,"nan","nan","nan"
100,0.100739,"nan","nan","nan"
101,0.101727,"nan","nan","nan"
102,0.102739,"nan","nan","nan"
103,0.103727,"nan","nan","nan"
104,0.104728,"nan","nan","nan"
105,0.105727,"nan","nan","nan"
106,0.106732,"nan","nan","nan"
107,0.107754,"nan","nan","nan"
108,0.108756,"nan","nan","nan"
109,0.109749,"nan","nan","nan"
110,0.110739,"nan","nan","nan"
111,0.111737,"nan","nan","nan"
112,0.112739,"nan","nan","nan"
113,0.113727,"nan","nan","nan"
114,0.114728,"nan","nan","nan"
115,0.115728,"nan","nan","nan"
116,0.116732,"nan","nan","nan"
117,0.117733,"nan","nan","nan"
118,0.118746,"nan","nan","nan"
119,0.119735,"nan","nan","nan"
120,0.120735,"nan","nan","nan"
121,0.121735,"nan","nan","nan"
122,0.122734,"nan","nan","nan"
123,0.123734,"nan","nan","nan"
124,0.124734,"nan","nan","nan"
125,0.125733,"nan","nan","nan"
126,0.126736,"nan","nan","nan"
127,0.127737,"nan","nan","nan"
128,0.128803,"nan","nan","nan"
129,0.129727,"nan","nan","nan"
130,0.130729,"nan","nan","nan"
131,0.131729,"nan","nan","nan"
132,0.132729,"nan","nan","nan"
133,0.133730,"nan","nan","nan"
134,0.134729,"nan","nan","nan"
135,0.135730,"nan","nan","nan"
136,0.136733,"nan","nan","nan"
137,0.137733,"nan","nan","nan"
138,0.138733,"nan","nan","nan"
139,0.139751,"nan","nan","nan"
140,0.140727,"nan","nan","nan"
141,0.141740,"nan","nan","nan"
142,0.142728,"nan","nan","nan"
143,0.143726,"nan","nan","nan"
144,0.144727,"nan","nan","nan"
145,0.145739,"nan","nan","nan"
146,0.146730,"nan","nan","nan"
147,0.147730,"nan","nan","nan"
148,0.148731,"nan","nan","nan"
149,0.149794,"nan","nan","nan"
150,0.150735,"nan","nan","nan"
151,0.151735,"nan","nan","nan"
152,0.152734,"nan","nan","nan"
153,0.153734,"nan","nan","nan"
154,0.154733,"nan","nan","nan"
155,0.155734,"nan","nan","nan"
156,0.156737,"nan","nan","nan"
157,0.157738,"nan","nan","nan"
158,0.158738,"nan","nan","nan"
159,0.159726,"nan","nan","nan"
160,0.160750,"nan","nan","nan"
161,0.161738,"nan","nan","nan"
162,0.162739,"nan","nan","nan"
163,0.163727,"nan","nan","nan"
164,0.164728,"nan","nan","nan"
165,0.165728,"nan","nan","nan"
166,0.166731,"nan","nan","nan"
167,0.167732,"nan","nan","nan"
168,0.168732,"nan","nan","nan"
169,0.169733,"nan","nan","nan"
170,0.170836,"nan","nan","nan"
171,0.171736,"nan","nan","nan"
172,0.172738,"nan","nan","nan"
173,0.173738,"nan","nan","nan"
174,0.174739,"nan","nan","nan"
175,0.175739,"nan","nan","nan"
176,0.176731,"nan","nan","nan"
177,0.177730,"nan","nan","nan"
178,0.178732,"nan","nan","nan"
179,0.179732,"nan","nan","nan"
180,0.180733,"nan","nan","nan"
181,0.181746,"nan","nan","nan"
182,0.182737,"nan","nan","nan"
183,0.183737,"nan","nan","nan"
184,0.184738,"nan","nan","nan"
185,0.185739,"nan","nan","nan"
186,0.186731,"nan","nan","nan"
187,0.187730,"nan","nan","nan"
188,0.188730,"nan","nan","nan"
189,0.189729,"nan","nan","nan"
190,0.190730,"nan","nan","nan"
191,0.191856,"nan","nan","nan"
192,0.192739,"nan","nan","nan"
193,0.193739,"nan","nan","nan"
194,0.194739,"nan","nan","nan"
195,0.195728,"nan","nan","nan"
196,0.196730,"nan","nan","nan"
197,0.197731,"nan","nan","nan"
198,0.198731,"nan","nan","nan"
199,0.199731,"nan","nan","nan"
200,0.200731,"nan","nan","nan"
201,0.201729,"nan","nan","nan"
202,0.202748,"nan","nan","nan"
203,0.203735,"nan","nan","nan"
204,0.204735,"nan","nan","nan"
205,0.205736,"nan","nan","nan"
206,0.206739,"nan","nan","nan"
207,0.207738,"nan","nan","nan"
208,0.208739,"nan","nan","nan"
209,0.209739,"nan","nan","nan"
210,0.210726,"nan","nan","nan"
211,0.211727,"nan","nan","nan"
212,0.212739,"nan","nan","nan"
213,0.213755,"nan","nan","nan"
214,0.214730,"nan","nan","nan"
215,0.215729,"nan","nan","nan"
216,0.216743,"nan","nan","nan"
217,0.217731,"nan","nan","nan"
218,0.218731,"nan","nan","nan"
219,0.219731,"nan","nan","nan"
220,0.220730,"nan","nan","nan"
221,0.221731,"nan","nan","nan"
222,0.222732,"nan","nan","nan"
223,0.223802,"nan","nan","nan"
224,0.224728,"nan","nan","nan"
225,0.225728,"nan","nan","nan"
226,0.226732,"nan","nan","nan"
227,0.227733,"nan","nan","nan"
228,0.228733,"nan","nan","nan"
229,0.229734,"nan","nan","nan"
230,0.230732,"nan","nan","nan"
231,0.231734,"nan","nan","nan"
232,0.232735,"nan","nan","nan"
233,0.233735,"nan","nan","nan"
234,0.234749,"nan","nan","nan"
235,0.235739,"nan","nan","nan"
236,0.236730,"nan","nan","nan"
237,0.237731,"nan","nan","nan"
238,0.238731,"nan","nan","nan"
239,0.239732,"nan","nan","nan"
240,0.240732,"nan","nan","nan"
241,0.241732,"nan","nan","nan"
242,0.242732,"nan","nan","nan"
243,0.243733,"nan","nan","nan"
244,0.244816,"nan","nan","nan"
245,0.245730,"nan","nan","nan"
246,0.246734,"nan","nan","nan"
247,0.247734,"nan","nan","nan"
248,0.248735,"nan","nan","nan"
249,0.249735,"nan","nan","nan"
250,0.250735,"nan","nan","nan"
251,0.251736,"nan","nan","nan"
252,0.252738,"nan","nan","nan"
253,0.253737,"nan","nan","nan"
254,0.254737,"nan","nan","nan"
255,0.255748,"nan","nan","nan"
256,0.256739,"nan","nan","nan"
257,0.257739,"nan","nan","nan"
258,0.258739,"nan","nan","nan"
259,0.259739,"nan","nan","nan"
260,0.260738,"nan","nan","nan"
261,0.261738,"nan","nan","nan"
262,0.262738,"nan","nan","nan"
263,0.263739,"nan","nan","nan"
264,0.264738,"nan","nan","nan"
265,0.265849,"nan","nan","nan"
266,0.266728,"nan","nan","nan"
267,0.267729,"nan","nan","nan"
268,0.268728,"nan","nan","nan"
269,0.269729,"nan","nan","nan"
270,0.270729,"nan","nan","nan"
271,0.271729,"nan","nan","nan"
272,0.272748,"nan","nan","nan"
273,0.273737,"nan","nan","nan"
274,0.274736,"nan","nan","nan"
275,0.275736,"nan","nan","nan"
276,0.276753,"nan","nan","nan"
277,0.277730,"nan","nan","nan"
278,0.278729,"nan","nan","nan"
279,0.279730,"nan","nan","nan"
280,0.280730,"nan","nan","nan"
281,0.281730,"nan","nan","nan"
282,0.282729,"nan","nan","nan"
283,0.283730,"nan","nan","nan"
284,0.284730,"nan","nan","nan"
285,0.285730,"nan","nan","nan"
286,0.286806,"nan","nan","nan"
287,0.287730,"nan","nan","nan"
288,0.288732,"nan","nan","nan"
289,0.289733,"nan","nan","nan"
290,0.290733,"nan","nan","nan"
291,0.291734,"nan","nan","nan"
292,0.292735,"nan","nan","nan"
293,0.293735,"nan","nan","nan"
294,0.294736,"nan","nan","nan"
295,0.295736,"nan","nan","nan"
296,0.296727,"nan","nan","nan"
297,0.297746,"nan","nan","nan"
298,0.298734,"nan","nan","nan"
299,0.299735,"nan","nan","nan"
300,0.300736,"nan","nan","nan"
301,0.301736,"nan","nan","nan"
302,0.302736,"nan","nan","nan"
303,0.303737,"nan","nan","nan"
304,0.304738,"nan","nan","nan"
305,0.305738,"nan","nan","nan"
306,0.306729,"nan","nan","nan"
307,0.307834,"nan","nan","nan"
308,0.308735,"nan","nan","nan"
309,0.309736,"nan","nan","nan"
310,0.310736,"nan","nan","nan"
311,0.311737,"nan","nan","nan"
312,0.312736,"nan","nan","nan"
313,0.313738,"nan","nan","nan"
314,0.314739,"nan","nan","nan"
315,0.315728,"nan","nan","nan"
316,0.316731,"nan","nan","nan"
317,0.317733,"nan","nan","nan"
318,0.318746,"nan","nan","nan"
319,0.319734,"nan","nan","nan"
320,0.320733,"nan","nan","nan"
321,0.321732,"nan","nan","nan"
322,0.322733,"nan","nan","nan"
323,0.323755,"nan","nan","nan"
324,0.324730,"nan","nan","nan"
325,0.325728,"nan","nan","nan"
326,0.326732,"nan","nan","nan"
327,0.327733,"nan","nan","nan"
328,0.328798,"nan","nan","nan"
329,0.329736,"nan","nan","nan"
330,0.330737,"nan","nan","nan"
331,0.331736,"nan","nan","nan"
332,0.332737,"nan","nan","nan"
333,0.333737,"nan","nan","nan"
334,0.334737,"nan","nan","nan"
335,0.335737,"nan","nan","nan"
336,0.336727,"nan","nan","nan"
337,0.337727,"nan","nan","nan"
338,0.338728,"nan","nan","nan"
339,0.339753,"nan","nan","nan"
340,0.340728,"nan","nan","nan"
341,0.341729,"nan","nan","nan"
342,0.342729,"nan","nan","nan"
343,0.343729,"nan","nan","nan"
344,0.344728,"nan","nan","nan"
345,0.345729,"nan","nan","nan"
346,0.346732,"nan","nan","nan"
347,0.347732,"nan","nan","nan"
348,0.348732,"nan","nan","nan"
349,0.349758,"nan","nan","nan"
350,0.350754,"nan","nan","nan"
351,0.351730,"nan","nan","nan"
352,0.352730,"nan","nan","nan"
353,0.353730,"nan","nan","nan"
354,0.354729,"nan","nan","nan"
355,0.355731,"nan","nan","nan"
356,0.356735,"nan","nan","nan"
357,0.357735,"nan","nan","nan"
358,0.358736,"nan","nan","nan"
359,0.359736,"nan","nan","nan"
360,0.360877,"nan","nan","nan"
361,0.361728,"nan","nan","nan"
362,0.362730,"nan","nan","nan"
363,0.363730,"nan","nan","nan"
364,0.364730,"nan","nan","nan"
365,0.365731,"nan","nan","nan"
366,0.366735,"nan","nan","nan"
367,0.367736,"nan","nan","nan"
368,0.368736,"nan","nan","nan"
369,0.369735,"nan","nan","nan"
370,0.370737,"nan","nan","nan"
371,0.371748,"nan","nan","nan"
372,0.372738,"nan","nan","nan"
373,0.373739,"nan","nan","nan"
374,0.374738,"nan","nan","nan"
375,0.375739,"nan","nan","nan"
376,0.376757,"nan","nan","nan"
377,0.377748,"nan","nan","nan"
378,0.378737,"nan","nan","nan"
379,0.379736,"nan","nan","nan"
380,0.380738,"nan","nan","nan"
381,0.381803,"nan","nan","nan"
382,0.382731,"nan","nan","nan"
383,0.383731,"nan","nan","nan"
384,0.384731,"nan","nan","nan"
385,0.385730,"nan","nan","nan"
386,0.386733,"nan","nan","nan"
387,0.387733,"nan","nan","nan"
388,0.388732,"nan","nan","nan"
389,0.389733,"nan","nan","nan"
390,0.390732,"nan","nan","nan"
391,0.391733,"nan","nan","nan"
392,0.392752,"nan","nan","nan"
393,0.393727,"nan","nan","nan"
394,0.394727,"nan","nan","nan"
395,0.395740,"nan","nan","nan"
396,0.396731,"nan","nan","nan"
397,0.397730,"nan","nan","nan"
398,0.398731,"nan","nan","nan"
399,0.399731,"nan","nan","nan"
400,0.400732,"nan","nan","nan"
401,0.401732,"nan","nan","nan"
402,0.402756,"nan","nan","nan"
403,0.403747,"nan","nan","nan"
404,0.404736,"nan","nan","nan"
405,0.405735,"nan","nan","nan"
406,0.406738,"nan","nan","nan"
407,0.407738,"nan","nan","nan"
408,0.408738,"nan","nan","nan"
409,0.409738,"nan","nan","nan"
410,0.410738,"nan","nan","nan"
411,0.411738,"nan","nan","nan"
412,0.412739,"nan","nan","nan"
413,0.413817,"nan","nan","nan"
414,0.414729,"nan","nan","nan"
415,0.415730,"nan","nan","nan"
416,0.416733,"nan","nan","nan"
417,0.417733,"nan","nan","nan"
418,0.418733,"nan","nan","nan"
419,0.419733,"nan","nan","nan"
420,0.420734,"nan","nan","nan"
421,0.421735,"nan","nan","nan"
422,0.422734,"nan","nan","nan"
423,0.423735,"nan","nan","nan"
424,0.424744,"nan","nan","nan"
425,0.425733,"nan","nan","nan"
426,0.426737,"nan","nan","nan"
427,0.427736,"nan","nan","nan"
428,0.428737,"nan","nan","nan"
429,0.429738,"nan","nan","nan"
430,0.430738,"nan","nan","nan"
431,0.431727,"nan","nan","nan"
432,0.432739,"nan","nan","nan"
433,0.433728,"nan","nan","nan"
434,0.434775,"nan","nan","nan"
435,0.435752,"nan","nan","nan"
436,0.436731,"nan","nan","nan"
437,0.437732,"nan","nan","nan"
438,0.438732,"nan","nan","nan"
439,0.439733,"nan","nan","nan"
440,0.440734,"nan","nan","nan"
441,0.441733,"nan","nan","nan"
442,0.442734,"nan","nan","nan"
443,0.443735,"nan","nan","nan"
444,0.444736,"nan","nan","nan"
445,0.445743,"nan","nan","nan"
446,0.446734,"nan","nan","nan"
447,0.447735,"nan","nan","nan"
448,0.448735,"nan","nan","nan"
449,0.449735,"nan","nan","nan"
450,0.450734,"nan","nan","nan"
451,0.451734,"nan","nan","nan"
452,0.452734,"nan","nan","nan"
453,0.453734,"nan","nan","nan"
454,0.454734,"nan","nan","nan"
455,0.455745,"nan","nan","nan"
456,0.456735,"nan","nan","nan"
457,0.457736,"nan","nan","nan"
458,0.458736,"nan","nan","nan"
459,0.459736,"nan","nan","nan"
460,0.460735,"nan","nan","nan"
461,0.461736,"nan","nan","nan"
462,0.462736,"nan","nan","nan"
463,0.463736,"nan","nan","nan"
464,0.464736,"nan","nan","nan"
465,0.465735,"nan","nan","nan"
466,0.466751,"nan","nan","nan"
467,0.467740,"nan","nan","nan"
468,0.468727,"nan","nan","nan"
469,0.469728,"nan","nan","nan"
470,0.470728,"nan","nan","nan"
471,0.471728,"nan","nan","nan"
472,0.472728,"nan","nan","nan"
473,0.473727,"nan","nan","nan"
474,0.474728,"nan","nan","nan"
475,0.475729,"nan","nan","nan"
476,0.476746,"nan","nan","nan"
477,0.477733,"nan","nan","nan"
478,0.478734,"nan","nan","nan"
479,0.479733,"nan","nan","nan"
480,0.480733,"nan","nan","nan"
481,0.481733,"nan","nan","nan"
482,0.482733,"nan","nan","nan"
483,0.483731,"nan","nan","nan"
484,0.484733,"nan","nan","nan"
485,0.485733,"nan","nan","nan"
486,0.486763,"nan","nan","nan"
487,0.487754,"nan","nan","nan"
488,0.488729,"nan","nan","nan"
489,0.489731,"nan","nan","nan"
490,0.490753,"nan","nan","nan"
491,0.491729,"nan","nan","nan"
492,0.492730,"nan","nan","nan"
493,0.493729,"nan","nan","nan"
494,0.494730,"nan","nan","nan"
495,0.495731,"nan","nan","nan"
496,0.496734,"nan","nan","nan"
497,0.497749,"nan","nan","nan"
498,0.498738,"nan","nan","nan"
499,0.499739,"nan","nan","nan"
500,0.500740,"nan","nan","nan"
501,0.501729,"nan","nan","nan"
502,0.502728,"nan","nan","nan"
503,0.503730,"nan","nan","nan"
504,0.504731,"nan","nan","nan"
505,0.505731,"nan","nan","nan"
506,0.506734,"nan","nan","nan"
507,0.507735,"nan","nan","nan"
508,0.508751,"nan","nan","nan"
509,0.509739,"nan","nan","nan"
510,0.510740,"nan","nan","nan"
511,0.511729,"nan","nan","nan"
512,0.512728,"nan","nan","nan"
513,0.513729,"nan","nan","nan"
514,0.514730,"nan","nan","nan"
515,0.515729,"nan","nan","nan"
516,0.516732,"nan","nan","nan"
517,0.517731,"nan","nan","nan"
518,0.518748,"nan","nan","nan"
519,0.519735,"nan","nan","nan"
520,0.520736,"nan","nan","nan"
521,0.521736,"nan","nan","nan"
522,0.522735,"nan","nan","nan"
523,0.523735,"nan","nan","nan"
524,0.524736,"nan","nan","nan"
525,0.525735,"nan","nan","nan"
526,0.526739,"nan","nan","nan"
527,0.527737,"nan","nan","nan"
528,0.528738,"nan","nan","nan"
529,0.529743,"nan","nan","nan"
530,0.530732,"nan","nan","nan"
531,0.531730,"nan","nan","nan"
532,0.532732,"nan","nan","nan"
533,0.533731,"nan","nan","nan"
534,0.534731,"nan","nan","nan"
535,0.535731,"nan","nan","nan"
536,0.536733,"nan","nan","nan"
537,0.537734,"nan","nan","nan"
538,0.538734,"nan","nan","nan"
539,0.539827,"nan","nan","nan"
540,0.540726,"nan","nan","nan"
541,0.541728,"nan","nan","nan"
542,0.542729,"nan","nan","nan"
543,0.543729,"nan","nan","nan"
544,0.544729,"nan","nan","nan"
545,0.545728,"nan","nan","nan"
546,0.546732,"nan","nan","nan"
547,0.547732,"nan","nan","nan"
548,0.548732,"nan","nan","nan"
549,0.549751,"nan","nan","nan"
550,0.550746,"nan","nan","nan"
551,0.551735,"nan","nan","nan"
552,0.552735,"nan","nan","nan"
553,0.553736,"nan","nan","nan"
554,0.554737,"nan","nan","nan"
555,0.555738,"nan","nan","nan"
556,0.556729,"nan","nan","nan"
557,0.557729,"nan","nan","nan"
558,0.558730,"nan","nan","nan"
559,0.559731,"nan","nan","nan"
560,0.560753,"nan","nan","nan"
561,0.561729,"nan","nan","nan"
562,0.562730,"nan","nan","nan"
563,0.563731,"nan","nan","nan"
564,0.564732,"nan","nan","nan"
565,0.565732,"nan","nan","nan"
566,0.566736,"nan","nan","nan"
567,0.567736,"nan","nan","nan"
568,0.568737,"nan","nan","nan"
569,0.569737,"nan","nan","nan"
570,0.570737,"nan","nan","nan"
571,0.571743,"nan","nan","nan"
572,0.572733,"nan","nan","nan"
573,0.573733,"nan","nan","nan"
574,0.574733,"nan","nan","nan"
575,0.575734,"nan","nan","nan"
576,0.576738,"nan","nan","nan"
577,0.577738,"nan","nan","nan"
578,0.578739,"nan","nan","nan"
579,0.579727,"nan","nan","nan"
580,0.580739,"nan","nan","nan"
581,0.581755,"nan","nan","nan"
582,0.582729,"nan","nan","nan"
583,0.583728,"nan","nan","nan"
584,0.584729,"nan","nan","nan"
585,0.585730,"nan","nan","nan"
586,0.586732,"nan","nan","nan"
587,0.587733,"nan","nan","nan"
588,0.588733,"nan","nan","nan"
589,0.589732,"nan","nan","nan"
590,0.590732,"nan","nan","nan"
591,0.591732,"nan","nan","nan"
592,0.592749,"nan","nan","nan"
593,0.593738,"nan","nan","nan"
594,0.594737,"nan","nan","nan"
595,0.595738,"nan","nan","nan"
596,0.596729,"nan","nan","nan"
597,0.597729,"nan","nan","nan"
598,0.598728,"nan","nan","nan"
599,0.599728,"nan","nan","nan"
600,0.600728,"nan","nan","nan"
601,0.601792,"nan","nan","nan"
602,0.602888,"nan","nan","nan"
603,0.603739,"nan","nan","nan"
604,0.604739,"nan","nan","nan"
605,0.605739,"nan","nan","nan"
606,0.606730,"nan","nan","nan"
607,0.607729,"nan","nan","nan"
608,0.608730,"nan","nan","nan"
609,0.609730,"nan","nan","nan"
610,0.610730,"nan","nan","nan"
611,0.611730,"nan","nan","nan"
612,0.612729,"nan","nan","nan"
613,0.613747,"nan","nan","nan"
614,0.614735,"nan","nan","nan"
615,0.615734,"nan","nan","nan"
616,0.616738,"nan","nan","nan"
617,0.617738,"nan","nan","nan"
618,0.618727,"nan","nan","nan"
619,0.619739,"nan","nan","nan"
620,0.620728,"nan","nan","nan"
621,0.621729,"nan","nan","nan"
622,0.622729,"nan","nan","nan"
623,0.623805,"nan","nan","nan"
624,0.624738,"nan","nan","nan"
625,0.625727,"nan","nan","nan"
626,0.626731,"nan","nan","nan"
627,0.627731,"nan","nan","nan"
628,0.628732,"nan","nan","nan"
629,0.629732,"nan","nan","nan"
630,0.630732,"nan","nan","nan"
631,0.631733,"nan","nan","nan"
632,0.632732,"nan","nan","nan"
633,0.633733,"nan","nan","nan"
634,0.634746,"nan","nan","nan"
635,0.635734,"nan","nan","nan"
636,0.636738,"nan","nan","nan"
637,0.637737,"nan","nan","nan"
638,0.638739,"nan","nan","nan"
639,0.639740,"nan","nan","nan"
640,0.640729,"nan","nan","nan"
641,0.641729,"nan","nan","nan"
642,0.642730,"nan","nan","nan"
643,0.643730,"nan","nan","nan"
644,0.644731,"nan","nan","nan"
645,0.645748,"nan","nan","nan"
646,0.646727,"nan","nan","nan"
647,0.647738,"nan","nan","nan"
648,0.648739,"nan","nan","nan"
649,0.649739,"nan","nan","nan"
650,0.650739,"nan","nan","nan"
651,0.651739,"nan","nan","nan"
652,0.652738,"nan","nan","nan"
653,0.653738,"nan","nan","nan"
654,0.654738,"nan","nan","nan"
655,0.655828,"nan","nan","nan"
656,0.656732,"nan","nan","nan"
657,0.657733,"nan","nan","nan"
658,0.658750,"nan","nan","nan"
659,0.659739,"nan","nan","nan"
660,0.660739,"nan","nan","nan"
661,0.661726,"nan","nan","nan"
662,0.662739,"nan","nan","nan"
663,0.663740,"nan","nan","nan"
664,0.664726,"nan","nan","nan"
665,0.665727,"nan","nan","nan"
666,0.666748,"nan","nan","nan"
667,0.667735,"nan","nan","nan"
668,0.668736,"nan","nan","nan"
669,0.669737,"nan","nan","nan"
670,0.670735,"nan","nan","nan"
671,0.671736,"nan","nan","nan"
672,0.672736,"nan","nan","nan"
673,0.673736,"nan","nan","nan"
674,0.674736,"nan","nan","nan"
675,0.675735,"nan","nan","nan"
676,0.676765,"nan","nan","nan"
677,0.677748,"nan","nan","nan"
678,0.678737,"nan","nan","nan"
679,0.679737,"nan","nan","nan"
680,0.680736,"nan","nan","nan"
681,0.681737,"nan","nan","nan"
682,0.682738,"nan","nan","nan"
683,0.683738,"nan","nan","nan"
684,0.684726,"nan","nan","nan"
685,0.685727,"nan","nan","nan"
686,0.686731,"nan","nan","nan"
687,0.687783,"nan","nan","nan"
688,0.688738,"nan","nan","nan"
689,0.689726,"nan","nan","nan"
690,0.690739,"nan","nan","nan"
691,0.691728,"nan","nan","nan"
692,0.692729,"nan","nan","nan"
693,0.693728,"nan","nan","nan"
694,0.694730,"nan","nan","nan"
695,0.695731,"nan","nan","nan"
696,0.696734,"nan","nan","nan"
697,0.697735,"nan","nan","nan"
698,0.698750,"nan","nan","nan"
699,0.699737,"nan","nan","nan"
700,0.700739,"nan","nan","nan"
701,0.701728,"nan","nan","nan"
702,0.702729,"nan","nan","nan"
703,0.703728,"nan","nan","nan"
704,0.704729,"nan","nan","nan"
705,0.705729,"nan","nan","nan"
706,0.706733,"nan","nan","nan"
707,0.707733,"nan","nan","nan"
708,0.708733,"nan","nan","nan"
709,0.709747,"nan","nan","nan"
710,0.710735,"nan","nan","nan"
711,0.711735,"nan","nan","nan"
712,0.712735,"nan","nan","nan"
713,0.713733,"nan","nan","nan"
714,0.714734,"nan","nan","nan"
715,0.715734,"nan","nan","nan"
716,0.716737,"nan","nan","nan"
717,0.717744,"nan","nan","nan"
718,0.718732,"nan","nan","nan"
719,0.719785,"nan","nan","nan"
720,0.720728,"nan","nan","nan"
721,0.721729,"nan","nan","nan"
722,0.722727,"nan","nan","nan"
723,0.723728,"nan","nan","nan"
724,0.724728,"nan","nan","nan"
725,0.725728,"nan","nan","nan"
726,0.726731,"nan","nan","nan"
727,0.727730,"nan","nan","nan"
728,0.728731,"nan","nan","nan"
729,0.729732,"nan","nan","nan"
730,0.730752,"nan","nan","nan"
731,0.731727,"nan","nan","nan"
732,0.732729,"nan","nan","nan"
733,0.733729,"nan","nan","nan"
734,0.734729,"nan","nan","nan"
735,0.735729,"nan","nan","nan"
736,0.736732,"nan","nan","nan"
737,0.737731,"nan","nan","nan"
738,0.738732,"nan","nan","nan"
739,0.739732,"nan","nan","nan"
740,0.740732,"nan","nan","nan"
741,0.741749,"nan","nan","nan"
742,0.742736,"nan","nan","nan"
743,0.743736,"nan","nan","nan"
744,0.744737,"nan","nan","nan"
745,0.745736,"nan","nan","nan"
746,0.746727,"nan","nan","nan"
747,0.747727,"nan","nan","nan"
748,0.748728,"nan","nan","nan"
749,0.749729,"nan","nan","nan"
750,0.750729,"nan","nan","nan"
751,0.751781,"nan","nan","nan"
752,0.752734,"nan","nan","nan"
753,0.753736,"nan","nan","nan"
754,0.754736,"nan","nan","nan"
755,0.755737,"nan","nan","nan"
756,0.756728,"nan","nan","nan"
757,0.757729,"nan","nan","nan"
758,0.758729,"nan","nan","nan"
759,0.759730,"nan","nan","nan"
760,0.760729,"nan","nan","nan"
761,0.761731,"nan","nan","nan"
762,0.762749,"nan","nan","nan"
763,0.763740,"nan","nan","nan"
764,0.764729,"nan","nan","nan"
765,0.765728,"nan","nan","nan"
766,0.766733,"nan","nan","nan"
767,0.767734,"nan","nan","nan"
768,0.768734,"nan","nan","nan"
769,0.769735,"nan","nan","nan"
770,0.770736,"nan","nan","nan"
771,0.771735,"nan","nan","nan"
772,0.772762,"nan","nan","nan"
773,0.773747,"nan","nan","nan"
774,0.774736,"nan","nan","nan"
775,0.775737,"nan","nan","nan"
776,0.776744,"nan","nan","nan"
777,0.777730,"nan","nan","nan"
778,0.778730,"nan","nan","nan"
779,0.779729,"nan","nan","nan"
780,0.780730,"nan","nan","nan"
781,0.781730,"nan","nan","nan"
782,0.782730,"nan","nan","nan"
783,0.783781,"nan","nan","nan"
784,0.784737,"nan","nan","nan"
785,0.785737,"nan","nan","nan"
786,0.786728,"nan","nan","nan"
787,0.787728,"nan","nan","nan"
788,0.788729,"nan","nan","nan"
789,0.789728,"nan","nan","nan"
790,0.790728,"nan","nan","nan"
791,0.791728,"nan","nan","nan"
792,0.792728,"nan","nan","nan"
793,0.793729,"nan","nan","nan"
794,0.794758,"nan","nan","nan"
795,0.795733,"nan","nan","nan"
796,0.796737,"nan","nan","nan"
797,0.797737,"nan","nan","nan"
798,0.798737,"nan","nan","nan"
799,0.799737,"nan","nan","nan"
800,0.800737,"nan","nan","nan"
801,0.801737,"nan","nan","nan"
802,0.802737,"nan","nan","nan"
803,0.803737,"nan","nan","nan"
804,0.804737,"nan","nan","nan"
805,0.805749,"nan","nan","nan"
806,0.806740,"nan","nan","nan"
807,0.807728,"nan","nan","nan"
808,0.808727,"nan","nan","nan"
809,0.809727,"nan","nan","nan"
810,0.810727,"nan","nan","nan"
811,0.811727,"nan","nan","nan"
812,0.812728,"nan","nan","nan"
813,0.813728,"nan","nan","nan"
814,0.814729,"nan","nan","nan"
815,0.815746,"nan","nan","nan"
816,0.816729,"nan","nan","nan"
817,0.817730,"nan","nan","nan"
818,0.818729,"nan","nan","nan"
819,0.819730,"nan","nan","nan"
820,0.820730,"nan","nan","nan"
821,0.821731,"nan","nan","nan"
822,0.822731,"nan","nan","nan"
823,0.823731,"nan","nan","nan"
824,0.824732,"nan","nan","nan"
825,0.825732,"nan","nan","nan"
826,0.826749,"nan","nan","nan"
827,0.827739,"nan","nan","nan"
828,0.828727,"nan","nan","nan"
829,0.829728,"nan","nan","nan"
830,0.830728,"nan","nan","nan"
831,0.831729,"nan","nan","nan"
832,0.832728,"nan","nan","nan"
833,0.833730,"nan","nan","nan"
834,0.834731,"nan","nan","nan"
835,0.835731,"nan","nan","nan"
836,0.836827,"nan","nan","nan"
837,0.837729,"nan","nan","nan"
838,0.838731,"nan","nan","nan"
839,0.839731,"nan","nan","nan"
840,0.840732,"nan","nan","nan"
841,0.841732,"nan","nan","nan"
842,0.842732,"nan","nan","nan"
843,0.843731,"nan","nan","nan"
844,0.844731,"nan","nan","nan"
845,0.845731,"nan","nan","nan"
846,0.846734,"nan","nan","nan"
847,0.847746,"nan","nan","nan"
848,0.848733,"nan","nan","nan"
849,0.849733,"nan","nan","nan"
850,0.850733,"nan","nan","nan"
851,0.851733,"nan","nan","nan"
852,0.852733,"nan","nan","nan"
853,0.853733,"nan","nan","nan"
854,0.854733,"nan","nan","nan"
855,0.855733,"nan","nan","nan"
856,0.856736,"nan","nan","nan"
857,0.857762,"nan","nan","nan"
858,0.858744,"nan","nan","nan"
859,0.859732,"nan","nan","nan"
860,0.860732,"nan","nan","nan"
861,0.861731,"nan","nan","nan"
862,0.862732,"nan","nan","nan"
863,0.863732,"nan","nan","nan"
864,0.864732,"nan","nan","nan"
865,0.865732,"nan","nan","nan"
866,0.866733,"nan","nan","nan"
867,0.867735,"nan","nan","nan"
868,0.868752,"nan","nan","nan"
869,0.869739,"nan","nan","nan"
870,0.870726,"nan","nan","nan"
871,0.871726,"nan","nan","nan"
872,0.872739,"nan","nan","nan"
873,0.873739,"nan","nan","nan"
874,0.874728,"nan","nan","nan"
875,0.875727,"nan","nan","nan"
876,0.876731,"nan","nan","nan"
877,0.877732,"nan","nan","nan"
878,0.878732,"nan","nan","nan"
879,0.879746,"nan","nan","nan"
880,0.880735,"nan","nan","nan"
881,0.881735,"nan","nan","nan"
882,0.882736,"nan","nan","nan"
883,0.883736,"nan","nan","nan"
884,0.884738,"nan","nan","nan"
885,0.885738,"nan","nan","nan"
886,0.886729,"nan","nan","nan"
887,0.887730,"nan","nan","nan"
888,0.888730,"nan","nan","nan"
889,0.889754,"nan","nan","nan"
890,0.890730,"nan","nan","nan"
891,0.891731,"nan","nan","nan"
892,0.892731,"nan","nan","nan"
893,0.893732,"nan","nan","nan"
894,0.894754,"nan","nan","nan"
895,0.895730,"nan","nan","nan"
896,0.896734,"nan","nan","nan"
897,0.897734,"nan","nan","nan"
898,0.898735,"nan","nan","nan"
899,0.899736,"nan","nan","nan"
900,0.900750,"nan","nan","nan"
901,0.901737,"nan","nan","nan"
902,0.902738,"nan","nan","nan"
903,0.903739,"nan","nan","nan"
904,0.904726,"nan","nan","nan"
905,0.905739,"nan","nan","nan"
906,0.906731,"nan","nan","nan"
907,0.907731,"nan","nan","nan"
908,0.908732,"nan","nan","nan"
909,0.909730,"nan","nan","nan"
910,0.910844,"nan","nan","nan"
911,0.911733,"nan","nan","nan"
912,0.912734,"nan","nan","nan"
913,0.913734,"nan","nan","nan"
914,0.914733,"nan","nan","nan"
915,0.915733,"nan","nan","nan"
916,0.916737,"nan","nan","nan"
917,0.917737,"nan","nan","nan"
918,0.918738,"nan","nan","nan"
919,0.919736,"nan","nan","nan"
920,0.920738,"nan","nan","nan"
921,0.921751,"nan","nan","nan"
922,0.922726,"nan","nan","nan"
923,0.923728,"nan","nan","nan"
924,0.924728,"nan","nan","nan"
925,0.925728,"nan","nan","nan"
926,0.926731,"nan","nan","nan"
927,0.927731,"nan","nan","nan"
928,0.928730,"nan","nan","nan"
929,0.929731,"nan","nan","nan"
930,0.930731,"nan","nan","nan"
931,0.931756,"nan","nan","nan"
932,0.932747,"nan","nan","nan"
933,0.933734,"nan","nan","nan"
934,0.934735,"nan","nan","nan"
935,0.935735,"nan","nan","nan"
936,0.936738,"nan","nan","nan"
937,0.937738,"nan","nan","nan"
938,0.938737,"nan","nan","nan"
939,0.939738,"nan","nan","nan"
940,0.940739,"nan","nan","nan"
941,0.941739,"nan","nan","nan"
942,0.942758,"nan","nan","nan"
943,0.943734,"nan","nan","nan"
944,0.944735,"nan","nan","nan"
945,0.945735,"nan","nan","nan"
946,0.946726,"nan","nan","nan"
947,0.947747,"nan","nan","nan"
948,0.948735,"nan","nan","nan"
949,0.949736,"nan","nan","nan"
950,0.950737,"nan","nan","nan"
951,0.951737,"nan","nan","nan"
952,0.952738,"nan","nan","nan"
953,0.953747,"nan","nan","nan"
954,0.954735,"nan","nan","nan"
955,0.955735,"nan","nan","nan"
956,0.956739,"nan","nan","nan"
957,0.957727,"nan","nan","nan"
958,0.958727,"nan","nan","nan"
959,0.959728,"nan","nan","nan"
960,0.960729,"nan","nan","nan"
961,0.961728,"nan","nan","nan"
962,0.962730,"nan","nan","nan"
963,0.963768,"nan","nan","nan"
964,0.964735,"nan","nan","nan"
965,0.965737,"nan","nan","nan"
966,0.966727,"nan","nan","nan"
967,0.967728,"nan","nan","nan"
968,0.968728,"nan","nan","nan"
969,0.969730,"nan","nan","nan"
970,0.970730,"nan","nan","nan"
971,0.971730,"nan","nan","nan"
972,0.972731,"nan","nan","nan"
973,0.973731,"nan","nan","nan"
974,0.974744,"nan","nan","nan"
975,0.975732,"nan","nan","nan"
976,0.976734,"nan","nan","nan"
977,0.977735,"nan","nan","nan"
978,0.978735,"nan","nan","nan"
979,0.979735,"nan","nan","nan"
980,0.980735,"nan","nan","nan"
981,0.981734,"nan","nan","nan"
982,0.982735,"nan","nan","nan"
983,0.983734,"nan","nan","nan"
984,0.984850,"nan","nan","nan"
985,0.985728,"nan","nan","nan"
986,0.986732,"nan","nan","nan"
987,0.987732,"nan","nan","nan"
988,0.988732,"nan","nan","nan"
989,0.989733,"nan","nan","nan"
990,0.990732,"nan","nan","nan"
991,0.991732,"nan","nan","nan"
992,0.992732,"nan","nan","nan"
993,0.993732,"nan","nan","nan"
994,0.994732,"nan","nan","nan"
995,0.995746,"nan","nan","nan"
996,0.996736,"nan","nan","nan"
997,0.997737,"nan","nan","nan"
998,0.998737,"nan","nan","nan"
999,0.999762,"nan","nan","nan"
1000,1.000747,"nan","nan","nan"
1001,1.001734,"nan","nan","nan"
1002,1.002734,"nan","nan","nan"
1003,1.003734,"nan","nan","nan"
1004,1.004734,"nan","nan","nan"
1005,1.005760,"nan","nan","nan"
1006,1.006750,"nan","nan","nan"
1007,1.007738,"nan","nan","nan"
1008,1.008737,"nan","nan","nan"
1009,1.009738,"nan","nan","nan"
1010,1.010737,"nan","nan","nan"
1011,1.011739,"nan","nan","nan"
1012,1.012728,"nan","nan","nan"
1013,1.013727,"nan","nan","nan"
1014,1.014729,"nan","nan","nan"
1015,1.015730,"nan","nan","nan"
1016,1.016763,"nan","nan","nan"
1017,1.017738,"nan","nan","nan"
1018,1.018726,"nan","nan","nan"
1019,1.019727,"nan","nan","nan"
1020,1.020729,"nan","nan","nan"
1021,1.021729,"nan","nan","nan"
1022,1.022730,"nan","nan","nan"
1023,1.023729,"nan","nan","nan"
1024,1.024731,"nan","nan","nan"
1025,1.025732,"nan","nan","nan"
1026,1.026735,"nan","nan","nan"
1027,1.027751,"nan","nan","nan"
1028,1.028727,"nan","nan","nan"
1029,1.029728,"nan","nan","nan"
1030,1.030728,"nan","nan","nan"
1031,1.031729,"nan","nan","nan"
1032,1.032729,"nan","nan","nan"
1033,1.033728,"nan","nan","nan"
1034,1.034730,"nan","nan","nan"
1035,1.035730,"nan","nan","nan"
1036,1.036733,"nan","nan","nan"
1037,1.037765,"nan","nan","nan"
1038,1.038728,"nan","nan","nan"
1039,1.039729,"nan","nan","nan"
1040,1.040728,"nan","nan","nan"
1041,1.041728,"nan","nan","nan"
1042,1.042727,"nan","nan","nan"
1043,1.043728,"nan","nan","nan"
1044,1.044729,"nan","nan","nan"
1045,1.045728,"nan","nan","nan"
1046,1.046731,"nan","nan","nan"
1047,1.047730,"nan","nan","nan"
1048,1.048744,"nan","nan","nan"
1049,1.049732,"nan","nan","nan"
1050,1.050731,"nan","nan","nan"
1051,1.051731,"nan","nan","nan"
1052,1.052730,"nan","nan","nan"
1053,1.053732,"nan","nan","nan"
1054,1.054731,"nan","nan","nan"
1055,1.055745,"nan","nan","nan"
1056,1.056736,"nan","nan","nan"
1057,1.057737,"nan","nan","nan"
1058,1.058768,"nan","nan","nan"
1059,1.059730,"nan","nan","nan"
1060,1.060731,"nan","nan","nan"
1061,1.061731,"nan","nan","nan"
1062,1.062730,"nan","nan","nan"
1063,1.063730,"nan","nan","nan"
1064,1.064730,"nan","nan","nan"
1065,1.065730,"nan","nan","nan"
1066,1.066733,"nan","nan","nan"
1067,1.067732,"nan","nan","nan"
1068,1.068733,"nan","nan","nan"
1069,1.069755,"nan","nan","nan"
1070,1.070731,"nan","nan","nan"
1071,1.071729,"nan","nan","nan"
1072,1.072731,"nan","nan","nan"
1073,1.073730,"nan","nan","nan"
1074,1.074731,"nan","nan","nan"
1075,1.075731,"nan","nan","nan"
1076,1.076736,"nan","nan","nan"
1077,1.077736,"nan","nan","nan"
1078,1.078736,"nan","nan","nan"
1079,1.079801,"nan","nan","nan"
1080,1.080738,"nan","nan","nan"
1081,1.081727,"nan","nan","nan"
1082,1.082739,"nan","nan","nan"
1083,1.083728,"nan","nan","nan"
1084,1.084729,"nan","nan","nan"
1085,1.085729,"nan","nan","nan"
1086,1.086733,"nan","nan","nan"
1087,1.087734,"nan","nan","nan"
1088,1.088734,"nan","nan","nan"
1089,1.089734,"nan","nan","nan"
1090,1.090744,"nan","nan","nan"
1091,1.091731,"nan","nan","nan"
1092,1.092733,"nan","nan","nan"
1093,1.093733,"nan","nan","nan"
1094,1.094734,"nan","nan","nan"
1095,1.095735,"nan","nan","nan"
1096,1.096737,"nan","nan","nan"
1097,1.097739,"nan","nan","nan"
1098,1.098739,"nan","nan","nan"
1099,1.099726,"nan","nan","nan"
1100,1.100754,"nan","nan","nan"
1101,1.101747,"nan","nan","nan"
1102,1.102736,"nan","nan","nan"
1103,1.103736,"nan","nan","nan"
1104,1.104737,"nan","nan","nan"
1105,1.105735,"nan","nan","nan"
1106,1.106739,"nan","nan","nan"
1107,1.107739,"nan","nan","nan"
1108,1.108727,"nan","nan","nan"
1109,1.109726,"nan","nan","nan"
1110,1.110750,"nan","nan","nan"
1111,1.111772,"nan","nan","nan"
1112,1.112733,"nan","nan","nan"
1113,1.113734,"nan","nan","nan"
1114,1.114734,"nan","nan","nan"
1115,1.115734,"nan","nan","nan"
1116,1.116737,"nan","nan","nan"
1117,1.117737,"nan","nan","nan"
1118,1.118737,"nan","nan","nan"
1119,1.119737,"nan","nan","nan"
1120,1.120736,"nan","nan","nan"
1121,1.121737,"nan","nan","nan"
1122,1.122745,"nan","nan","nan"
1123,1.123733,"nan","nan","nan"
1124,1.124732,"nan","nan","nan"
1125,1.125734,"nan","nan","nan"
1126,1.126737,"nan","nan","nan"
1127,1.127737,"nan","nan","nan"
1128,1.128738,"nan","nan","nan"
1129,1.129736,"nan","nan","nan"
1130,1.130737,"nan","nan","nan"
1131,1.131738,"nan","nan","nan"
1132,1.132765,"nan","nan","nan"
1133,1.133729,"nan","nan","nan"
1134,1.134730,"nan","nan","nan"
1135,1.135730,"nan","nan","nan"
1136,1.136733,"nan","nan","nan"
1137,1.137733,"nan","nan","nan"
1138,1.138732,"nan","nan","nan"
1139,1.139732,"nan","nan","nan"
1140,1.140734,"nan","nan","nan"
1141,1.141734,"nan","nan","nan"
1142,1.142735,"nan","nan","nan"
1143,1.143747,"nan","nan","nan"
1144,1.144736,"nan","nan","nan"
1145,1.145737,"nan","nan","nan"
1146,1.146729,"nan","nan","nan"
1147,1.147728,"nan","nan","nan"
1148,1.148730,"nan","nan","nan"
1149,1.149731,"nan","nan","nan"
1150,1.150731,"nan","nan","nan"
1151,1.151732,"nan","nan","nan"
1152,1.152732,"nan","nan","nan"
1153,1.153797,"nan","nan","nan"
1154,1.154735,"nan","nan","nan"
1155,1.155736,"nan","nan","nan"
1156,1.156728,"nan","nan","nan"
1157,1.157728,"nan","nan","nan"
1158,1.158730,"nan","nan","nan"
1159,1.159730,"nan","nan","nan"
1160,1.160730,"nan","nan","nan"
1161,1.161731,"nan","nan","nan"
1162,1.162730,"nan","nan","nan"
1163,1.163732,"nan","nan","nan"
1164,1.164790,"nan","nan","nan"
1165,1.165728,"nan","nan","nan"
1166,1.166733,"nan","nan","nan"
1167,1.167732,"nan","nan","nan"
1168,1.168733,"nan","nan","nan"
1169,1.169734,"nan","nan","nan"
1170,1.170734,"nan","nan","nan"
1171,1.171733,"nan","nan","nan"
1172,1.172732,"nan","nan","nan"
1173,1.173733,"nan","nan","nan"
1174,1.174861,"nan","nan","nan"
1175,1.175730,"nan","nan","nan"
1176,1.176733,"nan","nan","nan"
1177,1.177733,"nan","nan","nan"
1178,1.178733,"nan","nan","nan"
1179,1.179732,"nan","nan","nan"
1180,1.180733,"nan","nan","nan"
1181,1.181731,"nan","nan","nan"
1182,1.182733,"nan","nan","nan"
1183,1.183733,"nan","nan","nan"
1184,1.184733,"nan","nan","nan"
1185,1.185753,"nan","nan","nan"
1186,1.186731,"nan","nan","nan"
1187,1.187732,"nan","nan","nan"
1188,1.188733,"nan","nan","nan"
1189,1.189733,"nan","nan","nan"
1190,1.190733,"nan","nan","nan"
1191,1.191732,"nan","nan","nan"
1192,1.192732,"nan","nan","nan"
1193,1.193732,"nan","nan","nan"
1194,1.194732,"nan","nan","nan"
1195,1.195758,"nan","nan","nan"
1196,1.196744,"nan","nan","nan"
1197,1.197732,"nan","nan","nan"
1198,1.198732,"nan","nan","nan"
1199,1.199732,"nan","nan","nan"
1200,1.200731,"nan","nan","nan"
1201,1.201732,"nan","nan","nan"
1202,1.202732,"nan","nan","nan"
1203,1.203732,"nan","nan","nan"
1204,1.204732,"nan","nan","nan"
1205,1.205731,"nan","nan","nan"
1206,1.206779,"nan","nan","nan"
1207,1.207728,"nan","nan","nan"
1208,1.208729,"nan","nan","nan"
1209,1.209730,"nan","nan","nan"
1210,1.210730,"nan","nan","nan"
1211,1.211731,"nan","nan","nan"
1212,1.212731,"nan","nan","nan"
1213,1.213732,"nan","nan","nan"
1214,1.214733,"nan","nan","nan"
1215,1.215732,"nan","nan","nan"
1216,1.216736,"nan","nan","nan"
1217,1.217743,"nan","nan","nan"
1218,1.218732,"nan","nan","nan"
1219,1.219733,"nan","nan","nan"
1220,1.220733,"nan","nan","nan"
1221,1.221734,"nan","nan","nan"
1222,1.222749,"nan","nan","nan"
1223,1.223739,"nan","nan","nan"
1224,1.224726,"nan","nan","nan"
1225,1.225727,"nan","nan","nan"
1226,1.226731,"nan","nan","nan"
1227,1.227781,"nan","nan","nan"
1228,1.228732,"nan","nan","nan"
1229,1.229732,"nan","nan","nan"
1230,1.230733,"nan","nan","nan"
1231,1.231734,"nan","nan","nan"
1232,1.232734,"nan","nan","nan"
1233,1.233735,"nan","nan","nan"
1234,1.234734,"nan","nan","nan"
1235,1.235736,"nan","nan","nan"
1236,1.236739,"nan","nan","nan"
1237,1.237738,"nan","nan","nan"
1238,1.238754,"nan","nan","nan"
1239,1.239730,"nan","nan","nan"
1240,1.240730,"nan","nan","nan"
1241,1.241730,"nan","nan","nan"
1242,1.242730,"nan","nan","nan"
1243,1.243729,"nan","nan","nan"
1244,1.244730,"nan","nan","nan"
1245,1.245730,"nan","nan","nan"
1246,1.246733,"nan","nan","nan"
1247,1.247733,"nan","nan","nan"
1248,1.248782,"nan","nan","nan"
1249,1.249731,"nan","nan","nan"
1250,1.250732,"nan","nan","nan"
1251,1.251732,"nan","nan","nan"
1252,1.252732,"nan","nan","nan"
1253,1.253731,"nan","nan","nan"
1254,1.254732,"nan","nan","nan"
1255,1.255731,"nan","nan","nan"
1256,1.256734,"nan","nan","nan"
1257,1.257734,"nan","nan","nan"
1258,1.258734,"nan","nan","nan"
1259,1.259748,"nan","nan","nan"
1260,1.260736,"nan","nan","nan"
1261,1.261736,"nan","nan","nan"
1262,1.262737,"nan","nan","nan"
1263,1.263735,"nan","nan","nan"
1264,1.264736,"nan","nan","nan"
1265,1.265736,"nan","nan","nan"
1266,1.266728,"nan","nan","nan"
1267,1.267727,"nan","nan","nan"
1268,1.268728,"nan","nan","nan"
1269,1.269784,"nan","nan","nan"
1270,1.270733,"nan","nan","nan"
1271,1.271734,"nan","nan","nan"
1272,1.272733,"nan","nan","nan"
1273,1.273943,"nan","nan","nan"
1274,1.274731,"nan","nan","nan"
1275,1.275732,"nan","nan","nan"
1276,1.276736,"nan","nan","nan"
1277,1.277735,"nan","nan","nan"
1278,1.278736,"nan","nan","nan"
1279,1.279738,"nan","nan","nan"
1280,1.280753,"nan","nan","nan"
1281,1.281728,"nan","nan","nan"
1282,1.282730,"nan","nan","nan"
1283,1.283731,"nan","nan","nan"
1284,1.284731,"nan","nan","nan"
1285,1.285732,"nan","nan","nan"
1286,1.286735,"nan","nan","nan"
1287,1.287735,"nan","nan","nan"
1288,1.288737,"nan","nan","nan"
1289,1.289738,"nan","nan","nan"
1290,1.290843,"nan","nan","nan"
1291,1.291730,"nan","nan","nan"
1292,1.292733,"nan","nan","nan"
1293,1.293734,"nan","nan","nan"
1294,1.294734,"nan","nan","nan"
1295,1.295735,"nan","nan","nan"
1296,1.296739,"nan","nan","nan"
1297,1.297738,"nan","nan","nan"
1298,1.298739,"nan","nan","nan"
1299,1.299728,"nan","nan","nan"
1300,1.300728,"nan","nan","nan"
1301,1.301744,"nan","nan","nan"
1302,1.302732,"nan","nan","nan"
1303,1.303731,"nan","nan","nan"
1304,1.304731,"nan","nan","nan"
1305,1.305730,"nan","nan","nan"
1306,1.306734,"nan","nan","nan"
1307,1.307734,"nan","nan","nan"
1308,1.308734,"nan","nan","nan"
1309,1.309734,"nan","nan","nan"
1310,1.310734,"nan","nan","nan"
1311,1.311772,"nan","nan","nan"
1312,1.312731,"nan","nan","nan"
1313,1.313731,"nan","nan","nan"
1314,1.314731,"nan","nan","nan"
1315,1.315730,"nan","nan","nan"
1316,1.316734,"nan","nan","nan"
1317,1.317735,"nan","nan","nan"
1318,1.318734,"nan","nan","nan"
1319,1.319735,"nan","nan","nan"
1320,1.320733,"nan","nan","nan"
1321,1.321734,"nan","nan","nan"
1322,1.322743,"nan","nan","nan"
1323,1.323731,"nan","nan","nan"
1324,1.324732,"nan","nan","nan"
1325,1.325822,"nan","nan","nan"
1326,1.326737,"nan","nan","nan"
1327,1.327738,"nan","nan","nan"
1328,1.328738,"nan","nan","nan"
1329,1.329738,"nan","nan","nan"
1330,1.330736,"nan","nan","nan"
1331,1.331738,"nan","nan","nan"
1332,1.332877,"nan","nan","nan"
1333,1.333731,"nan","nan","nan"
1334,1.334730,"nan","nan","nan"
1335,1.335731,"nan","nan","nan"
1336,1.336735,"nan","nan","nan"
1337,1.337735,"nan","nan","nan"
1338,1.338736,"nan","nan","nan"
1339,1.339736,"nan","nan","nan"
1340,1.340737,"nan","nan","nan"
1341,1.341738,"nan","nan","nan"
1342,1.342738,"nan","nan","nan"
1343,1.343753,"nan","nan","nan"
1344,1.344729,"nan","nan","nan"
1345,1.345730,"nan","nan","nan"
1346,1.346734,"nan","nan","nan"
1347,1.347735,"nan","nan","nan"
1348,1.348736,"nan","nan","nan"
1349,1.349735,"nan","nan","nan"
1350,1.350737,"nan","nan","nan"
1351,1.351738,"nan","nan","nan"
1352,1.352738,"nan","nan","nan"
1353,1.353763,"nan","nan","nan"
1354,1.354754,"nan","nan","nan"
1355,1.355729,"nan","nan","nan"
1356,1.356733,"nan","nan","nan"
1357,1.357733,"nan","nan","nan"
1358,1.358732,"nan","nan","nan"
1359,1.359734,"nan","nan","nan"
1360,1.360735,"nan","nan","nan"
1361,1.361736,"nan","nan","nan"
1362,1.362736,"nan","nan","nan"
1363,1.363737,"nan","nan","nan"
1364,1.364744,"nan","nan","nan"
1365,1.365731,"nan","nan","nan"
1366,1.366735,"nan","nan","nan"
1367,1.367735,"nan","nan","nan"
1368,1.368734,"nan","nan","nan"
1369,1.369734,"nan","nan","nan"
1370,1.370734,"nan","nan","nan"
1371,1.371734,"nan","nan","nan"
1372,1.372734,"nan","nan","nan"
1373,1.373733,"nan","nan","nan"
1374,1.374760,"nan","nan","nan"
1375,1.375749,"nan","nan","nan"
1376,1.376729,"nan","nan","nan"
1377,1.377745,"nan","nan","nan"
1378,1.378732,"nan","nan","nan"
1379,1.379732,"nan","nan","nan"
1380,1.380732,"nan","nan","nan"
1381,1.381733,"nan","nan","nan"
1382,1.382731,"nan","nan","nan"
1383,1.383733,"nan","nan","nan"
1384,1.384732,"nan","nan","nan"
1385,1.385746,"nan","nan","nan"
1386,1.386736,"nan","nan","nan"
1387,1.387736,"nan","nan","nan"
1388,1.388737,"nan","nan","nan"
1389,1.389737,"nan","nan","nan"
1390,1.390737,"nan","nan","nan"
1391,1.391737,"nan","nan","nan"
1392,1.392735,"nan","nan","nan"
1393,1.393736,"nan","nan","nan"
1394,1.394736,"nan","nan","nan"
1395,1.395736,"nan","nan","nan"
1396,1.396745,"nan","nan","nan"
1397,1.397733,"nan","nan","nan"
1398,1.398733,"nan","nan","nan"
1399,1.399733,"nan","nan","nan"
1400,1.400733,"nan","nan","nan"
1401,1.401732,"nan","nan","nan"
1402,1.402733,"nan","nan","nan"
1403,1.403734,"nan","nan","nan"
1404,1.404735,"nan","nan","nan"
1405,1.405736,"nan","nan","nan"
1406,1.406742,"nan","nan","nan"
1407,1.407730,"nan","nan","nan"
1408,1.408731,"nan","nan","nan"
1409,1.409732,"nan","nan","nan"
1410,1.410733,"nan","nan","nan"
1411,1.411732,"nan","nan","nan"
1412,1.412734,"nan","nan","nan"
1413,1.413733,"nan","nan","nan"
1414,1.414734,"nan","nan","nan"
1415,1.415734,"nan","nan","nan"
1416,1.416763,"nan","nan","nan"
1417,1.417749,"nan","nan","nan"
1418,1.418738,"nan","nan","nan"
1419,1.419738,"nan","nan","nan"
1420,1.420727,"nan","nan","nan"
1421,1.421727,"nan","nan","nan"
1422,1.422728,"nan","nan","nan"
1423,1.423729,"nan","nan","nan"
1424,1.424730,"nan","nan","nan"
1425,1.425729,"nan","nan","nan"
1426,1.426733,"nan","nan","nan"
1427,1.427796,"nan","nan","nan"
1428,1.428733,"nan","nan","nan"
1429,1.429743,"nan","nan","nan"
1430,1.430731,"nan","nan","nan"
1431,1.431732,"nan","nan","nan"
1432,1.432732,"nan","nan","nan"
1433,1.433731,"nan","nan","nan"
1434,1.434730,"nan","nan","nan"
1435,1.435731,"nan","nan","nan"
1436,1.436734,"nan","nan","nan"
1437,1.437734,"nan","nan","nan"
1438,1.438753,"nan","nan","nan"
1439,1.439728,"nan","nan","nan"
1440,1.440728,"nan","nan","nan"
1441,1.441728,"nan","nan","nan"
1442,1.442728,"nan","nan","nan"
1443,1.443729,"nan","nan","nan"
1444,1.444728,"nan","nan","nan"
1445,1.445728,"nan","nan","nan"
1446,1.446732,"nan","nan","nan"
1447,1.447732,"nan","nan","nan"
1448,1.448749,"nan","nan","nan"
1449,1.449737,"nan","nan","nan"
1450,1.450737,"nan","nan","nan"
1451,1.451737,"nan","nan","nan"
1452,1.452737,"nan","nan","nan"
1453,1.453738,"nan","nan","nan"
1454,1.454738,"nan","nan","nan"
1455,1.455738,"nan","nan","nan"
1456,1.456728,"nan","nan","nan"
1457,1.457728,"nan","nan","nan"
1458,1.458754,"nan","nan","nan"
1459,1.459743,"nan","nan","nan"
1460,1.460732,"nan","nan","nan"
1461,1.461731,"nan","nan","nan"
1462,1.462731,"nan","nan","nan"
1463,1.463730,"nan","nan","nan"
1464,1.464731,"nan","nan","nan"
1465,1.465731,"nan","nan","nan"
1466,1.466734,"nan","nan","nan"
1467,1.467734,"nan","nan","nan"
1468,1.468734,"nan","nan","nan"
1469,1.469748,"nan","nan","nan"
1470,1.470736,"nan","nan","nan"
1471,1.471737,"nan","nan","nan"
1472,1.472738,"nan","nan","nan"
1473,1.473739,"nan","nan","nan"
1474,1.474738,"nan","nan","nan"
1475,1.475739,"nan","nan","nan"
1476,1.476731,"nan","nan","nan"
1477,1.477732,"nan","nan","nan"
1478,1.478732,"nan","nan","nan"
1479,1.479733,"nan","nan","nan"
1480,1.480748,"nan","nan","nan"
1481,1.481737,"nan","nan","nan"
1482,1.482738,"nan","nan","nan"
1483,1.483738,"nan","nan","nan"
1484,1.484739,"nan","nan","nan"
1485,1.485745,"nan","nan","nan"
1486,1.486736,"nan","nan","nan"
1487,1.487737,"nan","nan","nan"
1488,1.488737,"nan","nan","nan"
1489,1.489738,"nan","nan","nan"
1490,1.490752,"nan","nan","nan"
1491,1.491727,"nan","nan","nan"
1492,1.492729,"nan","nan","nan"
1493,1.493730,"nan","nan","nan"
1494,1.494731,"nan","nan","nan"
1495,1.495731,"nan","nan","nan"
1496,1.496735,"nan","nan","nan"
1497,1.497734,"nan","nan","nan"
1498,1.498735,"nan","nan","nan"
1499,1.499734,"nan","nan","nan"
1500,1.500761,"nan","nan","nan"
1501,1.501744,"nan","nan","nan"
1502,1.502733,"nan","nan","nan"
1503,1.503732,"nan","nan","nan"
1504,1.504732,"nan","nan","nan"
1505,1.505732,"nan","nan","nan"
1506,1.506736,"nan","nan","nan"
1507,1.507735,"nan","nan","nan"
1508,1.508736,"nan","nan","nan"
1509,1.509735,"nan","nan","nan"
1510,1.510736,"nan","nan","nan"
1511,1.511801,"nan","nan","nan"
1512,1.512739,"nan","nan","nan"
1513,1.513728,"nan","nan","nan"
1514,1.514728,"nan","nan","nan"
1515,1.515726,"nan","nan","nan"
1516,1.516730,"nan","nan","nan"
1517,1.517731,"nan","nan","nan"
1518,1.518731,"nan","nan","nan"
1519,1.519731,"nan","nan","nan"
1520,1.520730,"nan","nan","nan"
1521,1.521731,"nan","nan","nan"
1522,1.522747,"nan","nan","nan"
1523,1.523734,"nan","nan","nan"
1524,1.524734,"nan","nan","nan"
1525,1.525734,"nan","nan","nan"
1526,1.526736,"nan","nan","nan"
1527,1.527738,"nan","nan","nan"
1528,1.528737,"nan","nan","nan"
1529,1.529737,"nan","nan","nan"
1530,1.530737,"nan","nan","nan"
1531,1.531737,"nan","nan","nan"
1532,1.532805,"nan","nan","nan"
1533,1.533730,"nan","nan","nan"
1534,1.534731,"nan","nan","nan"
1535,1.535731,"nan","nan","nan"
1536,1.536735,"nan","nan","nan"
1537,1.537736,"nan","nan","nan"
1538,1.538736,"nan","nan","nan"
1539,1.539737,"nan","nan","nan"
1540,1.540738,"nan","nan","nan"
1541,1.541738,"nan","nan","nan"
1542,1.542739,"nan","nan","nan"
1543,1.543747,"nan","nan","nan"
1544,1.544736,"nan","nan","nan"
1545,1.545735,"nan","nan","nan"
1546,1.546740,"nan","nan","nan"
1547,1.547728,"nan","nan","nan"
1548,1.548729,"nan","nan","nan"
1549,1.549729,"nan","nan","nan"
1550,1.550730,"nan","nan","nan"
1551,1.551731,"nan","nan","nan"
1552,1.552731,"nan","nan","nan"
1553,1.553744,"nan","nan","nan"
1554,1.554731,"nan","nan","nan"
1555,1.555733,"nan","nan","nan"
1556,1.556737,"nan","nan","nan"
1557,1.557737,"nan","nan","nan"
1558,1.558738,"nan","nan","nan"
1559,1.559739,"nan","nan","nan"
1560,1.560738,"nan","nan","nan"
1561,1.561739,"nan","nan","nan"
1562,1.562728,"nan","nan","nan"
1563,1.563727,"nan","nan","nan"
1564,1.564752,"nan","nan","nan"
1565,1.565739,"nan","nan","nan"
1566,1.566730,"nan","nan","nan"
1567,1.567730,"nan","nan","nan"
1568,1.568729,"nan","nan","nan"
1569,1.569730,"nan","nan","nan"
1570,1.570730,"nan","nan","nan"
1571,1.571730,"nan","nan","nan"
1572,1.572730,"nan","nan","nan"
1573,1.573729,"nan","nan","nan"
1574,1.574750,"nan","nan","nan"
1575,1.575737,"nan","nan","nan"
1576,1.576729,"nan","nan","nan"
1577,1.577729,"nan","nan","nan"
1578,1.578729,"nan","nan","nan"
1579,1.579729,"nan","nan","nan"
1580,1.580729,"nan","nan","nan"
1581,1.581728,"nan","nan","nan"
1582,1.582727,"nan","nan","nan"
1583,1.583728,"nan","nan","nan"
1584,1.584729,"nan","nan","nan"
1585,1.585753,"nan","nan","nan"
1586,1.586732,"nan","nan","nan"
1587,1.587730,"nan","nan","nan"
1588,1.588732,"nan","nan","nan"
1589,1.589732,"nan","nan","nan"
1590,1.590732,"nan","nan","nan"
1591,1.591731,"nan","nan","nan"
1592,1.592730,"nan","nan","nan"
1593,1.593731,"nan","nan","nan"
1594,1.594731,"nan","nan","nan"
1595,1.595743,"nan","nan","nan"
1596,1.596734,"nan","nan","nan"
1597,1.597733,"nan","nan","nan"
1598,1.598734,"nan","nan","nan"
1599,1.599744,"nan","nan","nan"
1600,1.600734,"nan","nan","nan"
1601,1.601734,"nan","nan","nan"
1602,1.602734,"nan","nan","nan"
1603,1.603735,"nan","nan","nan"
1604,1.604736,"nan","nan","nan"
1605,1.605737,"nan","nan","nan"
1606,1.606750,"nan","nan","nan"
1607,1.607739,"nan","nan","nan"
1608,1.608739,"nan","nan","nan"
1609,1.609727,"nan","nan","nan"
1610,1.610728,"nan","nan","nan"
1611,1.611728,"nan","nan","nan"
1612,1.612729,"nan","nan","nan"
1613,1.613730,"nan","nan","nan"
1614,1.614730,"nan","nan","nan"
1615,1.615731,"nan","nan","nan"
1616,1.616754,"nan","nan","nan"
1617,1.617730,"nan","nan","nan"
1618,1.618731,"nan","nan","nan"
1619,1.619731,"nan","nan","nan"
1620,1.620732,"nan","nan","nan"
1621,1.621731,"nan","nan","nan"
1622,1.622733,"nan","nan","nan"
1623,1.623734,"nan","nan","nan"
1624,1.624734,"nan","nan","nan"
1625,1.625735,"nan","nan","nan"
1626,1.626739,"nan","nan","nan"
1627,1.627751,"nan","nan","nan"
1628,1.628740,"nan","nan","nan"
1629,1.629739,"nan","nan","nan"
1630,1.630739,"nan","nan","nan"
1631,1.631737,"nan","nan","nan"
1632,1.632738,"nan","nan","nan"
1633,1.633738,"nan","nan","nan"
1634,1.634738,"nan","nan","nan"
1635,1.635738,"nan","nan","nan"
1636,1.636729,"nan","nan","nan"
1637,1.637752,"nan","nan","nan"
1638,1.638727,"nan","nan","nan"
1639,1.639728,"nan","nan","nan"
1640,1.640727,"nan","nan","nan"
1641,1.641728,"nan","nan","nan"
1642,1.642728,"nan","nan","nan"
1643,1.643729,"nan","nan","nan"
1644,1.644728,"nan","nan","nan"
1645,1.645729,"nan","nan","nan"
1646,1.646732,"nan","nan","nan"
1647,1.647732,"nan","nan","nan"
1648,1.648744,"nan","nan","nan"
1649,1.649732,"nan","nan","nan"
1650,1.650731,"nan","nan","nan"
1651,1.651732,"nan","nan","nan"
1652,1.652731,"nan","nan","nan"
1653,1.653732,"nan","nan","nan"
1654,1.654730,"nan","nan","nan"
1655,1.655747,"nan","nan","nan"
1656,1.656738,"nan","nan","nan"
1657,1.657739,"nan","nan","nan"
1658,1.658814,"nan","nan","nan"
1659,1.659727,"nan","nan","nan"
1660,1.660728,"nan","nan","nan"
1661,1.661728,"nan","nan","nan"
1662,1.662728,"nan","nan","nan"
1663,1.663727,"nan","nan","nan"
1664,1.664729,"nan","nan","nan"
1665,1.665729,"nan","nan","nan"
1666,1.666734,"nan","nan","nan"
1667,1.667734,"nan","nan","nan"
1668,1.668735,"nan","nan","nan"
1669,1.669743,"nan","nan","nan"
1670,1.670731,"nan","nan","nan"
1671,1.671731,"nan","nan","nan"
1672,1.672732,"nan","nan","nan"
1673,1.673733,"nan","nan","nan"
1674,1.674732,"nan","nan","nan"
1675,1.675733,"nan","nan","nan"
1676,1.676738,"nan","nan","nan"
1677,1.677738,"nan","nan","nan"
1678,1.678739,"nan","nan","nan"
1679,1.679744,"nan","nan","nan"
1680,1.680732,"nan","nan","nan"
1681,1.681733,"nan","nan","nan"
1682,1.682733,"nan","nan","nan"
1683,1.683732,"nan","nan","nan"
1684,1.684734,"nan","nan","nan"
1685,1.685735,"nan","nan","nan"
1686,1.686738,"nan","nan","nan"
1687,1.687739,"nan","nan","nan"
1688,1.688726,"nan","nan","nan"
1689,1.689739,"nan","nan","nan"
1690,1.690744,"nan","nan","nan"
1691,1.691732,"nan","nan","nan"
1692,1.692733,"nan","nan","nan"
1693,1.693733,"nan","nan","nan"
1694,1.694733,"nan","nan","nan"
1695,1.695733,"nan","nan","nan"
1696,1.696735,"nan","nan","nan"
1697,1.697735,"nan","nan","nan"
1698,1.698734,"nan","nan","nan"
1699,1.699734,"nan","nan","nan"
1700,1.700817,"nan","nan","nan"
1701,1.701730,"nan","nan","nan"
1702,1.702730,"nan","nan","nan"
1703,1.703731,"nan","nan","nan"
1704,1.704731,"nan","nan","nan"
1705,1.705731,"nan","nan","nan"
1706,1.706734,"nan","nan","nan"
1707,1.707732,"nan","nan","nan"
1708,1.708733,"nan","nan","nan"
1709,1.709733,"nan","nan","nan"
1710,1.710887,"nan","nan","nan"
1711,1.711743,"nan","nan","nan"
1712,1.712731,"nan","nan","nan"
1713,1.713731,"nan","nan","nan"
1714,1.714731,"nan","nan","nan"
1715,1.715731,"nan","nan","nan"
1716,1.716735,"nan","nan","nan"
1717,1.717734,"nan","nan","nan"
1718,1.718734,"nan","nan","nan"
1719,1.719733,"nan","nan","nan"
1720,1.720734,"nan","nan","nan"
1721,1.721833,"nan","nan","nan"
1722,1.722734,"nan","nan","nan"
1723,1.723735,"nan","nan","nan"
1724,1.724735,"nan","nan","nan"
1725,1.725735,"nan","nan","nan"
1726,1.726738,"nan","nan","nan"
1727,1.727738,"nan","nan","nan"
1728,1.728739,"nan","nan","nan"
1729,1.729739,"nan","nan","nan"
1730,1.730726,"nan","nan","nan"
1731,1.731728,"nan","nan","nan"
1732,1.732753,"nan","nan","nan"
1733,1.733729,"nan","nan","nan"
1734,1.734729,"nan","nan","nan"
1735,1.735729,"nan","nan","nan"
1736,1.736733,"nan","nan","nan"
1737,1.737735,"nan","nan","nan"
1738,1.738735,"nan","nan","nan"
1739,1.739735,"nan","nan","nan"
1740,1.740736,"nan","nan","nan"
1741,1.741735,"nan","nan","nan"
1742,1.742743,"nan","nan","nan"
1743,1.743731,"nan","nan","nan"
1744,1.744733,"nan","nan","nan"
1745,1.745732,"nan","nan","nan"
1746,1.746736,"nan","nan","nan"
1747,1.747737,"nan","nan","nan"
1748,1.748738,"nan","nan","nan"
1749,1.749739,"nan","nan","nan"
1750,1.750727,"nan","nan","nan"
1751,1.751739,"nan","nan","nan"
1752,1.752728,"nan","nan","nan"
1753,1.753752,"nan","nan","nan"
1754,1.754728,"nan","nan","nan"
1755,1.755730,"nan","nan","nan"
1756,1.756734,"nan","nan","nan"
1757,1.757734,"nan","nan","nan"
1758,1.758735,"nan","nan","nan"
1759,1.759736,"nan","nan","nan"
1760,1.760735,"nan","nan","nan"
1761,1.761735,"nan","nan","nan"
1762,1.762735,"nan","nan","nan"
1763,1.763748,"nan","nan","nan"
1764,1.764751,"nan","nan","nan"
1765,1.765727,"nan","nan","nan"
1766,1.766731,"nan","nan","nan"
1767,1.767731,"nan","nan","nan"
1768,1.768731,"nan","nan","nan"
1769,1.769730,"nan","nan","nan"
1770,1.770731,"nan","nan","nan"
1771,1.771731,"nan","nan","nan"
1772,1.772731,"nan","nan","nan"
1773,1.773731,"nan","nan","nan"
1774,1.774750,"nan","nan","nan"
1775,1.775738,"nan","nan","nan"
1776,1.776729,"nan","nan","nan"
1777,1.777729,"nan","nan","nan"
1778,1.778727,"nan","nan","nan"
1779,1.779729,"nan","nan","nan"
1780,1.780729,"nan","nan","nan"
1781,1.781729,"nan","nan","nan"
1782,1.782729,"nan","nan","nan"
1783,1.783728,"nan","nan","nan"
1784,1.784824,"nan","nan","nan"
1785,1.785736,"nan","nan","nan"
1786,1.786728,"nan","nan","nan"
1787,1.787728,"nan","nan","nan"
1788,1.788728,"nan","nan","nan"
1789,1.789728,"nan","nan","nan"
1790,1.790728,"nan","nan","nan"
1791,1.791728,"nan","nan","nan"
1792,1.792729,"nan","nan","nan"
1793,1.793728,"nan","nan","nan"
1794,1.794728,"nan","nan","nan"
1795,1.795754,"nan","nan","nan"
1796,1.796733,"nan","nan","nan"
1797,1.797733,"nan","nan","nan"
1798,1.798733,"nan","nan","nan"
1799,1.799734,"nan","nan","nan"
1800,1.800735,"nan","nan","nan"
1801,1.801736,"nan","nan","nan"
1802,1.802737,"nan","nan","nan"
1803,1.803736,"nan","nan","nan"
1804,1.804738,"nan","nan","nan"
1805,1.805747,"nan","nan","nan"
1806,1.806738,"nan","nan","nan"
1807,1.807739,"nan","nan","nan"
1808,1.808727,"nan","nan","nan"
1809,1.809727,"nan","nan","nan"
1810,1.810728,"nan","nan","nan"
1811,1.811729,"nan","nan","nan"
1812,1.812729,"nan","nan","nan"
1813,1.813729,"nan","nan","nan"
1814,1.814730,"nan","nan","nan"
1815,1.815730,"nan","nan","nan"
1816,1.816754,"nan","nan","nan"
1817,1.817730,"nan","nan","nan"
1818,1.818730,"nan","nan","nan"
1819,1.819805,"nan","nan","nan"
1820,1.820731,"nan","nan","nan"
1821,1.821732,"nan","nan","nan"
1822,1.822732,"nan","nan","nan"
1823,1.823733,"nan","nan","nan"
1824,1.824733,"nan","nan","nan"
1825,1.825733,"nan","nan","nan"
1826,1.826749,"nan","nan","nan"
1827,1.827735,"nan","nan","nan"
1828,1.828737,"nan","nan","nan"
1829,1.829737,"nan","nan","nan"
1830,1.830737,"nan","nan","nan"
1831,1.831737,"nan","nan","nan"
1832,1.832736,"nan","nan","nan"
1833,1.833737,"nan","nan","nan"
1834,1.834737,"nan","nan","nan"
1835,1.835737,"nan","nan","nan"
1836,1.836728,"nan","nan","nan"
1837,1.837745,"nan","nan","nan"
1838,1.838733,"nan","nan","nan"
1839,1.839733,"nan","nan","nan"
1840,1.840733,"nan","nan","nan"
1841,1.841732,"nan","nan","nan"
1842,1.842733,"nan","nan","nan"
1843,1.843733,"nan","nan","nan"
1844,1.844733,"nan","nan","nan"
1845,1.845733,"nan","nan","nan"
1846,1.846735,"nan","nan","nan"
1847,1.847750,"nan","nan","nan"
1848,1.848738,"nan","nan","nan"
1849,1.849738,"nan","nan","nan"
1850,1.850739,"nan","nan","nan"
1851,1.851738,"nan","nan","nan"
1852,1.852739,"nan","nan","nan"
1853,1.853739,"nan","nan","nan"
1854,1.854728,"nan","nan","nan"
1855,1.855727,"nan","nan","nan"
1856,1.856731,"nan","nan","nan"
1857,1.857731,"nan","nan","nan"
1858,1.858752,"nan","nan","nan"
1859,1.859729,"nan","nan","nan"
1860,1.860729,"nan","nan","nan"
1861,1.861730,"nan","nan","nan"
1862,1.862730,"nan","nan","nan"
1863,1.863731,"nan","nan","nan"
1864,1.864731,"nan","nan","nan"
1865,1.865731,"nan","nan","nan"
1866,1.866735,"nan","nan","nan"
1867,1.867736,"nan","nan","nan"
1868,1.868750,"nan","nan","nan"
1869,1.869737,"nan","nan","nan"
1870,1.870738,"nan","nan","nan"
1871,1.871739,"nan","nan","nan"
1872,1.872728,"nan","nan","nan"
1873,1.873728,"nan","nan","nan"
1874,1.874728,"nan","nan","nan"
1875,1.875747,"nan","nan","nan"
1876,1.876739,"nan","nan","nan"
1877,1.877739,"nan","nan","nan"
1878,1.878728,"nan","nan","nan"
1879,1.879754,"nan","nan","nan"
1880,1.880731,"nan","nan","nan"
1881,1.881731,"nan","nan","nan"
1882,1.882732,"nan","nan","nan"
1883,1.883732,"nan","nan","nan"
1884,1.884732,"nan","nan","nan"
1885,1.885733,"nan","nan","nan"
1886,1.886737,"nan","nan","nan"
1887,1.887737,"nan","nan","nan"
1888,1.888738,"nan","nan","nan"
1889,1.889753,"nan","nan","nan"
1890,1.890728,"nan","nan","nan"
1891,1.891728,"nan","nan","nan"
1892,1.892728,"nan","nan","nan"
1893,1.893727,"nan","nan","nan"
1894,1.894727,"nan","nan","nan"
1895,1.895727,"nan","nan","nan"
1896,1.896730,"nan","nan","nan"
1897,1.897730,"nan","nan","nan"
1898,1.898729,"nan","nan","nan"
1899,1.899729,"nan","nan","nan"
1900,1.900754,"nan","nan","nan"
1901,1.901730,"nan","nan","nan"
1902,1.902729,"nan","nan","nan"
1903,1.903729,"nan","nan","nan"
1904,1.904729,"nan","nan","nan"
1905,1.905729,"nan","nan","nan"
1906,1.906732,"nan","nan","nan"
1907,1.907732,"nan","nan","nan"
1908,1.908731,"nan","nan","nan"
1909,1.909732,"nan","nan","nan"
1910,1.910936,"nan","nan","nan"
1911,1.911736,"nan","nan","nan"
1912,1.912737,"nan","nan","nan"
1913,1.913735,"nan","nan","nan"
1914,1.914736,"nan","nan","nan"
1915,1.915736,"nan","nan","nan"
1916,1.916728,"nan","nan","nan"
1917,1.917727,"nan","nan","nan"
1918,1.918728,"nan","nan","nan"
1919,1.919727,"nan","nan","nan"
1920,1.920728,"nan","nan","nan"
1921,1.921747,"nan","nan","nan"
1922,1.922735,"nan","nan","nan"
1923,1.923734,"nan","nan","nan"
1924,1.924735,"nan","nan","nan"
1925,1.925735,"nan","nan","nan"
1926,1.926746,"nan","nan","nan"
1927,1.927733,"nan","nan","nan"
1928,1.928735,"nan","nan","nan"
1929,1.929736,"nan","nan","nan"
1930,1.930737,"nan","nan","nan"
1931,1.931845,"nan","nan","nan"
1932,1.932732,"nan","nan","nan"
1933,1.933734,"nan","nan","nan"
1934,1.934734,"nan","nan","nan"
1935,1.935735,"nan","nan","nan"
1936,1.936738,"nan","nan","nan"
1937,1.937738,"nan","nan","nan"
1938,1.938739,"nan","nan","nan"
1939,1.939727,"nan","nan","nan"
1940,1.940728,"nan","nan","nan"
1941,1.941728,"nan","nan","nan"
1942,1.942750,"nan","nan","nan"
1943,1.943739,"nan","nan","nan"
1944,1.944739,"nan","nan","nan"
1945,1.945727,"nan","nan","nan"
1946,1.946731,"nan","nan","nan"
1947,1.947733,"nan","nan","nan"
1948,1.948734,"nan","nan","nan"
1949,1.949735,"nan","nan","nan"
1950,1.950735,"nan","nan","nan"
1951,1.951734,"nan","nan","nan"
1952,1.952838,"nan","nan","nan"
1953,1.953738,"nan","nan","nan"
1954,1.954728,"nan","nan","nan"
1955,1.955727,"nan","nan","nan"
1956,1.956732,"nan","nan","nan"
1957,1.957731,"nan","nan","nan"
1958,1.958731,"nan","nan","nan"
1959,1.959731,"nan","nan","nan"
1960,1.960729,"nan","nan","nan"
1961,1.961730,"nan","nan","nan"
1962,1.962730,"nan","nan","nan"
1963,1.963746,"nan","nan","nan"
1964,1.964735,"nan","nan","nan"
1965,1.965735,"nan","nan","nan"
1966,1.966738,"nan","nan","nan"
1967,1.967738,"nan","nan","nan"
1968,1.968739,"nan","nan","nan"
1969,1.969738,"nan","nan","nan"
1970,1.970739,"nan","nan","nan"
1971,1.971738,"nan","nan","nan"
1972,1.972739,"nan","nan","nan"
1973,1.973765,"nan","nan","nan"
1974,1.974738,"nan","nan","nan"
1975,1.975739,"nan","nan","nan"
1976,1.976729,"nan","nan","nan"
1977,1.977729,"nan","nan","nan"
1978,1.978730,"nan","nan","nan"
1979,1.979728,"nan","nan","nan"
1980,1.980730,"nan","nan","nan"
1981,1.981730,"nan","nan","nan"
1982,1.982746,"nan","nan","nan"
1983,1.983734,"nan","nan","nan"
1984,1.984749,"nan","nan","nan"
1985,1.985736,"nan","nan","nan"
1986,1.986728,"nan","nan","nan"
1987,1.987728,"nan","nan","nan"
1988,1.988729,"nan","nan","nan"
1989,1.989728,"nan","nan","nan"
1990,1.990728,"nan","nan","nan"
1991,1.991728,"nan","nan","nan"
1992,1.992729,"nan","nan","nan"
1993,1.993728,"nan","nan","nan"
1994,1.994756,"nan","nan","nan"
1995,1.995748,"nan","nan","nan"
1996,1.996727,"nan","nan","nan"
1997,1.997728,"nan","nan","nan"
1998,1.998727,"nan","nan","nan"
1999,1.999729,"nan","nan","nan"
2000,2.000730,"nan","nan","nan"
2001,2.001730,"nan","nan","nan"
2002,2.002731,"nan","nan","nan"
2003,2.003730,"nan","nan","nan"
2004,2.004732,"nan","nan","nan"
2005,2.005743,"nan","nan","nan"
2006,2.006734,"nan","nan","nan"
2007,2.007736,"nan","nan","nan"
2008,2.008736,"nan","nan","nan"
2009,2.009736,"nan","nan","nan"
2010,2.010737,"nan","nan","nan"
2011,2.011738,"nan","nan","nan"
2012,2.012738,"nan","nan","nan"
2013,2.013739,"nan","nan","nan"
2014,2.014739,"nan","nan","nan"
2015,2.015753,"nan","nan","nan"
2016,2.016750,"nan","nan","nan"
2017,2.017739,"nan","nan","nan"
2018,2.018726,"nan","nan","nan"
2019,2.019739,"nan","nan","nan"
2020,2.020728,"nan","nan","nan"
2021,2.021728,"nan","nan","nan"
2022,2.022727,"nan","nan","nan"
2023,2.023728,"nan","nan","nan"
2024,2.024728,"nan","nan","nan"
2025,2.025728,"nan","nan","nan"
2026,2.026742,"nan","nan","nan"
2027,2.027729,"nan","nan","nan"
2028,2.028731,"nan","nan","nan"
2029,2.029731,"nan","nan","nan"
2030,2.030731,"nan","nan","nan"
2031,2.031731,"nan","nan","nan"
2032,2.032730,"nan","nan","nan"
2033,2.033731,"nan","nan","nan"
2034,2.034730,"nan","nan","nan"
2035,2.035730,"nan","nan","nan"
2036,2.036734,"nan","nan","nan"
2037,2.037751,"nan","nan","nan"
2038,2.038738,"nan","nan","nan"
2039,2.039739,"nan","nan","nan"
2040,2.040739,"nan","nan","nan"
2041,2.041750,"nan","nan","nan"
2042,2.042726,"nan","nan","nan"
2043,2.043739,"nan","nan","nan"
2044,2.044739,"nan","nan","nan"
2045,2.045727,"nan","nan","nan"
2046,2.046729,"nan","nan","nan"
2047,2.047743,"nan","nan","nan"
2048,2.048730,"nan","nan","nan"
2049,2.049731,"nan","nan","nan"
2050,2.050730,"nan","nan","nan"
2051,2.051730,"nan","nan","nan"
2052,2.052731,"nan","nan","nan"
2053,2.053731,"nan","nan","nan"
2054,2.054731,"nan","nan","nan"
2055,2.055731,"nan","nan","nan"
2056,2.056732,"nan","nan","nan"
2057,2.057734,"nan","nan","nan"
2058,2.058755,"nan","nan","nan"
2059,2.059731,"nan","nan","nan"
2060,2.060731,"nan","nan","nan"
2061,2.061731,"nan","nan","nan"
2062,2.062732,"nan","nan","nan"
2063,2.063733,"nan","nan","nan"
2064,2.064733,"nan","nan","nan"
2065,2.065734,"nan","nan","nan"
2066,2.066736,"nan","nan","nan"
2067,2.067738,"nan","nan","nan"
2068,2.068743,"nan","nan","nan"
2069,2.069731,"nan","nan","nan"
2070,2.070732,"nan","nan","nan"
2071,2.071733,"nan","nan","nan"
2072,2.072734,"nan","nan","nan"
2073,2.073734,"nan","nan","nan"
2074,2.074735,"nan","nan","nan"
2075,2.075736,"nan","nan","nan"
2076,2.076738,"nan","nan","nan"
2077,2.077740,"nan","nan","nan"
2078,2.078728,"nan","nan","nan"
2079,2.079752,"nan","nan","nan"
2080,2.080729,"nan","nan","nan"
2081,2.081729,"nan","nan","nan"
2082,2.082730,"nan","nan","nan"
2083,2.083730,"nan","nan","nan"
2084,2.084730,"nan","nan","nan"
2085,2.085731,"nan","nan","nan"
2086,2.086735,"nan","nan","nan"
2087,2.087736,"nan","nan","nan"
2088,2.088735,"nan","nan","nan"
2089,2.089748,"nan","nan","nan"
2090,2.090735,"nan","nan","nan"
2091,2.091736,"nan","nan","nan"
2092,2.092736,"nan","nan","nan"
2093,2.093736,"nan","nan","nan"
2094,2.094736,"nan","nan","nan"
2095,2.095736,"nan","nan","nan"
2096,2.096739,"nan","nan","nan"
2097,2.097739,"nan","nan","nan"
2098,2.098749,"nan","nan","nan"
2099,2.099738,"nan","nan","nan"
2100,2.100753,"nan","nan","nan"
2101,2.101728,"nan","nan","nan"
2102,2.102728,"nan","nan","nan"
2103,2.103727,"nan","nan","nan"
2104,2.104728,"nan","nan","nan"
2105,2.105729,"nan","nan","nan"
2106,2.106732,"nan","nan","nan"
2107,2.107732,"nan","nan","nan"
2108,2.108732,"nan","nan","nan"
2109,2.109732,"nan","nan","nan"
2110,2.110752,"nan","nan","nan"
2111,2.111740,"nan","nan","nan"
2112,2.112729,"nan","nan","nan"
2113,2.113728,"nan","nan","nan"
2114,2.114728,"nan","nan","nan"
2115,2.115728,"nan","nan","nan"
2116,2.116731,"nan","nan","nan"
2117,2.117731,"nan","nan","nan"
2118,2.118730,"nan","nan","nan"
2119,2.119730,"nan","nan","nan"
2120,2.120730,"nan","nan","nan"
2121,2.121748,"nan","nan","nan"
2122,2.122736,"nan","nan","nan"
2123,2.123735,"nan","nan","nan"
2124,2.124737,"nan","nan","nan"
2125,2.125738,"nan","nan","nan"
2126,2.126730,"nan","nan","nan"
2127,2.127729,"nan","nan","nan"
2128,2.128730,"nan","nan","nan"
2129,2.129731,"nan","nan","nan"
2130,2.130732,"nan","nan","nan"
2131,2.131852,"nan","nan","nan"
2132,2.132727,"nan","nan","nan"
2133,2.133729,"nan","nan","nan"
2134,2.134730,"nan","nan","nan"
2135,2.135730,"nan","nan","nan"
2136,2.136733,"nan","nan","nan"
2137,2.137735,"nan","nan","nan"
2138,2.138734,"nan","nan","nan"
2139,2.139736,"nan","nan","nan"
2140,2.140736,"nan","nan","nan"
2141,2.141737,"nan","nan","nan"
2142,2.142754,"nan","nan","nan"
2143,2.143730,"nan","nan","nan"
2144,2.144730,"nan","nan","nan"
2145,2.145731,"nan","nan","nan"
2146,2.146735,"nan","nan","nan"
2147,2.147734,"nan","nan","nan"
2148,2.148762,"nan","nan","nan"
2149,2.149753,"nan","nan","nan"
2150,2.150729,"nan","nan","nan"
2151,2.151728,"nan","nan","nan"
2152,2.152768,"nan","nan","nan"
2153,2.153731,"nan","nan","nan"
2154,2.154731,"nan","nan","nan"
2155,2.155731,"nan","nan","nan"
2156,2.156734,"nan","nan","nan"
2157,2.157734,"nan","nan","nan"
2158,2.158734,"nan","nan","nan"
2159,2.159733,"nan","nan","nan"
2160,2.160734,"nan","nan","nan"
2161,2.161732,"nan","nan","nan"
2162,2.162734,"nan","nan","nan"
2163,2.163748,"nan","nan","nan"
2164,2.164736,"nan","nan","nan"
2165,2.165737,"nan","nan","nan"
2166,2.166727,"nan","nan","nan"
2167,2.167740,"nan","nan","nan"
2168,2.168728,"nan","nan","nan"
2169,2.169728,"nan","nan","nan"
2170,2.170727,"nan","nan","nan"
2171,2.171728,"nan","nan","nan"
2172,2.172728,"nan","nan","nan"
2173,2.173809,"nan","nan","nan"
2174,2.174730,"nan","nan","nan"
2175,2.175729,"nan","nan","nan"
2176,2.176733,"nan","nan","nan"
2177,2.177733,"nan","nan","nan"
2178,2.178733,"nan","nan","nan"
2179,2.179733,"nan","nan","nan"
2180,2.180732,"nan","nan","nan"
2181,2.181733,"nan","nan","nan"
2182,2.182733,"nan","nan","nan"
2183,2.183733,"nan","nan","nan"
2184,2.184742,"nan","nan","nan"
2185,2.185729,"nan","nan","nan"
2186,2.186733,"nan","nan","nan"
2187,2.187733,"nan","nan","nan"
2188,2.188733,"nan","nan","nan"
2189,2.189734,"nan","nan","nan"
2190,2.190733,"nan","nan","nan"
2191,2.191735,"nan","nan","nan"
2192,2.192736,"nan","nan","nan"
2193,2.193736,"nan","nan","nan"
2194,2.194737,"nan","nan","nan"
2195,2.195742,"nan","nan","nan"
2196,2.196734,"nan","nan","nan"
2197,2.197734,"nan","nan","nan"
2198,2.198735,"nan","nan","nan"
2199,2.199735,"nan","nan","nan"
2200,2.200746,"nan","nan","nan"
2201,2.201734,"nan","nan","nan"
2202,2.202734,"nan","nan","nan"
2203,2.203735,"nan","nan","nan"
2204,2.204736,"nan","nan","nan"
2205,2.205792,"nan","nan","nan"
2206,2.206729,"nan","nan","nan"
2207,2.207730,"nan","nan","nan"
2208,2.208731,"nan","nan","nan"
2209,2.209731,"nan","nan","nan"
2210,2.210731,"nan","nan","nan"
2211,2.211732,"nan","nan","nan"
2212,2.212733,"nan","nan","nan"
2213,2.213734,"nan","nan","nan"
2214,2.214733,"nan","nan","nan"
2215,2.215735,"nan","nan","nan"
2216,2.216747,"nan","nan","nan"
2217,2.217734,"nan","nan","nan"
2218,2.218736,"nan","nan","nan"
2219,2.219734,"nan","nan","nan"
2220,2.220734,"nan","nan","nan"
2221,2.221734,"nan","nan","nan"
2222,2.222734,"nan","nan","nan"
2223,2.223732,"nan","nan","nan"
2224,2.224734,"nan","nan","nan"
2225,2.225733,"nan","nan","nan"
2226,2.226839,"nan","nan","nan"
2227,2.227732,"nan","nan","nan"
2228,2.228732,"nan","nan","nan"
2229,2.229732,"nan","nan","nan"
2230,2.230733,"nan","nan","nan"
2231,2.231732,"nan","nan","nan"
2232,2.232733,"nan","nan","nan"
2233,2.233731,"nan","nan","nan"
2234,2.234732,"nan","nan","nan"
2235,2.235731,"nan","nan","nan"
2236,2.236734,"nan","nan","nan"
2237,2.237752,"nan","nan","nan"
2238,2.238727,"nan","nan","nan"
2239,2.239728,"nan","nan","nan"
2240,2.240728,"nan","nan","nan"
2241,2.241728,"nan","nan","nan"
2242,2.242727,"nan","nan","nan"
2243,2.243728,"nan","nan","nan"
2244,2.244728,"nan","nan","nan"
2245,2.245728,"nan","nan","nan"
2246,2.246731,"nan","nan","nan"
2247,2.247756,"nan","nan","nan"
2248,2.248751,"nan","nan","nan"
2249,2.249739,"nan","nan","nan"
2250,2.250739,"nan","nan","nan"
2251,2.251739,"nan","nan","nan"
2252,2.252749,"nan","nan","nan"
2253,2.253737,"nan","nan","nan"
2254,2.254737,"nan","nan","nan"
2255,2.255738,"nan","nan","nan"
2256,2.256728,"nan","nan","nan"
2257,2.257730,"nan","nan","nan"
2258,2.258756,"nan","nan","nan"
2259,2.259731,"nan","nan","nan"
2260,2.260732,"nan","nan","nan"
2261,2.261733,"nan","nan","nan"
2262,2.262733,"nan","nan","nan"
2263,2.263733,"nan","nan","nan"
2264,2.264734,"nan","nan","nan"
2265,2.265734,"nan","nan","nan"
2266,2.266738,"nan","nan","nan"
2267,2.267737,"nan","nan","nan"
2268,2.268739,"nan","nan","nan"
2269,2.269754,"nan","nan","nan"
2270,2.270732,"nan","nan","nan"
2271,2.271731,"nan","nan","nan"
2272,2.272733,"nan","nan","nan"
2273,2.273733,"nan","nan","nan"
2274,2.274734,"nan","nan","nan"
2275,2.275734,"nan","nan","nan"
2276,2.276739,"nan","nan","nan"
2277,2.277738,"nan","nan","nan"
2278,2.278739,"nan","nan","nan"
2279,2.279790,"nan","nan","nan"
2280,2.280728,"nan","nan","nan"
2281,2.281731,"nan","nan","nan"
2282,2.282731,"nan","nan","nan"
2283,2.283732,"nan","nan","nan"
2284,2.284732,"nan","nan","nan"
2285,2.285730,"nan","nan","nan"
2286,2.286733,"nan","nan","nan"
2287,2.287734,"nan","nan","nan"
2288,2.288733,"nan","nan","nan"
2289,2.289734,"nan","nan","nan"
2290,2.290746,"nan","nan","nan"
2291,2.291734,"nan","nan","nan"
2292,2.292734,"nan","nan","nan"
2293,2.293734,"nan","nan","nan"
2294,2.294734,"nan","nan","nan"
2295,2.295733,"nan","nan","nan"
2296,2.296737,"nan","nan","nan"
2297,2.297737,"nan","nan","nan"
2298,2.298737,"nan","nan","nan"
2299,2.299737,"nan","nan","nan"
2300,2.300786,"nan","nan","nan"
2301,2.301737,"nan","nan","nan"
2302,2.302737,"nan","nan","nan"
2303,2.303737,"nan","nan","nan"
2304,2.304737,"nan","nan","nan"
2305,2.305735,"nan","nan","nan"
2306,2.306727,"nan","nan","nan"
2307,2.307740,"nan","nan","nan"
2308,2.308729,"nan","nan","nan"
2309,2.309728,"nan","nan","nan"
2310,2.310728,"nan","nan","nan"
2311,2.311744,"nan","nan","nan"
2312,2.312733,"nan","nan","nan"
2313,2.313733,"nan","nan","nan"
2314,2.314731,"nan","nan","nan"
2315,2.315732,"nan","nan","nan"
2316,2.316736,"nan","nan","nan"
2317,2.317736,"nan","nan","nan"
2318,2.318736,"nan","nan","nan"
2319,2.319735,"nan","nan","nan"
2320,2.320737,"nan","nan","nan"
2321,2.321755,"nan","nan","nan"
2322,2.322730,"nan","nan","nan"
2323,2.323730,"nan","nan","nan"
2324,2.324731,"nan","nan","nan"
2325,2.325732,"nan","nan","nan"
2326,2.326736,"nan","nan","nan"
2327,2.327737,"nan","nan","nan"
2328,2.328737,"nan","nan","nan"
2329,2.329737,"nan","nan","nan"
2330,2.330738,"nan","nan","nan"
2331,2.331739,"nan","nan","nan"
2332,2.332753,"nan","nan","nan"
2333,2.333729,"nan","nan","nan"
2334,2.334730,"nan","nan","nan"
2335,2.335731,"nan","nan","nan"
2336,2.336733,"nan","nan","nan"
2337,2.337734,"nan","nan","nan"
2338,2.338733,"nan","nan","nan"
2339,2.339735,"nan","nan","nan"
2340,2.340736,"nan","nan","nan"
2341,2.341736,"nan","nan","nan"
2342,2.342879,"nan","nan","nan"
2343,2.343730,"nan","nan","nan"
2344,2.344731,"nan","nan","nan"
2345,2.345732,"nan","nan","nan"
2346,2.346736,"nan","nan","nan"
2347,2.347736,"nan","nan","nan"
2348,2.348736,"nan","nan","nan"
2349,2.349737,"nan","nan","nan"
2350,2.350738,"nan","nan","nan"
2351,2.351736,"nan","nan","nan"
2352,2.352737,"nan","nan","nan"
2353,2.353748,"nan","nan","nan"
2354,2.354736,"nan","nan","nan"
2355,2.355735,"nan","nan","nan"
2356,2.356739,"nan","nan","nan"
2357,2.357738,"nan","nan","nan"
2358,2.358738,"nan","nan","nan"
2359,2.359739,"nan","nan","nan"
2360,2.360739,"nan","nan","nan"
2361,2.361738,"nan","nan","nan"
2362,2.362739,"nan","nan","nan"
2363,2.363777,"nan","nan","nan"
2364,2.364735,"nan","nan","nan"
2365,2.365736,"nan","nan","nan"
2366,2.366739,"nan","nan","nan"
2367,2.367739,"nan","nan","nan"
2368,2.368738,"nan","nan","nan"
2369,2.369739,"nan","nan","nan"
2370,2.370765,"nan","nan","nan"
2371,2.371747,"nan","nan","nan"
2372,2.372735,"nan","nan","nan"
2373,2.373736,"nan","nan","nan"
2374,2.374752,"nan","nan","nan"
2375,2.375729,"nan","nan","nan"
2376,2.376732,"nan","nan","nan"
2377,2.377732,"nan","nan","nan"
2378,2.378733,"nan","nan","nan"
2379,2.379732,"nan","nan","nan"
2380,2.380733,"nan","nan","nan"
2381,2.381732,"nan","nan","nan"
2382,2.382733,"nan","nan","nan"
2383,2.383733,"nan","nan","nan"
2384,2.384759,"nan","nan","nan"
2385,2.385751,"nan","nan","nan"
2386,2.386730,"nan","nan","nan"
2387,2.387731,"nan","nan","nan"
2388,2.388732,"nan","nan","nan"
2389,2.389732,"nan","nan","nan"
2390,2.390733,"nan","nan","nan"
2391,2.391733,"nan","nan","nan"
2392,2.392734,"nan","nan","nan"
2393,2.393734,"nan","nan","nan"
2394,2.394734,"nan","nan","nan"
2395,2.395870,"nan","nan","nan"
2396,2.396737,"nan","nan","nan"
2397,2.397739,"nan","nan","nan"
2398,2.398739,"nan","nan","nan"
2399,2.399728,"nan","nan","nan"
2400,2.400728,"nan","nan","nan"
2401,2.401729,"nan","nan","nan"
2402,2.402729,"nan","nan","nan"
2403,2.403730,"nan","nan","nan"
2404,2.404731,"nan","nan","nan"
2405,2.405730,"nan","nan","nan"
2406,2.406755,"nan","nan","nan"
2407,2.407730,"nan","nan","nan"
2408,2.408731,"nan","nan","nan"
2409,2.409732,"nan","nan","nan"
2410,2.410731,"nan","nan","nan"
2411,2.411732,"nan","nan","nan"
2412,2.412733,"nan","nan","nan"
2413,2.413733,"nan","nan","nan"
2414,2.414734,"nan","nan","nan"
2415,2.415733,"nan","nan","nan"
2416,2.416799,"nan","nan","nan"
2417,2.417736,"nan","nan","nan"
2418,2.418736,"nan","nan","nan"
2419,2.419736,"nan","nan","nan"
2420,2.420736,"nan","nan","nan"
2421,2.421736,"nan","nan","nan"
2422,2.422736,"nan","nan","nan"
2423,2.423736,"nan","nan","nan"
2424,2.424736,"nan","nan","nan"
2425,2.425736,"nan","nan","nan"
2426,2.426739,"nan","nan","nan"
2427,2.427747,"nan","nan","nan"
2428,2.428735,"nan","nan","nan"
2429,2.429734,"nan","nan","nan"
2430,2.430743,"nan","nan","nan"
2431,2.431732,"nan","nan","nan"
2432,2.432731,"nan","nan","nan"
2433,2.433730,"nan","nan","nan"
2434,2.434731,"nan","nan","nan"
2435,2.435731,"nan","nan","nan"
2436,2.436734,"nan","nan","nan"
2437,2.437789,"nan","nan","nan"
2438,2.438726,"nan","nan","nan"
2439,2.439727,"nan","nan","nan"
2440,2.440740,"nan","nan","nan"
2441,2.441728,"nan","nan","nan"
2442,2.442728,"nan","nan","nan"
2443,2.443727,"nan","nan","nan"
2444,2.444728,"nan","nan","nan"
2445,2.445728,"nan","nan","nan"
2446,2.446731,"nan","nan","nan"
2447,2.447731,"nan","nan","nan"
2448,2.448744,"nan","nan","nan"
2449,2.449731,"nan","nan","nan"
2450,2.450732,"nan","nan","nan"
2451,2.451732,"nan","nan","nan"
2452,2.452733,"nan","nan","nan"
2453,2.453732,"nan","nan","nan"
2454,2.454733,"nan","nan","nan"
2455,2.455733,"nan","nan","nan"
2456,2.456737,"nan","nan","nan"
2457,2.457738,"nan","nan","nan"
2458,2.458830,"nan","nan","nan"
2459,2.459727,"nan","nan","nan"
2460,2.460729,"nan","nan","nan"
2461,2.461729,"nan","nan","nan"
2462,2.462729,"nan","nan","nan"
2463,2.463730,"nan","nan","nan"
2464,2.464731,"nan","nan","nan"
2465,2.465731,"nan","nan","nan"
2466,2.466735,"nan","nan","nan"
2467,2.467734,"nan","nan","nan"
2468,2.468736,"nan","nan","nan"
2469,2.469752,"nan","nan","nan"
2470,2.470739,"nan","nan","nan"
2471,2.471727,"nan","nan","nan"
2472,2.472729,"nan","nan","nan"
2473,2.473730,"nan","nan","nan"
2474,2.474730,"nan","nan","nan"
2475,2.475731,"nan","nan","nan"
2476,2.476734,"nan","nan","nan"
2477,2.477734,"nan","nan","nan"
2478,2.478735,"nan","nan","nan"
2479,2.479875,"nan","nan","nan"
2480,2.480733,"nan","nan","nan"
2481,2.481734,"nan","nan","nan"
2482,2.482732,"nan","nan","nan"
2483,2.483732,"nan","nan","nan"
2484,2.484732,"nan","nan","nan"
2485,2.485733,"nan","nan","nan"
2486,2.486735,"nan","nan","nan"
2487,2.487735,"nan","nan","nan"
2488,2.488857,"nan","nan","nan"
2489,2.489731,"nan","nan","nan"
2490,2.490742,"nan","nan","nan"
2491,2.491730,"nan","nan","nan"
2492,2.492731,"nan","nan","nan"
2493,2.493730,"nan","nan","nan"
2494,2.494731,"nan","nan","nan"
2495,2.495729,"nan","nan","nan"
2496,2.496733,"nan","nan","nan"
2497,2.497734,"nan","nan","nan"
2498,2.498734,"nan","nan","nan"
2499,2.499734,"nan","nan","nan"
2500,2.500860,"nan","nan","nan"
2501,2.501729,"nan","nan","nan"
2502,2.502729,"nan","nan","nan"
2503,2.503729,"nan","nan","nan"
2504,2.504729,"nan","nan","nan"
2505,2.505728,"nan","nan","nan"
2506,2.506732,"nan","nan","nan"
2507,2.507732,"nan","nan","nan"
2508,2.508732,"nan","nan","nan"
2509,2.509732,"nan","nan","nan"
2510,2.510732,"nan","nan","nan"
2511,2.511744,"nan","nan","nan"
2512,2.512731,"nan","nan","nan"
2513,2.513731,"nan","nan","nan"
2514,2.514731,"nan","nan","nan"
2515,2.515730,"nan","nan","nan"
2516,2.516734,"nan","nan","nan"
2517,2.517735,"nan","nan","nan"
2518,2.518735,"nan","nan","nan"
2519,2.519736,"nan","nan","nan"
2520,2.520735,"nan","nan","nan"
2521,2.521763,"nan","nan","nan"
2522,2.522755,"nan","nan","nan"
2523,2.523731,"nan","nan","nan"
2524,2.524731,"nan","nan","nan"
2525,2.525732,"nan","nan","nan"
2526,2.526736,"nan","nan","nan"
2527,2.527737,"nan","nan","nan"
2528,2.528737,"nan","nan","nan"
2529,2.529738,"nan","nan","nan"
2530,2.530738,"nan","nan","nan"
2531,2.531739,"nan","nan","nan"
2532,2.532781,"nan","nan","nan"
2533,2.533732,"nan","nan","nan"
2534,2.534732,"nan","nan","nan"
2535,2.535733,"nan","nan","nan"
2536,2.536737,"nan","nan","nan"
2537,2.537738,"nan","nan","nan"
2538,2.538738,"nan","nan","nan"
2539,2.539763,"nan","nan","nan"
2540,2.540743,"nan","nan","nan"
2541,2.541732,"nan","nan","nan"
2542,2.542733,"nan","nan","nan"
2543,2.543744,"nan","nan","nan"
2544,2.544733,"nan","nan","nan"
2545,2.545733,"nan","nan","nan"
2546,2.546737,"nan","nan","nan"
2547,2.547736,"nan","nan","nan"
2548,2.548736,"nan","nan","nan"
2549,2.549735,"nan","nan","nan"
2550,2.550736,"nan","nan","nan"
2551,2.551735,"nan","nan","nan"
2552,2.552735,"nan","nan","nan"
2553,2.553750,"nan","nan","nan"
2554,2.554737,"nan","nan","nan"
2555,2.555739,"nan","nan","nan"
2556,2.556730,"nan","nan","nan"
2557,2.557730,"nan","nan","nan"
2558,2.558729,"nan","nan","nan"
2559,2.559730,"nan","nan","nan"
2560,2.560730,"nan","nan","nan"
2561,2.561730,"nan","nan","nan"
2562,2.562728,"nan","nan","nan"
2563,2.563729,"nan","nan","nan"
2564,2.564742,"nan","nan","nan"
2565,2.565731,"nan","nan","nan"
2566,2.566734,"nan","nan","nan"
2567,2.567734,"nan","nan","nan"
2568,2.568733,"nan","nan","nan"
2569,2.569733,"nan","nan","nan"
2570,2.570733,"nan","nan","nan"
2571,2.571733,"nan","nan","nan"
2572,2.572732,"nan","nan","nan"
2573,2.573733,"nan","nan","nan"
2574,2.574745,"nan","nan","nan"
2575,2.575733,"nan","nan","nan"
2576,2.576737,"nan","nan","nan"
2577,2.577737,"nan","nan","nan"
2578,2.578736,"nan","nan","nan"
2579,2.579736,"nan","nan","nan"
2580,2.580737,"nan","nan","nan"
2581,2.581737,"nan","nan","nan"
2582,2.582738,"nan","nan","nan"
2583,2.583738,"nan","nan","nan"
2584,2.584739,"nan","nan","nan"
2585,2.585747,"nan","nan","nan"
2586,2.586726,"nan","nan","nan"
2587,2.587727,"nan","nan","nan"
2588,2.588728,"nan","nan","nan"
2589,2.589728,"nan","nan","nan"
2590,2.590729,"nan","nan","nan"
2591,2.591729,"nan","nan","nan"
2592,2.592731,"nan","nan","nan"
2593,2.593731,"nan","nan","nan"
2594,2.594732,"nan","nan","nan"
2595,2.595748,"nan","nan","nan"
2596,2.596727,"nan","nan","nan"
2597,2.597729,"nan","nan","nan"
2598,2.598771,"nan","nan","nan"
2599,2.599734,"nan","nan","nan"
2600,2.600735,"nan","nan","nan"
2601,2.601734,"nan","nan","nan"
2602,2.602736,"nan","nan","nan"
2603,2.603736,"nan","nan","nan"
2604,2.604737,"nan","nan","nan"
2605,2.605738,"nan","nan","nan"
2606,2.606751,"nan","nan","nan"
2607,2.607739,"nan","nan","nan"
2608,2.608739,"nan","nan","nan"
2609,2.609729,"nan","nan","nan"
2610,2.610728,"nan","nan","nan"
2611,2.611729,"nan","nan","nan"
2612,2.612729,"nan","nan","nan"
2613,2.613729,"nan","nan","nan"
2614,2.614728,"nan","nan","nan"
2615,2.615728,"nan","nan","nan"
2616,2.616756,"nan","nan","nan"
2617,2.617731,"nan","nan","nan"
2618,2.618731,"nan","nan","nan"
2619,2.619731,"nan","nan","nan"
2620,2.620730,"nan","nan","nan"
2621,2.621731,"nan","nan","nan"
2622,2.622730,"nan","nan","nan"
2623,2.623730,"nan","nan","nan"
2624,2.624731,"nan","nan","nan"
2625,2.625730,"nan","nan","nan"
2626,2.626733,"nan","nan","nan"
2627,2.627749,"nan","nan","nan"
2628,2.628739,"nan","nan","nan"
2629,2.629739,"nan","nan","nan"
2630,2.630727,"nan","nan","nan"
2631,2.631739,"nan","nan","nan"
2632,2.632739,"nan","nan","nan"
2633,2.633739,"nan","nan","nan"
2634,2.634739,"nan","nan","nan"
2635,2.635737,"nan","nan","nan"
2636,2.636729,"nan","nan","nan"
2637,2.637746,"nan","nan","nan"
2638,2.638734,"nan","nan","nan"
2639,2.639733,"nan","nan","nan"
2640,2.640734,"nan","nan","nan"
2641,2.641735,"nan","nan","nan"
2642,2.642734,"nan","nan","nan"
2643,2.643735,"nan","nan","nan"
2644,2.644733,"nan","nan","nan"
2645,2.645734,"nan","nan","nan"
2646,2.646737,"nan","nan","nan"
2647,2.647738,"nan","nan","nan"
2648,2.648743,"nan","nan","nan"
2649,2.649732,"nan","nan","nan"
2650,2.650733,"nan","nan","nan"
2651,2.651743,"nan","nan","nan"
2652,2.652734,"nan","nan","nan"
2653,2.653735,"nan","nan","nan"
2654,2.654734,"nan","nan","nan"
2655,2.655736,"nan","nan","nan"
2656,2.656739,"nan","nan","nan"
2657,2.657728,"nan","nan","nan"
2658,2.658747,"nan","nan","nan"
2659,2.659735,"nan","nan","nan"
2660,2.660737,"nan","nan","nan"
2661,2.661737,"nan","nan","nan"
2662,2.662738,"nan","nan","nan"
2663,2.663739,"nan","nan","nan"
2664,2.664738,"nan","nan","nan"
2665,2.665740,"nan","nan","nan"
2666,2.666731,"nan","nan","nan"
2667,2.667732,"nan","nan","nan"
2668,2.668732,"nan","nan","nan"
2669,2.669754,"nan","nan","nan"
2670,2.670729,"nan","nan","nan"
2671,2.671730,"nan","nan","nan"
2672,2.672729,"nan","nan","nan"
2673,2.673730,"nan","nan","nan"
2674,2.674731,"nan","nan","nan"
2675,2.675731,"nan","nan","nan"
2676,2.676735,"nan","nan","nan"
2677,2.677736,"nan","nan","nan"
2678,2.678735,"nan","nan","nan"
2679,2.679756,"nan","nan","nan"
2680,2.680730,"nan","nan","nan"
2681,2.681731,"nan","nan","nan"
2682,2.682730,"nan","nan","nan"
2683,2.683731,"nan","nan","nan"
2684,2.684731,"nan","nan","nan"
2685,2.685731,"nan","nan","nan"
2686,2.686734,"nan","nan","nan"
2687,2.687733,"nan","nan","nan"
2688,2.688733,"nan","nan","nan"
2689,2.689734,"nan","nan","nan"
2690,2.690743,"nan","nan","nan"
2691,2.691732,"nan","nan","nan"
2692,2.692731,"nan","nan","nan"
2693,2.693732,"nan","nan","nan"
2694,2.694731,"nan","nan","nan"
2695,2.695732,"nan","nan","nan"
2696,2.696734,"nan","nan","nan"
2697,2.697734,"nan","nan","nan"
2698,2.698734,"nan","nan","nan"
2699,2.699734,"nan","nan","nan"
2700,2.700771,"nan","nan","nan"
2701,2.701732,"nan","nan","nan"
2702,2.702734,"nan","nan","nan"
2703,2.703770,"nan","nan","nan"
2704,2.704733,"nan","nan","nan"
2705,2.705733,"nan","nan","nan"
2706,2.706736,"nan","nan","nan"
2707,2.707736,"nan","nan","nan"
2708,2.708736,"nan","nan","nan"
2709,2.709737,"nan","nan","nan"
2710,2.710737,"nan","nan","nan"
2711,2.711744,"nan","nan","nan"
2712,2.712732,"nan","nan","nan"
2713,2.713732,"nan","nan","nan"
2714,2.714733,"nan","nan","nan"
2715,2.715733,"nan","nan","nan"
2716,2.716736,"nan","nan","nan"
2717,2.717737,"nan","nan","nan"
2718,2.718738,"nan","nan","nan"
2719,2.719739,"nan","nan","nan"
2720,2.720727,"nan","nan","nan"
2721,2.721746,"nan","nan","nan"
2722,2.722734,"nan","nan","nan"
2723,2.723735,"nan","nan","nan"
2724,2.724735,"nan","nan","nan"
2725,2.725736,"nan","nan","nan"
2726,2.726738,"nan","nan","nan"
2727,2.727740,"nan","nan","nan"
2728,2.728728,"nan","nan","nan"
2729,2.729727,"nan","nan","nan"
2730,2.730729,"nan","nan","nan"
2731,2.731730,"nan","nan","nan"
2732,2.732752,"nan","nan","nan"
2733,2.733729,"nan","nan","nan"
2734,2.734728,"nan","nan","nan"
2735,2.735730,"nan","nan","nan"
2736,2.736733,"nan","nan","nan"
2737,2.737734,"nan","nan","nan"
2738,2.738734,"nan","nan","nan"
2739,2.739735,"nan","nan","nan"
2740,2.740735,"nan","nan","nan"
2741,2.741737,"nan","nan","nan"
2742,2.742744,"nan","nan","nan"
2743,2.743732,"nan","nan","nan"
2744,2.744730,"nan","nan","nan"
2745,2.745731,"nan","nan","nan"
2746,2.746735,"nan","nan","nan"
2747,2.747734,"nan","nan","nan"
2748,2.748735,"nan","nan","nan"
2749,2.749734,"nan","nan","nan"
2750,2.750735,"nan","nan","nan"
2751,2.751735,"nan","nan","nan"
2752,2.752735,"nan","nan","nan"
2753,2.753750,"nan","nan","nan"
2754,2.754727,"nan","nan","nan"
2755,2.755738,"nan","nan","nan"
2756,2.756730,"nan","nan","nan"
2757,2.757729,"nan","nan","nan"
2758,2.758728,"nan","nan","nan"
2759,2.759729,"nan","nan","nan"
2760,2.760730,"nan","nan","nan"
2761,2.761730,"nan","nan","nan"
2762,2.762730,"nan","nan","nan"
2763,2.763944,"nan","nan","nan"
2764,2.764732,"nan","nan","nan"
2765,2.765733,"nan","nan","nan"
2766,2.766735,"nan","nan","nan"
2767,2.767736,"nan","nan","nan"
2768,2.768735,"nan","nan","nan"
2769,2.769735,"nan","nan","nan"
2770,2.770735,"nan","nan","nan"
2771,2.771735,"nan","nan","nan"
2772,2.772735,"nan","nan","nan"
2773,2.773734,"nan","nan","nan"
2774,2.774750,"nan","nan","nan"
2775,2.775738,"nan","nan","nan"
2776,2.776729,"nan","nan","nan"
2777,2.777728,"nan","nan","nan"
2778,2.778729,"nan","nan","nan"
2779,2.779730,"nan","nan","nan"
2780,2.780730,"nan","nan","nan"
2781,2.781731,"nan","nan","nan"
2782,2.782730,"nan","nan","nan"
2783,2.783732,"nan","nan","nan"
2784,2.784750,"nan","nan","nan"
2785,2.785737,"nan","nan","nan"
2786,2.786730,"nan","nan","nan"
2787,2.787729,"nan","nan","nan"
2788,2.788731,"nan","nan","nan"
2789,2.789731,"nan","nan","nan"
2790,2.790732,"nan","nan","nan"
2791,2.791732,"nan","nan","nan"
2792,2.792732,"nan","nan","nan"
2793,2.793733,"nan","nan","nan"
2794,2.794734,"nan","nan","nan"
2795,2.795753,"nan","nan","nan"
2796,2.796734,"nan","nan","nan"
2797,2.797733,"nan","nan","nan"
2798,2.798736,"nan","nan","nan"
2799,2.799736,"nan","nan","nan"
2800,2.800737,"nan","nan","nan"
2801,2.801738,"nan","nan","nan"
2802,2.802739,"nan","nan","nan"
2803,2.803739,"nan","nan","nan"
2804,2.804728,"nan","nan","nan"
2805,2.805756,"nan","nan","nan"
2806,2.806736,"nan","nan","nan"
2807,2.807736,"nan","nan","nan"
2808,2.808737,"nan","nan","nan"
2809,2.809737,"nan","nan","nan"
2810,2.810736,"nan","nan","nan"
2811,2.811737,"nan","nan","nan"
2812,2.812736,"nan","nan","nan"
2813,2.813736,"nan","nan","nan"
2814,2.814736,"nan","nan","nan"
2815,2.815737,"nan","nan","nan"
2816,2.816743,"nan","nan","nan"
2817,2.817731,"nan","nan","nan"
2818,2.818731,"nan","nan","nan"
2819,2.819753,"nan","nan","nan"
2820,2.820728,"nan","nan","nan"
2821,2.821730,"nan","nan","nan"
2822,2.822730,"nan","nan","nan"
2823,2.823730,"nan","nan","nan"
2824,2.824730,"nan","nan","nan"
2825,2.825729,"nan","nan","nan"
2826,2.826745,"nan","nan","nan"
2827,2.827732,"nan","nan","nan"
2828,2.828733,"nan","nan","nan"
2829,2.829733,"nan","nan","nan"
2830,2.830732,"nan","nan","nan"
2831,2.831733,"nan","nan","nan"
2832,2.832733,"nan","nan","nan"
2833,2.833733,"nan","nan","nan"
2834,2.834733,"nan","nan","nan"
2835,2.835731,"nan","nan","nan"
2836,2.836736,"nan","nan","nan"
2837,2.837744,"nan","nan","nan"
2838,2.838733,"nan","nan","nan"
2839,2.839733,"nan","nan","nan"
2840,2.840732,"nan","nan","nan"
2841,2.841732,"nan","nan","nan"
2842,2.842732,"nan","nan","nan"
2843,2.843732,"nan","nan","nan"
2844,2.844733,"nan","nan","nan"
2845,2.845732,"nan","nan","nan"
2846,2.846737,"nan","nan","nan"
2847,2.847745,"nan","nan","nan"
2848,2.848733,"nan","nan","nan"
2849,2.849734,"nan","nan","nan"
2850,2.850733,"nan","nan","nan"
2851,2.851734,"nan","nan","nan"
2852,2.852735,"nan","nan","nan"
2853,2.853735,"nan","nan","nan"
2854,2.854736,"nan","nan","nan"
2855,2.855736,"nan","nan","nan"
2856,2.856740,"nan","nan","nan"
2857,2.857728,"nan","nan","nan"
2858,2.858749,"nan","nan","nan"
2859,2.859739,"nan","nan","nan"
2860,2.860738,"nan","nan","nan"
2861,2.861727,"nan","nan","nan"
2862,2.862728,"nan","nan","nan"
2863,2.863727,"nan","nan","nan"
2864,2.864729,"nan","nan","nan"
2865,2.865730,"nan","nan","nan"
2866,2.866733,"nan","nan","nan"
2867,2.867734,"nan","nan","nan"
2868,2.868786,"nan","nan","nan"
2869,2.869736,"nan","nan","nan"
2870,2.870738,"nan","nan","nan"
2871,2.871739,"nan","nan","nan"
2872,2.872728,"nan","nan","nan"
2873,2.873751,"nan","nan","nan"
2874,2.874727,"nan","nan","nan"
2875,2.875739,"nan","nan","nan"
2876,2.876729,"nan","nan","nan"
2877,2.877729,"nan","nan","nan"
2878,2.878729,"nan","nan","nan"
2879,2.879744,"nan","nan","nan"
2880,2.880731,"nan","nan","nan"
2881,2.881731,"nan","nan","nan"
2882,2.882731,"nan","nan","nan"
2883,2.883730,"nan","nan","nan"
2884,2.884731,"nan","nan","nan"
2885,2.885731,"nan","nan","nan"
2886,2.886734,"nan","nan","nan"
2887,2.887734,"nan","nan","nan"
2888,2.888733,"nan","nan","nan"
2889,2.889751,"nan","nan","nan"
2890,2.890738,"nan","nan","nan"
2891,2.891739,"nan","nan","nan"
2892,2.892739,"nan","nan","nan"
2893,2.893727,"nan","nan","nan"
2894,2.894739,"nan","nan","nan"
2895,2.895740,"nan","nan","nan"
2896,2.896731,"nan","nan","nan"
2897,2.897730,"nan","nan","nan"
2898,2.898730,"nan","nan","nan"
2899,2.899731,"nan","nan","nan"
2900,2.900744,"nan","nan","nan"
2901,2.901732,"nan","nan","nan"
2902,2.902731,"nan","nan","nan"
2903,2.903732,"nan","nan","nan"
2904,2.904732,"nan","nan","nan"
2905,2.905732,"nan","nan","nan"
2906,2.906735,"nan","nan","nan"
2907,2.907734,"nan","nan","nan"
2908,2.908735,"nan","nan","nan"
2909,2.909736,"nan","nan","nan"
2910,2.910795,"nan","nan","nan"
2911,2.911733,"nan","nan","nan"
2912,2.912733,"nan","nan","nan"
2913,2.913734,"nan","nan","nan"
2914,2.914734,"nan","nan","nan"
2915,2.915735,"nan","nan","nan"
2916,2.916739,"nan","nan","nan"
2917,2.917738,"nan","nan","nan"
2918,2.918740,"nan","nan","nan"
2919,2.919728,"nan","nan","nan"
2920,2.920729,"nan","nan","nan"
2921,2.921748,"nan","nan","nan"
2922,2.922737,"nan","nan","nan"
2923,2.923738,"nan","nan","nan"
2924,2.924739,"nan","nan","nan"
2925,2.925726,"nan","nan","nan"
2926,2.926730,"nan","nan","nan"
2927,2.927731,"nan","nan","nan"
2928,2.928732,"nan","nan","nan"
2929,2.929732,"nan","nan","nan"
2930,2.930733,"nan","nan","nan"
2931,2.931776,"nan","nan","nan"
2932,2.932746,"nan","nan","nan"
2933,2.933734,"nan","nan","nan"
2934,2.934735,"nan","nan","nan"
2935,2.935735,"nan","nan","nan"
2936,2.936726,"nan","nan","nan"
2937,2.937740,"nan","nan","nan"
2938,2.938728,"nan","nan","nan"
2939,2.939729,"nan","nan","nan"
2940,2.940728,"nan","nan","nan"
2941,2.941728,"nan","nan","nan"
2942,2.942754,"nan","nan","nan"
2943,2.943728,"nan","nan","nan"
2944,2.944729,"nan","nan","nan"
2945,2.945728,"nan","nan","nan"
2946,2.946732,"nan","nan","nan"
2947,2.947731,"nan","nan","nan"
2948,2.948732,"nan","nan","nan"
2949,2.949732,"nan","nan","nan"
2950,2.950731,"nan","nan","nan"
2951,2.951732,"nan","nan","nan"
2952,2.952849,"nan","nan","nan"
2953,2.953735,"nan","nan","nan"
2954,2.954736,"nan","nan","nan"
2955,2.955735,"nan","nan","nan"
2956,2.956739,"nan","nan","nan"
2957,2.957740,"nan","nan","nan"
2958,2.958728,"nan","nan","nan"
2959,2.959727,"nan","nan","nan"
2960,2.960728,"nan","nan","nan"
2961,2.961728,"nan","nan","nan"
2962,2.962728,"nan","nan","nan"
2963,2.963744,"nan","nan","nan"
2964,2.964731,"nan","nan","nan"
2965,2.965732,"nan","nan","nan"
2966,2.966735,"nan","nan","nan"
2967,2.967735,"nan","nan","nan"
2968,2.968735,"nan","nan","nan"
2969,2.969733,"nan","nan","nan"
2970,2.970734,"nan","nan","nan"
2971,2.971735,"nan","nan","nan"
2972,2.972734,"nan","nan","nan"
2973,2.973735,"nan","nan","nan"
2974,2.974747,"nan","nan","nan"
2975,2.975736,"nan","nan","nan"
2976,2.976740,"nan","nan","nan"
2977,2.977728,"nan","nan","nan"
2978,2.978728,"nan","nan","nan"
2979,2.979730,"nan","nan","nan"
2980,2.980731,"nan","nan","nan"
2981,2.981731,"nan","nan","nan"
2982,2.982749,"nan","nan","nan"
2983,2.983738,"nan","nan","nan"
2984,2.984742,"nan","nan","nan"
2985,2.985729,"nan","nan","nan"
2986,2.986733,"nan","nan","nan"
2987,2.987733,"nan","nan","nan"
2988,2.988733,"nan","nan","nan"
2989,2.989734,"nan","nan","nan"
2990,2.990735,"nan","nan","nan"
2991,2.991735,"nan","nan","nan"
2992,2.992737,"nan","nan","nan"
2993,2.993736,"nan","nan","nan"
2994,2.994738,"nan","nan","nan"
2995,2.995753,"nan","nan","nan"
2996,2.996732,"nan","nan","nan"
2997,2.997732,"nan","nan","nan"
2998,2.998732,"nan","nan","nan"
2999,2.999733,"nan","nan","nan"
3000,3.000734,"nan","nan","nan"
3001,3.001735,"nan","nan","nan"
3002,3.002735,"nan","nan","nan"
3003,3.003735,"nan","nan","nan"
3004,3.004737,"nan","nan","nan"
3005,3.005751,"nan","nan","nan"
3006,3.006729,"nan","nan","nan"
3007,3.007729,"nan","nan","nan"
3008,3.008729,"nan","nan","nan"
3009,3.009729,"nan","nan","nan"
3010,3.010729,"nan","nan","nan"
3011,3.011730,"nan","nan","nan"
3012,3.012729,"nan","nan","nan"
3013,3.013729,"nan","nan","nan"
3014,3.014729,"nan","nan","nan"
3015,3.015729,"nan","nan","nan"
3016,3.016753,"nan","nan","nan"
3017,3.017729,"nan","nan","nan"
3018,3.018729,"nan","nan","nan"
3019,3.019729,"nan","nan","nan"
3020,3.020730,"nan","nan","nan"
3021,3.021728,"nan","nan","nan"
3022,3.022729,"nan","nan","nan"
3023,3.023730,"nan","nan","nan"
3024,3.024729,"nan","nan","nan"
3025,3.025729,"nan","nan","nan"
3026,3.026772,"nan","nan","nan"
3027,3.027734,"nan","nan","nan"
3028,3.028735,"nan","nan","nan"
3029,3.029734,"nan","nan","nan"
3030,3.030735,"nan","nan","nan"
3031,3.031733,"nan","nan","nan"
3032,3.032735,"nan","nan","nan"
3033,3.033735,"nan","nan","nan"
3034,3.034735,"nan","nan","nan"
3035,3.035735,"nan","nan","nan"
3036,3.036738,"nan","nan","nan"
3037,3.037751,"nan","nan","nan"
3038,3.038956,"nan","nan","nan"
3039,3.039732,"nan","nan","nan"
3040,3.040733,"nan","nan","nan"
3041,3.041733,"nan","nan","nan"
3042,3.042734,"nan","nan","nan"
3043,3.043734,"nan","nan","nan"
3044,3.044735,"nan","nan","nan"
3045,3.045736,"nan","nan","nan"
3046,3.046727,"nan","nan","nan"
3047,3.047753,"nan","nan","nan"
3048,3.048743,"nan","nan","nan"
3049,3.049732,"nan","nan","nan"
3050,3.050731,"nan","nan","nan"
3051,3.051732,"nan","nan","nan"
3052,3.052733,"nan","nan","nan"
3053,3.053734,"nan","nan","nan"
3054,3.054734,"nan","nan","nan"
3055,3.055734,"nan","nan","nan"
3056,3.056738,"nan","nan","nan"
3057,3.057739,"nan","nan","nan"
3058,3.058745,"nan","nan","nan"
3059,3.059733,"nan","nan","nan"
3060,3.060733,"nan","nan","nan"
3061,3.061735,"nan","nan","nan"
3062,3.062736,"nan","nan","nan"
3063,3.063736,"nan","nan","nan"
3064,3.064737,"nan","nan","nan"
3065,3.065736,"nan","nan","nan"
3066,3.066729,"nan","nan","nan"
3067,3.067729,"nan","nan","nan"
3068,3.068730,"nan","nan","nan"
3069,3.069744,"nan","nan","nan"
3070,3.070732,"nan","nan","nan"
3071,3.071731,"nan","nan","nan"
3072,3.072730,"nan","nan","nan"
3073,3.073730,"nan","nan","nan"
3074,3.074729,"nan","nan","nan"
3075,3.075730,"nan","nan","nan"
3076,3.076734,"nan","nan","nan"
3077,3.077733,"nan","nan","nan"
3078,3.078734,"nan","nan","nan"
3079,3.079749,"nan","nan","nan"
3080,3.080736,"nan","nan","nan"
3081,3.081736,"nan","nan","nan"
3082,3.082736,"nan","nan","nan"
3083,3.083736,"nan","nan","nan"
3084,3.084735,"nan","nan","nan"
3085,3.085736,"nan","nan","nan"
3086,3.086739,"nan","nan","nan"
3087,3.087728,"nan","nan","nan"
3088,3.088727,"nan","nan","nan"
3089,3.089753,"nan","nan","nan"
3090,3.090743,"nan","nan","nan"
3091,3.091731,"nan","nan","nan"
3092,3.092732,"nan","nan","nan"
3093,3.093745,"nan","nan","nan"
3094,3.094733,"nan","nan","nan"
3095,3.095732,"nan","nan","nan"
3096,3.096736,"nan","nan","nan"
3097,3.097736,"nan","nan","nan"
3098,3.098737,"nan","nan","nan"
3099,3.099736,"nan","nan","nan"
3100,3.100751,"nan","nan","nan"
3101,3.101737,"nan","nan","nan"
3102,3.102738,"nan","nan","nan"
3103,3.103738,"nan","nan","nan"
3104,3.104738,"nan","nan","nan"
3105,3.105738,"nan","nan","nan"
3106,3.106730,"nan","nan","nan"
3107,3.107729,"nan","nan","nan"
3108,3.108731,"nan","nan","nan"
3109,3.109732,"nan","nan","nan"
3110,3.110732,"nan","nan","nan"
3111,3.111753,"nan","nan","nan"
3112,3.112729,"nan","nan","nan"
3113,3.113730,"nan","nan","nan"
3114,3.114731,"nan","nan","nan"
3115,3.115731,"nan","nan","nan"
3116,3.116735,"nan","nan","nan"
3117,3.117734,"nan","nan","nan"
3118,3.118736,"nan","nan","nan"
3119,3.119736,"nan","nan","nan"
3120,3.120737,"nan","nan","nan"
3121,3.121753,"nan","nan","nan"
3122,3.122729,"nan","nan","nan"
3123,3.123730,"nan","nan","nan"
3124,3.124730,"nan","nan","nan"
3125,3.125731,"nan","nan","nan"
3126,3.126735,"nan","nan","nan"
3127,3.127734,"nan","nan","nan"
3128,3.128736,"nan","nan","nan"
3129,3.129737,"nan","nan","nan"
3130,3.130737,"nan","nan","nan"
3131,3.131763,"nan","nan","nan"
3132,3.132745,"nan","nan","nan"
3133,3.133734,"nan","nan","nan"
3134,3.134734,"nan","nan","nan"
3135,3.135735,"nan","nan","nan"
3136,3.136738,"nan","nan","nan"
3137,3.137737,"nan","nan","nan"
3138,3.138737,"nan","nan","nan"
3139,3.139737,"nan","nan","nan"
3140,3.140737,"nan","nan","nan"
3141,3.141738,"nan","nan","nan"
3142,3.142752,"nan","nan","nan"
3143,3.143740,"nan","nan","nan"
3144,3.144728,"nan","nan","nan"
3145,3.145726,"nan","nan","nan"
3146,3.146746,"nan","nan","nan"
3147,3.147734,"nan","nan","nan"
3148,3.148734,"nan","nan","nan"
3149,3.149734,"nan","nan","nan"
3150,3.150734,"nan","nan","nan"
3151,3.151733,"nan","nan","nan"
3152,3.152734,"nan","nan","nan"
3153,3.153746,"nan","nan","nan"
3154,3.154734,"nan","nan","nan"
3155,3.155734,"nan","nan","nan"
3156,3.156737,"nan","nan","nan"
3157,3.157738,"nan","nan","nan"
3158,3.158738,"nan","nan","nan"
3159,3.159737,"nan","nan","nan"
3160,3.160738,"nan","nan","nan"
3161,3.161737,"nan","nan","nan"
3162,3.162738,"nan","nan","nan"
3163,3.163751,"nan","nan","nan"
3164,3.164739,"nan","nan","nan"
3165,3.165727,"nan","nan","nan"
3166,3.166730,"nan","nan","nan"
3167,3.167730,"nan","nan","nan"
3168,3.168730,"nan","nan","nan"
3169,3.169728,"nan","nan","nan"
3170,3.170729,"nan","nan","nan"
3171,3.171730,"nan","nan","nan"
3172,3.172731,"nan","nan","nan"
3173,3.173757,"nan","nan","nan"
3174,3.174753,"nan","nan","nan"
3175,3.175729,"nan","nan","nan"
3176,3.176733,"nan","nan","nan"
3177,3.177734,"nan","nan","nan"
3178,3.178734,"nan","nan","nan"
3179,3.179735,"nan","nan","nan"
3180,3.180735,"nan","nan","nan"
3181,3.181736,"nan","nan","nan"
3182,3.182736,"nan","nan","nan"
3183,3.183737,"nan","nan","nan"
3184,3.184754,"nan","nan","nan"
3185,3.185730,"nan","nan","nan"
3186,3.186734,"nan","nan","nan"
3187,3.187735,"nan","nan","nan"
3188,3.188736,"nan","nan","nan"
3189,3.189735,"nan","nan","nan"
3190,3.190737,"nan","nan","nan"
3191,3.191737,"nan","nan","nan"
3192,3.192738,"nan","nan","nan"
3193,3.193738,"nan","nan","nan"
3194,3.194726,"nan","nan","nan"
3195,3.195742,"nan","nan","nan"
3196,3.196735,"nan","nan","nan"
3197,3.197735,"nan","nan","nan"
3198,3.198736,"nan","nan","nan"
3199,3.199751,"nan","nan","nan"
3200,3.200740,"nan","nan","nan"
3201,3.201728,"nan","nan","nan"
3202,3.202726,"nan","nan","nan"
3203,3.203726,"nan","nan","nan"
3204,3.204738,"nan","nan","nan"
3205,3.205755,"nan","nan","nan"
3206,3.206735,"nan","nan","nan"
3207,3.207736,"nan","nan","nan"
3208,3.208734,"nan","nan","nan"
3209,3.209735,"nan","nan","nan"
3210,3.210735,"nan","nan","nan"
3211,3.211735,"nan","nan","nan"
3212,3.212736,"nan","nan","nan"
3213,3.213734,"nan","nan","nan"
3214,3.214735,"nan","nan","nan"
3215,3.215735,"nan","nan","nan"
3216,3.216745,"nan","nan","nan"
3217,3.217734,"nan","nan","nan"
3218,3.218733,"nan","nan","nan"
3219,3.219733,"nan","nan","nan"
3220,3.220733,"nan","nan","nan"
3221,3.221734,"nan","nan","nan"
3222,3.222732,"nan","nan","nan"
3223,3.223734,"nan","nan","nan"
3224,3.224734,"nan","nan","nan"
3225,3.225734,"nan","nan","nan"
3226,3.226743,"nan","nan","nan"
3227,3.227730,"nan","nan","nan"
3228,3.228731,"nan","nan","nan"
3229,3.229730,"nan","nan","nan"
3230,3.230731,"nan","nan","nan"
3231,3.231731,"nan","nan","nan"
3232,3.232730,"nan","nan","nan"
3233,3.233730,"nan","nan","nan"
3234,3.234730,"nan","nan","nan"
3235,3.235730,"nan","nan","nan"
3236,3.236734,"nan","nan","nan"
3237,3.237753,"nan","nan","nan"
3238,3.238729,"nan","nan","nan"
3239,3.239729,"nan","nan","nan"
3240,3.240730,"nan","nan","nan"
3241,3.241729,"nan","nan","nan"
3242,3.242731,"nan","nan","nan"
3243,3.243732,"nan","nan","nan"
3244,3.244732,"nan","nan","nan"
3245,3.245733,"nan","nan","nan"
3246,3.246737,"nan","nan","nan"
3247,3.247749,"nan","nan","nan"
3248,3.248737,"nan","nan","nan"
3249,3.249738,"nan","nan","nan"
3250,3.250738,"nan","nan","nan"
3251,3.251726,"nan","nan","nan"
3252,3.252739,"nan","nan","nan"
3253,3.253728,"nan","nan","nan"
3254,3.254729,"nan","nan","nan"
3255,3.255747,"nan","nan","nan"
3256,3.256726,"nan","nan","nan"
3257,3.257765,"nan","nan","nan"
3258,3.258747,"nan","nan","nan"
3259,3.259735,"nan","nan","nan"
3260,3.260736,"nan","nan","nan"
3261,3.261736,"nan","nan","nan"
3262,3.262737,"nan","nan","nan"
3263,3.263738,"nan","nan","nan"
3264,3.264738,"nan","nan","nan"
3265,3.265726,"nan","nan","nan"
3266,3.266730,"nan","nan","nan"
3267,3.267731,"nan","nan","nan"
3268,3.268748,"nan","nan","nan"
3269,3.269735,"nan","nan","nan"
3270,3.270736,"nan","nan","nan"
3271,3.271735,"nan","nan","nan"
3272,3.272736,"nan","nan","nan"
3273,3.273735,"nan","nan","nan"
3274,3.274736,"nan","nan","nan"
3275,3.275734,"nan","nan","nan"
3276,3.276738,"nan","nan","nan"
3277,3.277739,"nan","nan","nan"
3278,3.278739,"nan","nan","nan"
3279,3.279753,"nan","nan","nan"
3280,3.280729,"nan","nan","nan"
3281,3.281730,"nan","nan","nan"
3282,3.282730,"nan","nan","nan"
3283,3.283730,"nan","nan","nan"
3284,3.284729,"nan","nan","nan"
3285,3.285730,"nan","nan","nan"
3286,3.286733,"nan","nan","nan"
3287,3.287733,"nan","nan","nan"
3288,3.288734,"nan","nan","nan"
3289,3.289745,"nan","nan","nan"
3290,3.290732,"nan","nan","nan"
3291,3.291733,"nan","nan","nan"
3292,3.292733,"nan","nan","nan"
3293,3.293733,"nan","nan","nan"
3294,3.294732,"nan","nan","nan"
3295,3.295733,"nan","nan","nan"
3296,3.296736,"nan","nan","nan"
3297,3.297736,"nan","nan","nan"
3298,3.298736,"nan","nan","nan"
3299,3.299735,"nan","nan","nan"
3300,3.300753,"nan","nan","nan"
3301,3.301728,"nan","nan","nan"
3302,3.302728,"nan","nan","nan"
3303,3.303728,"nan","nan","nan"
3304,3.304730,"nan","nan","nan"
3305,3.305731,"nan","nan","nan"
3306,3.306734,"nan","nan","nan"
3307,3.307735,"nan","nan","nan"
3308,3.308736,"nan","nan","nan"
3309,3.309735,"nan","nan","nan"
3310,3.310746,"nan","nan","nan"
3311,3.311735,"nan","nan","nan"
3312,3.312736,"nan","nan","nan"
3313,3.313736,"nan","nan","nan"
3314,3.314736,"nan","nan","nan"
3315,3.315751,"nan","nan","nan"
3316,3.316730,"nan","nan","nan"
3317,3.317731,"nan","nan","nan"
3318,3.318730,"nan","nan","nan"
3319,3.319731,"nan","nan","nan"
3320,3.320731,"nan","nan","nan"
3321,3.321749,"nan","nan","nan"
3322,3.322738,"nan","nan","nan"
3323,3.323739,"nan","nan","nan"
3324,3.324739,"nan","nan","nan"
3325,3.325740,"nan","nan","nan"
3326,3.326732,"nan","nan","nan"
3327,3.327731,"nan","nan","nan"
3328,3.328732,"nan","nan","nan"
3329,3.329733,"nan","nan","nan"
3330,3.330733,"nan","nan","nan"
3331,3.331747,"nan","nan","nan"
3332,3.332736,"nan","nan","nan"
3333,3.333735,"nan","nan","nan"
3334,3.334735,"nan","nan","nan"
3335,3.335735,"nan","nan","nan"
3336,3.336738,"nan","nan","nan"
3337,3.337738,"nan","nan","nan"
3338,3.338737,"nan","nan","nan"
3339,3.339738,"nan","nan","nan"
3340,3.340738,"nan","nan","nan"
3341,3.341738,"nan","nan","nan"
3342,3.342748,"nan","nan","nan"
3343,3.343736,"nan","nan","nan"
3344,3.344736,"nan","nan","nan"
3345,3.345737,"nan","nan","nan"
3346,3.346726,"nan","nan","nan"
3347,3.347727,"nan","nan","nan"
3348,3.348727,"nan","nan","nan"
3349,3.349728,"nan","nan","nan"
3350,3.350727,"nan","nan","nan"
3351,3.351727,"nan","nan","nan"
3352,3.352783,"nan","nan","nan"
3353,3.353733,"nan","nan","nan"
3354,3.354733,"nan","nan","nan"
3355,3.355733,"nan","nan","nan"
3356,3.356737,"nan","nan","nan"
3357,3.357736,"nan","nan","nan"
3358,3.358736,"nan","nan","nan"
3359,3.359736,"nan","nan","nan"
3360,3.360736,"nan","nan","nan"
3361,3.361735,"nan","nan","nan"
3362,3.362736,"nan","nan","nan"
3363,3.363747,"nan","nan","nan"
3364,3.364737,"nan","nan","nan"
3365,3.365737,"nan","nan","nan"
3366,3.366727,"nan","nan","nan"
3367,3.367740,"nan","nan","nan"
3368,3.368728,"nan","nan","nan"
3369,3.369728,"nan","nan","nan"
3370,3.370728,"nan","nan","nan"
3371,3.371730,"nan","nan","nan"
3372,3.372731,"nan","nan","nan"
3373,3.373744,"nan","nan","nan"
3374,3.374732,"nan","nan","nan"
3375,3.375927,"nan","nan","nan"
3376,3.376731,"nan","nan","nan"
3377,3.377732,"nan","nan","nan"
3378,3.378732,"nan","nan","nan"
3379,3.379733,"nan","nan","nan"
3380,3.380733,"nan","nan","nan"
3381,3.381734,"nan","nan","nan"
3382,3.382735,"nan","nan","nan"
3383,3.383763,"nan","nan","nan"
3384,3.384751,"nan","nan","nan"
3385,3.385727,"nan","nan","nan"
3386,3.386731,"nan","nan","nan"
3387,3.387732,"nan","nan","nan"
3388,3.388733,"nan","nan","nan"
3389,3.389733,"nan","nan","nan"
3390,3.390733,"nan","nan","nan"
3391,3.391734,"nan","nan","nan"
3392,3.392734,"nan","nan","nan"
3393,3.393735,"nan","nan","nan"
3394,3.394750,"nan","nan","nan"
3395,3.395737,"nan","nan","nan"
3396,3.396730,"nan","nan","nan"
3397,3.397730,"nan","nan","nan"
3398,3.398731,"nan","nan","nan"
3399,3.399729,"nan","nan","nan"
3400,3.400729,"nan","nan","nan"
3401,3.401729,"nan","nan","nan"
3402,3.402729,"nan","nan","nan"
3403,3.403728,"nan","nan","nan"
3404,3.404729,"nan","nan","nan"
3405,3.405745,"nan","nan","nan"
3406,3.406736,"nan","nan","nan"
3407,3.407736,"nan","nan","nan"
3408,3.408736,"nan","nan","nan"
3409,3.409735,"nan","nan","nan"
3410,3.410736,"nan","nan","nan"
3411,3.411735,"nan","nan","nan"
3412,3.412736,"nan","nan","nan"
3413,3.413735,"nan","nan","nan"
3414,3.414735,"nan","nan","nan"
3415,3.415755,"nan","nan","nan"
3416,3.416732,"nan","nan","nan"
3417,3.417733,"nan","nan","nan"
3418,3.418731,"nan","nan","nan"
3419,3.419732,"nan","nan","nan"
3420,3.420733,"nan","nan","nan"
3421,3.421733,"nan","nan","nan"
3422,3.422733,"nan","nan","nan"
3423,3.423732,"nan","nan","nan"
3424,3.424733,"nan","nan","nan"
3425,3.425759,"nan","nan","nan"
3426,3.426748,"nan","nan","nan"
3427,3.427736,"nan","nan","nan"
3428,3.428734,"nan","nan","nan"
3429,3.429736,"nan","nan","nan"
3430,3.430736,"nan","nan","nan"
3431,3.431736,"nan","nan","nan"
3432,3.432736,"nan","nan","nan"
3433,3.433735,"nan","nan","nan"
3434,3.434737,"nan","nan","nan"
3435,3.435745,"nan","nan","nan"
3436,3.436749,"nan","nan","nan"
3437,3.437738,"nan","nan","nan"
3438,3.438727,"nan","nan","nan"
3439,3.439740,"nan","nan","nan"
3440,3.440728,"nan","nan","nan"
3441,3.441729,"nan","nan","nan"
3442,3.442729,"nan","nan","nan"
3443,3.443730,"nan","nan","nan"
3444,3.444730,"nan","nan","nan"
3445,3.445731,"nan","nan","nan"
3446,3.446759,"nan","nan","nan"
3447,3.447751,"nan","nan","nan"
3448,3.448739,"nan","nan","nan"
3449,3.449728,"nan","nan","nan"
3450,3.450729,"nan","nan","nan"
3451,3.451728,"nan","nan","nan"
3452,3.452730,"nan","nan","nan"
3453,3.453731,"nan","nan","nan"
3454,3.454732,"nan","nan","nan"
3455,3.455732,"nan","nan","nan"
3456,3.456736,"nan","nan","nan"
3457,3.457744,"nan","nan","nan"
3458,3.458732,"nan","nan","nan"
3459,3.459733,"nan","nan","nan"
3460,3.460734,"nan","nan","nan"
3461,3.461735,"nan","nan","nan"
3462,3.462735,"nan","nan","nan"
3463,3.463736,"nan","nan","nan"
3464,3.464735,"nan","nan","nan"
3465,3.465735,"nan","nan","nan"
3466,3.466738,"nan","nan","nan"
3467,3.467738,"nan","nan","nan"
3468,3.468743,"nan","nan","nan"
3469,3.469731,"nan","nan","nan"
3470,3.470731,"nan","nan","nan"
3471,3.471730,"nan","nan","nan"
3472,3.472730,"nan","nan","nan"
3473,3.473730,"nan","nan","nan"
3474,3.474731,"nan","nan","nan"
3475,3.475729,"nan","nan","nan"
3476,3.476733,"nan","nan","nan"
3477,3.477734,"nan","nan","nan"
3478,3.478761,"nan","nan","nan"
3479,3.479735,"nan","nan","nan"
3480,3.480736,"nan","nan","nan"
3481,3.481735,"nan","nan","nan"
3482,3.482735,"nan","nan","nan"
3483,3.483735,"nan","nan","nan"
3484,3.484735,"nan","nan","nan"
3485,3.485735,"nan","nan","nan"
3486,3.486738,"nan","nan","nan"
3487,3.487739,"nan","nan","nan"
3488,3.488739,"nan","nan","nan"
3489,3.489753,"nan","nan","nan"
3490,3.490743,"nan","nan","nan"
3491,3.491731,"nan","nan","nan"
3492,3.492731,"nan","nan","nan"
3493,3.493731,"nan","nan","nan"
3494,3.494731,"nan","nan","nan"
3495,3.495731,"nan","nan","nan"
3496,3.496734,"nan","nan","nan"
3497,3.497734,"nan","nan","nan"
3498,3.498734,"nan","nan","nan"
3499,3.499746,"nan","nan","nan"
3500,3.500733,"nan","nan","nan"
3501,3.501735,"nan","nan","nan"
3502,3.502735,"nan","nan","nan"
3503,3.503736,"nan","nan","nan"
3504,3.504736,"nan","nan","nan"
3505,3.505736,"nan","nan","nan"
3506,3.506739,"nan","nan","nan"
3507,3.507728,"nan","nan","nan"
3508,3.508729,"nan","nan","nan"
3509,3.509729,"nan","nan","nan"
3510,3.510747,"nan","nan","nan"
3511,3.511736,"nan","nan","nan"
3512,3.512736,"nan","nan","nan"
3513,3.513737,"nan","nan","nan"
3514,3.514738,"nan","nan","nan"
3515,3.515738,"nan","nan","nan"
3516,3.516729,"nan","nan","nan"
3517,3.517730,"nan","nan","nan"
3518,3.518729,"nan","nan","nan"
3519,3.519731,"nan","nan","nan"
3520,3.520743,"nan","nan","nan"
3521,3.521731,"nan","nan","nan"
3522,3.522733,"nan","nan","nan"
3523,3.523733,"nan","nan","nan"
3524,3.524734,"nan","nan","nan"
3525,3.525734,"nan","nan","nan"
3526,3.526739,"nan","nan","nan"
3527,3.527726,"nan","nan","nan"
3528,3.528728,"nan","nan","nan"
3529,3.529729,"nan","nan","nan"
3530,3.530754,"nan","nan","nan"
3531,3.531747,"nan","nan","nan"
3532,3.532736,"nan","nan","nan"
3533,3.533734,"nan","nan","nan"
3534,3.534736,"nan","nan","nan"
3535,3.535736,"nan","nan","nan"
3536,3.536739,"nan","nan","nan"
3537,3.537739,"nan","nan","nan"
3538,3.538739,"nan","nan","nan"
3539,3.539738,"nan","nan","nan"
3540,3.540739,"nan","nan","nan"
3541,3.541750,"nan","nan","nan"
3542,3.542737,"nan","nan","nan"
3543,3.543737,"nan","nan","nan"
3544,3.544737,"nan","nan","nan"
3545,3.545738,"nan","nan","nan"
3546,3.546729,"nan","nan","nan"
3547,3.547728,"nan","nan","nan"
3548,3.548729,"nan","nan","nan"
3549,3.549729,"nan","nan","nan"
3550,3.550753,"nan","nan","nan"
3551,3.551746,"nan","nan","nan"
3552,3.552751,"nan","nan","nan"
3553,3.553739,"nan","nan","nan"
3554,3.554740,"nan","nan","nan"
3555,3.555728,"nan","nan","nan"
3556,3.556731,"nan","nan","nan"
3557,3.557730,"nan","nan","nan"
3558,3.558730,"nan","nan","nan"
3559,3.559731,"nan","nan","nan"
3560,3.560731,"nan","nan","nan"
3561,3.561729,"nan","nan","nan"
3562,3.562786,"nan","nan","nan"
3563,3.563736,"nan","nan","nan"
3564,3.564738,"nan","nan","nan"
3565,3.565738,"nan","nan","nan"
3566,3.566729,"nan","nan","nan"
3567,3.567730,"nan","nan","nan"
3568,3.568731,"nan","nan","nan"
3569,3.569731,"nan","nan","nan"
3570,3.570732,"nan","nan","nan"
3571,3.571731,"nan","nan","nan"
3572,3.572733,"nan","nan","nan"
3573,3.573750,"nan","nan","nan"
3574,3.574738,"nan","nan","nan"
3575,3.575738,"nan","nan","nan"
3576,3.576729,"nan","nan","nan"
3577,3.577730,"nan","nan","nan"
3578,3.578730,"nan","nan","nan"
3579,3.579731,"nan","nan","nan"
3580,3.580732,"nan","nan","nan"
3581,3.581731,"nan","nan","nan"
3582,3.582733,"nan","nan","nan"
3583,3.583753,"nan","nan","nan"
3584,3.584729,"nan","nan","nan"
3585,3.585728,"nan","nan","nan"
3586,3.586733,"nan","nan","nan"
3587,3.587733,"nan","nan","nan"
3588,3.588734,"nan","nan","nan"
3589,3.589735,"nan","nan","nan"
3590,3.590735,"nan","nan","nan"
3591,3.591735,"nan","nan","nan"
3592,3.592736,"nan","nan","nan"
3593,3.593737,"nan","nan","nan"
3594,3.594742,"nan","nan","nan"
3595,3.595730,"nan","nan","nan"
3596,3.596733,"nan","nan","nan"
3597,3.597733,"nan","nan","nan"
3598,3.598732,"nan","nan","nan"
3599,3.599732,"nan","nan","nan"
3600,3.600731,"nan","nan","nan"
3601,3.601751,"nan","nan","nan"
3602,3.602738,"nan","nan","nan"
3603,3.603738,"nan","nan","nan"
3604,3.604745,"nan","nan","nan"
3605,3.605732,"nan","nan","nan"
3606,3.606737,"nan","nan","nan"
3607,3.607737,"nan","nan","nan"
3608,3.608737,"nan","nan","nan"
3609,3.609737,"nan","nan","nan"
3610,3.610736,"nan","nan","nan"
3611,3.611737,"nan","nan","nan"
3612,3.612738,"nan","nan","nan"
3613,3.613737,"nan","nan","nan"
3614,3.614737,"nan","nan","nan"
3615,3.615750,"nan","nan","nan"
3616,3.616728,"nan","nan","nan"
3617,3.617728,"nan","nan","nan"
3618,3.618727,"nan","nan","nan"
3619,3.619728,"nan","nan","nan"
3620,3.620729,"nan","nan","nan"
3621,3.621728,"nan","nan","nan"
3622,3.622729,"nan","nan","nan"
3623,3.623727,"nan","nan","nan"
3624,3.624729,"nan","nan","nan"
3625,3.625743,"nan","nan","nan"
3626,3.626735,"nan","nan","nan"
3627,3.627735,"nan","nan","nan"
3628,3.628736,"nan","nan","nan"
3629,3.629735,"nan","nan","nan"
3630,3.630736,"nan","nan","nan"
3631,3.631737,"nan","nan","nan"
3632,3.632737,"nan","nan","nan"
3633,3.633737,"nan","nan","nan"
3634,3.634737,"nan","nan","nan"
3635,3.635764,"nan","nan","nan"
3636,3.636749,"nan","nan","nan"
3637,3.637737,"nan","nan","nan"
3638,3.638738,"nan","nan","nan"
3639,3.639738,"nan","nan","nan"
3640,3.640739,"nan","nan","nan"
3641,3.641728,"nan","nan","nan"
3642,3.642727,"nan","nan","nan"
3643,3.643729,"nan","nan","nan"
3644,3.644729,"nan","nan","nan"
3645,3.645730,"nan","nan","nan"
3646,3.646746,"nan","nan","nan"
3647,3.647735,"nan","nan","nan"
3648,3.648734,"nan","nan","nan"
3649,3.649736,"nan","nan","nan"
3650,3.650737,"nan","nan","nan"
3651,3.651737,"nan","nan","nan"
3652,3.652738,"nan","nan","nan"
3653,3.653737,"nan","nan","nan"
3654,3.654745,"nan","nan","nan"
3655,3.655734,"nan","nan","nan"
3656,3.656764,"nan","nan","nan"
3657,3.657746,"nan","nan","nan"
3658,3.658735,"nan","nan","nan"
3659,3.659735,"nan","nan","nan"
3660,3.660737,"nan","nan","nan"
3661,3.661736,"nan","nan","nan"
3662,3.662734,"nan","nan","nan"
3663,3.663735,"nan","nan","nan"
3664,3.664736,"nan","nan","nan"
3665,3.665735,"nan","nan","nan"
3666,3.666738,"nan","nan","nan"
3667,3.667744,"nan","nan","nan"
3668,3.668731,"nan","nan","nan"
3669,3.669731,"nan","nan","nan"
3670,3.670731,"nan","nan","nan"
3671,3.671732,"nan","nan","nan"
3672,3.672731,"nan","nan","nan"
3673,3.673732,"nan","nan","nan"
3674,3.674731,"nan","nan","nan"
3675,3.675732,"nan","nan","nan"
3676,3.676735,"nan","nan","nan"
3677,3.677734,"nan","nan","nan"
3678,3.678751,"nan","nan","nan"
3679,3.679739,"nan","nan","nan"
3680,3.680739,"nan","nan","nan"
3681,3.681739,"nan","nan","nan"
3682,3.682738,"nan","nan","nan"
3683,3.683739,"nan","nan","nan"
3684,3.684739,"nan","nan","nan"
3685,3.685739,"nan","nan","nan"
3686,3.686729,"nan","nan","nan"
3687,3.687729,"nan","nan","nan"
3688,3.688745,"nan","nan","nan"
3689,3.689733,"nan","nan","nan"
3690,3.690734,"nan","nan","nan"
3691,3.691732,"nan","nan","nan"
3692,3.692733,"nan","nan","nan"
3693,3.693733,"nan","nan","nan"
3694,3.694733,"nan","nan","nan"
3695,3.695733,"nan","nan","nan"
3696,3.696736,"nan","nan","nan"
3697,3.697737,"nan","nan","nan"
3698,3.698738,"nan","nan","nan"
3699,3.699746,"nan","nan","nan"
3700,3.700736,"nan","nan","nan"
3701,3.701736,"nan","nan","nan"
3702,3.702737,"nan","nan","nan"
3703,3.703737,"nan","nan","nan"
3704,3.704737,"nan","nan","nan"
3705,3.705738,"nan","nan","nan"
3706,3.706745,"nan","nan","nan"
3707,3.707732,"nan","nan","nan"
3708,3.708733,"nan","nan","nan"
3709,3.709751,"nan","nan","nan"
3710,3.710726,"nan","nan","nan"
3711,3.711728,"nan","nan","nan"
3712,3.712728,"nan","nan","nan"
3713,3.713729,"nan","nan","nan"
3714,3.714728,"nan","nan","nan"
3715,3.715730,"nan","nan","nan"
3716,3.716734,"nan","nan","nan"
3717,3.717735,"nan","nan","nan"
3718,3.718735,"nan","nan","nan"
3719,3.719736,"nan","nan","nan"
3720,3.720743,"nan","nan","nan"
3721,3.721732,"nan","nan","nan"
3722,3.722732,"nan","nan","nan"
3723,3.723733,"nan","nan","nan"
3724,3.724732,"nan","nan","nan"
3725,3.725734,"nan","nan","nan"
3726,3.726737,"nan","nan","nan"
3727,3.727737,"nan","nan","nan"
3728,3.728736,"nan","nan","nan"
3729,3.729735,"nan","nan","nan"
3730,3.730744,"nan","nan","nan"
3731,3.731731,"nan","nan","nan"
3732,3.732732,"nan","nan","nan"
3733,3.733732,"nan","nan","nan"
3734,3.734731,"nan","nan","nan"
3735,3.735731,"nan","nan","nan"
3736,3.736734,"nan","nan","nan"
3737,3.737734,"nan","nan","nan"
3738,3.738734,"nan","nan","nan"
3739,3.739734,"nan","nan","nan"
3740,3.740734,"nan","nan","nan"
3741,3.741755,"nan","nan","nan"
3742,3.742731,"nan","nan","nan"
3743,3.743730,"nan","nan","nan"
3744,3.744731,"nan","nan","nan"
3745,3.745731,"nan","nan","nan"
3746,3.746734,"nan","nan","nan"
3747,3.747734,"nan","nan","nan"
3748,3.748733,"nan","nan","nan"
3749,3.749734,"nan","nan","nan"
3750,3.750734,"nan","nan","nan"
3751,3.751777,"nan","nan","nan"
3752,3.752726,"nan","nan","nan"
3753,3.753728,"nan","nan","nan"
3754,3.754728,"nan","nan","nan"
3755,3.755729,"nan","nan","nan"
3756,3.756732,"nan","nan","nan"
3757,3.757732,"nan","nan","nan"
3758,3.758731,"nan","nan","nan"
3759,3.759732,"nan","nan","nan"
3760,3.760731,"nan","nan","nan"
3761,3.761732,"nan","nan","nan"
3762,3.762743,"nan","nan","nan"
3763,3.763956,"nan","nan","nan"
3764,3.764733,"nan","nan","nan"
3765,3.765734,"nan","nan","nan"
3766,3.766737,"nan","nan","nan"
3767,3.767738,"nan","nan","nan"
3768,3.768738,"nan","nan","nan"
3769,3.769740,"nan","nan","nan"
3770,3.770728,"nan","nan","nan"
3771,3.771727,"nan","nan","nan"
3772,3.772750,"nan","nan","nan"
3773,3.773738,"nan","nan","nan"
3774,3.774739,"nan","nan","nan"
3775,3.775739,"nan","nan","nan"
3776,3.776729,"nan","nan","nan"
3777,3.777731,"nan","nan","nan"
3778,3.778732,"nan","nan","nan"
3779,3.779732,"nan","nan","nan"
3780,3.780733,"nan","nan","nan"
3781,3.781734,"nan","nan","nan"
3782,3.782734,"nan","nan","nan"
3783,3.783755,"nan","nan","nan"
3784,3.784731,"nan","nan","nan"
3785,3.785732,"nan","nan","nan"
3786,3.786736,"nan","nan","nan"
3787,3.787735,"nan","nan","nan"
3788,3.788736,"nan","nan","nan"
3789,3.789736,"nan","nan","nan"
3790,3.790737,"nan","nan","nan"
3791,3.791738,"nan","nan","nan"
3792,3.792737,"nan","nan","nan"
3793,3.793769,"nan","nan","nan"
3794,3.794732,"nan","nan","nan"
3795,3.795733,"nan","nan","nan"
3796,3.796734,"nan","nan","nan"
3797,3.797736,"nan","nan","nan"
3798,3.798736,"nan","nan","nan"
3799,3.799736,"nan","nan","nan"
3800,3.800736,"nan","nan","nan"
3801,3.801735,"nan","nan","nan"
3802,3.802736,"nan","nan","nan"
3803,3.803736,"nan","nan","nan"
3804,3.804747,"nan","nan","nan"
3805,3.805736,"nan","nan","nan"
3806,3.806737,"nan","nan","nan"
3807,3.807739,"nan","nan","nan"
3808,3.808739,"nan","nan","nan"
3809,3.809728,"nan","nan","nan"
3810,3.810727,"nan","nan","nan"
3811,3.811728,"nan","nan","nan"
3812,3.812728,"nan","nan","nan"
3813,3.813728,"nan","nan","nan"
3814,3.814742,"nan","nan","nan"
3815,3.815806,"nan","nan","nan"
3816,3.816734,"nan","nan","nan"
3817,3.817735,"nan","nan","nan"
3818,3.818735,"nan","nan","nan"
3819,3.819735,"nan","nan","nan"
3820,3.820734,"nan","nan","nan"
3821,3.821735,"nan","nan","nan"
3822,3.822735,"nan","nan","nan"
3823,3.823735,"nan","nan","nan"
3824,3.824735,"nan","nan","nan"
3825,3.825747,"nan","nan","nan"
3826,3.826738,"nan","nan","nan"
3827,3.827739,"nan","nan","nan"
3828,3.828728,"nan","nan","nan"
3829,3.829728,"nan","nan","nan"
3830,3.830729,"nan","nan","nan"
3831,3.831729,"nan","nan","nan"
3832,3.832730,"nan","nan","nan"
3833,3.833730,"nan","nan","nan"
3834,3.834730,"nan","nan","nan"
3835,3.835754,"nan","nan","nan"
3836,3.836733,"nan","nan","nan"
3837,3.837733,"nan","nan","nan"
3838,3.838734,"nan","nan","nan"
3839,3.839733,"nan","nan","nan"
3840,3.840735,"nan","nan","nan"
3841,3.841736,"nan","nan","nan"
3842,3.842736,"nan","nan","nan"
3843,3.843737,"nan","nan","nan"
3844,3.844736,"nan","nan","nan"
3845,3.845738,"nan","nan","nan"
3846,3.846743,"nan","nan","nan"
3847,3.847732,"nan","nan","nan"
3848,3.848731,"nan","nan","nan"
3849,3.849732,"nan","nan","nan"
3850,3.850733,"nan","nan","nan"
3851,3.851733,"nan","nan","nan"
3852,3.852734,"nan","nan","nan"
3853,3.853735,"nan","nan","nan"
3854,3.854735,"nan","nan","nan"
3855,3.855736,"nan","nan","nan"
3856,3.856746,"nan","nan","nan"
3857,3.857734,"nan","nan","nan"
3858,3.858733,"nan","nan","nan"
3859,3.859733,"nan","nan","nan"
3860,3.860734,"nan","nan","nan"
3861,3.861733,"nan","nan","nan"
3862,3.862733,"nan","nan","nan"
3863,3.863732,"nan","nan","nan"
3864,3.864733,"nan","nan","nan"
3865,3.865732,"nan","nan","nan"
3866,3.866762,"nan","nan","nan"
3867,3.867754,"nan","nan","nan"
3868,3.868730,"nan","nan","nan"
3869,3.869730,"nan","nan","nan"
3870,3.870730,"nan","nan","nan"
3871,3.871754,"nan","nan","nan"
3872,3.872752,"nan","nan","nan"
3873,3.873728,"nan","nan","nan"
3874,3.874728,"nan","nan","nan"
3875,3.875728,"nan","nan","nan"
3876,3.876732,"nan","nan","nan"
3877,3.877750,"nan","nan","nan"
3878,3.878737,"nan","nan","nan"
3879,3.879738,"nan","nan","nan"
3880,3.880738,"nan","nan","nan"
3881,3.881738,"nan","nan","nan"
3882,3.882738,"nan","nan","nan"
3883,3.883737,"nan","nan","nan"
3884,3.884738,"nan","nan","nan"
3885,3.885738,"nan","nan","nan"
3886,3.886727,"nan","nan","nan"
3887,3.887729,"nan","nan","nan"
3888,3.888754,"nan","nan","nan"
3889,3.889729,"nan","nan","nan"
3890,3.890729,"nan","nan","nan"
3891,3.891729,"nan","nan","nan"
3892,3.892730,"nan","nan","nan"
3893,3.893731,"nan","nan","nan"
3894,3.894731,"nan","nan","nan"
3895,3.895732,"nan","nan","nan"
3896,3.896735,"nan","nan","nan"
3897,3.897735,"nan","nan","nan"
3898,3.898753,"nan","nan","nan"
3899,3.899729,"nan","nan","nan"
3900,3.900730,"nan","nan","nan"
3901,3.901729,"nan","nan","nan"
3902,3.902730,"nan","nan","nan"
3903,3.903730,"nan","nan","nan"
3904,3.904731,"nan","nan","nan"
3905,3.905731,"nan","nan","nan"
3906,3.906734,"nan","nan","nan"
3907,3.907735,"nan","nan","nan"
3908,3.908762,"nan","nan","nan"
3909,3.909752,"nan","nan","nan"
3910,3.910728,"nan","nan","nan"
3911,3.911729,"nan","nan","nan"
3912,3.912730,"nan","nan","nan"
3913,3.913730,"nan","nan","nan"
3914,3.914731,"nan","nan","nan"
3915,3.915730,"nan","nan","nan"
3916,3.916735,"nan","nan","nan"
3917,3.917736,"nan","nan","nan"
3918,3.918737,"nan","nan","nan"
3919,3.919754,"nan","nan","nan"
3920,3.920729,"nan","nan","nan"
3921,3.921730,"nan","nan","nan"
3922,3.922730,"nan","nan","nan"
3923,3.923730,"nan","nan","nan"
3924,3.924728,"nan","nan","nan"
3925,3.925729,"nan","nan","nan"
3926,3.926732,"nan","nan","nan"
3927,3.927732,"nan","nan","nan"
3928,3.928732,"nan","nan","nan"
3929,3.929732,"nan","nan","nan"
3930,3.930775,"nan","nan","nan"
3931,3.931754,"nan","nan","nan"
3932,3.932729,"nan","nan","nan"
3933,3.933729,"nan","nan","nan"
3934,3.934728,"nan","nan","nan"
3935,3.935729,"nan","nan","nan"
3936,3.936733,"nan","nan","nan"
3937,3.937733,"nan","nan","nan"
3938,3.938733,"nan","nan","nan"
3939,3.939731,"nan","nan","nan"
3940,3.940967,"nan","nan","nan"
3941,3.941729,"nan","nan","nan"
3942,3.942730,"nan","nan","nan"
3943,3.943730,"nan","nan","nan"
3944,3.944729,"nan","nan","nan"
3945,3.945729,"nan","nan","nan"
3946,3.946733,"nan","nan","nan"
3947,3.947732,"nan","nan","nan"
3948,3.948733,"nan","nan","nan"
3949,3.949732,"nan","nan","nan"
3950,3.950732,"nan","nan","nan"
3951,3.951747,"nan","nan","nan"
3952,3.952736,"nan","nan","nan"
3953,3.953736,"nan","nan","nan"
3954,3.954735,"nan","nan","nan"
3955,3.955736,"nan","nan","nan"
3956,3.956728,"nan","nan","nan"
3957,3.957728,"nan","nan","nan"
3958,3.958728,"nan","nan","nan"
3959,3.959728,"nan","nan","nan"
3960,3.960729,"nan","nan","nan"
3961,3.961768,"nan","nan","nan"
3962,3.962736,"nan","nan","nan"
3963,3.963738,"nan","nan","nan"
3964,3.964737,"nan","nan","nan"
3965,3.965739,"nan","nan","nan"
3966,3.966730,"nan","nan","nan"
3967,3.967731,"nan","nan","nan"
3968,3.968730,"nan","nan","nan"
3969,3.969731,"nan","nan","nan"
3970,3.970731,"nan","nan","nan"
3971,3.971732,"nan","nan","nan"
3972,3.972743,"nan","nan","nan"
3973,3.973730,"nan","nan","nan"
3974,3.974732,"nan","nan","nan"
3975,3.975732,"nan","nan","nan"
3976,3.976736,"nan","nan","nan"
3977,3.977736,"nan","nan","nan"
3978,3.978736,"nan","nan","nan"
3979,3.979737,"nan","nan","nan"
3980,3.980738,"nan","nan","nan"
3981,3.981739,"nan","nan","nan"
3982,3.982802,"nan","nan","nan"
3983,3.983734,"nan","nan","nan"
3984,3.984736,"nan","nan","nan"
3985,3.985736,"nan","nan","nan"
3986,3.986754,"nan","nan","nan"
3987,3.987744,"nan","nan","nan"
3988,3.988732,"nan","nan","nan"
3989,3.989732,"nan","nan","nan"
3990,3.990732,"nan","nan","nan"
3991,3.991731,"nan","nan","nan"
3992,3.992731,"nan","nan","nan"
3993,3.993751,"nan","nan","nan"
3994,3.994728,"nan","nan","nan"
3995,3.995728,"nan","nan","nan"
3996,3.996730,"nan","nan","nan"
3997,3.997731,"nan","nan","nan"
3998,3.998731,"nan","nan","nan"
3999,3.999731,"nan","nan","nan"
4000,4.000731,"nan","nan","nan"
4001,4.001730,"nan","nan","nan"
4002,4.002731,"nan","nan","nan"
4003,4.003835,"nan","nan","nan"
4004,4.004728,"nan","nan","nan"
4005,4.005728,"nan","nan","nan"
4006,4.006731,"nan","nan","nan"
4007,4.007732,"nan","nan","nan"
4008,4.008732,"nan","nan","nan"
4009,4.009732,"nan","nan","nan"
4010,4.010731,"nan","nan","nan"
4011,4.011731,"nan","nan","nan"
4012,4.012731,"nan","nan","nan"
4013,4.013731,"nan","nan","nan"
4014,4.014749,"nan","nan","nan"
4015,4.015737,"nan","nan","nan"
4016,4.016728,"nan","nan","nan"
4017,4.017728,"nan","nan","nan"
4018,4.018728,"nan","nan","nan"
4019,4.019728,"nan","nan","nan"
4020,4.020727,"nan","nan","nan"
4021,4.021728,"nan","nan","nan"
4022,4.022728,"nan","nan","nan"
4023,4.023728,"nan","nan","nan"
4024,4.024754,"nan","nan","nan"
4025,4.025746,"nan","nan","nan"
4026,4.026737,"nan","nan","nan"
4027,4.027738,"nan","nan","nan"
4028,4.028740,"nan","nan","nan"
4029,4.029729,"nan","nan","nan"
4030,4.030729,"nan","nan","nan"
4031,4.031729,"nan","nan","nan"
4032,4.032730,"nan","nan","nan"
4033,4.033731,"nan","nan","nan"
4034,4.034731,"nan","nan","nan"
4035,4.035751,"nan","nan","nan"
4036,4.036730,"nan","nan","nan"
4037,4.037730,"nan","nan","nan"
4038,4.038748,"nan","nan","nan"
4039,4.039737,"nan","nan","nan"
4040,4.040736,"nan","nan","nan"
4041,4.041738,"nan","nan","nan"
4042,4.042738,"nan","nan","nan"
4043,4.043727,"nan","nan","nan"
4044,4.044727,"nan","nan","nan"
4045,4.045728,"nan","nan","nan"
4046,4.046743,"nan","nan","nan"
4047,4.047732,"nan","nan","nan"
4048,4.048733,"nan","nan","nan"
4049,4.049732,"nan","nan","nan"
4050,4.050734,"nan","nan","nan"
4051,4.051734,"nan","nan","nan"
4052,4.052735,"nan","nan","nan"
4053,4.053735,"nan","nan","nan"
4054,4.054733,"nan","nan","nan"
4055,4.055734,"nan","nan","nan"
4056,4.056752,"nan","nan","nan"
4057,4.057738,"nan","nan","nan"
4058,4.058739,"nan","nan","nan"
4059,4.059739,"nan","nan","nan"
4060,4.060738,"nan","nan","nan"
4061,4.061739,"nan","nan","nan"
4062,4.062739,"nan","nan","nan"
4063,4.063739,"nan","nan","nan"
4064,4.064726,"nan","nan","nan"
4065,4.065739,"nan","nan","nan"
4066,4.066755,"nan","nan","nan"
4067,4.067746,"nan","nan","nan"
4068,4.068735,"nan","nan","nan"
4069,4.069734,"nan","nan","nan"
4070,4.070734,"nan","nan","nan"
4071,4.071734,"nan","nan","nan"
4072,4.072734,"nan","nan","nan"
4073,4.073732,"nan","nan","nan"
4074,4.074734,"nan","nan","nan"
4075,4.075734,"nan","nan","nan"
4076,4.076737,"nan","nan","nan"
4077,4.077752,"nan","nan","nan"
4078,4.078728,"nan","nan","nan"
4079,4.079729,"nan","nan","nan"
4080,4.080728,"nan","nan","nan"
4081,4.081729,"nan","nan","nan"
4082,4.082727,"nan","nan","nan"
4083,4.083729,"nan","nan","nan"
4084,4.084729,"nan","nan","nan"
4085,4.085729,"nan","nan","nan"
4086,4.086732,"nan","nan","nan"
4087,4.087756,"nan","nan","nan"
4088,4.088749,"nan","nan","nan"
4089,4.089738,"nan","nan","nan"
4090,4.090739,"nan","nan","nan"
4091,4.091728,"nan","nan","nan"
4092,4.092749,"nan","nan","nan"
4093,4.093728,"nan","nan","nan"
4094,4.094728,"nan","nan","nan"
4095,4.095729,"nan","nan","nan"
4096,4.096733,"nan","nan","nan"
4097,4.097732,"nan","nan","nan"
4098,4.098751,"nan","nan","nan"
4099,4.099739,"nan","nan","nan"
4100,4.100728,"nan","nan","nan"
4101,4.101727,"nan","nan","nan"
4102,4.102729,"nan","nan","nan"
4103,4.103730,"nan","nan","nan"
4104,4.104730,"nan","nan","nan"
4105,4.105731,"nan","nan","nan"
4106,4.106735,"nan","nan","nan"
4107,4.107734,"nan","nan","nan"
4108,4.108736,"nan","nan","nan"
4109,4.109743,"nan","nan","nan"
4110,4.110732,"nan","nan","nan"
4111,4.111732,"nan","nan","nan"
4112,4.112733,"nan","nan","nan"
4113,4.113734,"nan","nan","nan"
4114,4.114735,"nan","nan","nan"
4115,4.115735,"nan","nan","nan"
4116,4.116726,"nan","nan","nan"
4117,4.117738,"nan","nan","nan"
4118,4.118727,"nan","nan","nan"
4119,4.119753,"nan","nan","nan"
4120,4.120728,"nan","nan","nan"
4121,4.121729,"nan","nan","nan"
4122,4.122729,"nan","nan","nan"
4123,4.123729,"nan","nan","nan"
4124,4.124729,"nan","nan","nan"
4125,4.125728,"nan","nan","nan"
4126,4.126732,"nan","nan","nan"
4127,4.127732,"nan","nan","nan"
4128,4.128732,"nan","nan","nan"
4129,4.129732,"nan","nan","nan"
4130,4.130753,"nan","nan","nan"
4131,4.131730,"nan","nan","nan"
4132,4.132730,"nan","nan","nan"
4133,4.133730,"nan","nan","nan"
4134,4.134730,"nan","nan","nan"
4135,4.135729,"nan","nan","nan"
4136,4.136733,"nan","nan","nan"
4137,4.137733,"nan","nan","nan"
4138,4.138733,"nan","nan","nan"
4139,4.139733,"nan","nan","nan"
4140,4.140746,"nan","nan","nan"
4141,4.141736,"nan","nan","nan"
4142,4.142736,"nan","nan","nan"
4143,4.143736,"nan","nan","nan"
4144,4.144736,"nan","nan","nan"
4145,4.145734,"nan","nan","nan"
4146,4.146738,"nan","nan","nan"
4147,4.147739,"nan","nan","nan"
4148,4.148739,"nan","nan","nan"
4149,4.149750,"nan","nan","nan"
4150,4.150736,"nan","nan","nan"
4151,4.151753,"nan","nan","nan"
4152,4.152728,"nan","nan","nan"
4153,4.153728,"nan","nan","nan"
4154,4.154728,"nan","nan","nan"
4155,4.155729,"nan","nan","nan"
4156,4.156733,"nan","nan","nan"
4157,4.157733,"nan","nan","nan"
4158,4.158734,"nan","nan","nan"
4159,4.159733,"nan","nan","nan"
4160,4.160735,"nan","nan","nan"
4161,4.161760,"nan","nan","nan"
4162,4.162735,"nan","nan","nan"
4163,4.163736,"nan","nan","nan"
4164,4.164735,"nan","nan","nan"
4165,4.165737,"nan","nan","nan"
4166,4.166728,"nan","nan","nan"
4167,4.167729,"nan","nan","nan"
4168,4.168728,"nan","nan","nan"
4169,4.169730,"nan","nan","nan"
4170,4.170731,"nan","nan","nan"
4171,4.171731,"nan","nan","nan"
4172,4.172747,"nan","nan","nan"
4173,4.173736,"nan","nan","nan"
4174,4.174735,"nan","nan","nan"
4175,4.175737,"nan","nan","nan"
4176,4.176728,"nan","nan","nan"
4177,4.177729,"nan","nan","nan"
4178,4.178728,"nan","nan","nan"
4179,4.179729,"nan","nan","nan"
4180,4.180730,"nan","nan","nan"
4181,4.181730,"nan","nan","nan"
4182,4.182754,"nan","nan","nan"
4183,4.183729,"nan","nan","nan"
4184,4.184730,"nan","nan","nan"
4185,4.185730,"nan","nan","nan"
4186,4.186732,"nan","nan","nan"
4187,4.187732,"nan","nan","nan"
4188,4.188732,"nan","nan","nan"
4189,4.189732,"nan","nan","nan"
4190,4.190732,"nan","nan","nan"
4191,4.191732,"nan","nan","nan"
4192,4.192732,"nan","nan","nan"
4193,4.193747,"nan","nan","nan"
4194,4.194735,"nan","nan","nan"
4195,4.195735,"nan","nan","nan"
4196,4.196738,"nan","nan","nan"
4197,4.197738,"nan","nan","nan"
4198,4.198737,"nan","nan","nan"
4199,4.199738,"nan","nan","nan"
4200,4.200738,"nan","nan","nan"
4201,4.201738,"nan","nan","nan"
4202,4.202738,"nan","nan","nan"
4203,4.203782,"nan","nan","nan"
4204,4.204732,"nan","nan","nan"
4205,4.205732,"nan","nan","nan"
4206,4.206735,"nan","nan","nan"
4207,4.207751,"nan","nan","nan"
4208,4.208738,"nan","nan","nan"
4209,4.209740,"nan","nan","nan"
4210,4.210728,"nan","nan","nan"
4211,4.211727,"nan","nan","nan"
4212,4.212728,"nan","nan","nan"
4213,4.213728,"nan","nan","nan"
4214,4.214746,"nan","nan","nan"
4215,4.215734,"nan","nan","nan"
4216,4.216737,"nan","nan","nan"
4217,4.217737,"nan","nan","nan"
4218,4.218737,"nan","nan","nan"
4219,4.219738,"nan","nan","nan"
4220,4.220738,"nan","nan","nan"
4221,4.221739,"nan","nan","nan"
4222,4.222727,"nan","nan","nan"
4223,4.223728,"nan","nan","nan"
4224,4.224748,"nan","nan","nan"
4225,4.225735,"nan","nan","nan"
4226,4.226727,"nan","nan","nan"
4227,4.227739,"nan","nan","nan"
4228,4.228728,"nan","nan","nan"
4229,4.229729,"nan","nan","nan"
4230,4.230728,"nan","nan","nan"
4231,4.231730,"nan","nan","nan"
4232,4.232731,"nan","nan","nan"
4233,4.233731,"nan","nan","nan"
4234,4.234732,"nan","nan","nan"
4235,4.235743,"nan","nan","nan"
4236,4.236734,"nan","nan","nan"
4237,4.237736,"nan","nan","nan"
4238,4.238737,"nan","nan","nan"
4239,4.239737,"nan","nan","nan"
4240,4.240738,"nan","nan","nan"
4241,4.241737,"nan","nan","nan"
4242,4.242739,"nan","nan","nan"
4243,4.243739,"nan","nan","nan"
4244,4.244728,"nan","nan","nan"
4245,4.245833,"nan","nan","nan"
4246,4.246736,"nan","nan","nan"
4247,4.247738,"nan","nan","nan"
4248,4.248739,"nan","nan","nan"
4249,4.249726,"nan","nan","nan"
4250,4.250728,"nan","nan","nan"
4251,4.251739,"nan","nan","nan"
4252,4.252740,"nan","nan","nan"
4253,4.253728,"nan","nan","nan"
4254,4.254727,"nan","nan","nan"
4255,4.255728,"nan","nan","nan"
4256,4.256746,"nan","nan","nan"
4257,4.257734,"nan","nan","nan"
4258,4.258734,"nan","nan","nan"
4259,4.259734,"nan","nan","nan"
4260,4.260733,"nan","nan","nan"
4261,4.261734,"nan","nan","nan"
4262,4.262733,"nan","nan","nan"
4263,4.263734,"nan","nan","nan"
4264,4.264732,"nan","nan","nan"
4265,4.265744,"nan","nan","nan"
4266,4.266750,"nan","nan","nan"
4267,4.267736,"nan","nan","nan"
4268,4.268738,"nan","nan","nan"
4269,4.269737,"nan","nan","nan"
4270,4.270737,"nan","nan","nan"
4271,4.271737,"nan","nan","nan"
4272,4.272737,"nan","nan","nan"
4273,4.273737,"nan","nan","nan"
4274,4.274738,"nan","nan","nan"
4275,4.275737,"nan","nan","nan"
4276,4.276728,"nan","nan","nan"
4277,4.277747,"nan","nan","nan"
4278,4.278736,"nan","nan","nan"
4279,4.279735,"nan","nan","nan"
4280,4.280736,"nan","nan","nan"
4281,4.281736,"nan","nan","nan"
4282,4.282735,"nan","nan","nan"
4283,4.283735,"nan","nan","nan"
4284,4.284735,"nan","nan","nan"
4285,4.285735,"nan","nan","nan"
4286,4.286727,"nan","nan","nan"
4287,4.287757,"nan","nan","nan"
4288,4.288731,"nan","nan","nan"
4289,4.289734,"nan","nan","nan"
4290,4.290734,"nan","nan","nan"
4291,4.291735,"nan","nan","nan"
4292,4.292735,"nan","nan","nan"
4293,4.293735,"nan","nan","nan"
4294,4.294736,"nan","nan","nan"
4295,4.295737,"nan","nan","nan"
4296,4.296729,"nan","nan","nan"
4297,4.297728,"nan","nan","nan"
4298,4.298753,"nan","nan","nan"
4299,4.299730,"nan","nan","nan"
4300,4.300730,"nan","nan","nan"
4301,4.301731,"nan","nan","nan"
4302,4.302730,"nan","nan","nan"
4303,4.303732,"nan","nan","nan"
4304,4.304732,"nan","nan","nan"
4305,4.305733,"nan","nan","nan"
4306,4.306736,"nan","nan","nan"
4307,4.307737,"nan","nan","nan"
4308,4.308754,"nan","nan","nan"
4309,4.309729,"nan","nan","nan"
4310,4.310730,"nan","nan","nan"
4311,4.311731,"nan","nan","nan"
4312,4.312731,"nan","nan","nan"
4313,4.313732,"nan","nan","nan"
4314,4.314733,"nan","nan","nan"
4315,4.315733,"nan","nan","nan"
4316,4.316736,"nan","nan","nan"
4317,4.317733,"nan","nan","nan"
4318,4.318734,"nan","nan","nan"
4319,4.319748,"nan","nan","nan"
4320,4.320737,"nan","nan","nan"
4321,4.321737,"nan","nan","nan"
4322,4.322736,"nan","nan","nan"
4323,4.323737,"nan","nan","nan"
4324,4.324754,"nan","nan","nan"
4325,4.325729,"nan","nan","nan"
4326,4.326731,"nan","nan","nan"
4327,4.327732,"nan","nan","nan"
4328,4.328732,"nan","nan","nan"
4329,4.329744,"nan","nan","nan"
4330,4.330735,"nan","nan","nan"
4331,4.331735,"nan","nan","nan"
4332,4.332734,"nan","nan","nan"
4333,4.333735,"nan","nan","nan"
4334,4.334734,"nan","nan","nan"
4335,4.335734,"nan","nan","nan"
4336,4.336737,"nan","nan","nan"
4337,4.337737,"nan","nan","nan"
4338,4.338737,"nan","nan","nan"
4339,4.339737,"nan","nan","nan"
4340,4.340752,"nan","nan","nan"
4341,4.341728,"nan","nan","nan"
4342,4.342728,"nan","nan","nan"
4343,4.343728,"nan","nan","nan"
4344,4.344728,"nan","nan","nan"
4345,4.345728,"nan","nan","nan"
4346,4.346731,"nan","nan","nan"
4347,4.347732,"nan","nan","nan"
4348,4.348732,"nan","nan","nan"
4349,4.349732,"nan","nan","nan"
4350,4.350746,"nan","nan","nan"
4351,4.351733,"nan","nan","nan"
4352,4.352735,"nan","nan","nan"
4353,4.353735,"nan","nan","nan"
4354,4.354736,"nan","nan","nan"
4355,4.355736,"nan","nan","nan"
4356,4.356728,"nan","nan","nan"
4357,4.357728,"nan","nan","nan"
4358,4.358729,"nan","nan","nan"
4359,4.359728,"nan","nan","nan"
4360,4.360730,"nan","nan","nan"
4361,4.361754,"nan","nan","nan"
4362,4.362730,"nan","nan","nan"
4363,4.363730,"nan","nan","nan"
4364,4.364730,"nan","nan","nan"
4365,4.365731,"nan","nan","nan"
4366,4.366735,"nan","nan","nan"
4367,4.367736,"nan","nan","nan"
4368,4.368736,"nan","nan","nan"
4369,4.369736,"nan","nan","nan"
4370,4.370736,"nan","nan","nan"
4371,4.371754,"nan","nan","nan"
4372,4.372729,"nan","nan","nan"
4373,4.373731,"nan","nan","nan"
4374,4.374746,"nan","nan","nan"
4375,4.375734,"nan","nan","nan"
4376,4.376738,"nan","nan","nan"
4377,4.377739,"nan","nan","nan"
4378,4.378739,"nan","nan","nan"
4379,4.379727,"nan","nan","nan"
4380,4.380739,"nan","nan","nan"
4381,4.381728,"nan","nan","nan"
4382,4.382752,"nan","nan","nan"
4383,4.383726,"nan","nan","nan"
4384,4.384727,"nan","nan","nan"
4385,4.385740,"nan","nan","nan"
4386,4.386730,"nan","nan","nan"
4387,4.387731,"nan","nan","nan"
4388,4.388730,"nan","nan","nan"
4389,4.389731,"nan","nan","nan"
4390,4.390731,"nan","nan","nan"
4391,4.391731,"nan","nan","nan"
4392,4.392743,"nan","nan","nan"
4393,4.393730,"nan","nan","nan"
4394,4.394731,"nan","nan","nan"
4395,4.395731,"nan","nan","nan"
4396,4.396734,"nan","nan","nan"
4397,4.397735,"nan","nan","nan"
4398,4.398734,"nan","nan","nan"
4399,4.399734,"nan","nan","nan"
4400,4.400735,"nan","nan","nan"
4401,4.401734,"nan","nan","nan"
4402,4.402735,"nan","nan","nan"
4403,4.403754,"nan","nan","nan"
4404,4.404730,"nan","nan","nan"
4405,4.405730,"nan","nan","nan"
4406,4.406733,"nan","nan","nan"
4407,4.407733,"nan","nan","nan"
4408,4.408733,"nan","nan","nan"
4409,4.409732,"nan","nan","nan"
4410,4.410733,"nan","nan","nan"
4411,4.411733,"nan","nan","nan"
4412,4.412733,"nan","nan","nan"
4413,4.413749,"nan","nan","nan"
4414,4.414736,"nan","nan","nan"
4415,4.415737,"nan","nan","nan"
4416,4.416728,"nan","nan","nan"
4417,4.417728,"nan","nan","nan"
4418,4.418729,"nan","nan","nan"
4419,4.419730,"nan","nan","nan"
4420,4.420730,"nan","nan","nan"
4421,4.421731,"nan","nan","nan"
4422,4.422730,"nan","nan","nan"
4423,4.423732,"nan","nan","nan"
4424,4.424744,"nan","nan","nan"
4425,4.425732,"nan","nan","nan"
4426,4.426750,"nan","nan","nan"
4427,4.427739,"nan","nan","nan"
4428,4.428739,"nan","nan","nan"
4429,4.429740,"nan","nan","nan"
4430,4.430729,"nan","nan","nan"
4431,4.431728,"nan","nan","nan"
4432,4.432730,"nan","nan","nan"
4433,4.433730,"nan","nan","nan"
4434,4.434746,"nan","nan","nan"
4435,4.435734,"nan","nan","nan"
4436,4.436738,"nan","nan","nan"
4437,4.437737,"nan","nan","nan"
4438,4.438739,"nan","nan","nan"
4439,4.439728,"nan","nan","nan"
4440,4.440729,"nan","nan","nan"
4441,4.441728,"nan","nan","nan"
4442,4.442729,"nan","nan","nan"
4443,4.443730,"nan","nan","nan"
4444,4.444755,"nan","nan","nan"
4445,4.445750,"nan","nan","nan"
4446,4.446729,"nan","nan","nan"
4447,4.447729,"nan","nan","nan"
4448,4.448729,"nan","nan","nan"
4449,4.449729,"nan","nan","nan"
4450,4.450728,"nan","nan","nan"
4451,4.451729,"nan","nan","nan"
4452,4.452730,"nan","nan","nan"
4453,4.453729,"nan","nan","nan"
4454,4.454730,"nan","nan","nan"
4455,4.455748,"nan","nan","nan"
4456,4.456737,"nan","nan","nan"
4457,4.457739,"nan","nan","nan"
4458,4.458739,"nan","nan","nan"
4459,4.459728,"nan","nan","nan"
4460,4.460727,"nan","nan","nan"
4461,4.461728,"nan","nan","nan"
4462,4.462727,"nan","nan","nan"
4463,4.463728,"nan","nan","nan"
4464,4.464727,"nan","nan","nan"
4465,4.465728,"nan","nan","nan"
4466,4.466748,"nan","nan","nan"
4467,4.467736,"nan","nan","nan"
4468,4.468736,"nan","nan","nan"
4469,4.469736,"nan","nan","nan"
4470,4.470734,"nan","nan","nan"
4471,4.471736,"nan","nan","nan"
4472,4.472736,"nan","nan","nan"
4473,4.473736,"nan","nan","nan"
4474,4.474736,"nan","nan","nan"
4475,4.475735,"nan","nan","nan"
4476,4.476766,"nan","nan","nan"
4477,4.477730,"nan","nan","nan"
4478,4.478731,"nan","nan","nan"
4479,4.479729,"nan","nan","nan"
4480,4.480731,"nan","nan","nan"
4481,4.481731,"nan","nan","nan"
4482,4.482731,"nan","nan","nan"
4483,4.483753,"nan","nan","nan"
4484,4.484728,"nan","nan","nan"
4485,4.485730,"nan","nan","nan"
4486,4.486734,"nan","nan","nan"
4487,4.487747,"nan","nan","nan"
4488,4.488736,"nan","nan","nan"
4489,4.489735,"nan","nan","nan"
4490,4.490736,"nan","nan","nan"
4491,4.491737,"nan","nan","nan"
4492,4.492738,"nan","nan","nan"
4493,4.493738,"nan","nan","nan"
4494,4.494726,"nan","nan","nan"
4495,4.495739,"nan","nan","nan"
4496,4.496731,"nan","nan","nan"
4497,4.497797,"nan","nan","nan"
4498,4.498735,"nan","nan","nan"
4499,4.499735,"nan","nan","nan"
4500,4.500736,"nan","nan","nan"
4501,4.501737,"nan","nan","nan"
4502,4.502738,"nan","nan","nan"
4503,4.503739,"nan","nan","nan"
4504,4.504737,"nan","nan","nan"
4505,4.505739,"nan","nan","nan"
4506,4.506730,"nan","nan","nan"
4507,4.507731,"nan","nan","nan"
4508,4.508747,"nan","nan","nan"
4509,4.509738,"nan","nan","nan"
4510,4.510739,"nan","nan","nan"
4511,4.511727,"nan","nan","nan"
4512,4.512727,"nan","nan","nan"
4513,4.513728,"nan","nan","nan"
4514,4.514739,"nan","nan","nan"
4515,4.515727,"nan","nan","nan"
4516,4.516731,"nan","nan","nan"
4517,4.517729,"nan","nan","nan"
4518,4.518846,"nan","nan","nan"
4519,4.519739,"nan","nan","nan"
4520,4.520740,"nan","nan","nan"
4521,4.521728,"nan","nan","nan"
4522,4.522727,"nan","nan","nan"
4523,4.523728,"nan","nan","nan"
4524,4.524728,"nan","nan","nan"
4525,4.525728,"nan","nan","nan"
4526,4.526731,"nan","nan","nan"
4527,4.527730,"nan","nan","nan"
4528,4.528731,"nan","nan","nan"
4529,4.529744,"nan","nan","nan"
4530,4.530731,"nan","nan","nan"
4531,4.531732,"nan","nan","nan"
4532,4.532731,"nan","nan","nan"
4533,4.533732,"nan","nan","nan"
4534,4.534731,"nan","nan","nan"
4535,4.535731,"nan","nan","nan"
4536,4.536734,"nan","nan","nan"
4537,4.537734,"nan","nan","nan"
4538,4.538734,"nan","nan","nan"
4539,4.539760,"nan","nan","nan"
4540,4.540752,"nan","nan","nan"
4541,4.541727,"nan","nan","nan"
4542,4.542728,"nan","nan","nan"
4543,4.543728,"nan","nan","nan"
4544,4.544729,"nan","nan","nan"
4545,4.545729,"nan","nan","nan"
4546,4.546731,"nan","nan","nan"
4547,4.547732,"nan","nan","nan"
4548,4.548733,"nan","nan","nan"
4549,4.549733,"nan","nan","nan"
4550,4.550750,"nan","nan","nan"
4551,4.551738,"nan","nan","nan"
4552,4.552739,"nan","nan","nan"
4553,4.553727,"nan","nan","nan"
4554,4.554728,"nan","nan","nan"
4555,4.555727,"nan","nan","nan"
4556,4.556732,"nan","nan","nan"
4557,4.557733,"nan","nan","nan"
4558,4.558733,"nan","nan","nan"
4559,4.559733,"nan","nan","nan"
4560,4.560734,"nan","nan","nan"
4561,4.561749,"nan","nan","nan"
4562,4.562737,"nan","nan","nan"
4563,4.563737,"nan","nan","nan"
4564,4.564738,"nan","nan","nan"
4565,4.565739,"nan","nan","nan"
4566,4.566729,"nan","nan","nan"
4567,4.567730,"nan","nan","nan"
4568,4.568730,"nan","nan","nan"
4569,4.569731,"nan","nan","nan"
4570,4.570731,"nan","nan","nan"
4571,4.571748,"nan","nan","nan"
4572,4.572737,"nan","nan","nan"
4573,4.573738,"nan","nan","nan"
4574,4.574738,"nan","nan","nan"
4575,4.575726,"nan","nan","nan"
4576,4.576730,"nan","nan","nan"
4577,4.577731,"nan","nan","nan"
4578,4.578731,"nan","nan","nan"
4579,4.579729,"nan","nan","nan"
4580,4.580730,"nan","nan","nan"
4581,4.581730,"nan","nan","nan"
4582,4.582749,"nan","nan","nan"
4583,4.583738,"nan","nan","nan"
4584,4.584737,"nan","nan","nan"
4585,4.585736,"nan","nan","nan"
4586,4.586728,"nan","nan","nan"
4587,4.587728,"nan","nan","nan"
4588,4.588728,"nan","nan","nan"
4589,4.589728,"nan","nan","nan"
4590,4.590728,"nan","nan","nan"
4591,4.591728,"nan","nan","nan"
4592,4.592778,"nan","nan","nan"
4593,4.593748,"nan","nan","nan"
4594,4.594737,"nan","nan","nan"
4595,4.595736,"nan","nan","nan"
4596,4.596740,"nan","nan","nan"
4597,4.597727,"nan","nan","nan"
4598,4.598726,"nan","nan","nan"
4599,4.599727,"nan","nan","nan"
4600,4.600739,"nan","nan","nan"
4601,4.601727,"nan","nan","nan"
4602,4.602727,"nan","nan","nan"
4603,4.603743,"nan","nan","nan"
4604,4.604731,"nan","nan","nan"
4605,4.605731,"nan","nan","nan"
4606,4.606734,"nan","nan","nan"
4607,4.607734,"nan","nan","nan"
4608,4.608734,"nan","nan","nan"
4609,4.609733,"nan","nan","nan"
4610,4.610733,"nan","nan","nan"
4611,4.611733,"nan","nan","nan"
4612,4.612734,"nan","nan","nan"
4613,4.613753,"nan","nan","nan"
4614,4.614729,"nan","nan","nan"
4615,4.615730,"nan","nan","nan"
4616,4.616734,"nan","nan","nan"
4617,4.617735,"nan","nan","nan"
4618,4.618734,"nan","nan","nan"
4619,4.619736,"nan","nan","nan"
4620,4.620736,"nan","nan","nan"
4621,4.621737,"nan","nan","nan"
4622,4.622738,"nan","nan","nan"
4623,4.623763,"nan","nan","nan"
4624,4.624755,"nan","nan","nan"
4625,4.625730,"nan","nan","nan"
4626,4.626734,"nan","nan","nan"
4627,4.627734,"nan","nan","nan"
4628,4.628734,"nan","nan","nan"
4629,4.629736,"nan","nan","nan"
4630,4.630736,"nan","nan","nan"
4631,4.631736,"nan","nan","nan"
4632,4.632737,"nan","nan","nan"
4633,4.633736,"nan","nan","nan"
4634,4.634754,"nan","nan","nan"
4635,4.635729,"nan","nan","nan"
4636,4.636734,"nan","nan","nan"
4637,4.637732,"nan","nan","nan"
4638,4.638734,"nan","nan","nan"
4639,4.639735,"nan","nan","nan"
4640,4.640735,"nan","nan","nan"
4641,4.641736,"nan","nan","nan"
4642,4.642735,"nan","nan","nan"
4643,4.643736,"nan","nan","nan"
4644,4.644737,"nan","nan","nan"
4645,4.645751,"nan","nan","nan"
4646,4.646729,"nan","nan","nan"
4647,4.647730,"nan","nan","nan"
4648,4.648749,"nan","nan","nan"
4649,4.649737,"nan","nan","nan"
4650,4.650736,"nan","nan","nan"
4651,4.651737,"nan","nan","nan"
4652,4.652736,"nan","nan","nan"
4653,4.653737,"nan","nan","nan"
4654,4.654737,"nan","nan","nan"
4655,4.655753,"nan","nan","nan"
4656,4.656730,"nan","nan","nan"
4657,4.657732,"nan","nan","nan"
4658,4.658732,"nan","nan","nan"
4659,4.659732,"nan","nan","nan"
4660,4.660732,"nan","nan","nan"
4661,4.661731,"nan","nan","nan"
4662,4.662731,"nan","nan","nan"
4663,4.663731,"nan","nan","nan"
4664,4.664731,"nan","nan","nan"
4665,4.665755,"nan","nan","nan"
4666,4.666750,"nan","nan","nan"
4667,4.667738,"nan","nan","nan"
4668,4.668739,"nan","nan","nan"
4669,4.669739,"nan","nan","nan"
4670,4.670739,"nan","nan","nan"
4671,4.671727,"nan","nan","nan"
4672,4.672739,"nan","nan","nan"
4673,4.673739,"nan","nan","nan"
4674,4.674739,"nan","nan","nan"
4675,4.675739,"nan","nan","nan"
4676,4.676772,"nan","nan","nan"
4677,4.677735,"nan","nan","nan"
4678,4.678736,"nan","nan","nan"
4679,4.679737,"nan","nan","nan"
4680,4.680738,"nan","nan","nan"
4681,4.681737,"nan","nan","nan"
4682,4.682738,"nan","nan","nan"
4683,4.683739,"nan","nan","nan"
4684,4.684726,"nan","nan","nan"
4685,4.685728,"nan","nan","nan"
4686,4.686732,"nan","nan","nan"
4687,4.687746,"nan","nan","nan"
4688,4.688734,"nan","nan","nan"
4689,4.689735,"nan","nan","nan"
4690,4.690734,"nan","nan","nan"
4691,4.691735,"nan","nan","nan"
4692,4.692737,"nan","nan","nan"
4693,4.693737,"nan","nan","nan"
4694,4.694738,"nan","nan","nan"
4695,4.695737,"nan","nan","nan"
4696,4.696729,"nan","nan","nan"
4697,4.697755,"nan","nan","nan"
4698,4.698731,"nan","nan","nan"
4699,4.699730,"nan","nan","nan"
4700,4.700732,"nan","nan","nan"
4701,4.701733,"nan","nan","nan"
4702,4.702733,"nan","nan","nan"
4703,4.703734,"nan","nan","nan"
4704,4.704733,"nan","nan","nan"
4705,4.705734,"nan","nan","nan"
4706,4.706738,"nan","nan","nan"
4707,4.707765,"nan","nan","nan"
4708,4.708746,"nan","nan","nan"
4709,4.709732,"nan","nan","nan"
4710,4.710733,"nan","nan","nan"
4711,4.711732,"nan","nan","nan"
4712,4.712732,"nan","nan","nan"
4713,4.713732,"nan","nan","nan"
4714,4.714732,"nan","nan","nan"
4715,4.715732,"nan","nan","nan"
4716,4.716735,"nan","nan","nan"
4717,4.717735,"nan","nan","nan"
4718,4.718747,"nan","nan","nan"
4719,4.719734,"nan","nan","nan"
4720,4.720735,"nan","nan","nan"
4721,4.721734,"nan","nan","nan"
4722,4.722735,"nan","nan","nan"
4723,4.723733,"nan","nan","nan"
4724,4.724735,"nan","nan","nan"
4725,4.725735,"nan","nan","nan"
4726,4.726738,"nan","nan","nan"
4727,4.727738,"nan","nan","nan"
4728,4.728739,"nan","nan","nan"
4729,4.729751,"nan","nan","nan"
4730,4.730739,"nan","nan","nan"
4731,4.731727,"nan","nan","nan"
4732,4.732727,"nan","nan","nan"
4733,4.733728,"nan","nan","nan"
4734,4.734728,"nan","nan","nan"
4735,4.735728,"nan","nan","nan"
4736,4.736731,"nan","nan","nan"
4737,4.737730,"nan","nan","nan"
4738,4.738731,"nan","nan","nan"
4739,4.739748,"nan","nan","nan"
4740,4.740734,"nan","nan","nan"
4741,4.741735,"nan","nan","nan"
4742,4.742735,"nan","nan","nan"
4743,4.743735,"nan","nan","nan"
4744,4.744735,"nan","nan","nan"
4745,4.745735,"nan","nan","nan"
4746,4.746726,"nan","nan","nan"
4747,4.747728,"nan","nan","nan"
4748,4.748729,"nan","nan","nan"
4749,4.749756,"nan","nan","nan"
4750,4.750749,"nan","nan","nan"
4751,4.751738,"nan","nan","nan"
4752,4.752738,"nan","nan","nan"
4753,4.753738,"nan","nan","nan"
4754,4.754739,"nan","nan","nan"
4755,4.755728,"nan","nan","nan"
4756,4.756730,"nan","nan","nan"
4757,4.757732,"nan","nan","nan"
4758,4.758733,"nan","nan","nan"
4759,4.759733,"nan","nan","nan"
4760,4.760749,"nan","nan","nan"
4761,4.761737,"nan","nan","nan"
4762,4.762737,"nan","nan","nan"
4763,4.763738,"nan","nan","nan"
4764,4.764743,"nan","nan","nan"
4765,4.765732,"nan","nan","nan"
4766,4.766736,"nan","nan","nan"
4767,4.767736,"nan","nan","nan"
4768,4.768737,"nan","nan","nan"
4769,4.769737,"nan","nan","nan"
4770,4.770765,"nan","nan","nan"
4771,4.771751,"nan","nan","nan"
4772,4.772728,"nan","nan","nan"
4773,4.773728,"nan","nan","nan"
4774,4.774729,"nan","nan","nan"
4775,4.775727,"nan","nan","nan"
4776,4.776730,"nan","nan","nan"
4777,4.777730,"nan","nan","nan"
4778,4.778731,"nan","nan","nan"
4779,4.779731,"nan","nan","nan"
4780,4.780729,"nan","nan","nan"
4781,4.781749,"nan","nan","nan"
4782,4.782736,"nan","nan","nan"
4783,4.783737,"nan","nan","nan"
4784,4.784736,"nan","nan","nan"
4785,4.785737,"nan","nan","nan"
4786,4.786727,"nan","nan","nan"
4787,4.787740,"nan","nan","nan"
4788,4.788727,"nan","nan","nan"
4789,4.789726,"nan","nan","nan"
4790,4.790727,"nan","nan","nan"
4791,4.791766,"nan","nan","nan"
4792,4.792754,"nan","nan","nan"
4793,4.793729,"nan","nan","nan"
4794,4.794727,"nan","nan","nan"
4795,4.795729,"nan","nan","nan"
4796,4.796732,"nan","nan","nan"
4797,4.797732,"nan","nan","nan"
4798,4.798732,"nan","nan","nan"
4799,4.799732,"nan","nan","nan"
4800,4.800731,"nan","nan","nan"
4801,4.801732,"nan","nan","nan"
4802,4.802751,"nan","nan","nan"
4803,4.803728,"nan","nan","nan"
4804,4.804727,"nan","nan","nan"
4805,4.805727,"nan","nan","nan"
4806,4.806731,"nan","nan","nan"
4807,4.807731,"nan","nan","nan"
4808,4.808731,"nan","nan","nan"
4809,4.809730,"nan","nan","nan"
4810,4.810732,"nan","nan","nan"
4811,4.811732,"nan","nan","nan"
4812,4.812733,"nan","nan","nan"
4813,4.813752,"nan","nan","nan"
4814,4.814728,"nan","nan","nan"
4815,4.815729,"nan","nan","nan"
4816,4.816733,"nan","nan","nan"
4817,4.817733,"nan","nan","nan"
4818,4.818734,"nan","nan","nan"
4819,4.819733,"nan","nan","nan"
4820,4.820743,"nan","nan","nan"
4821,4.821732,"nan","nan","nan"
4822,4.822733,"nan","nan","nan"
4823,4.823748,"nan","nan","nan"
4824,4.824735,"nan","nan","nan"
4825,4.825738,"nan","nan","nan"
4826,4.826728,"nan","nan","nan"
4827,4.827729,"nan","nan","nan"
4828,4.828729,"nan","nan","nan"
4829,4.829730,"nan","nan","nan"
4830,4.830731,"nan","nan","nan"
4831,4.831732,"nan","nan","nan"
4832,4.832732,"nan","nan","nan"
4833,4.833757,"nan","nan","nan"
4834,4.834754,"nan","nan","nan"
4835,4.835730,"nan","nan","nan"
4836,4.836733,"nan","nan","nan"
4837,4.837734,"nan","nan","nan"
4838,4.838733,"nan","nan","nan"
4839,4.839735,"nan","nan","nan"
4840,4.840735,"nan","nan","nan"
4841,4.841734,"nan","nan","nan"
4842,4.842733,"nan","nan","nan"
4843,4.843733,"nan","nan","nan"
4844,4.844802,"nan","nan","nan"
4845,4.845730,"nan","nan","nan"
4846,4.846733,"nan","nan","nan"
4847,4.847734,"nan","nan","nan"
4848,4.848733,"nan","nan","nan"
4849,4.849733,"nan","nan","nan"
4850,4.850733,"nan","nan","nan"
4851,4.851733,"nan","nan","nan"
4852,4.852732,"nan","nan","nan"
4853,4.853732,"nan","nan","nan"
4854,4.854733,"nan","nan","nan"
4855,4.855753,"nan","nan","nan"
4856,4.856733,"nan","nan","nan"
4857,4.857732,"nan","nan","nan"
4858,4.858733,"nan","nan","nan"
4859,4.859733,"nan","nan","nan"
4860,4.860733,"nan","nan","nan"
4861,4.861733,"nan","nan","nan"
4862,4.862732,"nan","nan","nan"
4863,4.863732,"nan","nan","nan"
4864,4.864733,"nan","nan","nan"
4865,4.865752,"nan","nan","nan"
4866,4.866730,"nan","nan","nan"
4867,4.867731,"nan","nan","nan"
4868,4.868732,"nan","nan","nan"
4869,4.869732,"nan","nan","nan"
4870,4.870732,"nan","nan","nan"
4871,4.871730,"nan","nan","nan"
4872,4.872731,"nan","nan","nan"
4873,4.873731,"nan","nan","nan"
4874,4.874731,"nan","nan","nan"
4875,4.875731,"nan","nan","nan"
4876,4.876750,"nan","nan","nan"
4877,4.877738,"nan","nan","nan"
4878,4.878740,"nan","nan","nan"
4879,4.879748,"nan","nan","nan"
4880,4.880737,"nan","nan","nan"
4881,4.881738,"nan","nan","nan"
4882,4.882738,"nan","nan","nan"
4883,4.883739,"nan","nan","nan"
4884,4.884728,"nan","nan","nan"
4885,4.885727,"nan","nan","nan"
4886,4.886802,"nan","nan","nan"
4887,4.887728,"nan","nan","nan"
4888,4.888729,"nan","nan","nan"
4889,4.889730,"nan","nan","nan"
4890,4.890729,"nan","nan","nan"
4891,4.891731,"nan","nan","nan"
4892,4.892732,"nan","nan","nan"
4893,4.893732,"nan","nan","nan"
4894,4.894733,"nan","nan","nan"
4895,4.895732,"nan","nan","nan"
4896,4.896736,"nan","nan","nan"
4897,4.897753,"nan","nan","nan"
4898,4.898729,"nan","nan","nan"
4899,4.899730,"nan","nan","nan"
4900,4.900730,"nan","nan","nan"
4901,4.901731,"nan","nan","nan"
4902,4.902731,"nan","nan","nan"
4903,4.903731,"nan","nan","nan"
4904,4.904732,"nan","nan","nan"
4905,4.905731,"nan","nan","nan"
4906,4.906734,"nan","nan","nan"
4907,4.907774,"nan","nan","nan"
4908,4.908736,"nan","nan","nan"
4909,4.909737,"nan","nan","nan"
4910,4.910735,"nan","nan","nan"
4911,4.911736,"nan","nan","nan"
4912,4.912736,"nan","nan","nan"
4913,4.913737,"nan","nan","nan"
4914,4.914736,"nan","nan","nan"
4915,4.915736,"nan","nan","nan"
4916,4.916739,"nan","nan","nan"
4917,4.917727,"nan","nan","nan"
4918,4.918751,"nan","nan","nan"
4919,4.919739,"nan","nan","nan"
4920,4.920739,"nan","nan","nan"
4921,4.921739,"nan","nan","nan"
4922,4.922728,"nan","nan","nan"
4923,4.923726,"nan","nan","nan"
4924,4.924727,"nan","nan","nan"
4925,4.925739,"nan","nan","nan"
4926,4.926731,"nan","nan","nan"
4927,4.927731,"nan","nan","nan"
4928,4.928794,"nan","nan","nan"
4929,4.929728,"nan","nan","nan"
4930,4.930728,"nan","nan","nan"
4931,4.931728,"nan","nan","nan"
4932,4.932729,"nan","nan","nan"
4933,4.933728,"nan","nan","nan"
4934,4.934729,"nan","nan","nan"
4935,4.935750,"nan","nan","nan"
4936,4.936729,"nan","nan","nan"
4937,4.937729,"nan","nan","nan"
4938,4.938728,"nan","nan","nan"
4939,4.939749,"nan","nan","nan"
4940,4.940736,"nan","nan","nan"
4941,4.941738,"nan","nan","nan"
4942,4.942739,"nan","nan","nan"
4943,4.943727,"nan","nan","nan"
4944,4.944739,"nan","nan","nan"
4945,4.945728,"nan","nan","nan"
4946,4.946731,"nan","nan","nan"
4947,4.947732,"nan","nan","nan"
4948,4.948732,"nan","nan","nan"
4949,4.949798,"nan","nan","nan"
4950,4.950730,"nan","nan","nan"
4951,4.951732,"nan","nan","nan"
4952,4.952731,"nan","nan","nan"
4953,4.953732,"nan","nan","nan"
4954,4.954733,"nan","nan","nan"
4955,4.955734,"nan","nan","nan"
4956,4.956737,"nan","nan","nan"
4957,4.957738,"nan","nan","nan"
4958,4.958737,"nan","nan","nan"
4959,4.959739,"nan","nan","nan"
4960,4.960822,"nan","nan","nan"
4961,4.961736,"nan","nan","nan"
4962,4.962737,"nan","nan","nan"
4963,4.963737,"nan","nan","nan"
4964,4.964738,"nan","nan","nan"
4965,4.965739,"nan","nan","nan"
4966,4.966730,"nan","nan","nan"
4967,4.967730,"nan","nan","nan"
4968,4.968731,"nan","nan","nan"
4969,4.969731,"nan","nan","nan"
4970,4.970732,"nan","nan","nan"
4971,4.971744,"nan","nan","nan"
4972,4.972731,"nan","nan","nan"
4973,4.973731,"nan","nan","nan"
4974,4.974731,"nan","nan","nan"
4975,4.975731,"nan","nan","nan"
4976,4.976734,"nan","nan","nan"
4977,4.977733,"nan","nan","nan"
4978,4.978733,"nan","nan","nan"
4979,4.979733,"nan","nan","nan"
4980,4.980734,"nan","nan","nan"
4981,4.981745,"nan","nan","nan"
4982,4.982732,"nan","nan","nan"
4983,4.983733,"nan","nan","nan"
4984,4.984733,"nan","nan","nan"
4985,4.985733,"nan","nan","nan"
4986,4.986746,"nan","nan","nan"
4987,4.987734,"nan","nan","nan"
4988,4.988734,"nan","nan","nan"
4989,4.989735,"nan","nan","nan"
4990,4.990735,"nan","nan","nan"
4991,4.991734,"nan","nan","nan"
4992,4.992749,"nan","nan","nan"
4993,4.993737,"nan","nan","nan"
4994,4.994737,"nan","nan","nan"
4995,4.995737,"nan","nan","nan"
4996,4.996727,"nan","nan","nan"
4997,4.997740,"nan","nan","nan"
4998,4.998740,"nan","nan","nan"
4999,4.999728,"nan","nan","nan"
5000,5.000727,"nan","nan","nan"
5001,5.001728,"nan","nan","nan"
5002,5.002746,"nan","nan","nan"
5003,5.003734,"nan","nan","nan"
5004,5.004736,"nan","nan","nan"
5005,5.005736,"nan","nan","nan"
5006,5.006738,"nan","nan","nan"
5007,5.007739,"nan","nan","nan"
5008,5.008728,"nan","nan","nan"
5009,5.009727,"nan","nan","nan"
5010,5.010729,"nan","nan","nan"
5011,5.011730,"nan","nan","nan"
5012,5.012731,"nan","nan","nan"
5013,5.013747,"nan","nan","nan"
5014,5.014736,"nan","nan","nan"
5015,5.015735,"nan","nan","nan"
5016,5.016739,"nan","nan","nan"
5017,5.017727,"nan","nan","nan"
5018,5.018728,"nan","nan","nan"
5019,5.019728,"nan","nan","nan"
5020,5.020730,"nan","nan","nan"
5021,5.021731,"nan","nan","nan"
5022,5.022731,"nan","nan","nan"
5023,5.023762,"nan","nan","nan"
5024,5.024738,"nan","nan","nan"
5025,5.025726,"nan","nan","nan"
5026,5.026730,"nan","nan","nan"
5027,5.027731,"nan","nan","nan"
5028,5.028731,"nan","nan","nan"
5029,5.029731,"nan","nan","nan"
5030,5.030732,"nan","nan","nan"
5031,5.031733,"nan","nan","nan"
5032,5.032733,"nan","nan","nan"
5033,5.033733,"nan","nan","nan"
5034,5.034747,"nan","nan","nan"
5035,5.035736,"nan","nan","nan"
5036,5.036765,"nan","nan","nan"
5037,5.037747,"nan","nan","nan"
5038,5.038735,"nan","nan","nan"
5039,5.039734,"nan","nan","nan"
5040,5.040735,"nan","nan","nan"
5041,5.041735,"nan","nan","nan"
5042,5.042735,"nan","nan","nan"
5043,5.043735,"nan","nan","nan"
5044,5.044762,"nan","nan","nan"
5045,5.045737,"nan","nan","nan"
5046,5.046729,"nan","nan","nan"
5047,5.047728,"nan","nan","nan"
5048,5.048728,"nan","nan","nan"
5049,5.049728,"nan","nan","nan"
5050,5.050728,"nan","nan","nan"
5051,5.051728,"nan","nan","nan"
5052,5.052728,"nan","nan","nan"
5053,5.053728,"nan","nan","nan"
5054,5.054729,"nan","nan","nan"
5055,5.055746,"nan","nan","nan"
5056,5.056738,"nan","nan","nan"
5057,5.057738,"nan","nan","nan"
5058,5.058739,"nan","nan","nan"
5059,5.059738,"nan","nan","nan"
5060,5.060738,"nan","nan","nan"
5061,5.061738,"nan","nan","nan"
5062,5.062739,"nan","nan","nan"
5063,5.063737,"nan","nan","nan"
5064,5.064739,"nan","nan","nan"
5065,5.065757,"nan","nan","nan"
5066,5.066735,"nan","nan","nan"
5067,5.067735,"nan","nan","nan"
5068,5.068735,"nan","nan","nan"
5069,5.069735,"nan","nan","nan"
5070,5.070735,"nan","nan","nan"
5071,5.071735,"nan","nan","nan"
5072,5.072736,"nan","nan","nan"
5073,5.073736,"nan","nan","nan"
5074,5.074737,"nan","nan","nan"
5075,5.075737,"nan","nan","nan"
5076,5.076750,"nan","nan","nan"
5077,5.077727,"nan","nan","nan"
5078,5.078739,"nan","nan","nan"
5079,5.079728,"nan","nan","nan"
5080,5.080729,"nan","nan","nan"
5081,5.081729,"nan","nan","nan"
5082,5.082730,"nan","nan","nan"
5083,5.083731,"nan","nan","nan"
5084,5.084731,"nan","nan","nan"
5085,5.085732,"nan","nan","nan"
5086,5.086747,"nan","nan","nan"
5087,5.087761,"nan","nan","nan"
5088,5.088753,"nan","nan","nan"
5089,5.089729,"nan","nan","nan"
5090,5.090730,"nan","nan","nan"
5091,5.091729,"nan","nan","nan"
5092,5.092730,"nan","nan","nan"
5093,5.093731,"nan","nan","nan"
5094,5.094731,"nan","nan","nan"
5095,5.095732,"nan","nan","nan"
5096,5.096760,"nan","nan","nan"
5097,5.097752,"nan","nan","nan"
5098,5.098728,"nan","nan","nan"
5099,5.099728,"nan","nan","nan"
5100,5.100728,"nan","nan","nan"
5101,5.101729,"nan","nan","nan"
5102,5.102730,"nan","nan","nan"
5103,5.103729,"nan","nan","nan"
5104,5.104729,"nan","nan","nan"
5105,5.105728,"nan","nan","nan"
5106,5.106732,"nan","nan","nan"
5107,5.107753,"nan","nan","nan"
5108,5.108728,"nan","nan","nan"
5109,5.109729,"nan","nan","nan"
5110,5.110728,"nan","nan","nan"
5111,5.111729,"nan","nan","nan"
5112,5.112728,"nan","nan","nan"
5113,5.113728,"nan","nan","nan"
5114,5.114729,"nan","nan","nan"
5115,5.115728,"nan","nan","nan"
5116,5.116732,"nan","nan","nan"
5117,5.117732,"nan","nan","nan"
5118,5.118749,"nan","nan","nan"
5119,5.119737,"nan","nan","nan"
5120,5.120735,"nan","nan","nan"
5121,5.121737,"nan","nan","nan"
5122,5.122737,"nan","nan","nan"
5123,5.123737,"nan","nan","nan"
5124,5.124737,"nan","nan","nan"
5125,5.125736,"nan","nan","nan"
5126,5.126739,"nan","nan","nan"
5127,5.127727,"nan","nan","nan"
5128,5.128747,"nan","nan","nan"
5129,5.129735,"nan","nan","nan"
5130,5.130735,"nan","nan","nan"
5131,5.131735,"nan","nan","nan"
5132,5.132735,"nan","nan","nan"
5133,5.133735,"nan","nan","nan"
5134,5.134735,"nan","nan","nan"
5135,5.135734,"nan","nan","nan"
5136,5.136738,"nan","nan","nan"
5137,5.137737,"nan","nan","nan"
5138,5.138738,"nan","nan","nan"
5139,5.139754,"nan","nan","nan"
5140,5.140730,"nan","nan","nan"
5141,5.141731,"nan","nan","nan"
5142,5.142731,"nan","nan","nan"
5143,5.143732,"nan","nan","nan"
5144,5.144731,"nan","nan","nan"
5145,5.145733,"nan","nan","nan"
5146,5.146737,"nan","nan","nan"
5147,5.147737,"nan","nan","nan"
5148,5.148738,"nan","nan","nan"
5149,5.149754,"nan","nan","nan"
5150,5.150730,"nan","nan","nan"
5151,5.151731,"nan","nan","nan"
5152,5.152731,"nan","nan","nan"
5153,5.153731,"nan","nan","nan"
5154,5.154732,"nan","nan","nan"
5155,5.155733,"nan","nan","nan"
5156,5.156737,"nan","nan","nan"
5157,5.157738,"nan","nan","nan"
5158,5.158738,"nan","nan","nan"
5159,5.159738,"nan","nan","nan"
5160,5.160750,"nan","nan","nan"
5161,5.161738,"nan","nan","nan"
5162,5.162739,"nan","nan","nan"
5163,5.163727,"nan","nan","nan"
5164,5.164728,"nan","nan","nan"
5165,5.165729,"nan","nan","nan"
5166,5.166732,"nan","nan","nan"
5167,5.167732,"nan","nan","nan"
5168,5.168731,"nan","nan","nan"
5169,5.169731,"nan","nan","nan"
5170,5.170747,"nan","nan","nan"
5171,5.171735,"nan","nan","nan"
5172,5.172736,"nan","nan","nan"
5173,5.173735,"nan","nan","nan"
5174,5.174736,"nan","nan","nan"
5175,5.175735,"nan","nan","nan"
5176,5.176738,"nan","nan","nan"
5177,5.177738,"nan","nan","nan"
5178,5.178738,"nan","nan","nan"
5179,5.179739,"nan","nan","nan"
5180,5.180765,"nan","nan","nan"
5181,5.181753,"nan","nan","nan"
5182,5.182729,"nan","nan","nan"
5183,5.183729,"nan","nan","nan"
5184,5.184729,"nan","nan","nan"
5185,5.185729,"nan","nan","nan"
5186,5.186732,"nan","nan","nan"
5187,5.187731,"nan","nan","nan"
5188,5.188732,"nan","nan","nan"
5189,5.189732,"nan","nan","nan"
5190,5.190732,"nan","nan","nan"
5191,5.191743,"nan","nan","nan"
5192,5.192748,"nan","nan","nan"
5193,5.193736,"nan","nan","nan"
5194,5.194735,"nan","nan","nan"
5195,5.195735,"nan","nan","nan"
5196,5.196738,"nan","nan","nan"
5197,5.197738,"nan","nan","nan"
5198,5.198738,"nan","nan","nan"
5199,5.199738,"nan","nan","nan"
5200,5.200738,"nan","nan","nan"
5201,5.201739,"nan","nan","nan"
5202,5.202744,"nan","nan","nan"
5203,5.203731,"nan","nan","nan"
5204,5.204732,"nan","nan","nan"
5205,5.205732,"nan","nan","nan"
5206,5.206734,"nan","nan","nan"
5207,5.207736,"nan","nan","nan"
5208,5.208737,"nan","nan","nan"
5209,5.209737,"nan","nan","nan"
5210,5.210738,"nan","nan","nan"
5211,5.211739,"nan","nan","nan"
5212,5.212799,"nan","nan","nan"
5213,5.213732,"nan","nan","nan"
5214,5.214733,"nan","nan","nan"
5215,5.215733,"nan","nan","nan"
5216,5.216736,"nan","nan","nan"
5217,5.217737,"nan","nan","nan"
5218,5.218739,"nan","nan","nan"
5219,5.219739,"nan","nan","nan"
5220,5.220727,"nan","nan","nan"
5221,5.221728,"nan","nan","nan"
5222,5.222728,"nan","nan","nan"
5223,5.223752,"nan","nan","nan"
5224,5.224729,"nan","nan","nan"
5225,5.225730,"nan","nan","nan"
5226,5.226733,"nan","nan","nan"
5227,5.227734,"nan","nan","nan"
5228,5.228735,"nan","nan","nan"
5229,5.229736,"nan","nan","nan"
5230,5.230735,"nan","nan","nan"
5231,5.231736,"nan","nan","nan"
5232,5.232737,"nan","nan","nan"
5233,5.233804,"nan","nan","nan"
5234,5.234733,"nan","nan","nan"
5235,5.235733,"nan","nan","nan"
5236,5.236736,"nan","nan","nan"
5237,5.237737,"nan","nan","nan"
5238,5.238736,"nan","nan","nan"
5239,5.239736,"nan","nan","nan"
5240,5.240735,"nan","nan","nan"
5241,5.241736,"nan","nan","nan"
5242,5.242735,"nan","nan","nan"
5243,5.243736,"nan","nan","nan"
5244,5.244744,"nan","nan","nan"
5245,5.245732,"nan","nan","nan"
5246,5.246735,"nan","nan","nan"
5247,5.247735,"nan","nan","nan"
5248,5.248735,"nan","nan","nan"
5249,5.249734,"nan","nan","nan"
5250,5.250735,"nan","nan","nan"
5251,5.251746,"nan","nan","nan"
5252,5.252735,"nan","nan","nan"
5253,5.253735,"nan","nan","nan"
5254,5.254825,"nan","nan","nan"
5255,5.255729,"nan","nan","nan"
5256,5.256732,"nan","nan","nan"
5257,5.257732,"nan","nan","nan"
5258,5.258733,"nan","nan","nan"
5259,5.259732,"nan","nan","nan"
5260,5.260733,"nan","nan","nan"
5261,5.261732,"nan","nan","nan"
5262,5.262733,"nan","nan","nan"
5263,5.263731,"nan","nan","nan"
5264,5.264733,"nan","nan","nan"
5265,5.265743,"nan","nan","nan"
5266,5.266734,"nan","nan","nan"
5267,5.267734,"nan","nan","nan"
5268,5.268733,"nan","nan","nan"
5269,5.269735,"nan","nan","nan"
5270,5.270735,"nan","nan","nan"
5271,5.271736,"nan","nan","nan"
5272,5.272737,"nan","nan","nan"
5273,5.273738,"nan","nan","nan"
5274,5.274738,"nan","nan","nan"
5275,5.275806,"nan","nan","nan"
5276,5.276733,"nan","nan","nan"
5277,5.277734,"nan","nan","nan"
5278,5.278734,"nan","nan","nan"
5279,5.279735,"nan","nan","nan"
5280,5.280735,"nan","nan","nan"
5281,5.281735,"nan","nan","nan"
5282,5.282736,"nan","nan","nan"
5283,5.283736,"nan","nan","nan"
5284,5.284737,"nan","nan","nan"
5285,5.285738,"nan","nan","nan"
5286,5.286748,"nan","nan","nan"
5287,5.287736,"nan","nan","nan"
5288,5.288737,"nan","nan","nan"
5289,5.289738,"nan","nan","nan"
5290,5.290738,"nan","nan","nan"
5291,5.291739,"nan","nan","nan"
5292,5.292727,"nan","nan","nan"
5293,5.293739,"nan","nan","nan"
5294,5.294728,"nan","nan","nan"
5295,5.295729,"nan","nan","nan"
5296,5.296833,"nan","nan","nan"
5297,5.297729,"nan","nan","nan"
5298,5.298730,"nan","nan","nan"
5299,5.299730,"nan","nan","nan"
5300,5.300730,"nan","nan","nan"
5301,5.301729,"nan","nan","nan"
5302,5.302730,"nan","nan","nan"
5303,5.303748,"nan","nan","nan"
5304,5.304735,"nan","nan","nan"
5305,5.305735,"nan","nan","nan"
5306,5.306739,"nan","nan","nan"
5307,5.307747,"nan","nan","nan"
5308,5.308737,"nan","nan","nan"
5309,5.309737,"nan","nan","nan"
5310,5.310737,"nan","nan","nan"
5311,5.311737,"nan","nan","nan"
5312,5.312736,"nan","nan","nan"
5313,5.313737,"nan","nan","nan"
5314,5.314737,"nan","nan","nan"
5315,5.315737,"nan","nan","nan"
5316,5.316728,"nan","nan","nan"
5317,5.317754,"nan","nan","nan"
5318,5.318746,"nan","nan","nan"
5319,5.319734,"nan","nan","nan"
5320,5.320734,"nan","nan","nan"
5321,5.321733,"nan","nan","nan"
5322,5.322734,"nan","nan","nan"
5323,5.323734,"nan","nan","nan"
5324,5.324734,"nan","nan","nan"
5325,5.325734,"nan","nan","nan"
5326,5.326736,"nan","nan","nan"
5327,5.327737,"nan","nan","nan"
5328,5.328753,"nan","nan","nan"
5329,5.329729,"nan","nan","nan"
5330,5.330729,"nan","nan","nan"
5331,5.331729,"nan","nan","nan"
5332,5.332729,"nan","nan","nan"
5333,5.333729,"nan","nan","nan"
5334,5.334730,"nan","nan","nan"
5335,5.335730,"nan","nan","nan"
5336,5.336734,"nan","nan","nan"
5337,5.337734,"nan","nan","nan"
5338,5.338735,"nan","nan","nan"
5339,5.339747,"nan","nan","nan"
5340,5.340735,"nan","nan","nan"
5341,5.341737,"nan","nan","nan"
5342,5.342738,"nan","nan","nan"
5343,5.343738,"nan","nan","nan"
5344,5.344739,"nan","nan","nan"
5345,5.345727,"nan","nan","nan"
5346,5.346731,"nan","nan","nan"
5347,5.347731,"nan","nan","nan"
5348,5.348732,"nan","nan","nan"
5349,5.349743,"nan","nan","nan"
5350,5.350731,"nan","nan","nan"
5351,5.351732,"nan","nan","nan"
5352,5.352733,"nan","nan","nan"
5353,5.353733,"nan","nan","nan"
5354,5.354732,"nan","nan","nan"
5355,5.355734,"nan","nan","nan"
5356,5.356738,"nan","nan","nan"
5357,5.357739,"nan","nan","nan"
5358,5.358748,"nan","nan","nan"
5359,5.359738,"nan","nan","nan"
5360,5.360750,"nan","nan","nan"
5361,5.361739,"nan","nan","nan"
5362,5.362739,"nan","nan","nan"
5363,5.363727,"nan","nan","nan"
5364,5.364728,"nan","nan","nan"
5365,5.365728,"nan","nan","nan"
5366,5.366730,"nan","nan","nan"
5367,5.367730,"nan","nan","nan"
5368,5.368729,"nan","nan","nan"
5369,5.369730,"nan","nan","nan"
5370,5.370749,"nan","nan","nan"
5371,5.371735,"nan","nan","nan"
5372,5.372736,"nan","nan","nan"
5373,5.373736,"nan","nan","nan"
5374,5.374736,"nan","nan","nan"
5375,5.375736,"nan","nan","nan"
5376,5.376739,"nan","nan","nan"
5377,5.377739,"nan","nan","nan"
5378,5.378739,"nan","nan","nan"
5379,5.379738,"nan","nan","nan"
5380,5.380765,"nan","nan","nan"
5381,5.381752,"nan","nan","nan"
5382,5.382727,"nan","nan","nan"
5383,5.383728,"nan","nan","nan"
5384,5.384729,"nan","nan","nan"
5385,5.385729,"nan","nan","nan"
5386,5.386732,"nan","nan","nan"
5387,5.387731,"nan","nan","nan"
5388,5.388732,"nan","nan","nan"
5389,5.389732,"nan","nan","nan"
5390,5.390732,"nan","nan","nan"
5391,5.391833,"nan","nan","nan"
5392,5.392732,"nan","nan","nan"
5393,5.393733,"nan","nan","nan"
5394,5.394733,"nan","nan","nan"
5395,5.395733,"nan","nan","nan"
5396,5.396737,"nan","nan","nan"
5397,5.397736,"nan","nan","nan"
5398,5.398736,"nan","nan","nan"
5399,5.399736,"nan","nan","nan"
5400,5.400736,"nan","nan","nan"
5401,5.401737,"nan","nan","nan"
5402,5.402745,"nan","nan","nan"
5403,5.403734,"nan","nan","nan"
5404,5.404735,"nan","nan","nan"
5405,5.405735,"nan","nan","nan"
5406,5.406738,"nan","nan","nan"
5407,5.407727,"nan","nan","nan"
5408,5.408739,"nan","nan","nan"
5409,5.409743,"nan","nan","nan"
5410,5.410732,"nan","nan","nan"
5411,5.411731,"nan","nan","nan"
5412,5.412814,"nan","nan","nan"
5413,5.413740,"nan","nan","nan"
5414,5.414729,"nan","nan","nan"
5415,5.415729,"nan","nan","nan"
5416,5.416732,"nan","nan","nan"
5417,5.417733,"nan","nan","nan"
5418,5.418734,"nan","nan","nan"
5419,5.419734,"nan","nan","nan"
5420,5.420736,"nan","nan","nan"
5421,5.421737,"nan","nan","nan"
5422,5.422737,"nan","nan","nan"
5423,5.423744,"nan","nan","nan"
5424,5.424733,"nan","nan","nan"
5425,5.425733,"nan","nan","nan"
5426,5.426736,"nan","nan","nan"
5427,5.427737,"nan","nan","nan"
5428,5.428738,"nan","nan","nan"
5429,5.429738,"nan","nan","nan"
5430,5.430739,"nan","nan","nan"
5431,5.431737,"nan","nan","nan"
5432,5.432738,"nan","nan","nan"
5433,5.433784,"nan","nan","nan"
5434,5.434735,"nan","nan","nan"
5435,5.435736,"nan","nan","nan"
5436,5.436727,"nan","nan","nan"
5437,5.437740,"nan","nan","nan"
5438,5.438727,"nan","nan","nan"
5439,5.439726,"nan","nan","nan"
5440,5.440727,"nan","nan","nan"
5441,5.441728,"nan","nan","nan"
5442,5.442727,"nan","nan","nan"
5443,5.443728,"nan","nan","nan"
5444,5.444744,"nan","nan","nan"
5445,5.445732,"nan","nan","nan"
5446,5.446735,"nan","nan","nan"
5447,5.447736,"nan","nan","nan"
5448,5.448735,"nan","nan","nan"
5449,5.449736,"nan","nan","nan"
5450,5.450734,"nan","nan","nan"
5451,5.451736,"nan","nan","nan"
5452,5.452736,"nan","nan","nan"
5453,5.453736,"nan","nan","nan"
5454,5.454776,"nan","nan","nan"
5455,5.455738,"nan","nan","nan"
5456,5.456730,"nan","nan","nan"
5457,5.457730,"nan","nan","nan"
5458,5.458730,"nan","nan","nan"
5459,5.459729,"nan","nan","nan"
5460,5.460730,"nan","nan","nan"
5461,5.461729,"nan","nan","nan"
5462,5.462729,"nan","nan","nan"
5463,5.463729,"nan","nan","nan"
5464,5.464729,"nan","nan","nan"
5465,5.465748,"nan","nan","nan"
5466,5.466740,"nan","nan","nan"
5467,5.467728,"nan","nan","nan"
5468,5.468751,"nan","nan","nan"
5469,5.469727,"nan","nan","nan"
5470,5.470740,"nan","nan","nan"
5471,5.471728,"nan","nan","nan"
5472,5.472728,"nan","nan","nan"
5473,5.473728,"nan","nan","nan"
5474,5.474729,"nan","nan","nan"
5475,5.475750,"nan","nan","nan"
5476,5.476728,"nan","nan","nan"
5477,5.477730,"nan","nan","nan"
5478,5.478729,"nan","nan","nan"
5479,5.479731,"nan","nan","nan"
5480,5.480732,"nan","nan","nan"
5481,5.481732,"nan","nan","nan"
5482,5.482733,"nan","nan","nan"
5483,5.483732,"nan","nan","nan"
5484,5.484734,"nan","nan","nan"
5485,5.485735,"nan","nan","nan"
5486,5.486752,"nan","nan","nan"
5487,5.487730,"nan","nan","nan"
5488,5.488730,"nan","nan","nan"
5489,5.489731,"nan","nan","nan"
5490,5.490731,"nan","nan","nan"
5491,5.491732,"nan","nan","nan"
5492,5.492732,"nan","nan","nan"
5493,5.493732,"nan","nan","nan"
5494,5.494733,"nan","nan","nan"
5495,5.495733,"nan","nan","nan"
5496,5.496761,"nan","nan","nan"
5497,5.497735,"nan","nan","nan"
5498,5.498735,"nan","nan","nan"
5499,5.499735,"nan","nan","nan"
5500,5.500736,"nan","nan","nan"
5501,5.501736,"nan","nan","nan"
5502,5.502736,"nan","nan","nan"
5503,5.503735,"nan","nan","nan"
5504,5.504735,"nan","nan","nan"
5505,5.505735,"nan","nan","nan"
5506,5.506738,"nan","nan","nan"
5507,5.507743,"nan","nan","nan"
5508,5.508731,"nan","nan","nan"
5509,5.509731,"nan","nan","nan"
5510,5.510731,"nan","nan","nan"
5511,5.511731,"nan","nan","nan"
5512,5.512730,"nan","nan","nan"
5513,5.513730,"nan","nan","nan"
5514,5.514731,"nan","nan","nan"
5515,5.515731,"nan","nan","nan"
5516,5.516734,"nan","nan","nan"
5517,5.517790,"nan","nan","nan"
5518,5.518740,"nan","nan","nan"
5519,5.519728,"nan","nan","nan"
5520,5.520728,"nan","nan","nan"
5521,5.521728,"nan","nan","nan"
5522,5.522728,"nan","nan","nan"
5523,5.523728,"nan","nan","nan"
5524,5.524806,"nan","nan","nan"
5525,5.525731,"nan","nan","nan"
5526,5.526734,"nan","nan","nan"
5527,5.527734,"nan","nan","nan"
5528,5.528753,"nan","nan","nan"
5529,5.529729,"nan","nan","nan"
5530,5.530728,"nan","nan","nan"
5531,5.531729,"nan","nan","nan"
5532,5.532730,"nan","nan","nan"
5533,5.533731,"nan","nan","nan"
5534,5.534731,"nan","nan","nan"
5535,5.535732,"nan","nan","nan"
5536,5.536734,"nan","nan","nan"
5537,5.537736,"nan","nan","nan"
5538,5.538757,"nan","nan","nan"
5539,5.539733,"nan","nan","nan"
5540,5.540734,"nan","nan","nan"
5541,5.541734,"nan","nan","nan"
5542,5.542735,"nan","nan","nan"
5543,5.543735,"nan","nan","nan"
5544,5.544736,"nan","nan","nan"
5545,5.545736,"nan","nan","nan"
5546,5.546727,"nan","nan","nan"
5547,5.547727,"nan","nan","nan"
5548,5.548729,"nan","nan","nan"
5549,5.549753,"nan","nan","nan"
5550,5.550729,"nan","nan","nan"
5551,5.551730,"nan","nan","nan"
5552,5.552730,"nan","nan","nan"
5553,5.553731,"nan","nan","nan"
5554,5.554731,"nan","nan","nan"
5555,5.555731,"nan","nan","nan"
5556,5.556735,"nan","nan","nan"
5557,5.557736,"nan","nan","nan"
5558,5.558736,"nan","nan","nan"
5559,5.559837,"nan","nan","nan"
5560,5.560736,"nan","nan","nan"
5561,5.561738,"nan","nan","nan"
5562,5.562737,"nan","nan","nan"
5563,5.563737,"nan","nan","nan"
5564,5.564737,"nan","nan","nan"
5565,5.565736,"nan","nan","nan"
5566,5.566727,"nan","nan","nan"
5567,5.567728,"nan","nan","nan"
5568,5.568728,"nan","nan","nan"
5569,5.569727,"nan","nan","nan"
5570,5.570752,"nan","nan","nan"
5571,5.571728,"nan","nan","nan"
5572,5.572728,"nan","nan","nan"
5573,5.573727,"nan","nan","nan"
5574,5.574728,"nan","nan","nan"
5575,5.575729,"nan","nan","nan"
5576,5.576732,"nan","nan","nan"
5577,5.577732,"nan","nan","nan"
5578,5.578732,"nan","nan","nan"
5579,5.579731,"nan","nan","nan"
5580,5.580844,"nan","nan","nan"
5581,5.581728,"nan","nan","nan"
5582,5.582729,"nan","nan","nan"
5583,5.583728,"nan","nan","nan"
5584,5.584745,"nan","nan","nan"
5585,5.585732,"nan","nan","nan"
5586,5.586736,"nan","nan","nan"
5587,5.587736,"nan","nan","nan"
5588,5.588737,"nan","nan","nan"
5589,5.589736,"nan","nan","nan"
5590,5.590736,"nan","nan","nan"
5591,5.591778,"nan","nan","nan"
5592,5.592729,"nan","nan","nan"
5593,5.593729,"nan","nan","nan"
5594,5.594729,"nan","nan","nan"
5595,5.595729,"nan","nan","nan"
5596,5.596732,"nan","nan","nan"
5597,5.597733,"nan","nan","nan"
5598,5.598732,"nan","nan","nan"
5599,5.599734,"nan","nan","nan"
5600,5.600735,"nan","nan","nan"
5601,5.601735,"nan","nan","nan"
5602,5.602742,"nan","nan","nan"
5603,5.603731,"nan","nan","nan"
5604,5.604732,"nan","nan","nan"
5605,5.605732,"nan","nan","nan"
5606,5.606736,"nan","nan","nan"
5607,5.607736,"nan","nan","nan"
5608,5.608736,"nan","nan","nan"
5609,5.609738,"nan","nan","nan"
5610,5.610739,"nan","nan","nan"
5611,5.611728,"nan","nan","nan"
5612,5.612744,"nan","nan","nan"
5613,5.613731,"nan","nan","nan"
5614,5.614732,"nan","nan","nan"
5615,5.615732,"nan","nan","nan"
5616,5.616736,"nan","nan","nan"
5617,5.617737,"nan","nan","nan"
5618,5.618737,"nan","nan","nan"
5619,5.619737,"nan","nan","nan"
5620,5.620738,"nan","nan","nan"
5621,5.621739,"nan","nan","nan"
5622,5.622727,"nan","nan","nan"
5623,5.623746,"nan","nan","nan"
5624,5.624734,"nan","nan","nan"
5625,5.625734,"nan","nan","nan"
5626,5.626738,"nan","nan","nan"
5627,5.627736,"nan","nan","nan"
5628,5.628737,"nan","nan","nan"
5629,5.629737,"nan","nan","nan"
5630,5.630737,"nan","nan","nan"
5631,5.631737,"nan","nan","nan"
5632,5.632736,"nan","nan","nan"
5633,5.633802,"nan","nan","nan"
5634,5.634740,"nan","nan","nan"
5635,5.635729,"nan","nan","nan"
5636,5.636731,"nan","nan","nan"
5637,5.637732,"nan","nan","nan"
5638,5.638732,"nan","nan","nan"
5639,5.639732,"nan","nan","nan"
5640,5.640732,"nan","nan","nan"
5641,5.641731,"nan","nan","nan"
5642,5.642731,"nan","nan","nan"
5643,5.643732,"nan","nan","nan"
5644,5.644750,"nan","nan","nan"
5645,5.645738,"nan","nan","nan"
5646,5.646729,"nan","nan","nan"
5647,5.647729,"nan","nan","nan"
5648,5.648729,"nan","nan","nan"
5649,5.649729,"nan","nan","nan"
5650,5.650729,"nan","nan","nan"
5651,5.651729,"nan","nan","nan"
5652,5.652730,"nan","nan","nan"
5653,5.653730,"nan","nan","nan"
5654,5.654813,"nan","nan","nan"
5655,5.655738,"nan","nan","nan"
5656,5.656729,"nan","nan","nan"
5657,5.657729,"nan","nan","nan"
5658,5.658729,"nan","nan","nan"
5659,5.659729,"nan","nan","nan"
5660,5.660729,"nan","nan","nan"
5661,5.661729,"nan","nan","nan"
5662,5.662730,"nan","nan","nan"
5663,5.663731,"nan","nan","nan"
5664,5.664731,"nan","nan","nan"
5665,5.665749,"nan","nan","nan"
5666,5.666728,"nan","nan","nan"
5667,5.667728,"nan","nan","nan"
5668,5.668729,"nan","nan","nan"
5669,5.669728,"nan","nan","nan"
5670,5.670730,"nan","nan","nan"
5671,5.671731,"nan","nan","nan"
5672,5.672731,"nan","nan","nan"
5673,5.673732,"nan","nan","nan"
5674,5.674731,"nan","nan","nan"
5675,5.675797,"nan","nan","nan"
5676,5.676730,"nan","nan","nan"
5677,5.677731,"nan","nan","nan"
5678,5.678731,"nan","nan","nan"
5679,5.679731,"nan","nan","nan"
5680,5.680732,"nan","nan","nan"
5681,5.681733,"nan","nan","nan"
5682,5.682733,"nan","nan","nan"
5683,5.683734,"nan","nan","nan"
5684,5.684734,"nan","nan","nan"
5685,5.685736,"nan","nan","nan"
5686,5.686816,"nan","nan","nan"
5687,5.687731,"nan","nan","nan"
5688,5.688732,"nan","nan","nan"
5689,5.689732,"nan","nan","nan"
5690,5.690733,"nan","nan","nan"
5691,5.691733,"nan","nan","nan"
5692,5.692733,"nan","nan","nan"
5693,5.693731,"nan","nan","nan"
5694,5.694732,"nan","nan","nan"
5695,5.695732,"nan","nan","nan"
5696,5.696915,"nan","nan","nan"
5697,5.697742,"nan","nan","nan"
5698,5.698730,"nan","nan","nan"
5699,5.699731,"nan","nan","nan"
5700,5.700731,"nan","nan","nan"
5701,5.701731,"nan","nan","nan"
5702,5.702731,"nan","nan","nan"
5703,5.703730,"nan","nan","nan"
5704,5.704731,"nan","nan","nan"
5705,5.705730,"nan","nan","nan"
5706,5.706733,"nan","nan","nan"
5707,5.707774,"nan","nan","nan"
5708,5.708730,"nan","nan","nan"
5709,5.709731,"nan","nan","nan"
5710,5.710731,"nan","nan","nan"
5711,5.711731,"nan","nan","nan"
5712,5.712730,"nan","nan","nan"
5713,5.713731,"nan","nan","nan"
5714,5.714731,"nan","nan","nan"
5715,5.715731,"nan","nan","nan"
5716,5.716734,"nan","nan","nan"
5717,5.717734,"nan","nan","nan"
5718,5.718753,"nan","nan","nan"
5719,5.719731,"nan","nan","nan"
5720,5.720731,"nan","nan","nan"
5721,5.721731,"nan","nan","nan"
5722,5.722730,"nan","nan","nan"
5723,5.723730,"nan","nan","nan"
5724,5.724730,"nan","nan","nan"
5725,5.725730,"nan","nan","nan"
5726,5.726734,"nan","nan","nan"
5727,5.727733,"nan","nan","nan"
5728,5.728872,"nan","nan","nan"
5729,5.729739,"nan","nan","nan"
5730,5.730728,"nan","nan","nan"
5731,5.731728,"nan","nan","nan"
5732,5.732730,"nan","nan","nan"
5733,5.733731,"nan","nan","nan"
5734,5.734731,"nan","nan","nan"
5735,5.735732,"nan","nan","nan"
5736,5.736736,"nan","nan","nan"
5737,5.737735,"nan","nan","nan"
5738,5.738737,"nan","nan","nan"
5739,5.739749,"nan","nan","nan"
5740,5.740737,"nan","nan","nan"
5741,5.741739,"nan","nan","nan"
5742,5.742738,"nan","nan","nan"
5743,5.743740,"nan","nan","nan"
5744,5.744728,"nan","nan","nan"
5745,5.745727,"nan","nan","nan"
5746,5.746732,"nan","nan","nan"
5747,5.747774,"nan","nan","nan"
5748,5.748738,"nan","nan","nan"
5749,5.749752,"nan","nan","nan"
5750,5.750752,"nan","nan","nan"
5751,5.751728,"nan","nan","nan"
5752,5.752729,"nan","nan","nan"
5753,5.753729,"nan","nan","nan"
5754,5.754730,"nan","nan","nan"
5755,5.755729,"nan","nan","nan"
5756,5.756733,"nan","nan","nan"
5757,5.757734,"nan","nan","nan"
5758,5.758733,"nan","nan","nan"
5759,5.759733,"nan","nan","nan"
5760,5.760777,"nan","nan","nan"
5761,5.761727,"nan","nan","nan"
5762,5.762727,"nan","nan","nan"
5763,5.763728,"nan","nan","nan"
5764,5.764728,"nan","nan","nan"
5765,5.765727,"nan","nan","nan"
5766,5.766731,"nan","nan","nan"
5767,5.767730,"nan","nan","nan"
5768,5.768731,"nan","nan","nan"
5769,5.769731,"nan","nan","nan"
5770,5.770730,"nan","nan","nan"
5771,5.771751,"nan","nan","nan"
5772,5.772739,"nan","nan","nan"
5773,5.773739,"nan","nan","nan"
5774,5.774726,"nan","nan","nan"
5775,5.775727,"nan","nan","nan"
5776,5.776731,"nan","nan","nan"
5777,5.777731,"nan","nan","nan"
5778,5.778731,"nan","nan","nan"
5779,5.779729,"nan","nan","nan"
5780,5.780731,"nan","nan","nan"
5781,5.781835,"nan","nan","nan"
5782,5.782735,"nan","nan","nan"
5783,5.783735,"nan","nan","nan"
5784,5.784735,"nan","nan","nan"
5785,5.785735,"nan","nan","nan"
5786,5.786738,"nan","nan","nan"
5787,5.787738,"nan","nan","nan"
5788,5.788738,"nan","nan","nan"
5789,5.789738,"nan","nan","nan"
5790,5.790737,"nan","nan","nan"
5791,5.791738,"nan","nan","nan"
5792,5.792753,"nan","nan","nan"
5793,5.793731,"nan","nan","nan"
5794,5.794731,"nan","nan","nan"
5795,5.795732,"nan","nan","nan"
5796,5.796736,"nan","nan","nan"
5797,5.797737,"nan","nan","nan"
5798,5.798737,"nan","nan","nan"
5799,5.799737,"nan","nan","nan"
5800,5.800738,"nan","nan","nan"
5801,5.801739,"nan","nan","nan"
5802,5.802803,"nan","nan","nan"
5803,5.803728,"nan","nan","nan"
5804,5.804730,"nan","nan","nan"
5805,5.805730,"nan","nan","nan"
5806,5.806761,"nan","nan","nan"
5807,5.807746,"nan","nan","nan"
5808,5.808736,"nan","nan","nan"
5809,5.809735,"nan","nan","nan"
5810,5.810736,"nan","nan","nan"
5811,5.811736,"nan","nan","nan"
5812,5.812738,"nan","nan","nan"
5813,5.813744,"nan","nan","nan"
5814,5.814733,"nan","nan","nan"
5815,5.815733,"nan","nan","nan"
5816,5.816737,"nan","nan","nan"
5817,5.817737,"nan","nan","nan"
5818,5.818738,"nan","nan","nan"
5819,5.819738,"nan","nan","nan"
5820,5.820739,"nan","nan","nan"
5821,5.821728,"nan","nan","nan"
5822,5.822728,"nan","nan","nan"
5823,5.823796,"nan","nan","nan"
5824,5.824733,"nan","nan","nan"
5825,5.825734,"nan","nan","nan"
5826,5.826736,"nan","nan","nan"
5827,5.827736,"nan","nan","nan"
5828,5.828736,"nan","nan","nan"
5829,5.829736,"nan","nan","nan"
5830,5.830736,"nan","nan","nan"
5831,5.831736,"nan","nan","nan"
5832,5.832734,"nan","nan","nan"
5833,5.833735,"nan","nan","nan"
5834,5.834743,"nan","nan","nan"
5835,5.835731,"nan","nan","nan"
5836,5.836734,"nan","nan","nan"
5837,5.837733,"nan","nan","nan"
5838,5.838734,"nan","nan","nan"
5839,5.839734,"nan","nan","nan"
5840,5.840734,"nan","nan","nan"
5841,5.841734,"nan","nan","nan"
5842,5.842733,"nan","nan","nan"
5843,5.843734,"nan","nan","nan"
5844,5.844812,"nan","nan","nan"
5845,5.845737,"nan","nan","nan"
5846,5.846728,"nan","nan","nan"
5847,5.847729,"nan","nan","nan"
5848,5.848728,"nan","nan","nan"
5849,5.849729,"nan","nan","nan"
5850,5.850729,"nan","nan","nan"
5851,5.851727,"nan","nan","nan"
5852,5.852728,"nan","nan","nan"
5853,5.853728,"nan","nan","nan"
5854,5.854729,"nan","nan","nan"
5855,5.855743,"nan","nan","nan"
5856,5.856733,"nan","nan","nan"
5857,5.857734,"nan","nan","nan"
5858,5.858734,"nan","nan","nan"
5859,5.859734,"nan","nan","nan"
5860,5.860735,"nan","nan","nan"
5861,5.861734,"nan","nan","nan"
5862,5.862736,"nan","nan","nan"
5863,5.863749,"nan","nan","nan"
5864,5.864738,"nan","nan","nan"
5865,5.865771,"nan","nan","nan"
5866,5.866736,"nan","nan","nan"
5867,5.867738,"nan","nan","nan"
5868,5.868739,"nan","nan","nan"
5869,5.869728,"nan","nan","nan"
5870,5.870728,"nan","nan","nan"
5871,5.871729,"nan","nan","nan"
5872,5.872729,"nan","nan","nan"
5873,5.873730,"nan","nan","nan"
5874,5.874730,"nan","nan","nan"
5875,5.875730,"nan","nan","nan"
5876,5.876753,"nan","nan","nan"
5877,5.877729,"nan","nan","nan"
5878,5.878730,"nan","nan","nan"
5879,5.879731,"nan","nan","nan"
5880,5.880730,"nan","nan","nan"
5881,5.881731,"nan","nan","nan"
5882,5.882731,"nan","nan","nan"
5883,5.883732,"nan","nan","nan"
5884,5.884733,"nan","nan","nan"
5885,5.885733,"nan","nan","nan"
5886,5.886775,"nan","nan","nan"
5887,5.887731,"nan","nan","nan"
5888,5.888733,"nan","nan","nan"
5889,5.889730,"nan","nan","nan"
5890,5.890731,"nan","nan","nan"
5891,5.891731,"nan","nan","nan"
5892,5.892731,"nan","nan","nan"
5893,5.893731,"nan","nan","nan"
5894,5.894730,"nan","nan","nan"
5895,5.895731,"nan","nan","nan"
5896,5.896734,"nan","nan","nan"
5897,5.897744,"nan","nan","nan"
5898,5.898732,"nan","nan","nan"
5899,5.899732,"nan","nan","nan"
5900,5.900733,"nan","nan","nan"
5901,5.901733,"nan","nan","nan"
5902,5.902732,"nan","nan","nan"
5903,5.903732,"nan","nan","nan"
5904,5.904732,"nan","nan","nan"
5905,5.905732,"nan","nan","nan"
5906,5.906735,"nan","nan","nan"
5907,5.907762,"nan","nan","nan"
5908,5.908750,"nan","nan","nan"
5909,5.909737,"nan","nan","nan"
5910,5.910738,"nan","nan","nan"
5911,5.911738,"nan","nan","nan"
5912,5.912738,"nan","nan","nan"
5913,5.913739,"nan","nan","nan"
5914,5.914737,"nan","nan","nan"
5915,5.915738,"nan","nan","nan"
5916,5.916729,"nan","nan","nan"
5917,5.917729,"nan","nan","nan"
5918,5.918791,"nan","nan","nan"
5919,5.919729,"nan","nan","nan"
5920,5.920729,"nan","nan","nan"
5921,5.921730,"nan","nan","nan"
5922,5.922747,"nan","nan","nan"
5923,5.923734,"nan","nan","nan"
5924,5.924735,"nan","nan","nan"
5925,5.925736,"nan","nan","nan"
5926,5.926728,"nan","nan","nan"
5927,5.927727,"nan","nan","nan"
5928,5.928728,"nan","nan","nan"
5929,5.929743,"nan","nan","nan"
5930,5.930733,"nan","nan","nan"
5931,5.931733,"nan","nan","nan"
5932,5.932734,"nan","nan","nan"
5933,5.933733,"nan","nan","nan"
5934,5.934734,"nan","nan","nan"
5935,5.935735,"nan","nan","nan"
5936,5.936738,"nan","nan","nan"
5937,5.937739,"nan","nan","nan"
5938,5.938727,"nan","nan","nan"
5939,5.939881,"nan","nan","nan"
5940,5.940732,"nan","nan","nan"
5941,5.941734,"nan","nan","nan"
5942,5.942732,"nan","nan","nan"
5943,5.943735,"nan","nan","nan"
5944,5.944735,"nan","nan","nan"
5945,5.945736,"nan","nan","nan"
5946,5.946726,"nan","nan","nan"
5947,5.947728,"nan","nan","nan"
5948,5.948729,"nan","nan","nan"
5949,5.949729,"nan","nan","nan"
5950,5.950753,"nan","nan","nan"
5951,5.951729,"nan","nan","nan"
5952,5.952730,"nan","nan","nan"
5953,5.953731,"nan","nan","nan"
5954,5.954731,"nan","nan","nan"
5955,5.955731,"nan","nan","nan"
5956,5.956734,"nan","nan","nan"
5957,5.957734,"nan","nan","nan"
5958,5.958733,"nan","nan","nan"
5959,5.959733,"nan","nan","nan"
5960,5.960798,"nan","nan","nan"
5961,5.961737,"nan","nan","nan"
5962,5.962737,"nan","nan","nan"
5963,5.963737,"nan","nan","nan"
5964,5.964737,"nan","nan","nan"
5965,5.965737,"nan","nan","nan"
5966,5.966728,"nan","nan","nan"
5967,5.967740,"nan","nan","nan"
5968,5.968728,"nan","nan","nan"
5969,5.969728,"nan","nan","nan"
5970,5.970727,"nan","nan","nan"
5971,5.971766,"nan","nan","nan"
5972,5.972730,"nan","nan","nan"
5973,5.973730,"nan","nan","nan"
5974,5.974747,"nan","nan","nan"
5975,5.975735,"nan","nan","nan"
5976,5.976737,"nan","nan","nan"
5977,5.977738,"nan","nan","nan"
5978,5.978738,"nan","nan","nan"
5979,5.979739,"nan","nan","nan"
5980,5.980739,"nan","nan","nan"
5981,5.981727,"nan","nan","nan"
5982,5.982884,"nan","nan","nan"
5983,5.983735,"nan","nan","nan"
5984,5.984736,"nan","nan","nan"
5985,5.985734,"nan","nan","nan"
5986,5.986739,"nan","nan","nan"
5987,5.987740,"nan","nan","nan"
5988,5.988728,"nan","nan","nan"
5989,5.989727,"nan","nan","nan"
5990,5.990729,"nan","nan","nan"
5991,5.991729,"nan","nan","nan"
5992,5.992730,"nan","nan","nan"
5993,5.993752,"nan","nan","nan"
5994,5.994728,"nan","nan","nan"
5995,5.995729,"nan","nan","nan"
5996,5.996733,"nan","nan","nan"
5997,5.997734,"nan","nan","nan"
5998,5.998734,"nan","nan","nan"
5999,5.999735,"nan","nan","nan"
6000,6.000735,"nan","nan","nan"
6001,6.001735,"nan","nan","nan"
6002,6.002736,"nan","nan","nan"
6003,6.003761,"nan","nan","nan"
6004,6.004745,"nan","nan","nan"
6005,6.005734,"nan","nan","nan"
6006,6.006738,"nan","nan","nan"
6007,6.007738,"nan","nan","nan"
6008,6.008739,"nan","nan","nan"
6009,6.009727,"nan","nan","nan"
6010,6.010739,"nan","nan","nan"
6011,6.011728,"nan","nan","nan"
6012,6.012729,"nan","nan","nan"
6013,6.013729,"nan","nan","nan"
6014,6.014820,"nan","nan","nan"
6015,6.015728,"nan","nan","nan"
6016,6.016732,"nan","nan","nan"
6017,6.017733,"nan","nan","nan"
6018,6.018734,"nan","nan","nan"
6019,6.019733,"nan","nan","nan"
6020,6.020733,"nan","nan","nan"
6021,6.021732,"nan","nan","nan"
6022,6.022732,"nan","nan","nan"
6023,6.023731,"nan","nan","nan"
6024,6.024732,"nan","nan","nan"
6025,6.025759,"nan","nan","nan"
6026,6.026737,"nan","nan","nan"
6027,6.027738,"nan","nan","nan"
6028,6.028738,"nan","nan","nan"
6029,6.029737,"nan","nan","nan"
6030,6.030738,"nan","nan","nan"
6031,6.031738,"nan","nan","nan"
6032,6.032808,"nan","nan","nan"
6033,6.033732,"nan","nan","nan"
6034,6.034733,"nan","nan","nan"
6035,6.035732,"nan","nan","nan"
6036,6.036745,"nan","nan","nan"
6037,6.037733,"nan","nan","nan"
6038,6.038733,"nan","nan","nan"
6039,6.039733,"nan","nan","nan"
6040,6.040733,"nan","nan","nan"
6041,6.041733,"nan","nan","nan"
6042,6.042732,"nan","nan","nan"
6043,6.043733,"nan","nan","nan"
6044,6.044733,"nan","nan","nan"
6045,6.045733,"nan","nan","nan"
6046,6.046824,"nan","nan","nan"
6047,6.047737,"nan","nan","nan"
6048,6.048737,"nan","nan","nan"
6049,6.049737,"nan","nan","nan"
6050,6.050737,"nan","nan","nan"
6051,6.051737,"nan","nan","nan"
6052,6.052738,"nan","nan","nan"
6053,6.053737,"nan","nan","nan"
6054,6.054738,"nan","nan","nan"
6055,6.055738,"nan","nan","nan"
6056,6.056728,"nan","nan","nan"
6057,6.057744,"nan","nan","nan"
6058,6.058733,"nan","nan","nan"
6059,6.059733,"nan","nan","nan"
6060,6.060734,"nan","nan","nan"
6061,6.061734,"nan","nan","nan"
6062,6.062734,"nan","nan","nan"
6063,6.063735,"nan","nan","nan"
6064,6.064735,"nan","nan","nan"
6065,6.065736,"nan","nan","nan"
6066,6.066727,"nan","nan","nan"
6067,6.067816,"nan","nan","nan"
6068,6.068733,"nan","nan","nan"
6069,6.069734,"nan","nan","nan"
6070,6.070734,"nan","nan","nan"
6071,6.071733,"nan","nan","nan"
6072,6.072734,"nan","nan","nan"
6073,6.073735,"nan","nan","nan"
6074,6.074736,"nan","nan","nan"
6075,6.075737,"nan","nan","nan"
6076,6.076728,"nan","nan","nan"
6077,6.077729,"nan","nan","nan"
6078,6.078771,"nan","nan","nan"
6079,6.079734,"nan","nan","nan"
6080,6.080735,"nan","nan","nan"
6081,6.081735,"nan","nan","nan"
6082,6.082736,"nan","nan","nan"
6083,6.083737,"nan","nan","nan"
6084,6.084810,"nan","nan","nan"
6085,6.085736,"nan","nan","nan"
6086,6.086738,"nan","nan","nan"
6087,6.087738,"nan","nan","nan"
6088,6.088738,"nan","nan","nan"
6089,6.089746,"nan","nan","nan"
6090,6.090733,"nan","nan","nan"
6091,6.091734,"nan","nan","nan"
6092,6.092734,"nan","nan","nan"
6093,6.093734,"nan","nan","nan"
6094,6.094734,"nan","nan","nan"
6095,6.095733,"nan","nan","nan"
6096,6.096737,"nan","nan","nan"
6097,6.097736,"nan","nan","nan"
6098,6.098737,"nan","nan","nan"
6099,6.099801,"nan","nan","nan"
6100,6.100734,"nan","nan","nan"
6101,6.101736,"nan","nan","nan"
6102,6.102736,"nan","nan","nan"
6103,6.103736,"nan","nan","nan"
6104,6.104736,"nan","nan","nan"
6105,6.105736,"nan","nan","nan"
6106,6.106739,"nan","nan","nan"
6107,6.107740,"nan","nan","nan"
6108,6.108728,"nan","nan","nan"
6109,6.109728,"nan","nan","nan"
6110,6.110760,"nan","nan","nan"
6111,6.111735,"nan","nan","nan"
6112,6.112736,"nan","nan","nan"
6113,6.113736,"nan","nan","nan"
6114,6.114736,"nan","nan","nan"
6115,6.115735,"nan","nan","nan"
6116,6.116739,"nan","nan","nan"
6117,6.117739,"nan","nan","nan"
6118,6.118726,"nan","nan","nan"
6119,6.119727,"nan","nan","nan"
6120,6.120739,"nan","nan","nan"
6121,6.121749,"nan","nan","nan"
6122,6.122739,"nan","nan","nan"
6123,6.123739,"nan","nan","nan"
6124,6.124728,"nan","nan","nan"
6125,6.125728,"nan","nan","nan"
6126,6.126732,"nan","nan","nan"
6127,6.127732,"nan","nan","nan"
6128,6.128732,"nan","nan","nan"
6129,6.129733,"nan","nan","nan"
6130,6.130734,"nan","nan","nan"
6131,6.131773,"nan","nan","nan"
6132,6.132735,"nan","nan","nan"
6133,6.133737,"nan","nan","nan"
6134,6.134736,"nan","nan","nan"
6135,6.135737,"nan","nan","nan"
6136,6.136728,"nan","nan","nan"
6137,6.137728,"nan","nan","nan"
6138,6.138729,"nan","nan","nan"
6139,6.139730,"nan","nan","nan"
6140,6.140731,"nan","nan","nan"
6141,6.141747,"nan","nan","nan"
6142,6.142748,"nan","nan","nan"
6143,6.143735,"nan","nan","nan"
6144,6.144737,"nan","nan","nan"
6145,6.145738,"nan","nan","nan"
6146,6.146730,"nan","nan","nan"
6147,6.147729,"nan","nan","nan"
6148,6.148731,"nan","nan","nan"
6149,6.149732,"nan","nan","nan"
6150,6.150733,"nan","nan","nan"
6151,6.151732,"nan","nan","nan"
6152,6.152833,"nan","nan","nan"
6153,6.153727,"nan","nan","nan"
6154,6.154728,"nan","nan","nan"
6155,6.155728,"nan","nan","nan"
6156,6.156732,"nan","nan","nan"
6157,6.157730,"nan","nan","nan"
6158,6.158732,"nan","nan","nan"
6159,6.159731,"nan","nan","nan"
6160,6.160731,"nan","nan","nan"
6161,6.161731,"nan","nan","nan"
6162,6.162730,"nan","nan","nan"
6163,6.163749,"nan","nan","nan"
6164,6.164736,"nan","nan","nan"
6165,6.165737,"nan","nan","nan"
6166,6.166727,"nan","nan","nan"
6167,6.167728,"nan","nan","nan"
6168,6.168728,"nan","nan","nan"
6169,6.169729,"nan","nan","nan"
6170,6.170728,"nan","nan","nan"
6171,6.171728,"nan","nan","nan"
6172,6.172729,"nan","nan","nan"
6173,6.173754,"nan","nan","nan"
6174,6.174753,"nan","nan","nan"
6175,6.175730,"nan","nan","nan"
6176,6.176732,"nan","nan","nan"
6177,6.177733,"nan","nan","nan"
6178,6.178733,"nan","nan","nan"
6179,6.179733,"nan","nan","nan"
6180,6.180733,"nan","nan","nan"
6181,6.181732,"nan","nan","nan"
6182,6.182733,"nan","nan","nan"
6183,6.183733,"nan","nan","nan"
6184,6.184804,"nan","nan","nan"
6185,6.185728,"nan","nan","nan"
6186,6.186733,"nan","nan","nan"
6187,6.187733,"nan","nan","nan"
6188,6.188735,"nan","nan","nan"
6189,6.189735,"nan","nan","nan"
6190,6.190735,"nan","nan","nan"
6191,6.191735,"nan","nan","nan"
6192,6.192737,"nan","nan","nan"
6193,6.193738,"nan","nan","nan"
6194,6.194743,"nan","nan","nan"
6195,6.195749,"nan","nan","nan"
6196,6.196728,"nan","nan","nan"
6197,6.197729,"nan","nan","nan"
6198,6.198730,"nan","nan","nan"
6199,6.199730,"nan","nan","nan"
6200,6.200730,"nan","nan","nan"
6201,6.201730,"nan","nan","nan"
6202,6.202731,"nan","nan","nan"
6203,6.203732,"nan","nan","nan"
6204,6.204733,"nan","nan","nan"
6205,6.205748,"nan","nan","nan"
6206,6.206729,"nan","nan","nan"
6207,6.207730,"nan","nan","nan"
6208,6.208731,"nan","nan","nan"
6209,6.209732,"nan","nan","nan"
6210,6.210732,"nan","nan","nan"
6211,6.211732,"nan","nan","nan"
6212,6.212733,"nan","nan","nan"
6213,6.213734,"nan","nan","nan"
6214,6.214734,"nan","nan","nan"
6215,6.215734,"nan","nan","nan"
6216,6.216748,"nan","nan","nan"
6217,6.217735,"nan","nan","nan"
6218,6.218734,"nan","nan","nan"
6219,6.219733,"nan","nan","nan"
6220,6.220734,"nan","nan","nan"
6221,6.221734,"nan","nan","nan"
6222,6.222734,"nan","nan","nan"
6223,6.223734,"nan","nan","nan"
6224,6.224732,"nan","nan","nan"
6225,6.225734,"nan","nan","nan"
6226,6.226839,"nan","nan","nan"
6227,6.227727,"nan","nan","nan"
6228,6.228727,"nan","nan","nan"
6229,6.229728,"nan","nan","nan"
6230,6.230729,"nan","nan","nan"
6231,6.231729,"nan","nan","nan"
6232,6.232729,"nan","nan","nan"
6233,6.233728,"nan","nan","nan"
6234,6.234729,"nan","nan","nan"
6235,6.235729,"nan","nan","nan"
6236,6.236732,"nan","nan","nan"
6237,6.237752,"nan","nan","nan"
6238,6.238727,"nan","nan","nan"
6239,6.239728,"nan","nan","nan"
6240,6.240728,"nan","nan","nan"
6241,6.241728,"nan","nan","nan"
6242,6.242729,"nan","nan","nan"
6243,6.243727,"nan","nan","nan"
6244,6.244728,"nan","nan","nan"
6245,6.245728,"nan","nan","nan"
6246,6.246732,"nan","nan","nan"
6247,6.247846,"nan","nan","nan"
6248,6.248733,"nan","nan","nan"
6249,6.249745,"nan","nan","nan"
6250,6.250732,"nan","nan","nan"
6251,6.251732,"nan","nan","nan"
6252,6.252733,"nan","nan","nan"
6253,6.253732,"nan","nan","nan"
6254,6.254733,"nan","nan","nan"
6255,6.255733,"nan","nan","nan"
6256,6.256737,"nan","nan","nan"
6257,6.257738,"nan","nan","nan"
6258,6.258752,"nan","nan","nan"
6259,6.259728,"nan","nan","nan"
6260,6.260729,"nan","nan","nan"
6261,6.261729,"nan","nan","nan"
6262,6.262729,"nan","nan","nan"
6263,6.263730,"nan","nan","nan"
6264,6.264730,"nan","nan","nan"
6265,6.265731,"nan","nan","nan"
6266,6.266734,"nan","nan","nan"
6267,6.267733,"nan","nan","nan"
6268,6.268774,"nan","nan","nan"
6269,6.269738,"nan","nan","nan"
6270,6.270727,"nan","nan","nan"
6271,6.271726,"nan","nan","nan"
6272,6.272728,"nan","nan","nan"
6273,6.273729,"nan","nan","nan"
6274,6.274729,"nan","nan","nan"
6275,6.275730,"nan","nan","nan"
6276,6.276734,"nan","nan","nan"
6277,6.277733,"nan","nan","nan"
6278,6.278734,"nan","nan","nan"
6279,6.279755,"nan","nan","nan"
6280,6.280730,"nan","nan","nan"
6281,6.281729,"nan","nan","nan"
6282,6.282730,"nan","nan","nan"
6283,6.283729,"nan","nan","nan"
6284,6.284729,"nan","nan","nan"
6285,6.285729,"nan","nan","nan"
6286,6.286731,"nan","nan","nan"
6287,6.287732,"nan","nan","nan"
6288,6.288732,"nan","nan","nan"
6289,6.289759,"nan","nan","nan"
6290,6.290751,"nan","nan","nan"
6291,6.291727,"nan","nan","nan"
6292,6.292740,"nan","nan","nan"
6293,6.293728,"nan","nan","nan"
6294,6.294728,"nan","nan","nan"
6295,6.295727,"nan","nan","nan"
6296,6.296731,"nan","nan","nan"
6297,6.297731,"nan","nan","nan"
6298,6.298731,"nan","nan","nan"
6299,6.299731,"nan","nan","nan"
6300,6.300782,"nan","nan","nan"
6301,6.301737,"nan","nan","nan"
6302,6.302738,"nan","nan","nan"
6303,6.303739,"nan","nan","nan"
6304,6.304739,"nan","nan","nan"
6305,6.305739,"nan","nan","nan"
6306,6.306729,"nan","nan","nan"
6307,6.307749,"nan","nan","nan"
6308,6.308737,"nan","nan","nan"
6309,6.309737,"nan","nan","nan"
6310,6.310737,"nan","nan","nan"
6311,6.311748,"nan","nan","nan"
6312,6.312735,"nan","nan","nan"
6313,6.313736,"nan","nan","nan"
6314,6.314736,"nan","nan","nan"
6315,6.315734,"nan","nan","nan"
6316,6.316738,"nan","nan","nan"
6317,6.317739,"nan","nan","nan"
6318,6.318728,"nan","nan","nan"
6319,6.319728,"nan","nan","nan"
6320,6.320729,"nan","nan","nan"
6321,6.321820,"nan","nan","nan"
6322,6.322728,"nan","nan","nan"
6323,6.323729,"nan","nan","nan"
6324,6.324729,"nan","nan","nan"
6325,6.325731,"nan","nan","nan"
6326,6.326734,"nan","nan","nan"
6327,6.327735,"nan","nan","nan"
6328,6.328735,"nan","nan","nan"
6329,6.329736,"nan","nan","nan"
6330,6.330735,"nan","nan","nan"
6331,6.331736,"nan","nan","nan"
6332,6.332750,"nan","nan","nan"
6333,6.333738,"nan","nan","nan"
6334,6.334727,"nan","nan","nan"
6335,6.335739,"nan","nan","nan"
6336,6.336731,"nan","nan","nan"
6337,6.337731,"nan","nan","nan"
6338,6.338732,"nan","nan","nan"
6339,6.339731,"nan","nan","nan"
6340,6.340733,"nan","nan","nan"
6341,6.341733,"nan","nan","nan"
6342,6.342758,"nan","nan","nan"
6343,6.343747,"nan","nan","nan"
6344,6.344735,"nan","nan","nan"
6345,6.345737,"nan","nan","nan"
6346,6.346728,"nan","nan","nan"
6347,6.347729,"nan","nan","nan"
6348,6.348728,"nan","nan","nan"
6349,6.349728,"nan","nan","nan"
6350,6.350728,"nan","nan","nan"
6351,6.351728,"nan","nan","nan"
6352,6.352729,"nan","nan","nan"
6353,6.353747,"nan","nan","nan"
6354,6.354734,"nan","nan","nan"
6355,6.355735,"nan","nan","nan"
6356,6.356738,"nan","nan","nan"
6357,6.357738,"nan","nan","nan"
6358,6.358738,"nan","nan","nan"
6359,6.359738,"nan","nan","nan"
6360,6.360738,"nan","nan","nan"
6361,6.361738,"nan","nan","nan"
6362,6.362738,"nan","nan","nan"
6363,6.363737,"nan","nan","nan"
6364,6.364941,"nan","nan","nan"
6365,6.365729,"nan","nan","nan"
6366,6.366732,"nan","nan","nan"
6367,6.367731,"nan","nan","nan"
6368,6.368732,"nan","nan","nan"
6369,6.369733,"nan","nan","nan"
6370,6.370733,"nan","nan","nan"
6371,6.371733,"nan","nan","nan"
6372,6.372731,"nan","nan","nan"
6373,6.373732,"nan","nan","nan"
6374,6.374796,"nan","nan","nan"
6375,6.375733,"nan","nan","nan"
6376,6.376736,"nan","nan","nan"
6377,6.377735,"nan","nan","nan"
6378,6.378736,"nan","nan","nan"
6379,6.379736,"nan","nan","nan"
6380,6.380736,"nan","nan","nan"
6381,6.381736,"nan","nan","nan"
6382,6.382735,"nan","nan","nan"
6383,6.383737,"nan","nan","nan"
6384,6.384738,"nan","nan","nan"
6385,6.385754,"nan","nan","nan"
6386,6.386734,"nan","nan","nan"
6387,6.387733,"nan","nan","nan"
6388,6.388734,"nan","nan","nan"
6389,6.389734,"nan","nan","nan"
6390,6.390735,"nan","nan","nan"
6391,6.391736,"nan","nan","nan"
6392,6.392736,"nan","nan","nan"
6393,6.393736,"nan","nan","nan"
6394,6.394737,"nan","nan","nan"
6395,6.395780,"nan","nan","nan"
6396,6.396733,"nan","nan","nan"
6397,6.397735,"nan","nan","nan"
6398,6.398736,"nan","nan","nan"
6399,6.399736,"nan","nan","nan"
6400,6.400737,"nan","nan","nan"
6401,6.401738,"nan","nan","nan"
6402,6.402738,"nan","nan","nan"
6403,6.403738,"nan","nan","nan"
6404,6.404739,"nan","nan","nan"
6405,6.405726,"nan","nan","nan"
6406,6.406746,"nan","nan","nan"
6407,6.407734,"nan","nan","nan"
6408,6.408734,"nan","nan","nan"
6409,6.409735,"nan","nan","nan"
6410,6.410736,"nan","nan","nan"
6411,6.411736,"nan","nan","nan"
6412,6.412737,"nan","nan","nan"
6413,6.413737,"nan","nan","nan"
6414,6.414737,"nan","nan","nan"
6415,6.415737,"nan","nan","nan"
6416,6.416743,"nan","nan","nan"
6417,6.417733,"nan","nan","nan"
6418,6.418733,"nan","nan","nan"
6419,6.419733,"nan","nan","nan"
6420,6.420732,"nan","nan","nan"
6421,6.421733,"nan","nan","nan"
6422,6.422733,"nan","nan","nan"
6423,6.423733,"nan","nan","nan"
6424,6.424733,"nan","nan","nan"
6425,6.425732,"nan","nan","nan"
6426,6.426736,"nan","nan","nan"
6427,6.427746,"nan","nan","nan"
6428,6.428735,"nan","nan","nan"
6429,6.429735,"nan","nan","nan"
6430,6.430734,"nan","nan","nan"
6431,6.431734,"nan","nan","nan"
6432,6.432734,"nan","nan","nan"
6433,6.433734,"nan","nan","nan"
6434,6.434735,"nan","nan","nan"
6435,6.435734,"nan","nan","nan"
6436,6.436737,"nan","nan","nan"
6437,6.437758,"nan","nan","nan"
6438,6.438733,"nan","nan","nan"
6439,6.439732,"nan","nan","nan"
6440,6.440733,"nan","nan","nan"
6441,6.441734,"nan","nan","nan"
6442,6.442733,"nan","nan","nan"
6443,6.443734,"nan","nan","nan"
6444,6.444733,"nan","nan","nan"
6445,6.445734,"nan","nan","nan"
6446,6.446737,"nan","nan","nan"
6447,6.447737,"nan","nan","nan"
6448,6.448753,"nan","nan","nan"
6449,6.449729,"nan","nan","nan"
6450,6.450730,"nan","nan","nan"
6451,6.451730,"nan","nan","nan"
6452,6.452731,"nan","nan","nan"
6453,6.453730,"nan","nan","nan"
6454,6.454732,"nan","nan","nan"
6455,6.455733,"nan","nan","nan"
6456,6.456736,"nan","nan","nan"
6457,6.457737,"nan","nan","nan"
6458,6.458742,"nan","nan","nan"
6459,6.459730,"nan","nan","nan"
6460,6.460732,"nan","nan","nan"
6461,6.461732,"nan","nan","nan"
6462,6.462732,"nan","nan","nan"
6463,6.463731,"nan","nan","nan"
6464,6.464733,"nan","nan","nan"
6465,6.465734,"nan","nan","nan"
6466,6.466737,"nan","nan","nan"
6467,6.467738,"nan","nan","nan"
6468,6.468739,"nan","nan","nan"
6469,6.469754,"nan","nan","nan"
6470,6.470729,"nan","nan","nan"
6471,6.471730,"nan","nan","nan"
6472,6.472730,"nan","nan","nan"
6473,6.473731,"nan","nan","nan"
6474,6.474732,"nan","nan","nan"
6475,6.475733,"nan","nan","nan"
6476,6.476736,"nan","nan","nan"
6477,6.477737,"nan","nan","nan"
6478,6.478737,"nan","nan","nan"
6479,6.479869,"nan","nan","nan"
6480,6.480731,"nan","nan","nan"
6481,6.481731,"nan","nan","nan"
6482,6.482730,"nan","nan","nan"
6483,6.483731,"nan","nan","nan"
6484,6.484730,"nan","nan","nan"
6485,6.485731,"nan","nan","nan"
6486,6.486734,"nan","nan","nan"
6487,6.487733,"nan","nan","nan"
6488,6.488733,"nan","nan","nan"
6489,6.489734,"nan","nan","nan"
6490,6.490752,"nan","nan","nan"
6491,6.491727,"nan","nan","nan"
6492,6.492728,"nan","nan","nan"
6493,6.493729,"nan","nan","nan"
6494,6.494728,"nan","nan","nan"
6495,6.495728,"nan","nan","nan"
6496,6.496730,"nan","nan","nan"
6497,6.497731,"nan","nan","nan"
6498,6.498731,"nan","nan","nan"
6499,6.499731,"nan","nan","nan"
6500,6.500756,"nan","nan","nan"
6501,6.501744,"nan","nan","nan"
6502,6.502732,"nan","nan","nan"
6503,6.503732,"nan","nan","nan"
6504,6.504732,"nan","nan","nan"
6505,6.505731,"nan","nan","nan"
6506,6.506733,"nan","nan","nan"
6507,6.507734,"nan","nan","nan"
6508,6.508735,"nan","nan","nan"
6509,6.509735,"nan","nan","nan"
6510,6.510735,"nan","nan","nan"
6511,6.511774,"nan","nan","nan"
6512,6.512738,"nan","nan","nan"
6513,6.513739,"nan","nan","nan"
6514,6.514727,"nan","nan","nan"
6515,6.515727,"nan","nan","nan"
6516,6.516731,"nan","nan","nan"
6517,6.517732,"nan","nan","nan"
6518,6.518732,"nan","nan","nan"
6519,6.519733,"nan","nan","nan"
6520,6.520734,"nan","nan","nan"
6521,6.521734,"nan","nan","nan"
6522,6.522749,"nan","nan","nan"
6523,6.523736,"nan","nan","nan"
6524,6.524738,"nan","nan","nan"
6525,6.525738,"nan","nan","nan"
6526,6.526729,"nan","nan","nan"
6527,6.527729,"nan","nan","nan"
6528,6.528730,"nan","nan","nan"
6529,6.529751,"nan","nan","nan"
6530,6.530727,"nan","nan","nan"
6531,6.531739,"nan","nan","nan"
6532,6.532755,"nan","nan","nan"
6533,6.533748,"nan","nan","nan"
6534,6.534737,"nan","nan","nan"
6535,6.535736,"nan","nan","nan"
6536,6.536729,"nan","nan","nan"
6537,6.537729,"nan","nan","nan"
6538,6.538730,"nan","nan","nan"
6539,6.539729,"nan","nan","nan"
6540,6.540731,"nan","nan","nan"
6541,6.541732,"nan","nan","nan"
6542,6.542733,"nan","nan","nan"
6543,6.543797,"nan","nan","nan"
6544,6.544733,"nan","nan","nan"
6545,6.545734,"nan","nan","nan"
6546,6.546736,"nan","nan","nan"
6547,6.547736,"nan","nan","nan"
6548,6.548736,"nan","nan","nan"
6549,6.549737,"nan","nan","nan"
6550,6.550736,"nan","nan","nan"
6551,6.551736,"nan","nan","nan"
6552,6.552735,"nan","nan","nan"
6553,6.553736,"nan","nan","nan"
6554,6.554753,"nan","nan","nan"
6555,6.555729,"nan","nan","nan"
6556,6.556732,"nan","nan","nan"
6557,6.557732,"nan","nan","nan"
6558,6.558732,"nan","nan","nan"
6559,6.559732,"nan","nan","nan"
6560,6.560732,"nan","nan","nan"
6561,6.561732,"nan","nan","nan"
6562,6.562732,"nan","nan","nan"
6563,6.563731,"nan","nan","nan"
6564,6.564791,"nan","nan","nan"
6565,6.565729,"nan","nan","nan"
6566,6.566732,"nan","nan","nan"
6567,6.567732,"nan","nan","nan"
6568,6.568731,"nan","nan","nan"
6569,6.569732,"nan","nan","nan"
6570,6.570732,"nan","nan","nan"
6571,6.571732,"nan","nan","nan"
6572,6.572732,"nan","nan","nan"
6573,6.573731,"nan","nan","nan"
6574,6.574731,"nan","nan","nan"
6575,6.575752,"nan","nan","nan"
6576,6.576731,"nan","nan","nan"
6577,6.577729,"nan","nan","nan"
6578,6.578730,"nan","nan","nan"
6579,6.579731,"nan","nan","nan"
6580,6.580732,"nan","nan","nan"
6581,6.581733,"nan","nan","nan"
6582,6.582733,"nan","nan","nan"
6583,6.583733,"nan","nan","nan"
6584,6.584734,"nan","nan","nan"
6585,6.585800,"nan","nan","nan"
6586,6.586748,"nan","nan","nan"
6587,6.587737,"nan","nan","nan"
6588,6.588736,"nan","nan","nan"
6589,6.589738,"nan","nan","nan"
6590,6.590739,"nan","nan","nan"
6591,6.591726,"nan","nan","nan"
6592,6.592727,"nan","nan","nan"
6593,6.593728,"nan","nan","nan"
6594,6.594728,"nan","nan","nan"
6595,6.595729,"nan","nan","nan"
6596,6.596754,"nan","nan","nan"
6597,6.597730,"nan","nan","nan"
6598,6.598731,"nan","nan","nan"
6599,6.599732,"nan","nan","nan"
6600,6.600732,"nan","nan","nan"
6601,6.601733,"nan","nan","nan"
6602,6.602732,"nan","nan","nan"
6603,6.603733,"nan","nan","nan"
6604,6.604733,"nan","nan","nan"
6605,6.605734,"nan","nan","nan"
6606,6.606780,"nan","nan","nan"
6607,6.607731,"nan","nan","nan"
6608,6.608732,"nan","nan","nan"
6609,6.609732,"nan","nan","nan"
6610,6.610732,"nan","nan","nan"
6611,6.611731,"nan","nan","nan"
6612,6.612732,"nan","nan","nan"
6613,6.613732,"nan","nan","nan"
6614,6.614732,"nan","nan","nan"
6615,6.615732,"nan","nan","nan"
6616,6.616733,"nan","nan","nan"
6617,6.617754,"nan","nan","nan"
6618,6.618729,"nan","nan","nan"
6619,6.619729,"nan","nan","nan"
6620,6.620728,"nan","nan","nan"
6621,6.621729,"nan","nan","nan"
6622,6.622730,"nan","nan","nan"
6623,6.623729,"nan","nan","nan"
6624,6.624730,"nan","nan","nan"
6625,6.625728,"nan","nan","nan"
6626,6.626732,"nan","nan","nan"
6627,6.627762,"nan","nan","nan"
6628,6.628737,"nan","nan","nan"
6629,6.629738,"nan","nan","nan"
6630,6.630737,"nan","nan","nan"
6631,6.631737,"nan","nan","nan"
6632,6.632737,"nan","nan","nan"
6633,6.633738,"nan","nan","nan"
6634,6.634737,"nan","nan","nan"
6635,6.635738,"nan","nan","nan"
6636,6.636728,"nan","nan","nan"
6637,6.637728,"nan","nan","nan"
6638,6.638746,"nan","nan","nan"
6639,6.639735,"nan","nan","nan"
6640,6.640733,"nan","nan","nan"
6641,6.641935,"nan","nan","nan"
6642,6.642735,"nan","nan","nan"
6643,6.643735,"nan","nan","nan"
6644,6.644735,"nan","nan","nan"
6645,6.645735,"nan","nan","nan"
6646,6.646739,"nan","nan","nan"
6647,6.647728,"nan","nan","nan"
6648,6.648743,"nan","nan","nan"
6649,6.649729,"nan","nan","nan"
6650,6.650732,"nan","nan","nan"
6651,6.651732,"nan","nan","nan"
6652,6.652733,"nan","nan","nan"
6653,6.653734,"nan","nan","nan"
6654,6.654733,"nan","nan","nan"
6655,6.655734,"nan","nan","nan"
6656,6.656739,"nan","nan","nan"
6657,6.657739,"nan","nan","nan"
6658,6.658726,"nan","nan","nan"
6659,6.659746,"nan","nan","nan"
6660,6.660735,"nan","nan","nan"
6661,6.661735,"nan","nan","nan"
6662,6.662736,"nan","nan","nan"
6663,6.663737,"nan","nan","nan"
6664,6.664736,"nan","nan","nan"
6665,6.665737,"nan","nan","nan"
6666,6.666729,"nan","nan","nan"
6667,6.667729,"nan","nan","nan"
6668,6.668729,"nan","nan","nan"
6669,6.669781,"nan","nan","nan"
6670,6.670732,"nan","nan","nan"
6671,6.671733,"nan","nan","nan"
6672,6.672733,"nan","nan","nan"
6673,6.673735,"nan","nan","nan"
6674,6.674734,"nan","nan","nan"
6675,6.675735,"nan","nan","nan"
6676,6.676737,"nan","nan","nan"
6677,6.677737,"nan","nan","nan"
6678,6.678737,"nan","nan","nan"
6679,6.679736,"nan","nan","nan"
6680,6.680744,"nan","nan","nan"
6681,6.681732,"nan","nan","nan"
6682,6.682732,"nan","nan","nan"
6683,6.683731,"nan","nan","nan"
6684,6.684732,"nan","nan","nan"
6685,6.685732,"nan","nan","nan"
6686,6.686734,"nan","nan","nan"
6687,6.687734,"nan","nan","nan"
6688,6.688733,"nan","nan","nan"
6689,6.689734,"nan","nan","nan"
6690,6.690754,"nan","nan","nan"
6691,6.691729,"nan","nan","nan"
6692,6.692729,"nan","nan","nan"
6693,6.693870,"nan","nan","nan"
6694,6.694733,"nan","nan","nan"
6695,6.695733,"nan","nan","nan"
6696,6.696736,"nan","nan","nan"
6697,6.697737,"nan","nan","nan"
6698,6.698736,"nan","nan","nan"
6699,6.699736,"nan","nan","nan"
6700,6.700736,"nan","nan","nan"
6701,6.701753,"nan","nan","nan"
6702,6.702729,"nan","nan","nan"
6703,6.703729,"nan","nan","nan"
6704,6.704729,"nan","nan","nan"
6705,6.705729,"nan","nan","nan"
6706,6.706732,"nan","nan","nan"
6707,6.707731,"nan","nan","nan"
6708,6.708732,"nan","nan","nan"
6709,6.709732,"nan","nan","nan"
6710,6.710732,"nan","nan","nan"
6711,6.711757,"nan","nan","nan"
6712,6.712733,"nan","nan","nan"
6713,6.713734,"nan","nan","nan"
6714,6.714734,"nan","nan","nan"
6715,6.715735,"nan","nan","nan"
6716,6.716739,"nan","nan","nan"
6717,6.717727,"nan","nan","nan"
6718,6.718740,"nan","nan","nan"
6719,6.719728,"nan","nan","nan"
6720,6.720729,"nan","nan","nan"
6721,6.721729,"nan","nan","nan"
6722,6.722748,"nan","nan","nan"
6723,6.723736,"nan","nan","nan"
6724,6.724737,"nan","nan","nan"
6725,6.725738,"nan","nan","nan"
6726,6.726728,"nan","nan","nan"
6727,6.727729,"nan","nan","nan"
6728,6.728730,"nan","nan","nan"
6729,6.729730,"nan","nan","nan"
6730,6.730730,"nan","nan","nan"
6731,6.731731,"nan","nan","nan"
6732,6.732785,"nan","nan","nan"
6733,6.733735,"nan","nan","nan"
6734,6.734736,"nan","nan","nan"
6735,6.735736,"nan","nan","nan"
6736,6.736727,"nan","nan","nan"
6737,6.737727,"nan","nan","nan"
6738,6.738728,"nan","nan","nan"
6739,6.739729,"nan","nan","nan"
6740,6.740729,"nan","nan","nan"
6741,6.741729,"nan","nan","nan"
6742,6.742728,"nan","nan","nan"
6743,6.743752,"nan","nan","nan"
6744,6.744729,"nan","nan","nan"
6745,6.745728,"nan","nan","nan"
6746,6.746732,"nan","nan","nan"
6747,6.747751,"nan","nan","nan"
6748,6.748727,"nan","nan","nan"
6749,6.749726,"nan","nan","nan"
6750,6.750728,"nan","nan","nan"
6751,6.751740,"nan","nan","nan"
6752,6.752728,"nan","nan","nan"
6753,6.753830,"nan","nan","nan"
6754,6.754737,"nan","nan","nan"
6755,6.755736,"nan","nan","nan"
6756,6.756727,"nan","nan","nan"
6757,6.757728,"nan","nan","nan"
6758,6.758728,"nan","nan","nan"
6759,6.759727,"nan","nan","nan"
6760,6.760727,"nan","nan","nan"
6761,6.761727,"nan","nan","nan"
6762,6.762728,"nan","nan","nan"
6763,6.763728,"nan","nan","nan"
6764,6.764766,"nan","nan","nan"
6765,6.765730,"nan","nan","nan"
6766,6.766734,"nan","nan","nan"
6767,6.767734,"nan","nan","nan"
6768,6.768734,"nan","nan","nan"
6769,6.769733,"nan","nan","nan"
6770,6.770734,"nan","nan","nan"
6771,6.771734,"nan","nan","nan"
6772,6.772734,"nan","nan","nan"
6773,6.773734,"nan","nan","nan"
6774,6.774733,"nan","nan","nan"
6775,6.775746,"nan","nan","nan"
6776,6.776738,"nan","nan","nan"
6777,6.777738,"nan","nan","nan"
6778,6.778739,"nan","nan","nan"
6779,6.779727,"nan","nan","nan"
6780,6.780728,"nan","nan","nan"
6781,6.781729,"nan","nan","nan"
6782,6.782729,"nan","nan","nan"
6783,6.783729,"nan","nan","nan"
6784,6.784730,"nan","nan","nan"
6785,6.785807,"nan","nan","nan"
6786,6.786731,"nan","nan","nan"
6787,6.787732,"nan","nan","nan"
6788,6.788732,"nan","nan","nan"
6789,6.789733,"nan","nan","nan"
6790,6.790734,"nan","nan","nan"
6791,6.791734,"nan","nan","nan"
6792,6.792735,"nan","nan","nan"
6793,6.793735,"nan","nan","nan"
6794,6.794736,"nan","nan","nan"
6795,6.795737,"nan","nan","nan"
6796,6.796750,"nan","nan","nan"
6797,6.797738,"nan","nan","nan"
6798,6.798727,"nan","nan","nan"
6799,6.799740,"nan","nan","nan"
6800,6.800728,"nan","nan","nan"
6801,6.801729,"nan","nan","nan"
6802,6.802729,"nan","nan","nan"
6803,6.803730,"nan","nan","nan"
6804,6.804731,"nan","nan","nan"
6805,6.805751,"nan","nan","nan"
6806,6.806732,"nan","nan","nan"
6807,6.807754,"nan","nan","nan"
6808,6.808730,"nan","nan","nan"
6809,6.809729,"nan","nan","nan"
6810,6.810729,"nan","nan","nan"
6811,6.811728,"nan","nan","nan"
6812,6.812729,"nan","nan","nan"
6813,6.813729,"nan","nan","nan"
6814,6.814729,"nan","nan","nan"
6815,6.815729,"nan","nan","nan"
6816,6.816733,"nan","nan","nan"
6817,6.817798,"nan","nan","nan"
6818,6.818735,"nan","nan","nan"
6819,6.819737,"nan","nan","nan"
6820,6.820737,"nan","nan","nan"
6821,6.821737,"nan","nan","nan"
6822,6.822736,"nan","nan","nan"
6823,6.823737,"nan","nan","nan"
6824,6.824737,"nan","nan","nan"
6825,6.825737,"nan","nan","nan"
6826,6.826727,"nan","nan","nan"
6827,6.827727,"nan","nan","nan"
6828,6.828744,"nan","nan","nan"
6829,6.829732,"nan","nan","nan"
6830,6.830732,"nan","nan","nan"
6831,6.831731,"nan","nan","nan"
6832,6.832732,"nan","nan","nan"
6833,6.833732,"nan","nan","nan"
6834,6.834732,"nan","nan","nan"
6835,6.835732,"nan","nan","nan"
6836,6.836734,"nan","nan","nan"
6837,6.837735,"nan","nan","nan"
6838,6.838783,"nan","nan","nan"
6839,6.839734,"nan","nan","nan"
6840,6.840735,"nan","nan","nan"
6841,6.841734,"nan","nan","nan"
6842,6.842735,"nan","nan","nan"
6843,6.843735,"nan","nan","nan"
6844,6.844736,"nan","nan","nan"
6845,6.845736,"nan","nan","nan"
6846,6.846727,"nan","nan","nan"
6847,6.847727,"nan","nan","nan"
6848,6.848728,"nan","nan","nan"
6849,6.849746,"nan","nan","nan"
6850,6.850736,"nan","nan","nan"
6851,6.851735,"nan","nan","nan"
6852,6.852736,"nan","nan","nan"
6853,6.853737,"nan","nan","nan"
6854,6.854737,"nan","nan","nan"
6855,6.855738,"nan","nan","nan"
6856,6.856729,"nan","nan","nan"
6857,6.857730,"nan","nan","nan"
6858,6.858744,"nan","nan","nan"
6859,6.859750,"nan","nan","nan"
6860,6.860739,"nan","nan","nan"
6861,6.861739,"nan","nan","nan"
6862,6.862727,"nan","nan","nan"
6863,6.863728,"nan","nan","nan"
6864,6.864728,"nan","nan","nan"
6865,6.865730,"nan","nan","nan"
6866,6.866733,"nan","nan","nan"
6867,6.867734,"nan","nan","nan"
6868,6.868734,"nan","nan","nan"
6869,6.869735,"nan","nan","nan"
6870,6.870745,"nan","nan","nan"
6871,6.871733,"nan","nan","nan"
6872,6.872732,"nan","nan","nan"
6873,6.873732,"nan","nan","nan"
6874,6.874731,"nan","nan","nan"
6875,6.875731,"nan","nan","nan"
6876,6.876734,"nan","nan","nan"
6877,6.877735,"nan","nan","nan"
6878,6.878735,"nan","nan","nan"
6879,6.879733,"nan","nan","nan"
6880,6.880786,"nan","nan","nan"
6881,6.881736,"nan","nan","nan"
6882,6.882737,"nan","nan","nan"
6883,6.883737,"nan","nan","nan"
6884,6.884736,"nan","nan","nan"
6885,6.885737,"nan","nan","nan"
6886,6.886728,"nan","nan","nan"
6887,6.887728,"nan","nan","nan"
6888,6.888727,"nan","nan","nan"
6889,6.889728,"nan","nan","nan"
6890,6.890728,"nan","nan","nan"
6891,6.891752,"nan","nan","nan"
6892,6.892730,"nan","nan","nan"
6893,6.893729,"nan","nan","nan"
6894,6.894729,"nan","nan","nan"
6895,6.895729,"nan","nan","nan"
6896,6.896732,"nan","nan","nan"
6897,6.897732,"nan","nan","nan"
6898,6.898731,"nan","nan","nan"
6899,6.899731,"nan","nan","nan"
6900,6.900732,"nan","nan","nan"
6901,6.901801,"nan","nan","nan"
6902,6.902738,"nan","nan","nan"
6903,6.903739,"nan","nan","nan"
6904,6.904738,"nan","nan","nan"
6905,6.905738,"nan","nan","nan"
6906,6.906730,"nan","nan","nan"
6907,6.907729,"nan","nan","nan"
6908,6.908731,"nan","nan","nan"
6909,6.909732,"nan","nan","nan"
6910,6.910732,"nan","nan","nan"
6911,6.911733,"nan","nan","nan"
6912,6.912750,"nan","nan","nan"
6913,6.913727,"nan","nan","nan"
6914,6.914740,"nan","nan","nan"
6915,6.915728,"nan","nan","nan"
6916,6.916732,"nan","nan","nan"
6917,6.917731,"nan","nan","nan"
6918,6.918755,"nan","nan","nan"
6919,6.919733,"nan","nan","nan"
6920,6.920734,"nan","nan","nan"
6921,6.921734,"nan","nan","nan"
6922,6.922804,"nan","nan","nan"
6923,6.923731,"nan","nan","nan"
6924,6.924732,"nan","nan","nan"
6925,6.925733,"nan","nan","nan"
6926,6.926736,"nan","nan","nan"
6927,6.927735,"nan","nan","nan"
6928,6.928737,"nan","nan","nan"
6929,6.929738,"nan","nan","nan"
6930,6.930739,"nan","nan","nan"
6931,6.931726,"nan","nan","nan"
6932,6.932728,"nan","nan","nan"
6933,6.933755,"nan","nan","nan"
6934,6.934731,"nan","nan","nan"
6935,6.935732,"nan","nan","nan"
6936,6.936736,"nan","nan","nan"
6937,6.937735,"nan","nan","nan"
6938,6.938735,"nan","nan","nan"
6939,6.939734,"nan","nan","nan"
6940,6.940734,"nan","nan","nan"
6941,6.941733,"nan","nan","nan"
6942,6.942734,"nan","nan","nan"
6943,6.943792,"nan","nan","nan"
6944,6.944729,"nan","nan","nan"
6945,6.945729,"nan","nan","nan"
6946,6.946732,"nan","nan","nan"
6947,6.947733,"nan","nan","nan"
6948,6.948732,"nan","nan","nan"
6949,6.949733,"nan","nan","nan"
6950,6.950733,"nan","nan","nan"
6951,6.951732,"nan","nan","nan"
6952,6.952732,"nan","nan","nan"
6953,6.953732,"nan","nan","nan"
6954,6.954744,"nan","nan","nan"
6955,6.955731,"nan","nan","nan"
6956,6.956735,"nan","nan","nan"
6957,6.957736,"nan","nan","nan"
6958,6.958736,"nan","nan","nan"
6959,6.959736,"nan","nan","nan"
6960,6.960736,"nan","nan","nan"
6961,6.961735,"nan","nan","nan"
6962,6.962735,"nan","nan","nan"
6963,6.963735,"nan","nan","nan"
6964,6.964775,"nan","nan","nan"
6965,6.965729,"nan","nan","nan"
6966,6.966733,"nan","nan","nan"
6967,6.967732,"nan","nan","nan"
6968,6.968732,"nan","nan","nan"
6969,6.969732,"nan","nan","nan"
6970,6.970732,"nan","nan","nan"
6971,6.971732,"nan","nan","nan"
6972,6.972732,"nan","nan","nan"
6973,6.973733,"nan","nan","nan"
6974,6.974759,"nan","nan","nan"
6975,6.975749,"nan","nan","nan"
6976,6.976739,"nan","nan","nan"
6977,6.977728,"nan","nan","nan"
6978,6.978728,"nan","nan","nan"
6979,6.979728,"nan","nan","nan"
6980,6.980729,"nan","nan","nan"
6981,6.981730,"nan","nan","nan"
6982,6.982730,"nan","nan","nan"
6983,6.983731,"nan","nan","nan"
6984,6.984731,"nan","nan","nan"
6985,6.985732,"nan","nan","nan"
6986,6.986746,"nan","nan","nan"
6987,6.987738,"nan","nan","nan"
6988,6.988739,"nan","nan","nan"
6989,6.989726,"nan","nan","nan"
6990,6.990739,"nan","nan","nan"
6991,6.991727,"nan","nan","nan"
6992,6.992728,"nan","nan","nan"
6993,6.993728,"nan","nan","nan"
6994,6.994730,"nan","nan","nan"
6995,6.995731,"nan","nan","nan"
6996,6.996734,"nan","nan","nan"
6997,6.997747,"nan","nan","nan"
6998,6.998736,"nan","nan","nan"
6999,6.999736,"nan","nan","nan"
7000,7.000737,"nan","nan","nan"
7001,7.001738,"nan","nan","nan"
7002,7.002738,"nan","nan","nan"
7003,7.003738,"nan","nan","nan"
7004,7.004737,"nan","nan","nan"
7005,7.005737,"nan","nan","nan"
7006,7.006728,"nan","nan","nan"
7007,7.007769,"nan","nan","nan"
7008,7.008735,"nan","nan","nan"
7009,7.009736,"nan","nan","nan"
7010,7.010736,"nan","nan","nan"
7011,7.011737,"nan","nan","nan"
7012,7.012737,"nan","nan","nan"
7013,7.013736,"nan","nan","nan"
7014,7.014736,"nan","nan","nan"
7015,7.015737,"nan","nan","nan"
7016,7.016728,"nan","nan","nan"
7017,7.017728,"nan","nan","nan"
7018,7.018750,"nan","nan","nan"
7019,7.019737,"nan","nan","nan"
7020,7.020739,"nan","nan","nan"
7021,7.021739,"nan","nan","nan"
7022,7.022739,"nan","nan","nan"
7023,7.023738,"nan","nan","nan"
7024,7.024739,"nan","nan","nan"
7025,7.025739,"nan","nan","nan"
7026,7.026730,"nan","nan","nan"
7027,7.027729,"nan","nan","nan"
7028,7.028832,"nan","nan","nan"
7029,7.029755,"nan","nan","nan"
7030,7.030730,"nan","nan","nan"
7031,7.031729,"nan","nan","nan"
7032,7.032730,"nan","nan","nan"
7033,7.033730,"nan","nan","nan"
7034,7.034730,"nan","nan","nan"
7035,7.035730,"nan","nan","nan"
7036,7.036733,"nan","nan","nan"
7037,7.037732,"nan","nan","nan"
7038,7.038733,"nan","nan","nan"
7039,7.039749,"nan","nan","nan"
7040,7.040737,"nan","nan","nan"
7041,7.041739,"nan","nan","nan"
7042,7.042727,"nan","nan","nan"
7043,7.043727,"nan","nan","nan"
7044,7.044728,"nan","nan","nan"
7045,7.045729,"nan","nan","nan"
7046,7.046731,"nan","nan","nan"
7047,7.047733,"nan","nan","nan"
7048,7.048734,"nan","nan","nan"
7049,7.049734,"nan","nan","nan"
7050,7.050746,"nan","nan","nan"
7051,7.051733,"nan","nan","nan"
7052,7.052735,"nan","nan","nan"
7053,7.053736,"nan","nan","nan"
7054,7.054736,"nan","nan","nan"
7055,7.055737,"nan","nan","nan"
7056,7.056727,"nan","nan","nan"
7057,7.057728,"nan","nan","nan"
7058,7.058728,"nan","nan","nan"
7059,7.059729,"nan","nan","nan"
7060,7.060805,"nan","nan","nan"
7061,7.061730,"nan","nan","nan"
7062,7.062732,"nan","nan","nan"
7063,7.063732,"nan","nan","nan"
7064,7.064732,"nan","nan","nan"
7065,7.065731,"nan","nan","nan"
7066,7.066736,"nan","nan","nan"
7067,7.067737,"nan","nan","nan"
7068,7.068737,"nan","nan","nan"
7069,7.069737,"nan","nan","nan"
7070,7.070737,"nan","nan","nan"
7071,7.071748,"nan","nan","nan"
7072,7.072736,"nan","nan","nan"
7073,7.073735,"nan","nan","nan"
7074,7.074736,"nan","nan","nan"
7075,7.075734,"nan","nan","nan"
7076,7.076738,"nan","nan","nan"
7077,7.077738,"nan","nan","nan"
7078,7.078738,"nan","nan","nan"
7079,7.079738,"nan","nan","nan"
7080,7.080754,"nan","nan","nan"
7081,7.081768,"nan","nan","nan"
7082,7.082733,"nan","nan","nan"
7083,7.083733,"nan","nan","nan"
7084,7.084734,"nan","nan","nan"
7085,7.085733,"nan","nan","nan"
7086,7.086736,"nan","nan","nan"
7087,7.087736,"nan","nan","nan"
7088,7.088736,"nan","nan","nan"
7089,7.089737,"nan","nan","nan"
7090,7.090735,"nan","nan","nan"
7091,7.091736,"nan","nan","nan"
7092,7.092749,"nan","nan","nan"
7093,7.093737,"nan","nan","nan"
7094,7.094737,"nan","nan","nan"
7095,7.095736,"nan","nan","nan"
7096,7.096727,"nan","nan","nan"
7097,7.097739,"nan","nan","nan"
7098,7.098726,"nan","nan","nan"
7099,7.099727,"nan","nan","nan"
7100,7.100728,"nan","nan","nan"
7101,7.101727,"nan","nan","nan"
7102,7.102832,"nan","nan","nan"
7103,7.103731,"nan","nan","nan"
7104,7.104733,"nan","nan","nan"
7105,7.105733,"nan","nan","nan"
7106,7.106737,"nan","nan","nan"
7107,7.107738,"nan","nan","nan"
7108,7.108739,"nan","nan","nan"
7109,7.109737,"nan","nan","nan"
7110,7.110739,"nan","nan","nan"
7111,7.111727,"nan","nan","nan"
7112,7.112727,"nan","nan","nan"
7113,7.113743,"nan","nan","nan"
7114,7.114730,"nan","nan","nan"
7115,7.115731,"nan","nan","nan"
7116,7.116735,"nan","nan","nan"
7117,7.117736,"nan","nan","nan"
7118,7.118735,"nan","nan","nan"
7119,7.119736,"nan","nan","nan"
7120,7.120737,"nan","nan","nan"
7121,7.121738,"nan","nan","nan"
7122,7.122738,"nan","nan","nan"
7123,7.123739,"nan","nan","nan"
7124,7.124745,"nan","nan","nan"
7125,7.125734,"nan","nan","nan"
7126,7.126737,"nan","nan","nan"
7127,7.127738,"nan","nan","nan"
7128,7.128737,"nan","nan","nan"
7129,7.129739,"nan","nan","nan"
7130,7.130740,"nan","nan","nan"
7131,7.131729,"nan","nan","nan"
7132,7.132729,"nan","nan","nan"
7133,7.133730,"nan","nan","nan"
7134,7.134742,"nan","nan","nan"
7135,7.135754,"nan","nan","nan"
7136,7.136734,"nan","nan","nan"
7137,7.137732,"nan","nan","nan"
7138,7.138734,"nan","nan","nan"
7139,7.139751,"nan","nan","nan"
7140,7.140738,"nan","nan","nan"
7141,7.141739,"nan","nan","nan"
7142,7.142739,"nan","nan","nan"
7143,7.143738,"nan","nan","nan"
7144,7.144738,"nan","nan","nan"
7145,7.145855,"nan","nan","nan"
7146,7.146733,"nan","nan","nan"
7147,7.147733,"nan","nan","nan"
7148,7.148733,"nan","nan","nan"
7149,7.149734,"nan","nan","nan"
7150,7.150734,"nan","nan","nan"
7151,7.151733,"nan","nan","nan"
7152,7.152733,"nan","nan","nan"
7153,7.153734,"nan","nan","nan"
7154,7.154733,"nan","nan","nan"
7155,7.155733,"nan","nan","nan"
7156,7.156744,"nan","nan","nan"
7157,7.157732,"nan","nan","nan"
7158,7.158732,"nan","nan","nan"
7159,7.159732,"nan","nan","nan"
7160,7.160732,"nan","nan","nan"
7161,7.161731,"nan","nan","nan"
7162,7.162732,"nan","nan","nan"
7163,7.163732,"nan","nan","nan"
7164,7.164732,"nan","nan","nan"
7165,7.165732,"nan","nan","nan"
7166,7.166812,"nan","nan","nan"
7167,7.167731,"nan","nan","nan"
7168,7.168731,"nan","nan","nan"
7169,7.169731,"nan","nan","nan"
7170,7.170731,"nan","nan","nan"
7171,7.171732,"nan","nan","nan"
7172,7.172733,"nan","nan","nan"
7173,7.173733,"nan","nan","nan"
7174,7.174734,"nan","nan","nan"
7175,7.175735,"nan","nan","nan"
7176,7.176738,"nan","nan","nan"
7177,7.177859,"nan","nan","nan"
7178,7.178734,"nan","nan","nan"
7179,7.179735,"nan","nan","nan"
7180,7.180734,"nan","nan","nan"
7181,7.181736,"nan","nan","nan"
7182,7.182736,"nan","nan","nan"
7183,7.183737,"nan","nan","nan"
7184,7.184738,"nan","nan","nan"
7185,7.185739,"nan","nan","nan"
7186,7.186730,"nan","nan","nan"
7187,7.187730,"nan","nan","nan"
7188,7.188750,"nan","nan","nan"
7189,7.189738,"nan","nan","nan"
7190,7.190727,"nan","nan","nan"
7191,7.191740,"nan","nan","nan"
7192,7.192749,"nan","nan","nan"
7193,7.193737,"nan","nan","nan"
7194,7.194738,"nan","nan","nan"
7195,7.195737,"nan","nan","nan"
7196,7.196730,"nan","nan","nan"
7197,7.197730,"nan","nan","nan"
7198,7.198731,"nan","nan","nan"
7199,7.199747,"nan","nan","nan"
7200,7.200734,"nan","nan","nan"
7201,7.201733,"nan","nan","nan"
7202,7.202733,"nan","nan","nan"
7203,7.203733,"nan","nan","nan"
7204,7.204733,"nan","nan","nan"
7205,7.205733,"nan","nan","nan"
7206,7.206737,"nan","nan","nan"
7207,7.207736,"nan","nan","nan"
7208,7.208736,"nan","nan","nan"
7209,7.209843,"nan","nan","nan"
7210,7.210731,"nan","nan","nan"
7211,7.211731,"nan","nan","nan"
7212,7.212732,"nan","nan","nan"
7213,7.213730,"nan","nan","nan"
7214,7.214731,"nan","nan","nan"
7215,7.215732,"nan","nan","nan"
7216,7.216734,"nan","nan","nan"
7217,7.217735,"nan","nan","nan"
7218,7.218733,"nan","nan","nan"
7219,7.219734,"nan","nan","nan"
7220,7.220751,"nan","nan","nan"
7221,7.221739,"nan","nan","nan"
7222,7.222739,"nan","nan","nan"
7223,7.223739,"nan","nan","nan"
7224,7.224738,"nan","nan","nan"
7225,7.225738,"nan","nan","nan"
7226,7.226729,"nan","nan","nan"
7227,7.227728,"nan","nan","nan"
7228,7.228729,"nan","nan","nan"
7229,7.229729,"nan","nan","nan"
7230,7.230795,"nan","nan","nan"
7231,7.231732,"nan","nan","nan"
7232,7.232733,"nan","nan","nan"
7233,7.233732,"nan","nan","nan"
7234,7.234732,"nan","nan","nan"
7235,7.235733,"nan","nan","nan"
7236,7.236736,"nan","nan","nan"
7237,7.237737,"nan","nan","nan"
7238,7.238737,"nan","nan","nan"
7239,7.239738,"nan","nan","nan"
7240,7.240739,"nan","nan","nan"
7241,7.241744,"nan","nan","nan"
7242,7.242731,"nan","nan","nan"
7243,7.243733,"nan","nan","nan"
7244,7.244734,"nan","nan","nan"
7245,7.245734,"nan","nan","nan"
7246,7.246738,"nan","nan","nan"
7247,7.247753,"nan","nan","nan"
7248,7.248729,"nan","nan","nan"
7249,7.249730,"nan","nan","nan"
7250,7.250731,"nan","nan","nan"
7251,7.251840,"nan","nan","nan"
7252,7.252729,"nan","nan","nan"
7253,7.253730,"nan","nan","nan"
7254,7.254730,"nan","nan","nan"
7255,7.255731,"nan","nan","nan"
7256,7.256735,"nan","nan","nan"
7257,7.257735,"nan","nan","nan"
7258,7.258736,"nan","nan","nan"
7259,7.259737,"nan","nan","nan"
7260,7.260737,"nan","nan","nan"
7261,7.261738,"nan","nan","nan"
7262,7.262745,"nan","nan","nan"
7263,7.263734,"nan","nan","nan"
7264,7.264734,"nan","nan","nan"
7265,7.265734,"nan","nan","nan"
7266,7.266737,"nan","nan","nan"
7267,7.267736,"nan","nan","nan"
7268,7.268736,"nan","nan","nan"
7269,7.269736,"nan","nan","nan"
7270,7.270736,"nan","nan","nan"
7271,7.271734,"nan","nan","nan"
7272,7.272774,"nan","nan","nan"
7273,7.273738,"nan","nan","nan"
7274,7.274739,"nan","nan","nan"
7275,7.275739,"nan","nan","nan"
7276,7.276730,"nan","nan","nan"
7277,7.277730,"nan","nan","nan"
7278,7.278730,"nan","nan","nan"
7279,7.279730,"nan","nan","nan"
7280,7.280729,"nan","nan","nan"
7281,7.281730,"nan","nan","nan"
7282,7.282730,"nan","nan","nan"
7283,7.283747,"nan","nan","nan"
7284,7.284734,"nan","nan","nan"
7285,7.285733,"nan","nan","nan"
7286,7.286737,"nan","nan","nan"
7287,7.287738,"nan","nan","nan"
7288,7.288737,"nan","nan","nan"
7289,7.289737,"nan","nan","nan"
7290,7.290737,"nan","nan","nan"
7291,7.291737,"nan","nan","nan"
7292,7.292737,"nan","nan","nan"
7293,7.293878,"nan","nan","nan"
7294,7.294728,"nan","nan","nan"
7295,7.295730,"nan","nan","nan"
7296,7.296733,"nan","nan","nan"
7297,7.297733,"nan","nan","nan"
7298,7.298733,"nan","nan","nan"
7299,7.299731,"nan","nan","nan"
7300,7.300751,"nan","nan","nan"
7301,7.301739,"nan","nan","nan"
7302,7.302740,"nan","nan","nan"
7303,7.303729,"nan","nan","nan"
7304,7.304826,"nan","nan","nan"
7305,7.305727,"nan","nan","nan"
7306,7.306731,"nan","nan","nan"
7307,7.307731,"nan","nan","nan"
7308,7.308732,"nan","nan","nan"
7309,7.309731,"nan","nan","nan"
7310,7.310733,"nan","nan","nan"
7311,7.311733,"nan","nan","nan"
7312,7.312734,"nan","nan","nan"
7313,7.313735,"nan","nan","nan"
7314,7.314734,"nan","nan","nan"
7315,7.315750,"nan","nan","nan"
7316,7.316729,"nan","nan","nan"
7317,7.317729,"nan","nan","nan"
7318,7.318729,"nan","nan","nan"
7319,7.319731,"nan","nan","nan"
7320,7.320731,"nan","nan","nan"
7321,7.321732,"nan","nan","nan"
7322,7.322732,"nan","nan","nan"
7323,7.323731,"nan","nan","nan"
7324,7.324733,"nan","nan","nan"
7325,7.325814,"nan","nan","nan"
7326,7.326731,"nan","nan","nan"
7327,7.327732,"nan","nan","nan"
7328,7.328731,"nan","nan","nan"
7329,7.329733,"nan","nan","nan"
7330,7.330734,"nan","nan","nan"
7331,7.331733,"nan","nan","nan"
7332,7.332733,"nan","nan","nan"
7333,7.333732,"nan","nan","nan"
7334,7.334733,"nan","nan","nan"
7335,7.335733,"nan","nan","nan"
7336,7.336744,"nan","nan","nan"
7337,7.337733,"nan","nan","nan"
7338,7.338732,"nan","nan","nan"
7339,7.339733,"nan","nan","nan"
7340,7.340733,"nan","nan","nan"
7341,7.341733,"nan","nan","nan"
7342,7.342733,"nan","nan","nan"
7343,7.343732,"nan","nan","nan"
7344,7.344733,"nan","nan","nan"
7345,7.345733,"nan","nan","nan"
7346,7.346851,"nan","nan","nan"
7347,7.347739,"nan","nan","nan"
7348,7.348727,"nan","nan","nan"
7349,7.349727,"nan","nan","nan"
7350,7.350728,"nan","nan","nan"
7351,7.351726,"nan","nan","nan"
7352,7.352728,"nan","nan","nan"
7353,7.353728,"nan","nan","nan"
7354,7.354728,"nan","nan","nan"
7355,7.355728,"nan","nan","nan"
7356,7.356732,"nan","nan","nan"
7357,7.357746,"nan","nan","nan"
7358,7.358733,"nan","nan","nan"
7359,7.359753,"nan","nan","nan"
7360,7.360728,"nan","nan","nan"
7361,7.361727,"nan","nan","nan"
7362,7.362729,"nan","nan","nan"
7363,7.363729,"nan","nan","nan"
7364,7.364729,"nan","nan","nan"
7365,7.365729,"nan","nan","nan"
7366,7.366731,"nan","nan","nan"
7367,7.367758,"nan","nan","nan"
7368,7.368749,"nan","nan","nan"
7369,7.369737,"nan","nan","nan"
7370,7.370737,"nan","nan","nan"
7371,7.371738,"nan","nan","nan"
7372,7.372738,"nan","nan","nan"
7373,7.373740,"nan","nan","nan"
7374,7.374727,"nan","nan","nan"
7375,7.375727,"nan","nan","nan"
7376,7.376731,"nan","nan","nan"
7377,7.377732,"nan","nan","nan"
7378,7.378783,"nan","nan","nan"
7379,7.379734,"nan","nan","nan"
7380,7.380736,"nan","nan","nan"
7381,7.381735,"nan","nan","nan"
7382,7.382736,"nan","nan","nan"
7383,7.383737,"nan","nan","nan"
7384,7.384738,"nan","nan","nan"
7385,7.385738,"nan","nan","nan"
7386,7.386730,"nan","nan","nan"
7387,7.387730,"nan","nan","nan"
7388,7.388731,"nan","nan","nan"
7389,7.389747,"nan","nan","nan"
7390,7.390736,"nan","nan","nan"
7391,7.391735,"nan","nan","nan"
7392,7.392737,"nan","nan","nan"
7393,7.393736,"nan","nan","nan"
7394,7.394737,"nan","nan","nan"
7395,7.395738,"nan","nan","nan"
7396,7.396728,"nan","nan","nan"
7397,7.397727,"nan","nan","nan"
7398,7.398728,"nan","nan","nan"
7399,7.399804,"nan","nan","nan"
7400,7.400728,"nan","nan","nan"
7401,7.401729,"nan","nan","nan"
7402,7.402729,"nan","nan","nan"
7403,7.403729,"nan","nan","nan"
7404,7.404728,"nan","nan","nan"
7405,7.405729,"nan","nan","nan"
7406,7.406733,"nan","nan","nan"
7407,7.407733,"nan","nan","nan"
7408,7.408733,"nan","nan","nan"
7409,7.409734,"nan","nan","nan"
7410,7.410743,"nan","nan","nan"
7411,7.411731,"nan","nan","nan"
7412,7.412744,"nan","nan","nan"
7413,7.413733,"nan","nan","nan"
7414,7.414731,"nan","nan","nan"
7415,7.415732,"nan","nan","nan"
7416,7.416735,"nan","nan","nan"
7417,7.417735,"nan","nan","nan"
7418,7.418735,"nan","nan","nan"
7419,7.419734,"nan","nan","nan"
7420,7.420838,"nan","nan","nan"
7421,7.421738,"nan","nan","nan"
7422,7.422739,"nan","nan","nan"
7423,7.423739,"nan","nan","nan"
7424,7.424739,"nan","nan","nan"
7425,7.425738,"nan","nan","nan"
7426,7.426729,"nan","nan","nan"
7427,7.427729,"nan","nan","nan"
7428,7.428728,"nan","nan","nan"
7429,7.429729,"nan","nan","nan"
7430,7.430729,"nan","nan","nan"
7431,7.431749,"nan","nan","nan"
7432,7.432738,"nan","nan","nan"
7433,7.433739,"nan","nan","nan"
7434,7.434727,"nan","nan","nan"
7435,7.435727,"nan","nan","nan"
7436,7.436731,"nan","nan","nan"
7437,7.437732,"nan","nan","nan"
7438,7.438731,"nan","nan","nan"
7439,7.439733,"nan","nan","nan"
7440,7.440734,"nan","nan","nan"
7441,7.441767,"nan","nan","nan"
7442,7.442728,"nan","nan","nan"
7443,7.443730,"nan","nan","nan"
7444,7.444731,"nan","nan","nan"
7445,7.445732,"nan","nan","nan"
7446,7.446735,"nan","nan","nan"
7447,7.447736,"nan","nan","nan"
7448,7.448735,"nan","nan","nan"
7449,7.449736,"nan","nan","nan"
7450,7.450737,"nan","nan","nan"
7451,7.451738,"nan","nan","nan"
7452,7.452745,"nan","nan","nan"
7453,7.453733,"nan","nan","nan"
7454,7.454733,"nan","nan","nan"
7455,7.455734,"nan","nan","nan"
7456,7.456737,"nan","nan","nan"
7457,7.457738,"nan","nan","nan"
7458,7.458738,"nan","nan","nan"
7459,7.459739,"nan","nan","nan"
7460,7.460728,"nan","nan","nan"
7461,7.461728,"nan","nan","nan"
7462,7.462762,"nan","nan","nan"
7463,7.463735,"nan","nan","nan"
7464,7.464736,"nan","nan","nan"
7465,7.465736,"nan","nan","nan"
7466,7.466739,"nan","nan","nan"
7467,7.467739,"nan","nan","nan"
7468,7.468738,"nan","nan","nan"
7469,7.469747,"nan","nan","nan"
7470,7.470736,"nan","nan","nan"
7471,7.471736,"nan","nan","nan"
7472,7.472735,"nan","nan","nan"
7473,7.473755,"nan","nan","nan"
7474,7.474730,"nan","nan","nan"
7475,7.475730,"nan","nan","nan"
7476,7.476732,"nan","nan","nan"
7477,7.477733,"nan","nan","nan"
7478,7.478733,"nan","nan","nan"
7479,7.479733,"nan","nan","nan"
7480,7.480733,"nan","nan","nan"
7481,7.481732,"nan","nan","nan"
7482,7.482733,"nan","nan","nan"
7483,7.483788,"nan","nan","nan"
7484,7.484738,"nan","nan","nan"
7485,7.485739,"nan","nan","nan"
7486,7.486729,"nan","nan","nan"
7487,7.487729,"nan","nan","nan"
7488,7.488729,"nan","nan","nan"
7489,7.489729,"nan","nan","nan"
7490,7.490728,"nan","nan","nan"
7491,7.491729,"nan","nan","nan"
7492,7.492729,"nan","nan","nan"
7493,7.493729,"nan","nan","nan"
7494,7.494744,"nan","nan","nan"
7495,7.495731,"nan","nan","nan"
7496,7.496735,"nan","nan","nan"
7497,7.497737,"nan","nan","nan"
7498,7.498737,"nan","nan","nan"
7499,7.499738,"nan","nan","nan"
7500,7.500738,"nan","nan","nan"
7501,7.501738,"nan","nan","nan"
7502,7.502739,"nan","nan","nan"
7503,7.503728,"nan","nan","nan"
7504,7.504791,"nan","nan","nan"
7505,7.505729,"nan","nan","nan"
7506,7.506733,"nan","nan","nan"
7507,7.507734,"nan","nan","nan"
7508,7.508734,"nan","nan","nan"
7509,7.509735,"nan","nan","nan"
7510,7.510735,"nan","nan","nan"
7511,7.511736,"nan","nan","nan"
7512,7.512737,"nan","nan","nan"
7513,7.513738,"nan","nan","nan"
7514,7.514739,"nan","nan","nan"
7515,7.515745,"nan","nan","nan"
7516,7.516737,"nan","nan","nan"
7517,7.517738,"nan","nan","nan"
7518,7.518738,"nan","nan","nan"
7519,7.519739,"nan","nan","nan"
7520,7.520727,"nan","nan","nan"
7521,7.521740,"nan","nan","nan"
7522,7.522728,"nan","nan","nan"
7523,7.523729,"nan","nan","nan"
7524,7.524729,"nan","nan","nan"
7525,7.525747,"nan","nan","nan"
7526,7.526738,"nan","nan","nan"
7527,7.527739,"nan","nan","nan"
7528,7.528752,"nan","nan","nan"
7529,7.529728,"nan","nan","nan"
7530,7.530740,"nan","nan","nan"
7531,7.531728,"nan","nan","nan"
7532,7.532728,"nan","nan","nan"
7533,7.533727,"nan","nan","nan"
7534,7.534728,"nan","nan","nan"
7535,7.535729,"nan","nan","nan"
7536,7.536749,"nan","nan","nan"
7537,7.537738,"nan","nan","nan"
7538,7.538738,"nan","nan","nan"
7539,7.539737,"nan","nan","nan"
7540,7.540738,"nan","nan","nan"
7541,7.541739,"nan","nan","nan"
7542,7.542739,"nan","nan","nan"
7543,7.543739,"nan","nan","nan"
7544,7.544738,"nan","nan","nan"
7545,7.545739,"nan","nan","nan"
7546,7.546746,"nan","nan","nan"
7547,7.547733,"nan","nan","nan"
7548,7.548733,"nan","nan","nan"
7549,7.549733,"nan","nan","nan"
7550,7.550733,"nan","nan","nan"
7551,7.551733,"nan","nan","nan"
7552,7.552733,"nan","nan","nan"
7553,7.553732,"nan","nan","nan"
7554,7.554732,"nan","nan","nan"
7555,7.555732,"nan","nan","nan"
7556,7.556735,"nan","nan","nan"
7557,7.557752,"nan","nan","nan"
7558,7.558728,"nan","nan","nan"
7559,7.559728,"nan","nan","nan"
7560,7.560728,"nan","nan","nan"
7561,7.561728,"nan","nan","nan"
7562,7.562728,"nan","nan","nan"
7563,7.563728,"nan","nan","nan"
7564,7.564729,"nan","nan","nan"
7565,7.565730,"nan","nan","nan"
7566,7.566734,"nan","nan","nan"
7567,7.567750,"nan","nan","nan"
7568,7.568737,"nan","nan","nan"
7569,7.569739,"nan","nan","nan"
7570,7.570727,"nan","nan","nan"
7571,7.571727,"nan","nan","nan"
7572,7.572729,"nan","nan","nan"
7573,7.573730,"nan","nan","nan"
7574,7.574730,"nan","nan","nan"
7575,7.575731,"nan","nan","nan"
7576,7.576734,"nan","nan","nan"
7577,7.577760,"nan","nan","nan"
7578,7.578754,"nan","nan","nan"
7579,7.579730,"nan","nan","nan"
7580,7.580730,"nan","nan","nan"
7581,7.581730,"nan","nan","nan"
7582,7.582731,"nan","nan","nan"
7583,7.583732,"nan","nan","nan"
7584,7.584755,"nan","nan","nan"
7585,7.585731,"nan","nan","nan"
7586,7.586738,"nan","nan","nan"
7587,7.587738,"nan","nan","nan"
7588,7.588745,"nan","nan","nan"
7589,7.589734,"nan","nan","nan"
7590,7.590736,"nan","nan","nan"
7591,7.591736,"nan","nan","nan"
7592,7.592736,"nan","nan","nan"
7593,7.593735,"nan","nan","nan"
7594,7.594735,"nan","nan","nan"
7595,7.595735,"nan","nan","nan"
7596,7.596738,"nan","nan","nan"
7597,7.597738,"nan","nan","nan"
7598,7.598738,"nan","nan","nan"
7599,7.599743,"nan","nan","nan"
7600,7.600730,"nan","nan","nan"
7601,7.601731,"nan","nan","nan"
7602,7.602731,"nan","nan","nan"
7603,7.603731,"nan","nan","nan"
7604,7.604731,"nan","nan","nan"
7605,7.605730,"nan","nan","nan"
7606,7.606734,"nan","nan","nan"
7607,7.607733,"nan","nan","nan"
7608,7.608733,"nan","nan","nan"
7609,7.609748,"nan","nan","nan"
7610,7.610736,"nan","nan","nan"
7611,7.611736,"nan","nan","nan"
7612,7.612737,"nan","nan","nan"
7613,7.613737,"nan","nan","nan"
7614,7.614737,"nan","nan","nan"
7615,7.615737,"nan","nan","nan"
7616,7.616739,"nan","nan","nan"
7617,7.617727,"nan","nan","nan"
7618,7.618739,"nan","nan","nan"
7619,7.619726,"nan","nan","nan"
7620,7.620744,"nan","nan","nan"
7621,7.621732,"nan","nan","nan"
7622,7.622731,"nan","nan","nan"
7623,7.623732,"nan","nan","nan"
7624,7.624730,"nan","nan","nan"
7625,7.625732,"nan","nan","nan"
7626,7.626735,"nan","nan","nan"
7627,7.627735,"nan","nan","nan"
7628,7.628736,"nan","nan","nan"
7629,7.629736,"nan","nan","nan"
7630,7.630744,"nan","nan","nan"
7631,7.631732,"nan","nan","nan"
7632,7.632733,"nan","nan","nan"
7633,7.633733,"nan","nan","nan"
7634,7.634733,"nan","nan","nan"
7635,7.635734,"nan","nan","nan"
7636,7.636738,"nan","nan","nan"
7637,7.637745,"nan","nan","nan"
7638,7.638735,"nan","nan","nan"
7639,7.639733,"nan","nan","nan"
7640,7.640735,"nan","nan","nan"
7641,7.641745,"nan","nan","nan"
7642,7.642734,"nan","nan","nan"
7643,7.643734,"nan","nan","nan"
7644,7.644735,"nan","nan","nan"
7645,7.645736,"nan","nan","nan"
7646,7.646727,"nan","nan","nan"
7647,7.647728,"nan","nan","nan"
7648,7.648728,"nan","nan","nan"
7649,7.649728,"nan","nan","nan"
7650,7.650729,"nan","nan","nan"
7651,7.651744,"nan","nan","nan"
7652,7.652732,"nan","nan","nan"
7653,7.653732,"nan","nan","nan"
7654,7.654734,"nan","nan","nan"
7655,7.655735,"nan","nan","nan"
7656,7.656738,"nan","nan","nan"
7657,7.657739,"nan","nan","nan"
7658,7.658739,"nan","nan","nan"
7659,7.659738,"nan","nan","nan"
7660,7.660738,"nan","nan","nan"
7661,7.661738,"nan","nan","nan"
7662,7.662745,"nan","nan","nan"
7663,7.663733,"nan","nan","nan"
7664,7.664734,"nan","nan","nan"
7665,7.665734,"nan","nan","nan"
7666,7.666737,"nan","nan","nan"
7667,7.667737,"nan","nan","nan"
7668,7.668736,"nan","nan","nan"
7669,7.669737,"nan","nan","nan"
7670,7.670737,"nan","nan","nan"
7671,7.671737,"nan","nan","nan"
7672,7.672841,"nan","nan","nan"
7673,7.673728,"nan","nan","nan"
7674,7.674729,"nan","nan","nan"
7675,7.675729,"nan","nan","nan"
7676,7.676733,"nan","nan","nan"
7677,7.677731,"nan","nan","nan"
7678,7.678733,"nan","nan","nan"
7679,7.679732,"nan","nan","nan"
7680,7.680732,"nan","nan","nan"
7681,7.681732,"nan","nan","nan"
7682,7.682731,"nan","nan","nan"
7683,7.683752,"nan","nan","nan"
7684,7.684727,"nan","nan","nan"
7685,7.685739,"nan","nan","nan"
7686,7.686729,"nan","nan","nan"
7687,7.687730,"nan","nan","nan"
7688,7.688730,"nan","nan","nan"
7689,7.689730,"nan","nan","nan"
7690,7.690754,"nan","nan","nan"
7691,7.691729,"nan","nan","nan"
7692,7.692730,"nan","nan","nan"
7693,7.693796,"nan","nan","nan"
7694,7.694738,"nan","nan","nan"
7695,7.695738,"nan","nan","nan"
7696,7.696729,"nan","nan","nan"
7697,7.697730,"nan","nan","nan"
7698,7.698730,"nan","nan","nan"
7699,7.699731,"nan","nan","nan"
7700,7.700731,"nan","nan","nan"
7701,7.701731,"nan","nan","nan"
7702,7.702732,"nan","nan","nan"
7703,7.703732,"nan","nan","nan"
7704,7.704754,"nan","nan","nan"
7705,7.705729,"nan","nan","nan"
7706,7.706734,"nan","nan","nan"
7707,7.707735,"nan","nan","nan"
7708,7.708736,"nan","nan","nan"
7709,7.709737,"nan","nan","nan"
7710,7.710738,"nan","nan","nan"
7711,7.711737,"nan","nan","nan"
7712,7.712739,"nan","nan","nan"
7713,7.713739,"nan","nan","nan"
7714,7.714753,"nan","nan","nan"
7715,7.715752,"nan","nan","nan"
7716,7.716732,"nan","nan","nan"
7717,7.717732,"nan","nan","nan"
7718,7.718733,"nan","nan","nan"
7719,7.719733,"nan","nan","nan"
7720,7.720733,"nan","nan","nan"
7721,7.721734,"nan","nan","nan"
7722,7.722735,"nan","nan","nan"
7723,7.723735,"nan","nan","nan"
7724,7.724735,"nan","nan","nan"
7725,7.725821,"nan","nan","nan"
7726,7.726736,"nan","nan","nan"
7727,7.727737,"nan","nan","nan"
7728,7.728737,"nan","nan","nan"
7729,7.729737,"nan","nan","nan"
7730,7.730736,"nan","nan","nan"
7731,7.731737,"nan","nan","nan"
7732,7.732737,"nan","nan","nan"
7733,7.733738,"nan","nan","nan"
7734,7.734738,"nan","nan","nan"
7735,7.735736,"nan","nan","nan"
7736,7.736744,"nan","nan","nan"
7737,7.737733,"nan","nan","nan"
7738,7.738733,"nan","nan","nan"
7739,7.739733,"nan","nan","nan"
7740,7.740734,"nan","nan","nan"
7741,7.741734,"nan","nan","nan"
7742,7.742734,"nan","nan","nan"
7743,7.743734,"nan","nan","nan"
7744,7.744732,"nan","nan","nan"
7745,7.745734,"nan","nan","nan"
7746,7.746856,"nan","nan","nan"
7747,7.747731,"nan","nan","nan"
7748,7.748731,"nan","nan","nan"
7749,7.749828,"nan","nan","nan"
7750,7.750728,"nan","nan","nan"
7751,7.751728,"nan","nan","nan"
7752,7.752728,"nan","nan","nan"
7753,7.753728,"nan","nan","nan"
7754,7.754729,"nan","nan","nan"
7755,7.755729,"nan","nan","nan"
7756,7.756732,"nan","nan","nan"
7757,7.757742,"nan","nan","nan"
7758,7.758730,"nan","nan","nan"
7759,7.759731,"nan","nan","nan"
7760,7.760731,"nan","nan","nan"
7761,7.761732,"nan","nan","nan"
7762,7.762733,"nan","nan","nan"
7763,7.763732,"nan","nan","nan"
7764,7.764734,"nan","nan","nan"
7765,7.765735,"nan","nan","nan"
7766,7.766739,"nan","nan","nan"
7767,7.767754,"nan","nan","nan"
7768,7.768729,"nan","nan","nan"
7769,7.769731,"nan","nan","nan"
7770,7.770731,"nan","nan","nan"
7771,7.771732,"nan","nan","nan"
7772,7.772732,"nan","nan","nan"
7773,7.773732,"nan","nan","nan"
7774,7.774733,"nan","nan","nan"
7775,7.775734,"nan","nan","nan"
7776,7.776737,"nan","nan","nan"
7777,7.777738,"nan","nan","nan"
7778,7.778744,"nan","nan","nan"
7779,7.779733,"nan","nan","nan"
7780,7.780733,"nan","nan","nan"
7781,7.781734,"nan","nan","nan"
7782,7.782735,"nan","nan","nan"
7783,7.783735,"nan","nan","nan"
7784,7.784736,"nan","nan","nan"
7785,7.785737,"nan","nan","nan"
7786,7.786727,"nan","nan","nan"
7787,7.787729,"nan","nan","nan"
7788,7.788905,"nan","nan","nan"
7789,7.789731,"nan","nan","nan"
7790,7.790731,"nan","nan","nan"
7791,7.791729,"nan","nan","nan"
7792,7.792730,"nan","nan","nan"
7793,7.793730,"nan","nan","nan"
7794,7.794730,"nan","nan","nan"
7795,7.795730,"nan","nan","nan"
7796,7.796734,"nan","nan","nan"
7797,7.797733,"nan","nan","nan"
7798,7.798733,"nan","nan","nan"
7799,7.799748,"nan","nan","nan"
7800,7.800736,"nan","nan","nan"
7801,7.801736,"nan","nan","nan"
7802,7.802736,"nan","nan","nan"
7803,7.803736,"nan","nan","nan"
7804,7.804736,"nan","nan","nan"
7805,7.805736,"nan","nan","nan"
7806,7.806727,"nan","nan","nan"
7807,7.807739,"nan","nan","nan"
7808,7.808740,"nan","nan","nan"
7809,7.809794,"nan","nan","nan"
7810,7.810754,"nan","nan","nan"
7811,7.811729,"nan","nan","nan"
7812,7.812729,"nan","nan","nan"
7813,7.813729,"nan","nan","nan"
7814,7.814729,"nan","nan","nan"
7815,7.815728,"nan","nan","nan"
7816,7.816732,"nan","nan","nan"
7817,7.817732,"nan","nan","nan"
7818,7.818732,"nan","nan","nan"
7819,7.819733,"nan","nan","nan"
7820,7.820754,"nan","nan","nan"
7821,7.821729,"nan","nan","nan"
7822,7.822729,"nan","nan","nan"
7823,7.823729,"nan","nan","nan"
7824,7.824729,"nan","nan","nan"
7825,7.825729,"nan","nan","nan"
7826,7.826733,"nan","nan","nan"
7827,7.827734,"nan","nan","nan"
7828,7.828735,"nan","nan","nan"
7829,7.829735,"nan","nan","nan"
7830,7.830836,"nan","nan","nan"
7831,7.831737,"nan","nan","nan"
7832,7.832739,"nan","nan","nan"
7833,7.833739,"nan","nan","nan"
7834,7.834727,"nan","nan","nan"
7835,7.835728,"nan","nan","nan"
7836,7.836732,"nan","nan","nan"
7837,7.837733,"nan","nan","nan"
7838,7.838733,"nan","nan","nan"
7839,7.839734,"nan","nan","nan"
7840,7.840734,"nan","nan","nan"
7841,7.841743,"nan","nan","nan"
7842,7.842732,"nan","nan","nan"
7843,7.843733,"nan","nan","nan"
7844,7.844734,"nan","nan","nan"
7845,7.845734,"nan","nan","nan"
7846,7.846738,"nan","nan","nan"
7847,7.847738,"nan","nan","nan"
7848,7.848739,"nan","nan","nan"
7849,7.849727,"nan","nan","nan"
7850,7.850727,"nan","nan","nan"
7851,7.851728,"nan","nan","nan"
7852,7.852749,"nan","nan","nan"
7853,7.853738,"nan","nan","nan"
7854,7.854738,"nan","nan","nan"
7855,7.855737,"nan","nan","nan"
7856,7.856727,"nan","nan","nan"
7857,7.857728,"nan","nan","nan"
7858,7.858726,"nan","nan","nan"
7859,7.859728,"nan","nan","nan"
7860,7.860728,"nan","nan","nan"
7861,7.861755,"nan","nan","nan"
7862,7.862773,"nan","nan","nan"
7863,7.863736,"nan","nan","nan"
7864,7.864736,"nan","nan","nan"
7865,7.865737,"nan","nan","nan"
7866,7.866728,"nan","nan","nan"
7867,7.867728,"nan","nan","nan"
7868,7.868728,"nan","nan","nan"
7869,7.869728,"nan","nan","nan"
7870,7.870728,"nan","nan","nan"
7871,7.871728,"nan","nan","nan"
7872,7.872729,"nan","nan","nan"
7873,7.873751,"nan","nan","nan"
7874,7.874739,"nan","nan","nan"
7875,7.875740,"nan","nan","nan"
7876,7.876731,"nan","nan","nan"
7877,7.877731,"nan","nan","nan"
7878,7.878730,"nan","nan","nan"
7879,7.879730,"nan","nan","nan"
7880,7.880730,"nan","nan","nan"
7881,7.881731,"nan","nan","nan"
7882,7.882729,"nan","nan","nan"
7883,7.883764,"nan","nan","nan"
7884,7.884739,"nan","nan","nan"
7885,7.885740,"nan","nan","nan"
7886,7.886731,"nan","nan","nan"
7887,7.887730,"nan","nan","nan"
7888,7.888730,"nan","nan","nan"
7889,7.889731,"nan","nan","nan"
7890,7.890731,"nan","nan","nan"
7891,7.891731,"nan","nan","nan"
7892,7.892731,"nan","nan","nan"
7893,7.893732,"nan","nan","nan"
7894,7.894744,"nan","nan","nan"
7895,7.895733,"nan","nan","nan"
7896,7.896736,"nan","nan","nan"
7897,7.897737,"nan","nan","nan"
7898,7.898737,"nan","nan","nan"
7899,7.899738,"nan","nan","nan"
7900,7.900738,"nan","nan","nan"
7901,7.901726,"nan","nan","nan"
7902,7.902727,"nan","nan","nan"
7903,7.903728,"nan","nan","nan"
7904,7.904833,"nan","nan","nan"
7905,7.905738,"nan","nan","nan"
7906,7.906729,"nan","nan","nan"
7907,7.907731,"nan","nan","nan"
7908,7.908732,"nan","nan","nan"
7909,7.909732,"nan","nan","nan"
7910,7.910732,"nan","nan","nan"
7911,7.911731,"nan","nan","nan"
7912,7.912733,"nan","nan","nan"
7913,7.913734,"nan","nan","nan"
7914,7.914734,"nan","nan","nan"
7915,7.915744,"nan","nan","nan"
7916,7.916734,"nan","nan","nan"
7917,7.917736,"nan","nan","nan"
7918,7.918737,"nan","nan","nan"
7919,7.919737,"nan","nan","nan"
7920,7.920762,"nan","nan","nan"
7921,7.921743,"nan","nan","nan"
7922,7.922730,"nan","nan","nan"
7923,7.923730,"nan","nan","nan"
7924,7.924730,"nan","nan","nan"
7925,7.925728,"nan","nan","nan"
7926,7.926747,"nan","nan","nan"
7927,7.927735,"nan","nan","nan"
7928,7.928734,"nan","nan","nan"
7929,7.929734,"nan","nan","nan"
7930,7.930734,"nan","nan","nan"
7931,7.931734,"nan","nan","nan"
7932,7.932734,"nan","nan","nan"
7933,7.933734,"nan","nan","nan"
7934,7.934734,"nan","nan","nan"
7935,7.935733,"nan","nan","nan"
7936,7.936886,"nan","nan","nan"
7937,7.937736,"nan","nan","nan"
7938,7.938736,"nan","nan","nan"
7939,7.939736,"nan","nan","nan"
7940,7.940737,"nan","nan","nan"
7941,7.941736,"nan","nan","nan"
7942,7.942737,"nan","nan","nan"
7943,7.943737,"nan","nan","nan"
7944,7.944737,"nan","nan","nan"
7945,7.945736,"nan","nan","nan"
7946,7.946728,"nan","nan","nan"
7947,7.947747,"nan","nan","nan"
7948,7.948735,"nan","nan","nan"
7949,7.949735,"nan","nan","nan"
7950,7.950734,"nan","nan","nan"
7951,7.951735,"nan","nan","nan"
7952,7.952735,"nan","nan","nan"
7953,7.953735,"nan","nan","nan"
7954,7.954735,"nan","nan","nan"
7955,7.955734,"nan","nan","nan"
7956,7.956738,"nan","nan","nan"
7957,7.957765,"nan","nan","nan"
7958,7.958744,"nan","nan","nan"
7959,7.959732,"nan","nan","nan"
7960,7.960733,"nan","nan","nan"
7961,7.961734,"nan","nan","nan"
7962,7.962734,"nan","nan","nan"
7963,7.963735,"nan","nan","nan"
7964,7.964734,"nan","nan","nan"
7965,7.965736,"nan","nan","nan"
7966,7.966739,"nan","nan","nan"
7967,7.967728,"nan","nan","nan"
7968,7.968754,"nan","nan","nan"
7969,7.969744,"nan","nan","nan"
7970,7.970732,"nan","nan","nan"
7971,7.971733,"nan","nan","nan"
7972,7.972734,"nan","nan","nan"
7973,7.973734,"nan","nan","nan"
7974,7.974734,"nan","nan","nan"
7975,7.975735,"nan","nan","nan"
7976,7.976739,"nan","nan","nan"
7977,7.977728,"nan","nan","nan"
7978,7.978728,"nan","nan","nan"
7979,7.979777,"nan","nan","nan"
7980,7.980747,"nan","nan","nan"
7981,7.981737,"nan","nan","nan"
7982,7.982737,"nan","nan","nan"
7983,7.983738,"nan","nan","nan"
7984,7.984738,"nan","nan","nan"
7985,7.985739,"nan","nan","nan"
7986,7.986729,"nan","nan","nan"
7987,7.987728,"nan","nan","nan"
7988,7.988728,"nan","nan","nan"
7989,7.989729,"nan","nan","nan"
7990,7.990768,"nan","nan","nan"
7991,7.991730,"nan","nan","nan"
7992,7.992729,"nan","nan","nan"
7993,7.993730,"nan","nan","nan"
7994,7.994730,"nan","nan","nan"
7995,7.995730,"nan","nan","nan"
7996,7.996734,"nan","nan","nan"
7997,7.997732,"nan","nan","nan"
7998,7.998733,"nan","nan","nan"
7999,7.999733,"nan","nan","nan"
8000,8.000733,"nan","nan","nan"
8001,8.001771,"nan","nan","nan"
8002,8.002731,"nan","nan","nan"
8003,8.003733,"nan","nan","nan"
8004,8.004733,"nan","nan","nan"
8005,8.005733,"nan","nan","nan"
8006,8.006736,"nan","nan","nan"
8007,8.007735,"nan","nan","nan"
8008,8.008736,"nan","nan","nan"
8009,8.009736,"nan","nan","nan"
8010,8.010736,"nan","nan","nan"
8011,8.011736,"nan","nan","nan"
8012,8.012754,"nan","nan","nan"
8013,8.013729,"nan","nan","nan"
8014,8.014729,"nan","nan","nan"
8015,8.015729,"nan","nan","nan"
8016,8.016731,"nan","nan","nan"
8017,8.017732,"nan","nan","nan"
8018,8.018732,"nan","nan","nan"
8019,8.019732,"nan","nan","nan"
8020,8.020732,"nan","nan","nan"
8021,8.021731,"nan","nan","nan"
8022,8.022733,"nan","nan","nan"
8023,8.023744,"nan","nan","nan"
8024,8.024733,"nan","nan","nan"
8025,8.025733,"nan","nan","nan"
8026,8.026738,"nan","nan","nan"
8027,8.027737,"nan","nan","nan"
8028,8.028738,"nan","nan","nan"
8029,8.029739,"nan","nan","nan"
8030,8.030726,"nan","nan","nan"
8031,8.031728,"nan","nan","nan"
8032,8.032729,"nan","nan","nan"
8033,8.033846,"nan","nan","nan"
8034,8.034734,"nan","nan","nan"
8035,8.035735,"nan","nan","nan"
8036,8.036747,"nan","nan","nan"
8037,8.037735,"nan","nan","nan"
8038,8.038735,"nan","nan","nan"
8039,8.039736,"nan","nan","nan"
8040,8.040737,"nan","nan","nan"
8041,8.041736,"nan","nan","nan"
8042,8.042737,"nan","nan","nan"
8043,8.043738,"nan","nan","nan"
8044,8.044752,"nan","nan","nan"
8045,8.045728,"nan","nan","nan"
8046,8.046732,"nan","nan","nan"
8047,8.047733,"nan","nan","nan"
8048,8.048733,"nan","nan","nan"
8049,8.049734,"nan","nan","nan"
8050,8.050733,"nan","nan","nan"
8051,8.051734,"nan","nan","nan"
8052,8.052734,"nan","nan","nan"
8053,8.053733,"nan","nan","nan"
8054,8.054759,"nan","nan","nan"
8055,8.055734,"nan","nan","nan"
8056,8.056738,"nan","nan","nan"
8057,8.057738,"nan","nan","nan"
8058,8.058738,"nan","nan","nan"
8059,8.059738,"nan","nan","nan"
8060,8.060738,"nan","nan","nan"
8061,8.061739,"nan","nan","nan"
8062,8.062739,"nan","nan","nan"
8063,8.063728,"nan","nan","nan"
8064,8.064727,"nan","nan","nan"
8065,8.065753,"nan","nan","nan"
8066,8.066731,"nan","nan","nan"
8067,8.067731,"nan","nan","nan"
8068,8.068731,"nan","nan","nan"
8069,8.069730,"nan","nan","nan"
8070,8.070731,"nan","nan","nan"
8071,8.071730,"nan","nan","nan"
8072,8.072730,"nan","nan","nan"
8073,8.073729,"nan","nan","nan"
8074,8.074730,"nan","nan","nan"
8075,8.075775,"nan","nan","nan"
8076,8.076729,"nan","nan","nan"
8077,8.077730,"nan","nan","nan"
8078,8.078728,"nan","nan","nan"
8079,8.079730,"nan","nan","nan"
8080,8.080730,"nan","nan","nan"
8081,8.081730,"nan","nan","nan"
8082,8.082730,"nan","nan","nan"
8083,8.083729,"nan","nan","nan"
8084,8.084730,"nan","nan","nan"
8085,8.085730,"nan","nan","nan"
8086,8.086746,"nan","nan","nan"
8087,8.087735,"nan","nan","nan"
8088,8.088736,"nan","nan","nan"
8089,8.089736,"nan","nan","nan"
8090,8.090737,"nan","nan","nan"
8091,8.091737,"nan","nan","nan"
8092,8.092738,"nan","nan","nan"
8093,8.093766,"nan","nan","nan"
8094,8.094730,"nan","nan","nan"
8095,8.095731,"nan","nan","nan"
8096,8.096752,"nan","nan","nan"
8097,8.097727,"nan","nan","nan"
8098,8.098729,"nan","nan","nan"
8099,8.099730,"nan","nan","nan"
8100,8.100730,"nan","nan","nan"
8101,8.101731,"nan","nan","nan"
8102,8.102730,"nan","nan","nan"
8103,8.103731,"nan","nan","nan"
8104,8.104732,"nan","nan","nan"
8105,8.105732,"nan","nan","nan"
8106,8.106736,"nan","nan","nan"
8107,8.107744,"nan","nan","nan"
8108,8.108733,"nan","nan","nan"
8109,8.109733,"nan","nan","nan"
8110,8.110734,"nan","nan","nan"
8111,8.111735,"nan","nan","nan"
8112,8.112734,"nan","nan","nan"
8113,8.113735,"nan","nan","nan"
8114,8.114736,"nan","nan","nan"
8115,8.115736,"nan","nan","nan"
8116,8.116727,"nan","nan","nan"
8117,8.117808,"nan","nan","nan"
8118,8.118732,"nan","nan","nan"
8119,8.119732,"nan","nan","nan"
8120,8.120732,"nan","nan","nan"
8121,8.121732,"nan","nan","nan"
8122,8.122731,"nan","nan","nan"
8123,8.123732,"nan","nan","nan"
8124,8.124732,"nan","nan","nan"
8125,8.125732,"nan","nan","nan"
8126,8.126735,"nan","nan","nan"
8127,8.127735,"nan","nan","nan"
8128,8.128744,"nan","nan","nan"
8129,8.129733,"nan","nan","nan"
8130,8.130733,"nan","nan","nan"
8131,8.131731,"nan","nan","nan"
8132,8.132733,"nan","nan","nan"
8133,8.133733,"nan","nan","nan"
8134,8.134733,"nan","nan","nan"
8135,8.135733,"nan","nan","nan"
8136,8.136735,"nan","nan","nan"
8137,8.137736,"nan","nan","nan"
8138,8.138775,"nan","nan","nan"
8139,8.139729,"nan","nan","nan"
8140,8.140729,"nan","nan","nan"
8141,8.141730,"nan","nan","nan"
8142,8.142730,"nan","nan","nan"
8143,8.143730,"nan","nan","nan"
8144,8.144730,"nan","nan","nan"
8145,8.145729,"nan","nan","nan"
8146,8.146733,"nan","nan","nan"
8147,8.147732,"nan","nan","nan"
8148,8.148733,"nan","nan","nan"
8149,8.149753,"nan","nan","nan"
8150,8.150728,"nan","nan","nan"
8151,8.151729,"nan","nan","nan"
8152,8.152746,"nan","nan","nan"
8153,8.153735,"nan","nan","nan"
8154,8.154736,"nan","nan","nan"
8155,8.155737,"nan","nan","nan"
8156,8.156728,"nan","nan","nan"
8157,8.157729,"nan","nan","nan"
8158,8.158729,"nan","nan","nan"
8159,8.159830,"nan","nan","nan"
8160,8.160735,"nan","nan","nan"
8161,8.161738,"nan","nan","nan"
8162,8.162738,"nan","nan","nan"
8163,8.163727,"nan","nan","nan"
8164,8.164727,"nan","nan","nan"
8165,8.165729,"nan","nan","nan"
8166,8.166733,"nan","nan","nan"
8167,8.167733,"nan","nan","nan"
8168,8.168734,"nan","nan","nan"
8169,8.169734,"nan","nan","nan"
8170,8.170748,"nan","nan","nan"
8171,8.171735,"nan","nan","nan"
8172,8.172737,"nan","nan","nan"
8173,8.173738,"nan","nan","nan"
8174,8.174738,"nan","nan","nan"
8175,8.175738,"nan","nan","nan"
8176,8.176730,"nan","nan","nan"
8177,8.177730,"nan","nan","nan"
8178,8.178731,"nan","nan","nan"
8179,8.179731,"nan","nan","nan"
8180,8.180745,"nan","nan","nan"
8181,8.181749,"nan","nan","nan"
8182,8.182738,"nan","nan","nan"
8183,8.183737,"nan","nan","nan"
8184,8.184736,"nan","nan","nan"
8185,8.185737,"nan","nan","nan"
8186,8.186728,"nan","nan","nan"
8187,8.187728,"nan","nan","nan"
8188,8.188727,"nan","nan","nan"
8189,8.189728,"nan","nan","nan"
8190,8.190728,"nan","nan","nan"
8191,8.191828,"nan","nan","nan"
8192,8.192728,"nan","nan","nan"
8193,8.193728,"nan","nan","nan"
8194,8.194729,"nan","nan","nan"
8195,8.195728,"nan","nan","nan"
8196,8.196731,"nan","nan","nan"
8197,8.197731,"nan","nan","nan"
8198,8.198730,"nan","nan","nan"
8199,8.199730,"nan","nan","nan"
8200,8.200730,"nan","nan","nan"
8201,8.201730,"nan","nan","nan"
8202,8.202752,"nan","nan","nan"
8203,8.203729,"nan","nan","nan"
8204,8.204729,"nan","nan","nan"
8205,8.205729,"nan","nan","nan"
8206,8.206732,"nan","nan","nan"
8207,8.207732,"nan","nan","nan"
8208,8.208731,"nan","nan","nan"
8209,8.209747,"nan","nan","nan"
8210,8.210734,"nan","nan","nan"
8211,8.211734,"nan","nan","nan"
8212,8.212828,"nan","nan","nan"
8213,8.213728,"nan","nan","nan"
8214,8.214729,"nan","nan","nan"
8215,8.215729,"nan","nan","nan"
8216,8.216732,"nan","nan","nan"
8217,8.217731,"nan","nan","nan"
8218,8.218732,"nan","nan","nan"
8219,8.219733,"nan","nan","nan"
8220,8.220734,"nan","nan","nan"
8221,8.221734,"nan","nan","nan"
8222,8.222733,"nan","nan","nan"
8223,8.223750,"nan","nan","nan"
8224,8.224739,"nan","nan","nan"
8225,8.225739,"nan","nan","nan"
8226,8.226729,"nan","nan","nan"
8227,8.227730,"nan","nan","nan"
8228,8.228732,"nan","nan","nan"
8229,8.229732,"nan","nan","nan"
8230,8.230733,"nan","nan","nan"
8231,8.231733,"nan","nan","nan"
8232,8.232733,"nan","nan","nan"
8233,8.233798,"nan","nan","nan"
8234,8.234730,"nan","nan","nan"
8235,8.235732,"nan","nan","nan"
8236,8.236735,"nan","nan","nan"
8237,8.237735,"nan","nan","nan"
8238,8.238736,"nan","nan","nan"
8239,8.239737,"nan","nan","nan"
8240,8.240737,"nan","nan","nan"
8241,8.241738,"nan","nan","nan"
8242,8.242738,"nan","nan","nan"
8243,8.243739,"nan","nan","nan"
8244,8.244751,"nan","nan","nan"
8245,8.245739,"nan","nan","nan"
8246,8.246730,"nan","nan","nan"
8247,8.247730,"nan","nan","nan"
8248,8.248730,"nan","nan","nan"
8249,8.249730,"nan","nan","nan"
8250,8.250728,"nan","nan","nan"
8251,8.251729,"nan","nan","nan"
8252,8.252730,"nan","nan","nan"
8253,8.253730,"nan","nan","nan"
8254,8.254755,"nan","nan","nan"
8255,8.255744,"nan","nan","nan"
8256,8.256734,"nan","nan","nan"
8257,8.257734,"nan","nan","nan"
8258,8.258735,"nan","nan","nan"
8259,8.259734,"nan","nan","nan"
8260,8.260735,"nan","nan","nan"
8261,8.261734,"nan","nan","nan"
8262,8.262735,"nan","nan","nan"
8263,8.263904,"nan","nan","nan"
8264,8.264730,"nan","nan","nan"
8265,8.265757,"nan","nan","nan"
8266,8.266738,"nan","nan","nan"
8267,8.267740,"nan","nan","nan"
8268,8.268728,"nan","nan","nan"
8269,8.269727,"nan","nan","nan"
8270,8.270728,"nan","nan","nan"
8271,8.271728,"nan","nan","nan"
8272,8.272728,"nan","nan","nan"
8273,8.273728,"nan","nan","nan"
8274,8.274727,"nan","nan","nan"
8275,8.275728,"nan","nan","nan"
8276,8.276744,"nan","nan","nan"
8277,8.277732,"nan","nan","nan"
8278,8.278732,"nan","nan","nan"
8279,8.279730,"nan","nan","nan"
8280,8.280732,"nan","nan","nan"
8281,8.281732,"nan","nan","nan"
8282,8.282732,"nan","nan","nan"
8283,8.283732,"nan","nan","nan"
8284,8.284732,"nan","nan","nan"
8285,8.285733,"nan","nan","nan"
8286,8.286763,"nan","nan","nan"
8287,8.287746,"nan","nan","nan"
8288,8.288735,"nan","nan","nan"
8289,8.289734,"nan","nan","nan"
8290,8.290736,"nan","nan","nan"
8291,8.291737,"nan","nan","nan"
8292,8.292737,"nan","nan","nan"
8293,8.293738,"nan","nan","nan"
8294,8.294726,"nan","nan","nan"
8295,8.295739,"nan","nan","nan"
8296,8.296730,"nan","nan","nan"
8297,8.297821,"nan","nan","nan"
8298,8.298734,"nan","nan","nan"
8299,8.299734,"nan","nan","nan"
8300,8.300735,"nan","nan","nan"
8301,8.301735,"nan","nan","nan"
8302,8.302736,"nan","nan","nan"
8303,8.303737,"nan","nan","nan"
8304,8.304736,"nan","nan","nan"
8305,8.305738,"nan","nan","nan"
8306,8.306729,"nan","nan","nan"
8307,8.307730,"nan","nan","nan"
8308,8.308747,"nan","nan","nan"
8309,8.309735,"nan","nan","nan"
8310,8.310736,"nan","nan","nan"
8311,8.311736,"nan","nan","nan"
8312,8.312737,"nan","nan","nan"
8313,8.313738,"nan","nan","nan"
8314,8.314737,"nan","nan","nan"
8315,8.315754,"nan","nan","nan"
8316,8.316732,"nan","nan","nan"
8317,8.317732,"nan","nan","nan"
8318,8.318851,"nan","nan","nan"
8319,8.319738,"nan","nan","nan"
8320,8.320739,"nan","nan","nan"
8321,8.321739,"nan","nan","nan"
8322,8.322739,"nan","nan","nan"
8323,8.323737,"nan","nan","nan"
8324,8.324739,"nan","nan","nan"
8325,8.325739,"nan","nan","nan"
8326,8.326730,"nan","nan","nan"
8327,8.327729,"nan","nan","nan"
8328,8.328730,"nan","nan","nan"
8329,8.329750,"nan","nan","nan"
8330,8.330738,"nan","nan","nan"
8331,8.331737,"nan","nan","nan"
8332,8.332738,"nan","nan","nan"
8333,8.333737,"nan","nan","nan"
8334,8.334737,"nan","nan","nan"
8335,8.335737,"nan","nan","nan"
8336,8.336727,"nan","nan","nan"
8337,8.337728,"nan","nan","nan"
8338,8.338728,"nan","nan","nan"
8339,8.339799,"nan","nan","nan"
8340,8.340736,"nan","nan","nan"
8341,8.341737,"nan","nan","nan"
8342,8.342736,"nan","nan","nan"
8343,8.343737,"nan","nan","nan"
8344,8.344737,"nan","nan","nan"
8345,8.345737,"nan","nan","nan"
8346,8.346727,"nan","nan","nan"
8347,8.347727,"nan","nan","nan"
8348,8.348728,"nan","nan","nan"
8349,8.349729,"nan","nan","nan"
8350,8.350742,"nan","nan","nan"
8351,8.351730,"nan","nan","nan"
8352,8.352731,"nan","nan","nan"
8353,8.353732,"nan","nan","nan"
8354,8.354732,"nan","nan","nan"
8355,8.355733,"nan","nan","nan"
8356,8.356735,"nan","nan","nan"
8357,8.357737,"nan","nan","nan"
8358,8.358738,"nan","nan","nan"
8359,8.359738,"nan","nan","nan"
8360,8.360797,"nan","nan","nan"
8361,8.361735,"nan","nan","nan"
8362,8.362737,"nan","nan","nan"
8363,8.363738,"nan","nan","nan"
8364,8.364739,"nan","nan","nan"
8365,8.365739,"nan","nan","nan"
8366,8.366730,"nan","nan","nan"
8367,8.367731,"nan","nan","nan"
8368,8.368731,"nan","nan","nan"
8369,8.369731,"nan","nan","nan"
8370,8.370731,"nan","nan","nan"
8371,8.371753,"nan","nan","nan"
8372,8.372729,"nan","nan","nan"
8373,8.373748,"nan","nan","nan"
8374,8.374736,"nan","nan","nan"
8375,8.375735,"nan","nan","nan"
8376,8.376728,"nan","nan","nan"
8377,8.377728,"nan","nan","nan"
8378,8.378729,"nan","nan","nan"
8379,8.379728,"nan","nan","nan"
8380,8.380729,"nan","nan","nan"
8381,8.381791,"nan","nan","nan"
8382,8.382728,"nan","nan","nan"
8383,8.383729,"nan","nan","nan"
8384,8.384728,"nan","nan","nan"
8385,8.385729,"nan","nan","nan"
8386,8.386732,"nan","nan","nan"
8387,8.387732,"nan","nan","nan"
8388,8.388732,"nan","nan","nan"
8389,8.389731,"nan","nan","nan"
8390,8.390732,"nan","nan","nan"
8391,8.391732,"nan","nan","nan"
8392,8.392745,"nan","nan","nan"
8393,8.393734,"nan","nan","nan"
8394,8.394732,"nan","nan","nan"
8395,8.395733,"nan","nan","nan"
8396,8.396736,"nan","nan","nan"
8397,8.397737,"nan","nan","nan"
8398,8.398737,"nan","nan","nan"
8399,8.399738,"nan","nan","nan"
8400,8.400737,"nan","nan","nan"
8401,8.401738,"nan","nan","nan"
8402,8.402743,"nan","nan","nan"
8403,8.403730,"nan","nan","nan"
8404,8.404732,"nan","nan","nan"
8405,8.405732,"nan","nan","nan"
8406,8.406735,"nan","nan","nan"
8407,8.407735,"nan","nan","nan"
8408,8.408735,"nan","nan","nan"
8409,8.409734,"nan","nan","nan"
8410,8.410735,"nan","nan","nan"
8411,8.411734,"nan","nan","nan"
8412,8.412760,"nan","nan","nan"
8413,8.413743,"nan","nan","nan"
8414,8.414731,"nan","nan","nan"
8415,8.415732,"nan","nan","nan"
8416,8.416735,"nan","nan","nan"
8417,8.417736,"nan","nan","nan"
8418,8.418737,"nan","nan","nan"
8419,8.419736,"nan","nan","nan"
8420,8.420738,"nan","nan","nan"
8421,8.421738,"nan","nan","nan"
8422,8.422739,"nan","nan","nan"
8423,8.423794,"nan","nan","nan"
8424,8.424732,"nan","nan","nan"
8425,8.425733,"nan","nan","nan"
8426,8.426736,"nan","nan","nan"
8427,8.427737,"nan","nan","nan"
8428,8.428737,"nan","nan","nan"
8429,8.429738,"nan","nan","nan"
8430,8.430739,"nan","nan","nan"
8431,8.431728,"nan","nan","nan"
8432,8.432741,"nan","nan","nan"
8433,8.433748,"nan","nan","nan"
8434,8.434745,"nan","nan","nan"
8435,8.435734,"nan","nan","nan"
8436,8.436738,"nan","nan","nan"
8437,8.437739,"nan","nan","nan"
8438,8.438739,"nan","nan","nan"
8439,8.439728,"nan","nan","nan"
8440,8.440728,"nan","nan","nan"
8441,8.441728,"nan","nan","nan"
8442,8.442729,"nan","nan","nan"
8443,8.443730,"nan","nan","nan"
8444,8.444846,"nan","nan","nan"
8445,8.445733,"nan","nan","nan"
8446,8.446737,"nan","nan","nan"
8447,8.447735,"nan","nan","nan"
8448,8.448736,"nan","nan","nan"
8449,8.449736,"nan","nan","nan"
8450,8.450736,"nan","nan","nan"
8451,8.451736,"nan","nan","nan"
8452,8.452736,"nan","nan","nan"
8453,8.453737,"nan","nan","nan"
8454,8.454737,"nan","nan","nan"
8455,8.455747,"nan","nan","nan"
8456,8.456739,"nan","nan","nan"
8457,8.457738,"nan","nan","nan"
8458,8.458739,"nan","nan","nan"
8459,8.459739,"nan","nan","nan"
8460,8.460727,"nan","nan","nan"
8461,8.461728,"nan","nan","nan"
8462,8.462728,"nan","nan","nan"
8463,8.463728,"nan","nan","nan"
8464,8.464728,"nan","nan","nan"
8465,8.465847,"nan","nan","nan"
8466,8.466738,"nan","nan","nan"
8467,8.467738,"nan","nan","nan"
8468,8.468739,"nan","nan","nan"
8469,8.469739,"nan","nan","nan"
8470,8.470739,"nan","nan","nan"
8471,8.471727,"nan","nan","nan"
8472,8.472739,"nan","nan","nan"
8473,8.473739,"nan","nan","nan"
8474,8.474727,"nan","nan","nan"
8475,8.475727,"nan","nan","nan"
8476,8.476750,"nan","nan","nan"
8477,8.477738,"nan","nan","nan"
8478,8.478738,"nan","nan","nan"
8479,8.479738,"nan","nan","nan"
8480,8.480738,"nan","nan","nan"
8481,8.481738,"nan","nan","nan"
8482,8.482740,"nan","nan","nan"
8483,8.483728,"nan","nan","nan"
8484,8.484728,"nan","nan","nan"
8485,8.485894,"nan","nan","nan"
8486,8.486752,"nan","nan","nan"
8487,8.487739,"nan","nan","nan"
8488,8.488729,"nan","nan","nan"
8489,8.489728,"nan","nan","nan"
8490,8.490730,"nan","nan","nan"
8491,8.491731,"nan","nan","nan"
8492,8.492732,"nan","nan","nan"
8493,8.493732,"nan","nan","nan"
8494,8.494732,"nan","nan","nan"
8495,8.495733,"nan","nan","nan"
8496,8.496737,"nan","nan","nan"
8497,8.497743,"nan","nan","nan"
8498,8.498732,"nan","nan","nan"
8499,8.499731,"nan","nan","nan"
8500,8.500733,"nan","nan","nan"
8501,8.501734,"nan","nan","nan"
8502,8.502735,"nan","nan","nan"
8503,8.503735,"nan","nan","nan"
8504,8.504734,"nan","nan","nan"
8505,8.505736,"nan","nan","nan"
8506,8.506727,"nan","nan","nan"
8507,8.507749,"nan","nan","nan"
8508,8.508737,"nan","nan","nan"
8509,8.509738,"nan","nan","nan"
8510,8.510738,"nan","nan","nan"
8511,8.511738,"nan","nan","nan"
8512,8.512737,"nan","nan","nan"
8513,8.513737,"nan","nan","nan"
8514,8.514736,"nan","nan","nan"
8515,8.515737,"nan","nan","nan"
8516,8.516728,"nan","nan","nan"
8517,8.517728,"nan","nan","nan"
8518,8.518744,"nan","nan","nan"
8519,8.519732,"nan","nan","nan"
8520,8.520731,"nan","nan","nan"
8521,8.521731,"nan","nan","nan"
8522,8.522731,"nan","nan","nan"
8523,8.523730,"nan","nan","nan"
8524,8.524731,"nan","nan","nan"
8525,8.525731,"nan","nan","nan"
8526,8.526733,"nan","nan","nan"
8527,8.527734,"nan","nan","nan"
8528,8.528744,"nan","nan","nan"
8529,8.529732,"nan","nan","nan"
8530,8.530732,"nan","nan","nan"
8531,8.531732,"nan","nan","nan"
8532,8.532732,"nan","nan","nan"
8533,8.533731,"nan","nan","nan"
8534,8.534732,"nan","nan","nan"
8535,8.535731,"nan","nan","nan"
8536,8.536735,"nan","nan","nan"
8537,8.537735,"nan","nan","nan"
8538,8.538760,"nan","nan","nan"
8539,8.539751,"nan","nan","nan"
8540,8.540739,"nan","nan","nan"
8541,8.541728,"nan","nan","nan"
8542,8.542727,"nan","nan","nan"
8543,8.543727,"nan","nan","nan"
8544,8.544727,"nan","nan","nan"
8545,8.545935,"nan","nan","nan"
8546,8.546739,"nan","nan","nan"
8547,8.547728,"nan","nan","nan"
8548,8.548728,"nan","nan","nan"
8549,8.549744,"nan","nan","nan"
8550,8.550732,"nan","nan","nan"
8551,8.551733,"nan","nan","nan"
8552,8.552732,"nan","nan","nan"
8553,8.553734,"nan","nan","nan"
8554,8.554734,"nan","nan","nan"
8555,8.555734,"nan","nan","nan"
8556,8.556738,"nan","nan","nan"
8557,8.557738,"nan","nan","nan"
8558,8.558739,"nan","nan","nan"
8559,8.559727,"nan","nan","nan"
8560,8.560754,"nan","nan","nan"
8561,8.561730,"nan","nan","nan"
8562,8.562731,"nan","nan","nan"
8563,8.563732,"nan","nan","nan"
8564,8.564733,"nan","nan","nan"
8565,8.565733,"nan","nan","nan"
8566,8.566737,"nan","nan","nan"
8567,8.567737,"nan","nan","nan"
8568,8.568738,"nan","nan","nan"
8569,8.569738,"nan","nan","nan"
8570,8.570753,"nan","nan","nan"
8571,8.571728,"nan","nan","nan"
8572,8.572730,"nan","nan","nan"
8573,8.573730,"nan","nan","nan"
8574,8.574731,"nan","nan","nan"
8575,8.575732,"nan","nan","nan"
8576,8.576734,"nan","nan","nan"
8577,8.577734,"nan","nan","nan"
8578,8.578734,"nan","nan","nan"
8579,8.579733,"nan","nan","nan"
8580,8.580734,"nan","nan","nan"
8581,8.581748,"nan","nan","nan"
8582,8.582736,"nan","nan","nan"
8583,8.583735,"nan","nan","nan"
8584,8.584736,"nan","nan","nan"
8585,8.585736,"nan","nan","nan"
8586,8.586727,"nan","nan","nan"
8587,8.587739,"nan","nan","nan"
8588,8.588728,"nan","nan","nan"
8589,8.589726,"nan","nan","nan"
8590,8.590728,"nan","nan","nan"
8591,8.591765,"nan","nan","nan"
8592,8.592728,"nan","nan","nan"
8593,8.593729,"nan","nan","nan"
8594,8.594727,"nan","nan","nan"
8595,8.595728,"nan","nan","nan"
8596,8.596732,"nan","nan","nan"
8597,8.597732,"nan","nan","nan"
8598,8.598732,"nan","nan","nan"
8599,8.599732,"nan","nan","nan"
8600,8.600732,"nan","nan","nan"
8601,8.601732,"nan","nan","nan"
8602,8.602749,"nan","nan","nan"
8603,8.603738,"nan","nan","nan"
8604,8.604964,"nan","nan","nan"
8605,8.605727,"nan","nan","nan"
8606,8.606731,"nan","nan","nan"
8607,8.607731,"nan","nan","nan"
8608,8.608731,"nan","nan","nan"
8609,8.609730,"nan","nan","nan"
8610,8.610730,"nan","nan","nan"
8611,8.611730,"nan","nan","nan"
8612,8.612749,"nan","nan","nan"
8613,8.613737,"nan","nan","nan"
8614,8.614738,"nan","nan","nan"
8615,8.615737,"nan","nan","nan"
8616,8.616728,"nan","nan","nan"
8617,8.617729,"nan","nan","nan"
8618,8.618728,"nan","nan","nan"
8619,8.619730,"nan","nan","nan"
8620,8.620731,"nan","nan","nan"
8621,8.621731,"nan","nan","nan"
8622,8.622757,"nan","nan","nan"
8623,8.623745,"nan","nan","nan"
8624,8.624733,"nan","nan","nan"
8625,8.625734,"nan","nan","nan"
8626,8.626738,"nan","nan","nan"
8627,8.627738,"nan","nan","nan"
8628,8.628726,"nan","nan","nan"
8629,8.629727,"nan","nan","nan"
8630,8.630728,"nan","nan","nan"
8631,8.631729,"nan","nan","nan"
8632,8.632730,"nan","nan","nan"
8633,8.633749,"nan","nan","nan"
8634,8.634728,"nan","nan","nan"
8635,8.635729,"nan","nan","nan"
8636,8.636732,"nan","nan","nan"
8637,8.637733,"nan","nan","nan"
8638,8.638733,"nan","nan","nan"
8639,8.639734,"nan","nan","nan"
8640,8.640735,"nan","nan","nan"
8641,8.641735,"nan","nan","nan"
8642,8.642734,"nan","nan","nan"
8643,8.643733,"nan","nan","nan"
8644,8.644755,"nan","nan","nan"
8645,8.645730,"nan","nan","nan"
8646,8.646733,"nan","nan","nan"
8647,8.647734,"nan","nan","nan"
8648,8.648733,"nan","nan","nan"
8649,8.649733,"nan","nan","nan"
8650,8.650733,"nan","nan","nan"
8651,8.651733,"nan","nan","nan"
8652,8.652732,"nan","nan","nan"
8653,8.653733,"nan","nan","nan"
8654,8.654750,"nan","nan","nan"
8655,8.655728,"nan","nan","nan"
8656,8.656731,"nan","nan","nan"
8657,8.657730,"nan","nan","nan"
8658,8.658731,"nan","nan","nan"
8659,8.659754,"nan","nan","nan"
8660,8.660730,"nan","nan","nan"
8661,8.661728,"nan","nan","nan"
8662,8.662730,"nan","nan","nan"
8663,8.663730,"nan","nan","nan"
8664,8.664730,"nan","nan","nan"
8665,8.665751,"nan","nan","nan"
8666,8.666729,"nan","nan","nan"
8667,8.667729,"nan","nan","nan"
8668,8.668730,"nan","nan","nan"
8669,8.669730,"nan","nan","nan"
8670,8.670730,"nan","nan","nan"
8671,8.671728,"nan","nan","nan"
8672,8.672729,"nan","nan","nan"
8673,8.673729,"nan","nan","nan"
8674,8.674729,"nan","nan","nan"
8675,8.675823,"nan","nan","nan"
8676,8.676727,"nan","nan","nan"
8677,8.677729,"nan","nan","nan"
8678,8.678729,"nan","nan","nan"
8679,8.679730,"nan","nan","nan"
8680,8.680731,"nan","nan","nan"
8681,8.681730,"nan","nan","nan"
8682,8.682731,"nan","nan","nan"
8683,8.683732,"nan","nan","nan"
8684,8.684732,"nan","nan","nan"
8685,8.685733,"nan","nan","nan"
8686,8.686751,"nan","nan","nan"
8687,8.687739,"nan","nan","nan"
8688,8.688727,"nan","nan","nan"
8689,8.689728,"nan","nan","nan"
8690,8.690728,"nan","nan","nan"
8691,8.691729,"nan","nan","nan"
8692,8.692730,"nan","nan","nan"
8693,8.693731,"nan","nan","nan"
8694,8.694731,"nan","nan","nan"
8695,8.695731,"nan","nan","nan"
8696,8.696749,"nan","nan","nan"
8697,8.697737,"nan","nan","nan"
8698,8.698738,"nan","nan","nan"
8699,8.699739,"nan","nan","nan"
8700,8.700727,"nan","nan","nan"
8701,8.701739,"nan","nan","nan"
8702,8.702728,"nan","nan","nan"
8703,8.703729,"nan","nan","nan"
8704,8.704728,"nan","nan","nan"
8705,8.705730,"nan","nan","nan"
8706,8.706759,"nan","nan","nan"
8707,8.707753,"nan","nan","nan"
8708,8.708729,"nan","nan","nan"
8709,8.709727,"nan","nan","nan"
8710,8.710729,"nan","nan","nan"
8711,8.711728,"nan","nan","nan"
8712,8.712729,"nan","nan","nan"
8713,8.713729,"nan","nan","nan"
8714,8.714728,"nan","nan","nan"
8715,8.715752,"nan","nan","nan"
8716,8.716731,"nan","nan","nan"
8717,8.717746,"nan","nan","nan"
8718,8.718734,"nan","nan","nan"
8719,8.719733,"nan","nan","nan"
8720,8.720733,"nan","nan","nan"
8721,8.721734,"nan","nan","nan"
8722,8.722733,"nan","nan","nan"
8723,8.723734,"nan","nan","nan"
8724,8.724733,"nan","nan","nan"
8725,8.725734,"nan","nan","nan"
8726,8.726737,"nan","nan","nan"
8727,8.727764,"nan","nan","nan"
8728,8.728755,"nan","nan","nan"
8729,8.729730,"nan","nan","nan"
8730,8.730731,"nan","nan","nan"
8731,8.731731,"nan","nan","nan"
8732,8.732731,"nan","nan","nan"
8733,8.733729,"nan","nan","nan"
8734,8.734730,"nan","nan","nan"
8735,8.735730,"nan","nan","nan"
8736,8.736733,"nan","nan","nan"
8737,8.737733,"nan","nan","nan"
8738,8.738768,"nan","nan","nan"
8739,8.739732,"nan","nan","nan"
8740,8.740732,"nan","nan","nan"
8741,8.741732,"nan","nan","nan"
8742,8.742733,"nan","nan","nan"
8743,8.743732,"nan","nan","nan"
8744,8.744734,"nan","nan","nan"
8745,8.745734,"nan","nan","nan"
8746,8.746738,"nan","nan","nan"
8747,8.747738,"nan","nan","nan"
8748,8.748727,"nan","nan","nan"
8749,8.749746,"nan","nan","nan"
8750,8.750734,"nan","nan","nan"
8751,8.751734,"nan","nan","nan"
8752,8.752735,"nan","nan","nan"
8753,8.753735,"nan","nan","nan"
8754,8.754736,"nan","nan","nan"
8755,8.755737,"nan","nan","nan"
8756,8.756729,"nan","nan","nan"
8757,8.757728,"nan","nan","nan"
8758,8.758729,"nan","nan","nan"
8759,8.759744,"nan","nan","nan"
8760,8.760733,"nan","nan","nan"
8761,8.761734,"nan","nan","nan"
8762,8.762732,"nan","nan","nan"
8763,8.763734,"nan","nan","nan"
8764,8.764735,"nan","nan","nan"
8765,8.765736,"nan","nan","nan"
8766,8.766739,"nan","nan","nan"
8767,8.767727,"nan","nan","nan"
8768,8.768728,"nan","nan","nan"
8769,8.769729,"nan","nan","nan"
8770,8.770746,"nan","nan","nan"
8771,8.771735,"nan","nan","nan"
8772,8.772734,"nan","nan","nan"
8773,8.773761,"nan","nan","nan"
8774,8.774751,"nan","nan","nan"
8775,8.775728,"nan","nan","nan"
8776,8.776730,"nan","nan","nan"
8777,8.777731,"nan","nan","nan"
8778,8.778731,"nan","nan","nan"
8779,8.779730,"nan","nan","nan"
8780,8.780742,"nan","nan","nan"
8781,8.781732,"nan","nan","nan"
8782,8.782733,"nan","nan","nan"
8783,8.783733,"nan","nan","nan"
8784,8.784733,"nan","nan","nan"
8785,8.785733,"nan","nan","nan"
8786,8.786737,"nan","nan","nan"
8787,8.787736,"nan","nan","nan"
8788,8.788736,"nan","nan","nan"
8789,8.789736,"nan","nan","nan"
8790,8.790736,"nan","nan","nan"
8791,8.791744,"nan","nan","nan"
8792,8.792732,"nan","nan","nan"
8793,8.793732,"nan","nan","nan"
8794,8.794732,"nan","nan","nan"
8795,8.795731,"nan","nan","nan"
8796,8.796735,"nan","nan","nan"
8797,8.797735,"nan","nan","nan"
8798,8.798735,"nan","nan","nan"
8799,8.799735,"nan","nan","nan"
8800,8.800736,"nan","nan","nan"
8801,8.801752,"nan","nan","nan"
8802,8.802739,"nan","nan","nan"
8803,8.803740,"nan","nan","nan"
8804,8.804728,"nan","nan","nan"
8805,8.805728,"nan","nan","nan"
8806,8.806731,"nan","nan","nan"
8807,8.807731,"nan","nan","nan"
8808,8.808732,"nan","nan","nan"
8809,8.809733,"nan","nan","nan"
8810,8.810732,"nan","nan","nan"
8811,8.811759,"nan","nan","nan"
8812,8.812747,"nan","nan","nan"
8813,8.813736,"nan","nan","nan"
8814,8.814736,"nan","nan","nan"
8815,8.815736,"nan","nan","nan"
8816,8.816728,"nan","nan","nan"
8817,8.817729,"nan","nan","nan"
8818,8.818729,"nan","nan","nan"
8819,8.819729,"nan","nan","nan"
8820,8.820730,"nan","nan","nan"
8821,8.821731,"nan","nan","nan"
8822,8.822749,"nan","nan","nan"
8823,8.823737,"nan","nan","nan"
8824,8.824738,"nan","nan","nan"
8825,8.825737,"nan","nan","nan"
8826,8.826729,"nan","nan","nan"
8827,8.827729,"nan","nan","nan"
8828,8.828747,"nan","nan","nan"
8829,8.829737,"nan","nan","nan"
8830,8.830737,"nan","nan","nan"
8831,8.831738,"nan","nan","nan"
8832,8.832765,"nan","nan","nan"
8833,8.833752,"nan","nan","nan"
8834,8.834729,"nan","nan","nan"
8835,8.835730,"nan","nan","nan"
8836,8.836734,"nan","nan","nan"
8837,8.837734,"nan","nan","nan"
8838,8.838734,"nan","nan","nan"
8839,8.839733,"nan","nan","nan"
8840,8.840733,"nan","nan","nan"
8841,8.841733,"nan","nan","nan"
8842,8.842734,"nan","nan","nan"
8843,8.843743,"nan","nan","nan"
8844,8.844730,"nan","nan","nan"
8845,8.845731,"nan","nan","nan"
8846,8.846733,"nan","nan","nan"
8847,8.847733,"nan","nan","nan"
8848,8.848732,"nan","nan","nan"
8849,8.849733,"nan","nan","nan"
8850,8.850733,"nan","nan","nan"
8851,8.851733,"nan","nan","nan"
8852,8.852733,"nan","nan","nan"
8853,8.853732,"nan","nan","nan"
8854,8.854747,"nan","nan","nan"
8855,8.855735,"nan","nan","nan"
8856,8.856738,"nan","nan","nan"
8857,8.857738,"nan","nan","nan"
8858,8.858737,"nan","nan","nan"
8859,8.859738,"nan","nan","nan"
8860,8.860738,"nan","nan","nan"
8861,8.861738,"nan","nan","nan"
8862,8.862738,"nan","nan","nan"
8863,8.863737,"nan","nan","nan"
8864,8.864753,"nan","nan","nan"
8865,8.865728,"nan","nan","nan"
8866,8.866732,"nan","nan","nan"
8867,8.867730,"nan","nan","nan"
8868,8.868732,"nan","nan","nan"
8869,8.869731,"nan","nan","nan"
8870,8.870731,"nan","nan","nan"
8871,8.871731,"nan","nan","nan"
8872,8.872731,"nan","nan","nan"
8873,8.873731,"nan","nan","nan"
8874,8.874732,"nan","nan","nan"
8875,8.875746,"nan","nan","nan"
8876,8.876738,"nan","nan","nan"
8877,8.877738,"nan","nan","nan"
8878,8.878738,"nan","nan","nan"
8879,8.879739,"nan","nan","nan"
8880,8.880728,"nan","nan","nan"
8881,8.881728,"nan","nan","nan"
8882,8.882729,"nan","nan","nan"
8883,8.883730,"nan","nan","nan"
8884,8.884731,"nan","nan","nan"
8885,8.885750,"nan","nan","nan"
8886,8.886744,"nan","nan","nan"
8887,8.887733,"nan","nan","nan"
8888,8.888733,"nan","nan","nan"
8889,8.889734,"nan","nan","nan"
8890,8.890735,"nan","nan","nan"
8891,8.891736,"nan","nan","nan"
8892,8.892736,"nan","nan","nan"
8893,8.893737,"nan","nan","nan"
8894,8.894737,"nan","nan","nan"
8895,8.895738,"nan","nan","nan"
8896,8.896746,"nan","nan","nan"
8897,8.897734,"nan","nan","nan"
8898,8.898734,"nan","nan","nan"
8899,8.899735,"nan","nan","nan"
8900,8.900736,"nan","nan","nan"
8901,8.901735,"nan","nan","nan"
8902,8.902737,"nan","nan","nan"
8903,8.903738,"nan","nan","nan"
8904,8.904737,"nan","nan","nan"
8905,8.905737,"nan","nan","nan"
8906,8.906748,"nan","nan","nan"
8907,8.907735,"nan","nan","nan"
8908,8.908736,"nan","nan","nan"
8909,8.909736,"nan","nan","nan"
8910,8.910736,"nan","nan","nan"
8911,8.911735,"nan","nan","nan"
8912,8.912736,"nan","nan","nan"
8913,8.913736,"nan","nan","nan"
8914,8.914736,"nan","nan","nan"
8915,8.915736,"nan","nan","nan"
8916,8.916739,"nan","nan","nan"
8917,8.917755,"nan","nan","nan"
8918,8.918731,"nan","nan","nan"
8919,8.919731,"nan","nan","nan"
8920,8.920730,"nan","nan","nan"
8921,8.921730,"nan","nan","nan"
8922,8.922730,"nan","nan","nan"
8923,8.923731,"nan","nan","nan"
8924,8.924730,"nan","nan","nan"
8925,8.925731,"nan","nan","nan"
8926,8.926734,"nan","nan","nan"
8927,8.927751,"nan","nan","nan"
8928,8.928727,"nan","nan","nan"
8929,8.929727,"nan","nan","nan"
8930,8.930728,"nan","nan","nan"
8931,8.931728,"nan","nan","nan"
8932,8.932728,"nan","nan","nan"
8933,8.933728,"nan","nan","nan"
8934,8.934727,"nan","nan","nan"
8935,8.935728,"nan","nan","nan"
8936,8.936731,"nan","nan","nan"
8937,8.937731,"nan","nan","nan"
8938,8.938747,"nan","nan","nan"
8939,8.939735,"nan","nan","nan"
8940,8.940736,"nan","nan","nan"
8941,8.941737,"nan","nan","nan"
8942,8.942737,"nan","nan","nan"
8943,8.943738,"nan","nan","nan"
8944,8.944748,"nan","nan","nan"
8945,8.945736,"nan","nan","nan"
8946,8.946740,"nan","nan","nan"
8947,8.947729,"nan","nan","nan"
8948,8.948745,"nan","nan","nan"
8949,8.949733,"nan","nan","nan"
8950,8.950734,"nan","nan","nan"
8951,8.951734,"nan","nan","nan"
8952,8.952735,"nan","nan","nan"
8953,8.953736,"nan","nan","nan"
8954,8.954735,"nan","nan","nan"
8955,8.955736,"nan","nan","nan"
8956,8.956728,"nan","nan","nan"
8957,8.957729,"nan","nan","nan"
8958,8.958729,"nan","nan","nan"
8959,8.959749,"nan","nan","nan"
8960,8.960737,"nan","nan","nan"
8961,8.961738,"nan","nan","nan"
8962,8.962739,"nan","nan","nan"
8963,8.963739,"nan","nan","nan"
8964,8.964739,"nan","nan","nan"
8965,8.965727,"nan","nan","nan"
8966,8.966731,"nan","nan","nan"
8967,8.967732,"nan","nan","nan"
8968,8.968732,"nan","nan","nan"
8969,8.969823,"nan","nan","nan"
8970,8.970735,"nan","nan","nan"
8971,8.971735,"nan","nan","nan"
8972,8.972736,"nan","nan","nan"
8973,8.973735,"nan","nan","nan"
8974,8.974736,"nan","nan","nan"
8975,8.975736,"nan","nan","nan"
8976,8.976738,"nan","nan","nan"
8977,8.977739,"nan","nan","nan"
8978,8.978738,"nan","nan","nan"
8979,8.979739,"nan","nan","nan"
8980,8.980743,"nan","nan","nan"
8981,8.981732,"nan","nan","nan"
8982,8.982730,"nan","nan","nan"
8983,8.983731,"nan","nan","nan"
8984,8.984731,"nan","nan","nan"
8985,8.985731,"nan","nan","nan"
8986,8.986734,"nan","nan","nan"
8987,8.987733,"nan","nan","nan"
8988,8.988734,"nan","nan","nan"
8989,8.989733,"nan","nan","nan"
8990,8.990820,"nan","nan","nan"
8991,8.991733,"nan","nan","nan"
8992,8.992733,"nan","nan","nan"
8993,8.993733,"nan","nan","nan"
8994,8.994733,"nan","nan","nan"
8995,8.995742,"nan","nan","nan"
8996,8.996732,"nan","nan","nan"
8997,8.997734,"nan","nan","nan"
8998,8.998734,"nan","nan","nan"
8999,8.999734,"nan","nan","nan"
9000,9.000734,"nan","nan","nan"
9001,9.001743,"nan","nan","nan"
9002,9.002730,"nan","nan","nan"
9003,9.003730,"nan","nan","nan"
9004,9.004731,"nan","nan","nan"
9005,9.005731,"nan","nan","nan"
9006,9.006734,"nan","nan","nan"
9007,9.007735,"nan","nan","nan"
9008,9.008736,"nan","nan","nan"
9009,9.009736,"nan","nan","nan"
9010,9.010737,"nan","nan","nan"
9011,9.011744,"nan","nan","nan"
9012,9.012732,"nan","nan","nan"
9013,9.013733,"nan","nan","nan"
9014,9.014733,"nan","nan","nan"
9015,9.015734,"nan","nan","nan"
9016,9.016736,"nan","nan","nan"
9017,9.017738,"nan","nan","nan"
9018,9.018739,"nan","nan","nan"
9019,9.019728,"nan","nan","nan"
9020,9.020728,"nan","nan","nan"
9021,9.021730,"nan","nan","nan"
9022,9.022750,"nan","nan","nan"
9023,9.023737,"nan","nan","nan"
9024,9.024738,"nan","nan","nan"
9025,9.025739,"nan","nan","nan"
9026,9.026730,"nan","nan","nan"
9027,9.027730,"nan","nan","nan"
9028,9.028731,"nan","nan","nan"
9029,9.029731,"nan","nan","nan"
9030,9.030732,"nan","nan","nan"
9031,9.031732,"nan","nan","nan"
9032,9.032824,"nan","nan","nan"
9033,9.033730,"nan","nan","nan"
9034,9.034730,"nan","nan","nan"
9035,9.035730,"nan","nan","nan"
9036,9.036734,"nan","nan","nan"
9037,9.037733,"nan","nan","nan"
9038,9.038734,"nan","nan","nan"
9039,9.039732,"nan","nan","nan"
9040,9.040733,"nan","nan","nan"
9041,9.041733,"nan","nan","nan"
9042,9.042733,"nan","nan","nan"
9043,9.043754,"nan","nan","nan"
9044,9.044729,"nan","nan","nan"
9045,9.045730,"nan","nan","nan"
9046,9.046733,"nan","nan","nan"
9047,9.047733,"nan","nan","nan"
9048,9.048752,"nan","nan","nan"
9049,9.049728,"nan","nan","nan"
9050,9.050729,"nan","nan","nan"
9051,9.051729,"nan","nan","nan"
9052,9.052729,"nan","nan","nan"
9053,9.053819,"nan","nan","nan"
9054,9.054731,"nan","nan","nan"
9055,9.055731,"nan","nan","nan"
9056,9.056734,"nan","nan","nan"
9057,9.057734,"nan","nan","nan"
9058,9.058734,"nan","nan","nan"
9059,9.059734,"nan","nan","nan"
9060,9.060734,"nan","nan","nan"
9061,9.061734,"nan","nan","nan"
9062,9.062734,"nan","nan","nan"
9063,9.063735,"nan","nan","nan"
9064,9.064743,"nan","nan","nan"
9065,9.065729,"nan","nan","nan"
9066,9.066733,"nan","nan","nan"
9067,9.067733,"nan","nan","nan"
9068,9.068732,"nan","nan","nan"
9069,9.069733,"nan","nan","nan"
9070,9.070734,"nan","nan","nan"
9071,9.071734,"nan","nan","nan"
9072,9.072735,"nan","nan","nan"
9073,9.073734,"nan","nan","nan"
9074,9.074761,"nan","nan","nan"
9075,9.075747,"nan","nan","nan"
9076,9.076728,"nan","nan","nan"
9077,9.077728,"nan","nan","nan"
9078,9.078730,"nan","nan","nan"
9079,9.079731,"nan","nan","nan"
9080,9.080731,"nan","nan","nan"
9081,9.081732,"nan","nan","nan"
9082,9.082731,"nan","nan","nan"
9083,9.083732,"nan","nan","nan"
9084,9.084733,"nan","nan","nan"
9085,9.085748,"nan","nan","nan"
9086,9.086739,"nan","nan","nan"
9087,9.087727,"nan","nan","nan"
9088,9.088727,"nan","nan","nan"
9089,9.089728,"nan","nan","nan"
9090,9.090729,"nan","nan","nan"
9091,9.091730,"nan","nan","nan"
9092,9.092730,"nan","nan","nan"
9093,9.093731,"nan","nan","nan"
9094,9.094731,"nan","nan","nan"
9095,9.095756,"nan","nan","nan"
9096,9.096746,"nan","nan","nan"
9097,9.097735,"nan","nan","nan"
9098,9.098736,"nan","nan","nan"
9099,9.099737,"nan","nan","nan"
9100,9.100737,"nan","nan","nan"
9101,9.101742,"nan","nan","nan"
9102,9.102729,"nan","nan","nan"
9103,9.103730,"nan","nan","nan"
9104,9.104730,"nan","nan","nan"
9105,9.105730,"nan","nan","nan"
9106,9.106748,"nan","nan","nan"
9107,9.107735,"nan","nan","nan"
9108,9.108736,"nan","nan","nan"
9109,9.109736,"nan","nan","nan"
9110,9.110736,"nan","nan","nan"
9111,9.111736,"nan","nan","nan"
9112,9.112736,"nan","nan","nan"
9113,9.113736,"nan","nan","nan"
9114,9.114736,"nan","nan","nan"
9115,9.115736,"nan","nan","nan"
9116,9.116727,"nan","nan","nan"
9117,9.117750,"nan","nan","nan"
9118,9.118738,"nan","nan","nan"
9119,9.119738,"nan","nan","nan"
9120,9.120739,"nan","nan","nan"
9121,9.121737,"nan","nan","nan"
9122,9.122739,"nan","nan","nan"
9123,9.123739,"nan","nan","nan"
9124,9.124728,"nan","nan","nan"
9125,9.125727,"nan","nan","nan"
9126,9.126730,"nan","nan","nan"
9127,9.127750,"nan","nan","nan"
9128,9.128737,"nan","nan","nan"
9129,9.129737,"nan","nan","nan"
9130,9.130737,"nan","nan","nan"
9131,9.131737,"nan","nan","nan"
9132,9.132737,"nan","nan","nan"
9133,9.133737,"nan","nan","nan"
9134,9.134737,"nan","nan","nan"
9135,9.135737,"nan","nan","nan"
9136,9.136729,"nan","nan","nan"
9137,9.137729,"nan","nan","nan"
9138,9.138753,"nan","nan","nan"
9139,9.139728,"nan","nan","nan"
9140,9.140730,"nan","nan","nan"
9141,9.141731,"nan","nan","nan"
9142,9.142731,"nan","nan","nan"
9143,9.143732,"nan","nan","nan"
9144,9.144731,"nan","nan","nan"
9145,9.145732,"nan","nan","nan"
9146,9.146736,"nan","nan","nan"
9147,9.147737,"nan","nan","nan"
9148,9.148753,"nan","nan","nan"
9149,9.149728,"nan","nan","nan"
9150,9.150730,"nan","nan","nan"
9151,9.151729,"nan","nan","nan"
9152,9.152730,"nan","nan","nan"
9153,9.153730,"nan","nan","nan"
9154,9.154730,"nan","nan","nan"
9155,9.155731,"nan","nan","nan"
9156,9.156743,"nan","nan","nan"
9157,9.157731,"nan","nan","nan"
9158,9.158733,"nan","nan","nan"
9159,9.159744,"nan","nan","nan"
9160,9.160733,"nan","nan","nan"
9161,9.161733,"nan","nan","nan"
9162,9.162733,"nan","nan","nan"
9163,9.163734,"nan","nan","nan"
9164,9.164734,"nan","nan","nan"
9165,9.165734,"nan","nan","nan"
9166,9.166737,"nan","nan","nan"
9167,9.167736,"nan","nan","nan"
9168,9.168737,"nan","nan","nan"
9169,9.169800,"nan","nan","nan"
9170,9.170731,"nan","nan","nan"
9171,9.171732,"nan","nan","nan"
9172,9.172732,"nan","nan","nan"
9173,9.173731,"nan","nan","nan"
9174,9.174732,"nan","nan","nan"
9175,9.175732,"nan","nan","nan"
9176,9.176735,"nan","nan","nan"
9177,9.177735,"nan","nan","nan"
9178,9.178733,"nan","nan","nan"
9179,9.179735,"nan","nan","nan"
9180,9.180746,"nan","nan","nan"
9181,9.181734,"nan","nan","nan"
9182,9.182735,"nan","nan","nan"
9183,9.183734,"nan","nan","nan"
9184,9.184735,"nan","nan","nan"
9185,9.185735,"nan","nan","nan"
9186,9.186738,"nan","nan","nan"
9187,9.187738,"nan","nan","nan"
9188,9.188726,"nan","nan","nan"
9189,9.189739,"nan","nan","nan"
9190,9.190739,"nan","nan","nan"
9191,9.191749,"nan","nan","nan"
9192,9.192738,"nan","nan","nan"
9193,9.193737,"nan","nan","nan"
9194,9.194738,"nan","nan","nan"
9195,9.195738,"nan","nan","nan"
9196,9.196730,"nan","nan","nan"
9197,9.197729,"nan","nan","nan"
9198,9.198730,"nan","nan","nan"
9199,9.199729,"nan","nan","nan"
9200,9.200730,"nan","nan","nan"
9201,9.201771,"nan","nan","nan"
9202,9.202736,"nan","nan","nan"
9203,9.203738,"nan","nan","nan"
9204,9.204738,"nan","nan","nan"
9205,9.205727,"nan","nan","nan"
9206,9.206730,"nan","nan","nan"
9207,9.207749,"nan","nan","nan"
9208,9.208737,"nan","nan","nan"
9209,9.209737,"nan","nan","nan"
9210,9.210738,"nan","nan","nan"
9211,9.211739,"nan","nan","nan"
9212,9.212743,"nan","nan","nan"
9213,9.213730,"nan","nan","nan"
9214,9.214731,"nan","nan","nan"
9215,9.215732,"nan","nan","nan"
9216,9.216736,"nan","nan","nan"
9217,9.217735,"nan","nan","nan"
9218,9.218736,"nan","nan","nan"
9219,9.219736,"nan","nan","nan"
9220,9.220738,"nan","nan","nan"
9221,9.221738,"nan","nan","nan"
9222,9.222738,"nan","nan","nan"
9223,9.223745,"nan","nan","nan"
9224,9.224733,"nan","nan","nan"
9225,9.225734,"nan","nan","nan"
9226,9.226736,"nan","nan","nan"
9227,9.227737,"nan","nan","nan"
9228,9.228739,"nan","nan","nan"
9229,9.229739,"nan","nan","nan"
9230,9.230727,"nan","nan","nan"
9231,9.231727,"nan","nan","nan"
9232,9.232739,"nan","nan","nan"
9233,9.233750,"nan","nan","nan"
9234,9.234739,"nan","nan","nan"
9235,9.235726,"nan","nan","nan"
9236,9.236730,"nan","nan","nan"
9237,9.237729,"nan","nan","nan"
9238,9.238729,"nan","nan","nan"
9239,9.239729,"nan","nan","nan"
9240,9.240728,"nan","nan","nan"
9241,9.241729,"nan","nan","nan"
9242,9.242729,"nan","nan","nan"
9243,9.243729,"nan","nan","nan"
9244,9.244747,"nan","nan","nan"
9245,9.245733,"nan","nan","nan"
9246,9.246737,"nan","nan","nan"
9247,9.247738,"nan","nan","nan"
9248,9.248738,"nan","nan","nan"
9249,9.249738,"nan","nan","nan"
9250,9.250737,"nan","nan","nan"
9251,9.251738,"nan","nan","nan"
9252,9.252738,"nan","nan","nan"
9253,9.253738,"nan","nan","nan"
9254,9.254743,"nan","nan","nan"
9255,9.255730,"nan","nan","nan"
9256,9.256734,"nan","nan","nan"
9257,9.257733,"nan","nan","nan"
9258,9.258734,"nan","nan","nan"
9259,9.259733,"nan","nan","nan"
9260,9.260734,"nan","nan","nan"
9261,9.261802,"nan","nan","nan"
9262,9.262728,"nan","nan","nan"
9263,9.263727,"nan","nan","nan"
9264,9.264754,"nan","nan","nan"
9265,9.265753,"nan","nan","nan"
9266,9.266732,"nan","nan","nan"
9267,9.267733,"nan","nan","nan"
9268,9.268734,"nan","nan","nan"
9269,9.269733,"nan","nan","nan"
9270,9.270735,"nan","nan","nan"
9271,9.271735,"nan","nan","nan"
9272,9.272735,"nan","nan","nan"
9273,9.273736,"nan","nan","nan"
9274,9.274736,"nan","nan","nan"
9275,9.275751,"nan","nan","nan"
9276,9.276730,"nan","nan","nan"
9277,9.277731,"nan","nan","nan"
9278,9.278730,"nan","nan","nan"
9279,9.279732,"nan","nan","nan"
9280,9.280733,"nan","nan","nan"
9281,9.281734,"nan","nan","nan"
9282,9.282734,"nan","nan","nan"
9283,9.283734,"nan","nan","nan"
9284,9.284735,"nan","nan","nan"
9285,9.285736,"nan","nan","nan"
9286,9.286743,"nan","nan","nan"
9287,9.287733,"nan","nan","nan"
9288,9.288732,"nan","nan","nan"
9289,9.289734,"nan","nan","nan"
9290,9.290734,"nan","nan","nan"
9291,9.291735,"nan","nan","nan"
9292,9.292735,"nan","nan","nan"
9293,9.293735,"nan","nan","nan"
9294,9.294736,"nan","nan","nan"
9295,9.295737,"nan","nan","nan"
9296,9.296855,"nan","nan","nan"
9297,9.297729,"nan","nan","nan"
9298,9.298730,"nan","nan","nan"
9299,9.299729,"nan","nan","nan"
9300,9.300729,"nan","nan","nan"
9301,9.301729,"nan","nan","nan"
9302,9.302729,"nan","nan","nan"
9303,9.303729,"nan","nan","nan"
9304,9.304729,"nan","nan","nan"
9305,9.305729,"nan","nan","nan"
9306,9.306732,"nan","nan","nan"
9307,9.307751,"nan","nan","nan"
9308,9.308739,"nan","nan","nan"
9309,9.309740,"nan","nan","nan"
9310,9.310728,"nan","nan","nan"
9311,9.311726,"nan","nan","nan"
9312,9.312728,"nan","nan","nan"
9313,9.313751,"nan","nan","nan"
9314,9.314739,"nan","nan","nan"
9315,9.315739,"nan","nan","nan"
9316,9.316729,"nan","nan","nan"
9317,9.317794,"nan","nan","nan"
9318,9.318740,"nan","nan","nan"
9319,9.319728,"nan","nan","nan"
9320,9.320728,"nan","nan","nan"
9321,9.321727,"nan","nan","nan"
9322,9.322727,"nan","nan","nan"
9323,9.323728,"nan","nan","nan"
9324,9.324728,"nan","nan","nan"
9325,9.325729,"nan","nan","nan"
9326,9.326731,"nan","nan","nan"
9327,9.327732,"nan","nan","nan"
9328,9.328752,"nan","nan","nan"
9329,9.329730,"nan","nan","nan"
9330,9.330730,"nan","nan","nan"
9331,9.331729,"nan","nan","nan"
9332,9.332731,"nan","nan","nan"
9333,9.333731,"nan","nan","nan"
9334,9.334732,"nan","nan","nan"
9335,9.335732,"nan","nan","nan"
9336,9.336735,"nan","nan","nan"
9337,9.337736,"nan","nan","nan"
9338,9.338762,"nan","nan","nan"
9339,9.339754,"nan","nan","nan"
9340,9.340730,"nan","nan","nan"
9341,9.341731,"nan","nan","nan"
9342,9.342732,"nan","nan","nan"
9343,9.343732,"nan","nan","nan"
9344,9.344733,"nan","nan","nan"
9345,9.345732,"nan","nan","nan"
9346,9.346736,"nan","nan","nan"
9347,9.347737,"nan","nan","nan"
9348,9.348738,"nan","nan","nan"
9349,9.349774,"nan","nan","nan"
9350,9.350737,"nan","nan","nan"
9351,9.351737,"nan","nan","nan"
9352,9.352738,"nan","nan","nan"
9353,9.353739,"nan","nan","nan"
9354,9.354739,"nan","nan","nan"
9355,9.355727,"nan","nan","nan"
9356,9.356731,"nan","nan","nan"
9357,9.357732,"nan","nan","nan"
9358,9.358732,"nan","nan","nan"
9359,9.359733,"nan","nan","nan"
9360,9.360743,"nan","nan","nan"
9361,9.361732,"nan","nan","nan"
9362,9.362732,"nan","nan","nan"
9363,9.363731,"nan","nan","nan"
9364,9.364730,"nan","nan","nan"
9365,9.365731,"nan","nan","nan"
9366,9.366734,"nan","nan","nan"
9367,9.367734,"nan","nan","nan"
9368,9.368734,"nan","nan","nan"
9369,9.369733,"nan","nan","nan"
9370,9.370751,"nan","nan","nan"
9371,9.371739,"nan","nan","nan"
9372,9.372753,"nan","nan","nan"
9373,9.373730,"nan","nan","nan"
9374,9.374729,"nan","nan","nan"
9375,9.375730,"nan","nan","nan"
9376,9.376733,"nan","nan","nan"
9377,9.377733,"nan","nan","nan"
9378,9.378733,"nan","nan","nan"
9379,9.379732,"nan","nan","nan"
9380,9.380733,"nan","nan","nan"
9381,9.381754,"nan","nan","nan"
9382,9.382729,"nan","nan","nan"
9383,9.383728,"nan","nan","nan"
9384,9.384729,"nan","nan","nan"
9385,9.385729,"nan","nan","nan"
9386,9.386732,"nan","nan","nan"
9387,9.387732,"nan","nan","nan"
9388,9.388731,"nan","nan","nan"
9389,9.389732,"nan","nan","nan"
9390,9.390732,"nan","nan","nan"
9391,9.391750,"nan","nan","nan"
9392,9.392738,"nan","nan","nan"
9393,9.393738,"nan","nan","nan"
9394,9.394737,"nan","nan","nan"
9395,9.395738,"nan","nan","nan"
9396,9.396729,"nan","nan","nan"
9397,9.397728,"nan","nan","nan"
9398,9.398729,"nan","nan","nan"
9399,9.399731,"nan","nan","nan"
9400,9.400731,"nan","nan","nan"
9401,9.401732,"nan","nan","nan"
9402,9.402752,"nan","nan","nan"
9403,9.403729,"nan","nan","nan"
9404,9.404729,"nan","nan","nan"
9405,9.405730,"nan","nan","nan"
9406,9.406733,"nan","nan","nan"
9407,9.407734,"nan","nan","nan"
9408,9.408734,"nan","nan","nan"
9409,9.409735,"nan","nan","nan"
9410,9.410735,"nan","nan","nan"
9411,9.411736,"nan","nan","nan"
9412,9.412754,"nan","nan","nan"
9413,9.413730,"nan","nan","nan"
9414,9.414730,"nan","nan","nan"
9415,9.415731,"nan","nan","nan"
9416,9.416735,"nan","nan","nan"
9417,9.417733,"nan","nan","nan"
9418,9.418735,"nan","nan","nan"
9419,9.419736,"nan","nan","nan"
9420,9.420737,"nan","nan","nan"
9421,9.421737,"nan","nan","nan"
9422,9.422739,"nan","nan","nan"
9423,9.423742,"nan","nan","nan"
9424,9.424732,"nan","nan","nan"
9425,9.425732,"nan","nan","nan"
9426,9.426736,"nan","nan","nan"
9427,9.427736,"nan","nan","nan"
9428,9.428752,"nan","nan","nan"
9429,9.429739,"nan","nan","nan"
9430,9.430739,"nan","nan","nan"
9431,9.431739,"nan","nan","nan"
9432,9.432738,"nan","nan","nan"
9433,9.433745,"nan","nan","nan"
9434,9.434733,"nan","nan","nan"
9435,9.435733,"nan","nan","nan"
9436,9.436737,"nan","nan","nan"
9437,9.437736,"nan","nan","nan"
9438,9.438736,"nan","nan","nan"
9439,9.439736,"nan","nan","nan"
9440,9.440736,"nan","nan","nan"
9441,9.441735,"nan","nan","nan"
9442,9.442736,"nan","nan","nan"
9443,9.443737,"nan","nan","nan"
9444,9.444747,"nan","nan","nan"
9445,9.445736,"nan","nan","nan"
9446,9.446737,"nan","nan","nan"
9447,9.447739,"nan","nan","nan"
9448,9.448739,"nan","nan","nan"
9449,9.449739,"nan","nan","nan"
9450,9.450739,"nan","nan","nan"
9451,9.451737,"nan","nan","nan"
9452,9.452738,"nan","nan","nan"
9453,9.453739,"nan","nan","nan"
9454,9.454743,"nan","nan","nan"
9455,9.455730,"nan","nan","nan"
9456,9.456734,"nan","nan","nan"
9457,9.457734,"nan","nan","nan"
9458,9.458734,"nan","nan","nan"
9459,9.459734,"nan","nan","nan"
9460,9.460733,"nan","nan","nan"
9461,9.461733,"nan","nan","nan"
9462,9.462734,"nan","nan","nan"
9463,9.463734,"nan","nan","nan"
9464,9.464735,"nan","nan","nan"
9465,9.465749,"nan","nan","nan"
9466,9.466728,"nan","nan","nan"
9467,9.467728,"nan","nan","nan"
9468,9.468729,"nan","nan","nan"
9469,9.469729,"nan","nan","nan"
9470,9.470730,"nan","nan","nan"
9471,9.471731,"nan","nan","nan"
9472,9.472732,"nan","nan","nan"
9473,9.473732,"nan","nan","nan"
9474,9.474731,"nan","nan","nan"
9475,9.475825,"nan","nan","nan"
9476,9.476729,"nan","nan","nan"
9477,9.477730,"nan","nan","nan"
9478,9.478730,"nan","nan","nan"
9479,9.479730,"nan","nan","nan"
9480,9.480731,"nan","nan","nan"
9481,9.481731,"nan","nan","nan"
9482,9.482848,"nan","nan","nan"
9483,9.483736,"nan","nan","nan"
9484,9.484738,"nan","nan","nan"
9485,9.485738,"nan","nan","nan"
9486,9.486748,"nan","nan","nan"
9487,9.487738,"nan","nan","nan"
9488,9.488738,"nan","nan","nan"
9489,9.489727,"nan","nan","nan"
9490,9.490739,"nan","nan","nan"
9491,9.491728,"nan","nan","nan"
9492,9.492729,"nan","nan","nan"
9493,9.493728,"nan","nan","nan"
9494,9.494728,"nan","nan","nan"
9495,9.495728,"nan","nan","nan"
9496,9.496796,"nan","nan","nan"
9497,9.497734,"nan","nan","nan"
9498,9.498735,"nan","nan","nan"
9499,9.499735,"nan","nan","nan"
9500,9.500736,"nan","nan","nan"
9501,9.501735,"nan","nan","nan"
9502,9.502736,"nan","nan","nan"
9503,9.503734,"nan","nan","nan"
9504,9.504736,"nan","nan","nan"
9505,9.505736,"nan","nan","nan"
9506,9.506727,"nan","nan","nan"
9507,9.507781,"nan","nan","nan"
9508,9.508731,"nan","nan","nan"
9509,9.509732,"nan","nan","nan"
9510,9.510732,"nan","nan","nan"
9511,9.511732,"nan","nan","nan"
9512,9.512731,"nan","nan","nan"
9513,9.513732,"nan","nan","nan"
9514,9.514732,"nan","nan","nan"
9515,9.515732,"nan","nan","nan"
9516,9.516735,"nan","nan","nan"
9517,9.517735,"nan","nan","nan"
9518,9.518744,"nan","nan","nan"
9519,9.519731,"nan","nan","nan"
9520,9.520731,"nan","nan","nan"
9521,9.521731,"nan","nan","nan"
9522,9.522730,"nan","nan","nan"
9523,9.523730,"nan","nan","nan"
9524,9.524730,"nan","nan","nan"
9525,9.525730,"nan","nan","nan"
9526,9.526733,"nan","nan","nan"
9527,9.527733,"nan","nan","nan"
9528,9.528786,"nan","nan","nan"
9529,9.529736,"nan","nan","nan"
9530,9.530737,"nan","nan","nan"
9531,9.531738,"nan","nan","nan"
9532,9.532739,"nan","nan","nan"
9533,9.533739,"nan","nan","nan"
9534,9.534728,"nan","nan","nan"
9535,9.535728,"nan","nan","nan"
9536,9.536730,"nan","nan","nan"
9537,9.537732,"nan","nan","nan"
9538,9.538733,"nan","nan","nan"
9539,9.539744,"nan","nan","nan"
9540,9.540733,"nan","nan","nan"
9541,9.541733,"nan","nan","nan"
9542,9.542734,"nan","nan","nan"
9543,9.543735,"nan","nan","nan"
9544,9.544735,"nan","nan","nan"
9545,9.545736,"nan","nan","nan"
9546,9.546726,"nan","nan","nan"
9547,9.547739,"nan","nan","nan"
9548,9.548728,"nan","nan","nan"
9549,9.549754,"nan","nan","nan"
9550,9.550748,"nan","nan","nan"
9551,9.551736,"nan","nan","nan"
9552,9.552737,"nan","nan","nan"
9553,9.553738,"nan","nan","nan"
9554,9.554738,"nan","nan","nan"
9555,9.555726,"nan","nan","nan"
9556,9.556730,"nan","nan","nan"
9557,9.557731,"nan","nan","nan"
9558,9.558731,"nan","nan","nan"
9559,9.559731,"nan","nan","nan"
9560,9.560830,"nan","nan","nan"
9561,9.561730,"nan","nan","nan"
9562,9.562731,"nan","nan","nan"
9563,9.563730,"nan","nan","nan"
9564,9.564731,"nan","nan","nan"
9565,9.565730,"nan","nan","nan"
9566,9.566733,"nan","nan","nan"
9567,9.567733,"nan","nan","nan"
9568,9.568733,"nan","nan","nan"
9569,9.569733,"nan","nan","nan"
9570,9.570732,"nan","nan","nan"
9571,9.571748,"nan","nan","nan"
9572,9.572736,"nan","nan","nan"
9573,9.573736,"nan","nan","nan"
9574,9.574736,"nan","nan","nan"
9575,9.575735,"nan","nan","nan"
9576,9.576739,"nan","nan","nan"
9577,9.577739,"nan","nan","nan"
9578,9.578728,"nan","nan","nan"
9579,9.579727,"nan","nan","nan"
9580,9.580728,"nan","nan","nan"
9581,9.581771,"nan","nan","nan"
9582,9.582733,"nan","nan","nan"
9583,9.583734,"nan","nan","nan"
9584,9.584733,"nan","nan","nan"
9585,9.585734,"nan","nan","nan"
9586,9.586737,"nan","nan","nan"
9587,9.587737,"nan","nan","nan"
9588,9.588737,"nan","nan","nan"
9589,9.589738,"nan","nan","nan"
9590,9.590737,"nan","nan","nan"
9591,9.591738,"nan","nan","nan"
9592,9.592745,"nan","nan","nan"
9593,9.593733,"nan","nan","nan"
9594,9.594733,"nan","nan","nan"
9595,9.595752,"nan","nan","nan"
9596,9.596731,"nan","nan","nan"
9597,9.597732,"nan","nan","nan"
9598,9.598733,"nan","nan","nan"
9599,9.599732,"nan","nan","nan"
9600,9.600733,"nan","nan","nan"
9601,9.601733,"nan","nan","nan"
9602,9.602788,"nan","nan","nan"
9603,9.603738,"nan","nan","nan"
9604,9.604727,"nan","nan","nan"
9605,9.605728,"nan","nan","nan"
9606,9.606732,"nan","nan","nan"
9607,9.607732,"nan","nan","nan"
9608,9.608732,"nan","nan","nan"
9609,9.609733,"nan","nan","nan"
9610,9.610734,"nan","nan","nan"
9611,9.611734,"nan","nan","nan"
9612,9.612735,"nan","nan","nan"
9613,9.613748,"nan","nan","nan"
9614,9.614736,"nan","nan","nan"
9615,9.615736,"nan","nan","nan"
9616,9.616728,"nan","nan","nan"
9617,9.617728,"nan","nan","nan"
9618,9.618729,"nan","nan","nan"
9619,9.619730,"nan","nan","nan"
9620,9.620731,"nan","nan","nan"
9621,9.621731,"nan","nan","nan"
9622,9.622730,"nan","nan","nan"
9623,9.623732,"nan","nan","nan"
9624,9.624743,"nan","nan","nan"
9625,9.625732,"nan","nan","nan"
9626,9.626734,"nan","nan","nan"
9627,9.627735,"nan","nan","nan"
9628,9.628734,"nan","nan","nan"
9629,9.629734,"nan","nan","nan"
9630,9.630734,"nan","nan","nan"
9631,9.631734,"nan","nan","nan"
9632,9.632732,"nan","nan","nan"
9633,9.633734,"nan","nan","nan"
9634,9.634773,"nan","nan","nan"
9635,9.635731,"nan","nan","nan"
9636,9.636735,"nan","nan","nan"
9637,9.637733,"nan","nan","nan"
9638,9.638735,"nan","nan","nan"
9639,9.639735,"nan","nan","nan"
9640,9.640735,"nan","nan","nan"
9641,9.641734,"nan","nan","nan"
9642,9.642734,"nan","nan","nan"
9643,9.643734,"nan","nan","nan"
9644,9.644734,"nan","nan","nan"
9645,9.645751,"nan","nan","nan"
9646,9.646729,"nan","nan","nan"
9647,9.647730,"nan","nan","nan"
9648,9.648730,"nan","nan","nan"
9649,9.649730,"nan","nan","nan"
9650,9.650730,"nan","nan","nan"
9651,9.651729,"nan","nan","nan"
9652,9.652749,"nan","nan","nan"
9653,9.653737,"nan","nan","nan"
9654,9.654737,"nan","nan","nan"
9655,9.655737,"nan","nan","nan"
9656,9.656752,"nan","nan","nan"
9657,9.657739,"nan","nan","nan"
9658,9.658727,"nan","nan","nan"
9659,9.659728,"nan","nan","nan"
9660,9.660727,"nan","nan","nan"
9661,9.661729,"nan","nan","nan"
9662,9.662730,"nan","nan","nan"
9663,9.663730,"nan","nan","nan"
9664,9.664731,"nan","nan","nan"
9665,9.665730,"nan","nan","nan"
9666,9.666749,"nan","nan","nan"
9667,9.667740,"nan","nan","nan"
9668,9.668729,"nan","nan","nan"
9669,9.669729,"nan","nan","nan"
9670,9.670729,"nan","nan","nan"
9671,9.671729,"nan","nan","nan"
9672,9.672730,"nan","nan","nan"
9673,9.673730,"nan","nan","nan"
9674,9.674731,"nan","nan","nan"
9675,9.675730,"nan","nan","nan"
9676,9.676735,"nan","nan","nan"
9677,9.677755,"nan","nan","nan"
9678,9.678731,"nan","nan","nan"
9679,9.679731,"nan","nan","nan"
9680,9.680731,"nan","nan","nan"
9681,9.681732,"nan","nan","nan"
9682,9.682732,"nan","nan","nan"
9683,9.683733,"nan","nan","nan"
9684,9.684734,"nan","nan","nan"
9685,9.685733,"nan","nan","nan"
9686,9.686737,"nan","nan","nan"
9687,9.687799,"nan","nan","nan"
9688,9.688736,"nan","nan","nan"
9689,9.689738,"nan","nan","nan"
9690,9.690737,"nan","nan","nan"
9691,9.691738,"nan","nan","nan"
9692,9.692737,"nan","nan","nan"
9693,9.693737,"nan","nan","nan"
9694,9.694737,"nan","nan","nan"
9695,9.695737,"nan","nan","nan"
9696,9.696727,"nan","nan","nan"
9697,9.697728,"nan","nan","nan"
9698,9.698748,"nan","nan","nan"
9699,9.699737,"nan","nan","nan"
9700,9.700737,"nan","nan","nan"
9701,9.701737,"nan","nan","nan"
9702,9.702737,0.499688357,0.499855369,0.500311673
9703,9.703737,0.499439031,0.499739647,0.500560939
9704,9.704736,0.49919036,0.499624252,0.500809669
9705,9.705737,0.498940408,0.499508232,0.501059592
9706,9.706727,0.498691112,0.499392569,0.501308918
9707,9.707728,0.498379439,0.499276817,0.501558244
9708,9.708793,0.498130113,0.499132186,0.501869857
9709,9.709750,0.497877508,0.499014944,0.502122462
9710,9.710738,0.497629642,0.498899907,0.502370358
9711,9.711737,0.497380137,0.498784125,0.502619863
9712,9.712737,0.497132868,0.498669356,0.502867162
9713,9.713737,0.496818751,0.498553634,0.503116429
9714,9.714736,0.496569216,0.498407751,0.503430724
9715,9.715736,0.496322602,0.49829331,0.503677428
9716,9.716728,0.496067137,0.498174757,0.503932834
9717,9.717727,0.495820701,0.498060375,0.504179299
9718,9.718728,0.495571196,0.497944593,0.504428804
9719,9.719748,0.495259315,0.497799844,0.504671037
9720,9.720735,0.49500981,0.497684062,0.50499022
9721,9.721736,0.494764358,0.497570127,0.505235612
9722,9.722736,0.49451077,0.497452438,0.50548923
9723,9.723734,0.494265735,0.497338712,0.505734265
9724,9.724735,0.49401173,0.497220814,0.50598824
9725,9.725736,0.493694961,0.497107327,0.506232917
9726,9.726728,0.49345547,0.496962696,0.50654459
9727,9.727728,0.493216693,0.496851861,0.506783307
9728,9.728729,0.492956817,0.496731251,0.507043183
9729,9.729756,0.492707491,0.496615529,0.507292509
9730,9.730746,0.492458165,0.496499807,0.507541776
9731,9.731735,0.492146522,0.496378511,0.507803321
9732,9.732736,0.491897225,0.496239483,0.508102775
9733,9.733736,0.491647899,0.496123761,0.508352101
9734,9.734737,0.491405278,0.496011168,0.508594692
9735,9.735738,0.491142362,0.495889157,0.508857608
9736,9.736729,0.49089998,0.495776683,0.50910008
9737,9.737729,0.49060294,0.495654196,0.509363949
9738,9.738730,0.490323961,0.495509356,0.509676099
9739,9.739731,0.490089655,0.495400578,0.509910285
9740,9.740746,0.489840358,0.495284885,0.510159612
9741,9.741734,0.489582926,0.495165408,0.510417044
9742,9.742734,0.489350021,0.495057315,0.510649979
9743,9.743736,0.489030093,0.494933814,0.510916054
9744,9.744736,0.488780767,0.494793147,0.511219263
9745,9.745736,0.48853147,0.494677454,0.511468589
9746,9.746727,0.488282144,0.494561732,0.511717856
9747,9.747728,0.48802352,0.494441718,0.51197654
9748,9.748730,0.487783521,0.494330317,0.512216508
9749,9.749730,0.487471879,0.494210094,0.512475491
9750,9.750731,0.487212598,0.494065344,0.512787402
9751,9.751749,0.486963093,0.493949562,0.513036907
9752,9.752737,0.48672393,0.493838549,0.513276041
9753,9.753738,0.486464083,0.493717968,0.513535917
9754,9.754739,0.486214578,0.493602157,0.513785422
9755,9.755728,0.485902697,0.493486375,0.514034927
9756,9.756730,0.48563081,0.493331224,0.51436919
9757,9.757730,0.485415071,0.493231118,0.514584959
9758,9.758730,0.485177308,0.49312079,0.514822721
9759,9.759730,0.484916449,0.492999703,0.515083551
9760,9.760730,0.484667122,0.49288398,0.515332818
9761,9.761748,0.48434335,0.492733747,0.515606463
9762,9.762735,0.484106213,0.492623687,0.515893817
9763,9.763736,0.48384431,0.492502123,0.51615566
9764,9.764736,0.48360759,0.492392242,0.51639241
9765,9.765737,0.483358264,0.49227652,0.516641676
9766,9.766727,0.483095855,0.492154777,0.516904175
9767,9.767754,0.482797354,0.492016226,0.517153621
9768,9.768729,0.482548058,0.491900533,0.517451942
9769,9.769729,0.482284963,0.491778433,0.517715037
9770,9.770728,0.482035458,0.491662621,0.517964542
9771,9.771729,0.481785983,0.491546839,0.518214047
9772,9.772742,0.481536508,0.491431087,0.518463552
9773,9.773731,0.481224626,0.491322011,0.518698454
9774,9.774731,0.480975151,0.491170555,0.519024909
9775,9.775730,0.480740637,0.491061687,0.519259334
9776,9.776734,0.48049134,0.490945995,0.51950866
9777,9.777734,0.480242074,0.490830332,0.519757986
9778,9.778733,0.479992747,0.49071461,0.520007253
9779,9.779734,0.479696959,0.490598917,0.520256519
9780,9.780733,0.479447842,0.490461707,0.520552158
9781,9.781734,0.479182571,0.490338594,0.520817459
9782,9.782750,0.478933275,0.490222901,0.521066725
9783,9.783736,0.478683978,0.490107208,0.521315992
9784,9.784737,0.478417903,0.489983708,0.521582067
9785,9.785737,0.478106052,0.489867926,0.521831572
9786,9.786728,0.477873832,0.489731222,0.522126198
9787,9.787728,0.477624536,0.4896155,0.522375464
9788,9.788729,0.477340013,0.489483476,0.522660017
9789,9.789727,0.477125973,0.489384115,0.522873998
9790,9.790729,0.476840675,0.489251733,0.523159325
9791,9.791729,0.476565123,0.489161164,0.523354352
9792,9.792755,0.476297408,0.488999605,0.523702621
9793,9.793746,0.47606656,0.488892436,0.523933411
9794,9.794735,0.475798488,0.488768041,0.524201512
9795,9.795734,0.47558704,0.488669902,0.52441299
9796,9.796739,0.475337982,0.488554329,0.524662018
9797,9.797740,0.475026608,0.488420695,0.524949849
9798,9.798729,0.474757969,0.488285154,0.52524209
9799,9.799728,0.474488825,0.488160223,0.525511146
9800,9.800729,0.474239379,0.488044441,0.525760591
9801,9.801729,0.474010199,0.487938106,0.52598983
9802,9.802730,0.473740488,0.487812936,0.526259542
9803,9.803749,0.473449349,0.487677813,0.526488304
9804,9.804738,0.473200083,0.48756212,0.526799917
9805,9.805738,0.472950846,0.487446427,0.527049124
9806,9.806730,0.47268033,0.4873209,0.52731967
9807,9.807730,0.4724738,0.487225056,0.5275262
9808,9.808731,0.472181499,0.487089396,0.527818501
9809,9.809731,0.471869707,0.486973614,0.528067946
9810,9.810731,0.471598148,0.486818641,0.528401852
9811,9.811732,0.471393138,0.486723512,0.528606892
9812,9.812732,0.471166342,0.486618251,0.528833628
9813,9.813733,0.470849335,0.486471146,0.529150724
9814,9.814745,0.470622569,0.486365885,0.529377401
9815,9.815733,0.470333934,0.486260861,0.529603779
9816,9.816737,0.470061421,0.486105472,0.529938579
9817,9.817738,0.469812006,0.48598969,0.530187964
9818,9.818738,0.469586313,0.485884964,0.530413687
9819,9.819726,0.469289333,0.485747129,0.530710697
9820,9.820739,0.469063848,0.485642493,0.530936182
9821,9.821740,0.468752116,0.485526711,0.531185508
9822,9.822728,0.468527228,0.485393435,0.531472743
9823,9.823727,0.46827808,0.485277802,0.53172195
9824,9.824748,0.468028903,0.485162169,0.531971097
9825,9.825735,0.467779726,0.485046506,0.532220244
9826,9.826873,0.467493564,0.484913707,0.532506406
9827,9.827736,0.467193574,0.48481524,0.532718599
9828,9.828737,0.466969967,0.484670728,0.533030093
9829,9.829736,0.46672076,0.484555036,0.533279181
9830,9.830737,0.466445535,0.484427333,0.533554494
9831,9.831736,0.466196209,0.48431161,0.533803821
9832,9.832737,0.465973377,0.484208196,0.534026623
9833,9.833735,0.465661943,0.484067768,0.534329176
9834,9.834737,0.465412825,0.483948052,0.534587204
9835,9.835749,0.465163708,0.483832419,0.534836292
9836,9.836729,0.464887261,0.48370412,0.535112739
9837,9.837728,0.464610398,0.483575642,0.535389602
9838,9.838729,0.464388669,0.483472735,0.535611331
9839,9.839729,0.464077055,0.483357012,0.535860598
9840,9.840729,0.463855922,0.483225465,0.536144078
9841,9.841729,0.463606834,0.483109862,0.536393106
9842,9.842729,0.463300616,0.482967734,0.536699355
9843,9.843729,0.4630512,0.482852012,0.5369488
9844,9.844729,0.462830693,0.482749671,0.537169278
9845,9.845743,0.462548316,0.482634008,0.537418544
9846,9.846734,0.462269902,0.482489407,0.537730098
9847,9.847733,0.462020665,0.482373714,0.537979305
9848,9.848734,0.461801201,0.48227188,0.538198829
9849,9.849734,0.461522251,0.482142419,0.538477778
9850,9.850734,0.461273015,0.482026726,0.538726926
9851,9.851734,0.460991919,0.48192516,0.538945854
9852,9.852733,0.460773468,0.481794924,0.539226592
9853,9.853734,0.460432351,0.481636584,0.539567649
9854,9.854734,0.460244954,0.481549621,0.539755046
9855,9.855734,0.459964812,0.481419593,0.540035129
9856,9.856753,0.459715664,0.48130396,0.540284276
9857,9.857730,0.4593409,0.481173694,0.540565073
9858,9.858731,0.459186912,0.481058598,0.540813088
9859,9.859731,0.458905995,0.480928212,0.541094005
9860,9.860732,0.458689034,0.48082751,0.541310966
9861,9.861733,0.45840776,0.480696976,0.54159224
9862,9.862733,0.458158642,0.480581343,0.541841328
9863,9.863734,0.45788011,0.48046577,0.542090476
9864,9.864735,0.457631201,0.480336577,0.54236877
9865,9.865735,0.457349181,0.480205685,0.542650819
9866,9.866747,0.457100123,0.480090111,0.542899907
9867,9.867734,0.456884652,0.479990095,0.543115377
9868,9.868736,0.456602037,0.479858935,0.543397963
9869,9.869736,0.456290752,0.479743361,0.543646991
9870,9.870737,0.456041783,0.479598939,0.543958247
9871,9.871737,0.455827177,0.47949931,0.544172764
9872,9.872737,0.455578357,0.479383826,0.544421613
9873,9.873738,0.455294818,0.479252249,0.544705153
9874,9.874738,0.455045879,0.479136735,0.544954181
9875,9.875739,0.454734713,0.479021162,0.54520309
9876,9.876730,0.454485774,0.47887677,0.545514226
9877,9.877751,0.454272479,0.478777796,0.545727551
9878,9.878727,0.453952104,0.478629112,0.546047926
9879,9.879728,0.453739047,0.478530228,0.546260953
9880,9.880728,0.453490198,0.478414744,0.546509862
9881,9.881729,0.453314066,0.478332996,0.546685934
9882,9.882730,0.453003496,0.478188843,0.546996534
9883,9.883748,0.452644557,0.478022277,0.547355473
9884,9.884737,0.452432603,0.4779239,0.547567368
9885,9.885737,0.45214653,0.477791131,0.54785347
9886,9.886728,0.451972455,0.477710336,0.548027575
9887,9.887753,0.451586396,0.477531165,0.548276126
9888,9.888740,0.451375306,0.477433205,0.548624694
9889,9.889729,0.451126575,0.47731775,0.548873425
9890,9.890728,0.450916082,0.477220058,0.549083889
9891,9.891728,0.450629115,0.477086872,0.549370825
9892,9.892728,0.450380474,0.476971507,0.549619555
9893,9.893729,0.450131804,0.476856112,0.549868226
9894,9.894727,0.449860036,0.476729959,0.550139964
9895,9.895729,0.449493706,0.476559967,0.550506353
9896,9.896732,0.449363172,0.476499379,0.550636888
9897,9.897732,0.449154347,0.476402462,0.550845683
9898,9.898752,0.448826611,0.47625035,0.551173389
9899,9.899727,0.44857803,0.476134986,0.551422
9900,9.900728,0.448307604,0.476009488,0.551692426
9901,9.901728,0.448018879,0.475875497,0.551981151
9902,9.902728,0.447811007,0.475778997,0.552188993
9903,9.903728,0.447562724,0.475663781,0.552437305
9904,9.904727,0.447273463,0.475529552,0.552726567
9905,9.905728,0.447025001,0.475414217,0.552974999
9906,9.906732,0.44671455,0.475270152,0.55328548
9907,9.907732,0.446466178,0.475154877,0.553533852
9908,9.908773,0.446259648,0.475059032,0.553740382
9909,9.909735,0.446011484,0.474943846,0.553988516
9910,9.910735,0.445636451,0.474769801,0.554363549
9911,9.911735,0.445410788,0.474693865,0.554527164
9912,9.912735,0.445205182,0.474569649,0.554794848
9913,9.913735,0.444957137,0.474454522,0.555042863
9914,9.914734,0.444709092,0.474339396,0.555290878
9915,9.915735,0.444417834,0.474204242,0.555582166
9916,9.916739,0.444213122,0.474109232,0.555786908
9917,9.917738,0.443903178,0.4739739,0.556078434
9918,9.918739,0.443611413,0.473829985,0.556388617
9919,9.919743,0.443407357,0.473735273,0.556592643
9920,9.920731,0.443115234,0.473599672,0.556884766
9921,9.921731,0.442822635,0.473463893,0.557177305
9922,9.922732,0.442663819,0.473390192,0.557336211
9923,9.923732,0.44237116,0.473254353,0.55762881
9924,9.924733,0.442061245,0.473110527,0.557938755
9925,9.925733,0.44181329,0.47299546,0.55818671
9926,9.926738,0.441610843,0.472901493,0.558389127
9927,9.927738,0.441363156,0.472786546,0.558636844
9928,9.928739,0.441069663,0.472650349,0.558930337
9929,9.929744,0.440759897,0.47255668,0.55913204
9930,9.930732,0.440465778,0.472370088,0.559534252
9931,9.931733,0.440264374,0.472276598,0.559735656
9932,9.932734,0.440016598,0.472161591,0.559983373
9933,9.933733,0.43976894,0.472046673,0.56023109
9934,9.934826,0.439459354,0.471902996,0.560540676
9935,9.935740,0.439116895,0.471816778,0.560726345
9936,9.936731,0.438964158,0.471673191,0.561035872
9937,9.937732,0.438764215,0.471580356,0.561235726
9938,9.938732,0.438516915,0.471465617,0.561483085
9939,9.939733,0.438269585,0.471350819,0.561730444
9940,9.940754,0.438070506,0.471258402,0.561929464
9941,9.941729,0.437726617,0.47109884,0.562273383
9942,9.942729,0.437368572,0.470932662,0.562631428
9943,9.943730,0.437121034,0.470817775,0.562878966
9944,9.944731,0.436971754,0.470748484,0.563028216
9945,9.945732,0.436724663,0.470633805,0.563275337
9946,9.946735,0.436477602,0.470519155,0.563522398
9947,9.947736,0.43611908,0.470381439,0.56381911
9948,9.948736,0.435871929,0.47023806,0.564128041
9949,9.949737,0.435674846,0.470146596,0.564325154
9950,9.950752,0.435377657,0.470008671,0.564622343
9951,9.951730,0.435130596,0.469893992,0.564869404
9952,9.952729,0.434934229,0.469802856,0.565065742
9953,9.953729,0.434636563,0.469664723,0.565363407
9954,9.954728,0.4343279,0.469521463,0.5656721
9955,9.955728,0.434080988,0.469406873,0.565919042
9956,9.956732,0.433885604,0.469316214,0.566114426
9957,9.957731,0.43363899,0.469201773,0.56636107
9958,9.958732,0.433288544,0.469039112,0.566711485
9959,9.959732,0.433145821,0.468972862,0.566854179
9960,9.960732,0.432785362,0.468805581,0.567214608
9961,9.961750,0.432538748,0.46869114,0.567461312
9962,9.962738,0.432292104,0.46857664,0.567707837
9963,9.963738,0.43199259,0.468437672,0.568007469
9964,9.964738,0.4316926,0.468298405,0.56830734
9965,9.965738,0.431490958,0.468233407,0.568447471
9966,9.966728,0.431244493,0.468090445,0.568755507
9967,9.967729,0.430998117,0.467976093,0.569001853
9968,9.968729,0.430805683,0.467886806,0.569194317
9969,9.969729,0.430451334,0.467722356,0.569548666
9970,9.970729,0.430204898,0.467607975,0.569795072
9971,9.971806,0.429951489,0.467490375,0.570048511
9972,9.972731,0.429705381,0.467376143,0.570294619
9973,9.973732,0.429459244,0.46726191,0.570540726
9974,9.974732,0.429213256,0.467147768,0.570786774
9975,9.975732,0.428967297,0.467033625,0.571032763
9976,9.976736,0.428665757,0.466893673,0.571334243
9977,9.977735,0.428469658,0.466805339,0.57152462
9978,9.978735,0.428112209,0.466636777,0.571887851
9979,9.979735,0.428034514,0.466600716,0.571965516
9980,9.980736,0.427676618,0.466434598,0.572323382
9981,9.981734,0.427431017,0.466320634,0.572569013
9982,9.982751,0.427185386,0.46620661,0.572814584
9983,9.983739,0.426764339,0.466145366,0.572946548
9984,9.984739,0.426690042,0.465976715,0.573309958
9985,9.985746,0.426444739,0.46586287,0.573555231
9986,9.986737,0.426256955,0.465775728,0.573743045
9987,9.987738,0.426012009,0.465662062,0.57398802
9988,9.988739,0.425651461,0.465494722,0.574348509
9989,9.989728,0.425464302,0.465407848,0.574535668
9990,9.990728,0.425158083,0.465265751,0.574841917
9991,9.991729,0.424913257,0.465152144,0.575086772
9992,9.992772,0.424609721,0.465011239,0.575390279
9993,9.993734,0.424364716,0.464897543,0.575635314
9994,9.994736,0.42411983,0.464783907,0.57588017
9995,9.995736,0.423874974,0.464670271,0.576125085
9996,9.996727,0.423568934,0.464528203,0.576431036
9997,9.997728,0.423324227,0.464414656,0.576675773
9998,9.998729,0.423139483,0.464328915,0.576860547
9999,9.999729,0.422954977,0.464243293,0.577045023
10000,10.000729,0.422530115,0.464046121,0.577469945
10001,10.001730,0.422406435,0.463988692,0.577593565
10002,10.002731,0.422040522,0.463818878,0.577959478
10003,10.003744,0.421796143,0.46370545,0.578203797
10004,10.004734,0.421490818,0.46356377,0.578509212
10005,10.005733,0.421307743,0.463478804,0.578692257
10006,10.006738,0.421063662,0.463365525,0.578936338
10007,10.007738,0.420820266,0.463280857,0.579118788
10008,10.008727,0.420638263,0.463168114,0.579486251
10009,10.009727,0.420270711,0.462997496,0.579729259
10010,10.010729,0.419964582,0.462855428,0.580035388
10011,10.011729,0.419845581,0.462800205,0.580154419
10012,10.012730,0.419664621,0.462716222,0.580335379
10013,10.013770,0.419234991,0.462516814,0.580765009
10014,10.014731,0.418991476,0.462403834,0.581008554
10015,10.015733,0.418748051,0.462290823,0.581251919
10016,10.016737,0.418504596,0.462177843,0.581495345
10017,10.017738,0.418197662,0.462035418,0.581802368
10018,10.018737,0.418081939,0.461981684,0.581918001
10019,10.019737,0.417775005,0.461839259,0.582225025
10020,10.020736,0.417599559,0.461757839,0.582400441
10021,10.021736,0.417228192,0.461585462,0.582771778
10022,10.022736,0.416920602,0.461442709,0.583079398
10023,10.023737,0.416742504,0.461360067,0.583257496
10024,10.024748,0.416499764,0.461247414,0.583500206
10025,10.025735,0.416257143,0.461134791,0.583742857
10026,10.026738,0.415953934,0.460994095,0.584046066
10027,10.027738,0.415777057,0.460911989,0.584222913
10028,10.028738,0.415600508,0.460830063,0.584399462
10029,10.029739,0.415226787,0.460656613,0.584773183
10030,10.030738,0.414984643,0.460544229,0.585015357
10031,10.031738,0.414748311,0.46046263,0.58519119
10032,10.032738,0.414439887,0.460291415,0.585560083
10033,10.033739,0.414264739,0.460210145,0.585735321
10034,10.034872,0.414096415,0.460097998,0.585976958
10035,10.035729,0.413714379,0.459954709,0.586285651
10036,10.036733,0.41340524,0.459811211,0.586594701
10037,10.037733,0.413298666,0.459761769,0.586701334
10038,10.038732,0.412929296,0.459590346,0.587070704
10039,10.039733,0.412687898,0.459478319,0.587312102
10040,10.040733,0.412514806,0.459397972,0.587485194
10041,10.041733,0.412137032,0.459222645,0.587862968
10042,10.042733,0.412032813,0.459174275,0.587967157
10043,10.043731,0.411723375,0.459030658,0.588276565
10044,10.044733,0.411491126,0.458922893,0.588508844
10045,10.045836,0.411250591,0.458811253,0.588749409
10046,10.046749,0.410940766,0.458667457,0.589059234
10047,10.047738,0.410700202,0.458555818,0.589299798
10048,10.048738,0.410529375,0.458476543,0.589470625
10049,10.049737,0.410289168,0.458365053,0.589710832
10050,10.050737,0.410059094,0.458258301,0.589940965
10051,10.051737,0.409819275,0.458146989,0.590180755
10052,10.052737,0.409438789,0.457970411,0.590561271
10053,10.053737,0.40912807,0.457826197,0.59087193
10054,10.054738,0.408888012,0.457714796,0.591112018
10055,10.055739,0.408730417,0.457636416,0.591280758
10056,10.056749,0.408419669,0.457497448,0.591580391
10057,10.057739,0.408180237,0.457386315,0.591819763
10058,10.058737,0.40801242,0.457308412,0.59198755
10059,10.059739,0.407629579,0.45713073,0.592370391
10060,10.060728,0.407390177,0.457019627,0.592609763
10061,10.061728,0.407150954,0.456908613,0.592849016
10062,10.062728,0.406924605,0.45680356,0.59308821
10063,10.063729,0.406613052,0.456658959,0.593386948
10064,10.064729,0.406447113,0.45658195,0.593552887
10065,10.065730,0.40613544,0.45643732,0.59386456
10066,10.066771,0.405969977,0.456360519,0.594030023
10067,10.067732,0.405805022,0.456283957,0.594194949
10068,10.068735,0.405507505,0.456145883,0.594492495
10069,10.069735,0.405195832,0.456001222,0.594804168
10070,10.070736,0.40510565,0.45595938,0.59489429
10071,10.071737,0.404719949,0.455780357,0.595279992
10072,10.072736,0.404407799,0.455635488,0.595592201
10073,10.073737,0.404170096,0.45552519,0.595829904
10074,10.074738,0.40394783,0.455422014,0.59605211
10075,10.075738,0.403710544,0.455311924,0.596289515
10076,10.076729,0.403548419,0.455236673,0.59645164
10077,10.077742,0.4032363,0.455091834,0.59676373
10078,10.078731,0.403074741,0.455016822,0.596925259
10079,10.079731,0.402838171,0.45490703,0.597161829
10080,10.080732,0.402466625,0.454734623,0.5973984
10081,10.081731,0.402306169,0.454660118,0.597693801
10082,10.082733,0.401993722,0.454515129,0.598006308
10083,10.083733,0.401833892,0.454440951,0.598166108
10084,10.084733,0.401444495,0.45426023,0.598555446
10085,10.085732,0.401285231,0.45418632,0.598714709
10086,10.086736,0.401067555,0.45408529,0.598932445
10087,10.087754,0.400831997,0.453975976,0.599167943
10088,10.088728,0.400519192,0.453830808,0.599480808
10089,10.089729,0.400361389,0.453757584,0.599638641
10090,10.090728,0.400048524,0.453612357,0.599951506
10091,10.091729,0.399891347,0.453539431,0.600108683
10092,10.092729,0.399441332,0.453330576,0.600421667
10093,10.093729,0.39928484,0.453257918,0.60071516
10094,10.094729,0.399050206,0.453149021,0.600949764
10095,10.095728,0.398815602,0.453040153,0.601184368
10096,10.096732,0.398581296,0.452931404,0.601418674
10097,10.097733,0.398209214,0.452758729,0.60165298
10098,10.098774,0.397974968,0.452650011,0.602025032
10099,10.099744,0.397820503,0.452578336,0.602179527
10100,10.100731,0.397586733,0.452469826,0.602413237
10101,10.101732,0.397452295,0.452407449,0.602547765
10102,10.102732,0.39746505,0.45241335,0.60253489
10103,10.103732,0.397318125,0.452345192,0.602681875
10104,10.104732,0.397494197,0.45242691,0.602509022
10105,10.105731,0.39750731,0.45243299,0.60249269
10106,10.106735,0.397360802,0.452364981,0.602639198
10107,10.107734,0.397454023,0.452408254,0.602545977
10108,10.108744,0.397547215,0.452451497,0.602452755
10109,10.109732,0.397480845,0.452420682,0.602519095
10110,10.110731,0.397577673,0.452465653,0.602425814
10111,10.111732,0.397511601,0.452434957,0.602488399
10112,10.112732,0.397525311,0.452441335,0.602474689
10113,10.113732,0.397539288,0.452447832,0.602460742
10114,10.114732,0.397553295,0.452454329,0.602446735
10115,10.115731,0.397726625,0.452534765,0.602273405
10116,10.116735,0.397664785,0.452506065,0.602335215
10117,10.117734,0.397758693,0.452549636,0.602241278
10118,10.118735,0.397613943,0.452482462,0.602386057
10119,10.119753,0.397628337,0.452489138,0.602371633
10120,10.120729,0.39764297,0.452495933,0.60235703
10121,10.121730,0.397657663,0.452502757,0.602342308
10122,10.122731,0.397676229,0.45251137,0.602327526
10123,10.123731,0.397770762,0.452555239,0.602229238
10124,10.124731,0.397706181,0.452525258,0.602293789
10125,10.125732,0.397641629,0.452495307,0.602358341
10126,10.126736,0.397736549,0.452539384,0.602263451
10127,10.127736,0.397751898,0.452546477,0.602248073
10128,10.128737,0.397771239,0.452555478,0.602228761
10129,10.129744,0.397866398,0.452599645,0.602133632
10130,10.130732,0.39772284,0.452533007,0.60227716
10131,10.131733,0.397818267,0.452577293,0.602181792
10132,10.132733,0.397913694,0.452621579,0.602086306
10133,10.133734,0.397850096,0.452592075,0.602149904
10134,10.134733,0.397870332,0.452601463,0.602129638
10135,10.135735,0.397886515,0.452608973,0.602113485
10136,10.136739,0.397902936,0.452616572,0.602097034
10137,10.137728,0.39799878,0.452661067,0.60200119
10138,10.138727,0.397935867,0.452631861,0.602064133
10139,10.139729,0.397877246,0.452676445,0.60196805
10140,10.140743,0.397973537,0.452649355,0.602026463
10141,10.141732,0.397990465,0.452657223,0.602009535
10142,10.142732,0.398007482,0.452665091,0.601992488
10143,10.143733,0.397945195,0.452636182,0.602054775
10144,10.144733,0.398041874,0.452681065,0.601958096
10145,10.145734,0.398059219,0.452689111,0.601940751
10146,10.146738,0.398160368,0.45273608,0.601839662
10147,10.147739,0.398177981,0.452744246,0.601822019
10148,10.148739,0.39811641,0.452715665,0.60188359
10149,10.149738,0.398134351,0.45272398,0.601865649
10150,10.150754,0.398152292,0.452732325,0.601847768
10151,10.151752,0.398333192,0.452777445,0.601750493
10152,10.152745,0.398351401,0.452824712,0.601648569
10153,10.153732,0.398290485,0.452796459,0.601709545
10154,10.154732,0.398229808,0.452768296,0.601770163
10155,10.155733,0.39832747,0.452813596,0.601672471
10156,10.156735,0.398266941,0.452785522,0.601733029
10157,10.157736,0.398364931,0.452831,0.601635098
10158,10.158734,0.398388565,0.452841967,0.601774573
10159,10.159736,0.398407578,0.452850789,0.601592422
10160,10.160735,0.398426771,0.4528597,0.601573229
10161,10.161753,0.398287714,0.452795178,0.601712286
10162,10.162728,0.398465395,0.452877641,0.601534605
10163,10.163729,0.398326695,0.452813268,0.601673305
10164,10.164729,0.398351282,0.452824652,0.601495385
10165,10.165729,0.398529261,0.452907264,0.601470709
10166,10.166732,0.398628175,0.45295319,0.601371884
10167,10.167730,0.398411065,0.452852428,0.601588964
10168,10.168732,0.398510426,0.452898532,0.601489544
10169,10.169731,0.398451596,0.452871233,0.601548433
10170,10.170732,0.398635119,0.452956378,0.601448834
10171,10.171752,0.398576826,0.452929348,0.601423204
10172,10.172727,0.398597509,0.452938944,0.601402521
10173,10.173729,0.398697257,0.452985227,0.601302743
10174,10.174728,0.398560286,0.452921659,0.601439714
10175,10.175729,0.398739219,0.453004718,0.601260781
10176,10.176732,0.398686886,0.452980429,0.601318419
10177,10.177731,0.398708284,0.452990353,0.601291716
10178,10.178731,0.398650795,0.45296365,0.601349175
10179,10.179731,0.398830175,0.453046918,0.601169825
10180,10.180731,0.398851901,0.453056991,0.601148069
10181,10.181732,0.39887923,0.453030586,0.601205111
10182,10.182748,0.398743629,0.453006744,0.601256371
10183,10.183736,0.398923427,0.453090191,0.601076543
10184,10.184737,0.398867011,0.453064024,0.601132989
10185,10.185737,0.398889482,0.453074455,0.601110518
10186,10.186728,0.398990601,0.453121364,0.601009369
10187,10.187730,0.398934722,0.453095436,0.601065278
10188,10.188730,0.398963213,0.453108668,0.601042449
10189,10.189731,0.39898625,0.453119338,0.60101372
10190,10.190731,0.399087965,0.453166544,0.600911975
10191,10.191731,0.399032712,0.453140914,0.600967288
10192,10.192751,0.399056077,0.453151762,0.600943923
10193,10.193738,0.399079561,0.45316267,0.600920439
10194,10.194727,0.399109215,0.453176439,0.600896835
10195,10.195727,0.399211496,0.453223884,0.600788474
10196,10.196731,0.399235487,0.45323503,0.600764513
10197,10.197732,0.399259567,0.453246206,0.600740433
10198,10.198733,0.399205357,0.453221023,0.600794613
10199,10.199733,0.399229825,0.453232408,0.600770235
10200,10.200733,0.399260491,0.453246623,0.600745678
10201,10.201733,0.399285227,0.453258097,0.600714743
10202,10.202735,0.399231523,0.453233182,0.600768447
10203,10.203754,0.399491638,0.453353912,0.600508332
10204,10.204731,0.39936018,0.453292876,0.60063976
10205,10.205730,0.399385393,0.453304589,0.600614607
10206,10.206734,0.399495482,0.4533557,0.600589097
10207,10.207735,0.399442822,0.453331232,0.600557148
10208,10.208736,0.399546802,0.453379512,0.600453198
10209,10.209736,0.399494499,0.453355253,0.600505531
10210,10.210737,0.399598658,0.453403562,0.600401282
10211,10.211736,0.399468392,0.453343123,0.600531578
10212,10.212746,0.399735749,0.45346719,0.600264192
10213,10.213748,0.399527848,0.45337072,0.600472152
10214,10.214736,0.39986679,0.453528017,0.600133181
10215,10.215736,0.399737716,0.453468114,0.600262284
10216,10.216737,0.399608433,0.453408122,0.600391567
10217,10.217738,0.399713606,0.453456938,0.600286424
10218,10.218737,0.399825782,0.453508973,0.600174189
10219,10.219738,0.399697065,0.453449249,0.600302935
10220,10.220738,0.399880767,0.453534514,0.600119233
10221,10.221737,0.39983052,0.453511178,0.600169539
10222,10.222737,0.399858385,0.453524113,0.600141585
10223,10.223737,0.399815381,0.453504175,0.600035667
10224,10.224743,0.399921715,0.453553528,0.600078344
10225,10.225731,0.400027812,0.453602731,0.599972129
10226,10.226734,0.399978667,0.453579932,0.600021303
10227,10.227733,0.400007337,0.453593254,0.599992692
10228,10.228734,0.40011391,0.453642696,0.59988606
10229,10.229734,0.400065184,0.453620106,0.599934816
10230,10.230733,0.400179297,0.453673065,0.599827945
10231,10.231733,0.400130868,0.453650564,0.599869132
10232,10.232733,0.400238097,0.453700334,0.599761844
10233,10.233733,0.400190085,0.453678071,0.599809945
10234,10.234751,0.400219917,0.4536919,0.599780083
10235,10.235737,0.400172114,0.453669727,0.599827886
10236,10.236729,0.400287569,0.453723311,0.599797666
10237,10.237729,0.400240302,0.453701377,0.599759698
10238,10.238730,0.40027076,0.453715503,0.59972924
10239,10.239729,0.400301427,0.453729719,0.599698544
10240,10.240729,0.400409877,0.453780055,0.599590123
10241,10.241729,0.400595725,0.453866333,0.599404335
10242,10.242729,0.400402308,0.453776538,0.599450588
10243,10.243728,0.400511116,0.453827053,0.599488854
10244,10.244730,0.400620103,0.453877628,0.599379897
10245,10.245755,0.400729001,0.453928173,0.599270999
10246,10.246734,0.400683641,0.453907102,0.599316299
10247,10.247733,0.400638193,0.453886032,0.599361837
10248,10.248734,0.400678575,0.453904778,0.599174976
10249,10.249733,0.40071094,0.453919768,0.59928906
10250,10.250734,0.400897801,0.454006523,0.599102199
10251,10.251734,0.40069887,0.453914165,0.5993011
10252,10.252735,0.400886178,0.454001099,0.599113762
10253,10.253736,0.400919259,0.454016477,0.599080741
10254,10.254736,0.400960803,0.454035759,0.599124789
10255,10.255755,0.400839925,0.453979671,0.599160075
10256,10.256733,0.401027709,0.454066813,0.598972321
10257,10.257735,0.400907218,0.454010874,0.599092722
10258,10.258735,0.401018381,0.454062492,0.598981678
10259,10.259735,0.401052535,0.454078317,0.598947465
10260,10.260736,0.40109545,0.454098225,0.598913133
10261,10.261737,0.401129931,0.454114258,0.598870099
10262,10.262737,0.401164591,0.454130322,0.598835349
10263,10.263738,0.4011994,0.454146475,0.5988006
10264,10.264738,0.401234508,0.454162776,0.598765492
10265,10.265739,0.401278466,0.454179078,0.598730326
10266,10.266773,0.401313961,0.454199672,0.598686099
10267,10.267748,0.401349545,0.454216152,0.598650396
10268,10.268736,0.401385367,0.454232782,0.598614633
10269,10.269737,0.401421338,0.454249501,0.598578691
10270,10.270738,0.401457548,0.45426628,0.598542452
10271,10.271739,0.401493758,0.454283088,0.598506212
10272,10.272727,0.401539475,0.454304308,0.598469675
10273,10.273727,0.401652813,0.454356909,0.598347187
10274,10.274728,0.401689589,0.454373986,0.598310411
10275,10.275729,0.401650131,0.454355687,0.598349929
10276,10.276764,0.401764035,0.454408556,0.598236024
10277,10.277727,0.401801288,0.454425842,0.598198771
10278,10.278728,0.401771963,0.454412222,0.598237455
10279,10.279728,0.401962429,0.454500616,0.598037601
10280,10.280728,0.401924193,0.454482853,0.598075807
10281,10.281726,0.401886076,0.454465181,0.598113894
10282,10.282727,0.401847988,0.454447508,0.598152041
10283,10.283739,0.402039319,0.454536289,0.597960651
10284,10.284728,0.401935101,0.45448792,0.598074555
10285,10.285728,0.401974231,0.454506099,0.598025799
10286,10.286731,0.402166039,0.454595089,0.597833931
10287,10.287748,0.402129203,0.454578012,0.597870827
10288,10.288736,0.402244866,0.454631686,0.597755134
10289,10.289736,0.402284682,0.454650164,0.597715378
10290,10.290736,0.40218237,0.454602689,0.597751439
10291,10.291736,0.402298689,0.454656661,0.597701311
10292,10.292735,0.402263075,0.45464015,0.597736955
10293,10.293736,0.402455747,0.454729557,0.597544312
10294,10.294737,0.402572215,0.454783618,0.597427845
10295,10.295736,0.402537316,0.454767406,0.597462654
10296,10.296727,0.402512997,0.454756141,0.597497344
10297,10.297805,0.402554393,0.454775363,0.597445667
10298,10.298732,0.402595907,0.454794586,0.597404063
10299,10.299732,0.402713478,0.454849184,0.597286582
10300,10.300732,0.402679741,0.454833508,0.597320259
10301,10.301731,0.402797639,0.454888225,0.597202361
10302,10.302732,0.402850568,0.454912782,0.597160101
10303,10.303732,0.402817547,0.454897463,0.597182393
10304,10.304732,0.402860224,0.454917252,0.597139716
10305,10.305732,0.402903467,0.454937339,0.597096503
10306,10.306733,0.40302217,0.454992443,0.59697789
10307,10.307734,0.402914405,0.454942405,0.597085595
10308,10.308752,0.403044581,0.455002815,0.596955359
10309,10.309727,0.403012902,0.454988122,0.596987069
10310,10.310739,0.403132588,0.455043674,0.596867383
10311,10.311739,0.403176814,0.455064178,0.596823156
10312,10.312738,0.40329659,0.455119789,0.59670341
10313,10.313738,0.403265983,0.455105603,0.596734047
10314,10.314738,0.403397411,0.455166578,0.596764445
10315,10.315739,0.403291941,0.455117643,0.596708059
10316,10.316730,0.40341264,0.455173671,0.59658736
10317,10.317731,0.403458208,0.455194801,0.596541822
10318,10.318763,0.403579116,0.455250919,0.596420884
10319,10.319738,0.403549969,0.455237389,0.596450031
10320,10.320726,0.403607875,0.45526427,0.596328735
10321,10.321727,0.40372923,0.455320597,0.5962708
10322,10.322728,0.403700769,0.455307364,0.596299171
10323,10.323748,0.403747618,0.45532912,0.596252382
10324,10.324738,0.403794765,0.455350995,0.596205235
10325,10.325738,0.403916836,0.455407649,0.596083164
10326,10.326729,0.403826475,0.455365717,0.596110463
10327,10.327730,0.403949142,0.45542264,0.596050858
10328,10.328730,0.403997123,0.455444902,0.596002877
10329,10.329749,0.404119939,0.455501914,0.595880091
10330,10.330738,0.404168367,0.455524385,0.595831633
10331,10.331738,0.40414232,0.455512285,0.59585762
10332,10.332740,0.404203415,0.455540657,0.595883608
10333,10.333728,0.40425244,0.455563396,0.59574759
10334,10.334727,0.404301763,0.455586284,0.595698178
10335,10.335729,0.404500067,0.455678344,0.595499933
10336,10.336733,0.404549778,0.455701381,0.595450163
10337,10.337733,0.404525399,0.455690086,0.595474601
10338,10.338734,0.404513687,0.455684662,0.595498919
10339,10.339761,0.404638529,0.455742598,0.595361471
10340,10.340736,0.404614866,0.45573163,0.595385194
10341,10.341738,0.40459156,0.455720812,0.595408499
10342,10.342739,0.404939026,0.455882043,0.595060945
10343,10.343728,0.404842377,0.45583719,0.595157623
10344,10.344728,0.404758424,0.455798209,0.595032096
10345,10.345728,0.404810458,0.455822378,0.595189571
10346,10.346731,0.404862404,0.455846488,0.595137596
10347,10.347731,0.404988885,0.455905199,0.595011115
10348,10.348731,0.405115217,0.45596382,0.594884753
10349,10.349730,0.40510729,0.455919623,0.594979942
10350,10.350748,0.405160367,0.455984771,0.594839633
10351,10.351736,0.405287296,0.456043661,0.594712675
10352,10.352736,0.40526703,0.456034273,0.594733
10353,10.353736,0.405394346,0.456093371,0.594605684
10354,10.354735,0.405374706,0.456084251,0.594625235
10355,10.355736,0.405428827,0.456109375,0.594571173
10356,10.356739,0.405496776,0.456140906,0.594443381
10357,10.357728,0.405624866,0.456200361,0.594375134
10358,10.358727,0.405679762,0.456225812,0.594320238
10359,10.359728,0.405734837,0.456251383,0.594265163
10360,10.360777,0.405716836,0.456243038,0.594283164
10361,10.361728,0.405845702,0.456302822,0.594154298
10362,10.362729,0.405842185,0.456301212,0.594098508
10363,10.363728,0.405824929,0.456293195,0.5941751
10364,10.364729,0.405954629,0.456353396,0.594045401
10365,10.365729,0.406084299,0.456413567,0.593915701
10366,10.366732,0.406141102,0.456439942,0.593858898
10367,10.367732,0.406125128,0.456432521,0.593874872
10368,10.368731,0.406269699,0.456499636,0.593744636
10369,10.369732,0.406254351,0.456492484,0.593745649
10370,10.370732,0.406384945,0.456553102,0.593615055
10371,10.371745,0.406297207,0.456512392,0.593702793
10372,10.372734,0.40635553,0.456539452,0.5936445
10373,10.373733,0.406487077,0.456600487,0.593512893
10374,10.374734,0.406560481,0.456634581,0.593381584
10375,10.375734,0.406692177,0.456695676,0.593307793
10376,10.376737,0.406678855,0.456689507,0.593321145
10377,10.377737,0.406883419,0.456784457,0.593116641
10378,10.378736,0.406798214,0.456744909,0.593201816
10379,10.379736,0.406930864,0.456806481,0.593069196
10380,10.380751,0.406933725,0.456807792,0.593066275
10381,10.381752,0.407138854,0.456902981,0.592861116
10382,10.382727,0.40698266,0.456830502,0.59301734
10383,10.383728,0.407188416,0.456925988,0.592811584
10384,10.384728,0.407249689,0.45695442,0.592750311
10385,10.385729,0.40723896,0.456949443,0.59276098
10386,10.386732,0.407316238,0.456985295,0.592771411
10387,10.387731,0.407378525,0.457014233,0.592621446
10388,10.388733,0.407440722,0.457043082,0.592559218
10389,10.389734,0.407575399,0.457105577,0.592424572
10390,10.390734,0.407566279,0.457101345,0.592433691
10391,10.391735,0.407645226,0.457164079,0.592298508
10392,10.392743,0.407636702,0.457134038,0.59230721
10393,10.393731,0.407844216,0.45723033,0.592155755
10394,10.394731,0.407908082,0.457259983,0.592091918
10395,10.395732,0.407972246,0.457289755,0.592027724
10396,10.396735,0.408036649,0.457319677,0.59196341
10397,10.397735,0.408101261,0.457349658,0.591898799
10398,10.398736,0.408110917,0.457354128,0.59183383
10399,10.399738,0.408176124,0.457384378,0.591823816
10400,10.400738,0.408241719,0.457414836,0.591758311
10401,10.401739,0.40837878,0.457478464,0.59162128
10402,10.402768,0.408373415,0.45747596,0.591626585
10403,10.403732,0.408582091,0.457572788,0.591417849
10404,10.404733,0.408451736,0.457512319,0.591422498
10405,10.405733,0.40858978,0.457576364,0.59141022
10406,10.406737,0.408657014,0.457607597,0.591343045
10407,10.407737,0.408795297,0.457671732,0.591204643
10408,10.408738,0.408791929,0.457670182,0.5912081
10409,10.409739,0.408859998,0.457701802,0.591140032
10410,10.410728,0.408945203,0.457733393,0.591071844
10411,10.411727,0.409013748,0.457773119,0.590986192
10412,10.412727,0.409082532,0.457805067,0.590917468
10413,10.413755,0.409080684,0.457804203,0.590919316
10414,10.414731,0.409150004,0.45783639,0.590849996
10415,10.415730,0.409431279,0.457966894,0.590568662
10416,10.416732,0.409306943,0.457909197,0.590639949
10417,10.417733,0.409377187,0.4579418,0.590622783
10418,10.418733,0.409588635,0.458039939,0.590411365
10419,10.419733,0.409518301,0.458007276,0.590481639
10420,10.420733,0.409730077,0.458105594,0.590269923
10421,10.421732,0.409730822,0.458105922,0.590269148
10422,10.422733,0.409890503,0.45818004,0.590127409
10423,10.423848,0.409892261,0.458180845,0.590107739
10424,10.424736,0.410034388,0.458246827,0.589965641
10425,10.425736,0.410106599,0.458280325,0.589893341
10426,10.426727,0.410179198,0.458314031,0.589820802
10427,10.427739,0.410321742,0.458380163,0.589678228
10428,10.428740,0.410273641,0.458357841,0.58967495
10429,10.429728,0.410347044,0.458391935,0.589653015
10430,10.430727,0.410490543,0.458458513,0.589509487
10431,10.431728,0.410494924,0.45846054,0.589505017
10432,10.432727,0.410638899,0.458527386,0.589361131
10433,10.433728,0.410574287,0.458497375,0.589425683
10434,10.434751,0.410806984,0.458605379,0.589192986
10435,10.435726,0.411020696,0.458704561,0.588979304
10436,10.436750,0.410888106,0.458643019,0.589111865
10437,10.437738,0.411033273,0.458710402,0.588966727
10438,10.438738,0.411040068,0.458713561,0.588959992
10439,10.439737,0.411116272,0.458748937,0.588883758
10440,10.440738,0.411281109,0.458825409,0.588738084
10441,10.441737,0.411289066,0.458829105,0.588710904
10442,10.442738,0.411435217,0.458896935,0.588564754
10443,10.443737,0.411512613,0.458932877,0.588487387
10444,10.444767,0.411590546,0.458969027,0.588409424
10445,10.445729,0.411668479,0.459005207,0.588331521
10446,10.446734,0.41176641,0.459050655,0.588321984
10447,10.447734,0.411844879,0.459087074,0.58815515
10448,10.448734,0.411923826,0.459123701,0.588076174
10449,10.449735,0.41186595,0.459096849,0.58813405
10450,10.450734,0.412082613,0.459197402,0.587917387
10451,10.451735,0.411956728,0.459138989,0.588043272
10452,10.452736,0.41226247,0.459280878,0.587757647
10453,10.453737,0.412410945,0.459349781,0.587589025
10454,10.454737,0.412355453,0.459324032,0.587644577
10455,10.455752,0.412368268,0.459329963,0.587631702
10456,10.456731,0.412517905,0.459399402,0.587482095
10457,10.457731,0.412599444,0.459437281,0.587400615
10458,10.458732,0.412769765,0.45950681,0.587250769
10459,10.459731,0.412784129,0.459522963,0.587215841
10460,10.460733,0.412866712,0.459561318,0.587133288
10461,10.461734,0.413085014,0.459662616,0.586915016
10462,10.462734,0.413168013,0.459701121,0.586831927
10463,10.463735,0.413116068,0.459677041,0.586883962
10464,10.464734,0.413288265,0.459756941,0.586665213
10465,10.465777,0.413237333,0.459733307,0.586762667
10466,10.466731,0.413321763,0.459772497,0.586678267
10467,10.467733,0.413541317,0.459874392,0.586458683
10468,10.468733,0.413626194,0.45991376,0.586373806
10469,10.469733,0.413711369,0.459953308,0.586288691
10470,10.470734,0.41381824,0.459992945,0.586203158
10471,10.471735,0.413971186,0.460073888,0.586028814
10472,10.472736,0.413923323,0.460051656,0.586076617
10473,10.473737,0.414076865,0.460122913,0.585923076
10474,10.474736,0.414096653,0.460132122,0.585903347
10475,10.475738,0.414272368,0.460172594,0.585816145
10476,10.476748,0.414293289,0.460223377,0.585662007
10477,10.477736,0.414314181,0.460233092,0.585685849
10478,10.478734,0.414535522,0.460335791,0.585464478
10479,10.479735,0.414623916,0.460376829,0.585376084
10480,10.480735,0.414778829,0.460448712,0.585221171
10481,10.481735,0.414801478,0.460459232,0.585198522
10482,10.482735,0.414912939,0.460500628,0.585109234
10483,10.483734,0.414870173,0.460491121,0.585129857
10484,10.484735,0.415026367,0.4605636,0.584973633
10485,10.485736,0.415116727,0.460605532,0.584883273
10486,10.486770,0.415207297,0.460647583,0.584792733
10487,10.487733,0.415232003,0.460659057,0.584768057
10488,10.488733,0.415478021,0.460793138,0.584479034
10489,10.489733,0.41563502,0.460846066,0.584364951
10490,10.490759,0.415661126,0.460858196,0.584338903
10491,10.491751,0.415753305,0.460900992,0.584246755
10492,10.492727,0.415780127,0.46091342,0.584219873
10493,10.493727,0.415938437,0.460986912,0.584061623
10494,10.494727,0.415923834,0.460999787,0.584033847
10495,10.495727,0.416213334,0.461114466,0.583786666
10496,10.496731,0.416241825,0.461127698,0.583758235
10497,10.497749,0.416270703,0.461141109,0.583729327
10498,10.498736,0.416365087,0.461184889,0.583634853
10499,10.499737,0.416459918,0.461228907,0.583540082
10500,10.500737,0.416578799,0.461284101,0.583445132
10501,10.501737,0.416738868,0.461358368,0.583261132
10502,10.502737,0.416834682,0.461402833,0.583165288
10503,10.503736,0.416930497,0.461447328,0.583069563
10504,10.504737,0.417091459,0.461522013,0.582908571
10505,10.505737,0.41718781,0.461566746,0.58281219
10506,10.506727,0.417244643,0.461581796,0.582779765
10507,10.507769,0.417277396,0.46160832,0.582722664
10508,10.508733,0.41743958,0.461683571,0.58256042
10509,10.509733,0.417537332,0.46172896,0.582462668
10510,10.510733,0.417635739,0.461774617,0.582364261
10511,10.511733,0.417734087,0.461820245,0.582265913
10512,10.512733,0.417729855,0.461836547,0.582230806
10513,10.513734,0.417893201,0.461894095,0.582106769
10514,10.514734,0.41799286,0.461940348,0.58200711
10515,10.515735,0.41802901,0.461957127,0.58197099
10516,10.516739,0.418193132,0.462033302,0.581806898
10517,10.517727,0.418293715,0.462079972,0.581706285
10518,10.518755,0.418546855,0.462197483,0.581453145
10519,10.519730,0.418457776,0.462156117,0.581542194
10520,10.520731,0.418749511,0.462291509,0.581250489
10521,10.521731,0.418724924,0.462280095,0.581275046
10522,10.522732,0.418890357,0.462356865,0.581109643
10523,10.523733,0.418992937,0.46240449,0.581007063
10524,10.524733,0.419121623,0.462452233,0.580904245
10525,10.525734,0.419162005,0.462482959,0.580837965
10526,10.526736,0.419265568,0.462531,0.580734372
10527,10.527738,0.419432372,0.462608457,0.580567658
10528,10.528761,0.419473886,0.462627709,0.580526114
10529,10.529735,0.419578552,0.462676257,0.580421388
10530,10.530737,0.419647098,0.462782979,0.580191612
10531,10.531736,0.419815123,0.462786078,0.580184877
10532,10.532738,0.419920921,0.462835163,0.580079079
10533,10.533738,0.420026988,0.462884396,0.579973042
10534,10.534739,0.420133203,0.462933689,0.579866767
10535,10.535726,0.420302033,0.46301204,0.579697967
10536,10.536731,0.420435607,0.463061661,0.579591155
10537,10.537731,0.420543045,0.463123918,0.579456985
10538,10.538731,0.42052713,0.463116527,0.579472899
10539,10.539747,0.420820236,0.463252544,0.579179764
10540,10.540736,0.420867085,0.46327427,0.579132855
10541,10.541762,0.420913994,0.463296056,0.579086006
10542,10.542743,0.421050578,0.463359445,0.578915358
10543,10.543731,0.42109859,0.463381737,0.57890141
10544,10.544731,0.421331048,0.463489622,0.578668952
10545,10.545730,0.421441108,0.463540673,0.578558862
10546,10.546733,0.421490371,0.463563561,0.578509629
10547,10.547734,0.421601236,0.463615,0.578398764
10548,10.548733,0.421740174,0.463666528,0.578287721
10549,10.549748,0.421851754,0.463731289,0.578148246
10550,10.550735,0.42202425,0.463811338,0.57797575
10551,10.551737,0.422197163,0.463891596,0.577802896
10552,10.552736,0.42224893,0.463915616,0.5777511
10553,10.553737,0.422301322,0.463939905,0.577698648
10554,10.554737,0.422382563,0.463992447,0.577585518
10555,10.555736,0.42255643,0.46405834,0.5774436
10556,10.556739,0.422790825,0.464167088,0.577209115
10557,10.557727,0.422784805,0.464164287,0.577215135
10558,10.558727,0.422779113,0.464161664,0.577220917
10559,10.559753,0.423074365,0.464298695,0.576925635
10560,10.560746,0.423218578,0.464365602,0.576870322
10561,10.561734,0.423393846,0.464446962,0.576606154
10562,10.562734,0.423390538,0.464445442,0.576609492
10563,10.563734,0.423506945,0.464499444,0.576493025
10564,10.564733,0.423623621,0.464553595,0.576376319
10565,10.565734,0.42380017,0.464635551,0.576199889
10566,10.566737,0.423946828,0.46468994,0.576082647
10567,10.567737,0.424005479,0.464730829,0.575994492
10568,10.568737,0.424182862,0.464813143,0.575817108
10569,10.569736,0.424242288,0.46484071,0.575757682
10570,10.570763,0.424302399,0.464868605,0.575697541
10571,10.571738,0.424539447,0.464978635,0.575460553
10572,10.572739,0.424688816,0.465034008,0.575341165
10573,10.573739,0.424750209,0.465076447,0.575249791
10574,10.574739,0.424928874,0.465159357,0.575071096
10575,10.575738,0.424991101,0.465188265,0.575008929
10576,10.576729,0.425112069,0.465244383,0.574887931
10577,10.577729,0.425233483,0.465300739,0.574766517
10578,10.578729,0.425443798,0.465357304,0.574644625
10579,10.579730,0.425565839,0.465454966,0.574434102
10580,10.580732,0.425688416,0.465511858,0.574311554
10581,10.581755,0.425811201,0.46556887,0.574188828
10582,10.582732,0.425991833,0.465652674,0.574008107
10583,10.583731,0.426000059,0.465656519,0.573999941
10584,10.584733,0.426212609,0.4657408,0.573818386
10585,10.585733,0.426279455,0.465786189,0.573720574
10586,10.586737,0.426461279,0.465870559,0.573538721
10587,10.587737,0.426471949,0.465875506,0.573528051
10588,10.588738,0.426654637,0.465960294,0.573345363
10589,10.589738,0.426780343,0.466018647,0.573219657
10590,10.590739,0.426994741,0.466103524,0.573036849
10591,10.591839,0.427121162,0.466176838,0.572878897
10592,10.592727,0.427134633,0.466183066,0.572865367
10593,10.593729,0.427261978,0.466242164,0.572738051
10594,10.594729,0.427446067,0.466327608,0.572553992
10595,10.595730,0.427573949,0.466386974,0.572426081
10596,10.596733,0.427734584,0.466498762,0.572185218
10597,10.597734,0.427919418,0.466547281,0.572080553
10598,10.598733,0.428104192,0.466633052,0.571895838
10599,10.599888,0.428209871,0.466682076,0.571790099
10600,10.600738,0.428251445,0.466701388,0.571748555
10601,10.601728,0.428437322,0.466787636,0.571562648
10602,10.602754,0.428489089,0.466811687,0.571432412
10603,10.603730,0.428675622,0.466898233,0.571324348
10604,10.604730,0.428862154,0.466984808,0.571137846
10605,10.605731,0.428993821,0.467045933,0.571006179
10606,10.606734,0.429070354,0.467081457,0.570929706
10607,10.607734,0.42925778,0.467168421,0.570742249
10608,10.608734,0.429368585,0.467204511,0.570664525
10609,10.609734,0.429501742,0.46728164,0.570498228
10610,10.610733,0.42958045,0.467318177,0.57041955
10611,10.611734,0.429769158,0.467405766,0.570230842
10612,10.612781,0.429848492,0.467442572,0.570151448
10613,10.613731,0.430092394,0.467555761,0.569907606
10614,10.614731,0.430206537,0.467593074,0.569827259
10615,10.615731,0.43039605,0.467696697,0.56960398
10616,10.616734,0.430423498,0.467709422,0.569576502
10617,10.617733,0.430667669,0.467822731,0.569332302
10618,10.618734,0.430803895,0.467885971,0.569196105
10619,10.619733,0.430886686,0.467924416,0.569113314
10620,10.620734,0.431058437,0.467963159,0.569029808
10621,10.621734,0.431196034,0.468067974,0.568803966
10622,10.622733,0.43133387,0.46813193,0.568666101
10623,10.623754,0.431472152,0.468196124,0.568527877
10624,10.624730,0.431610942,0.468260527,0.568389058
10625,10.625730,0.431803048,0.468349695,0.568196952
10626,10.626732,0.431871176,0.468438804,0.568004906
10627,10.627732,0.432169616,0.468519807,0.567830384
10628,10.628733,0.432204306,0.46853593,0.567795753
10629,10.629733,0.432344824,0.468601108,0.567655146
10630,10.630733,0.432485491,0.468666404,0.567514479
10631,10.631732,0.432627082,0.468732119,0.567372918
10632,10.632733,0.432803929,0.468822032,0.567179203
10633,10.633792,0.432998419,0.468904465,0.567001581
10634,10.634730,0.433088481,0.468946248,0.566911519
10635,10.635729,0.433231235,0.469012499,0.566768765
10636,10.636733,0.433322608,0.469054908,0.566677392
10637,10.637733,0.433518052,0.469145626,0.566481948
10638,10.638732,0.433698058,0.469188452,0.56638968
10639,10.639733,0.43384254,0.469296217,0.56615746
10640,10.640733,0.433987111,0.469363332,0.566012919
10641,10.641732,0.434132129,0.469430625,0.565867901
10642,10.642732,0.434328735,0.46952185,0.565671206
10643,10.643733,0.434423447,0.469565839,0.565576613
10644,10.644745,0.434606075,0.469650567,0.565328538
10645,10.645734,0.434854358,0.469765812,0.565145612
10646,10.646737,0.434950322,0.469810337,0.565049648
10647,10.647739,0.435097814,0.469878793,0.564902186
10648,10.648739,0.435245186,0.469947189,0.564754784
10649,10.649729,0.435343087,0.469992638,0.564656913
10650,10.650729,0.435478419,0.470061421,0.564508677
10651,10.651730,0.435627371,0.470124573,0.564372659
10652,10.652730,0.435926676,0.470263481,0.564073324
10653,10.653731,0.436026216,0.470309645,0.563973725
10654,10.654773,0.436175793,0.470379084,0.563824177
10655,10.655735,0.436276644,0.470425874,0.563723326
10656,10.656739,0.436465085,0.470518827,0.563523054
10657,10.657728,0.43661648,0.470583588,0.56338346
10658,10.658874,0.436866164,0.470699489,0.563133836
10659,10.659737,0.436870515,0.470701516,0.563129485
10660,10.660739,0.437121063,0.470817804,0.562878966
10661,10.661739,0.437224627,0.470865846,0.562775373
10662,10.662727,0.437426418,0.470959485,0.562573552
10663,10.663728,0.43756941,0.471025884,0.56243062
10664,10.664727,0.437771767,0.471119761,0.562228203
10665,10.665746,0.437877327,0.471168756,0.562122643
10666,10.666737,0.438032031,0.47124058,0.561967969
10667,10.667737,0.438186824,0.471312404,0.561813116
10668,10.668738,0.438381284,0.47142908,0.561561823
10669,10.669738,0.438536942,0.471474886,0.561463058
10670,10.670727,0.43874076,0.471569479,0.56125921
10671,10.671740,0.438897073,0.471642047,0.561102927
10672,10.672728,0.439006358,0.471692741,0.560993612
10673,10.673727,0.439116359,0.471743792,0.560883641
10674,10.674727,0.43932116,0.471838862,0.56067884
10675,10.675783,0.43951869,0.471930534,0.56048131
10676,10.676736,0.439770997,0.472047627,0.560229003
10677,10.677736,0.439788997,0.472055972,0.560211003
10678,10.678736,0.44004181,0.472173303,0.55995816
10679,10.679735,0.440154523,0.472225606,0.559845448
10680,10.680736,0.440401226,0.472299874,0.559685469
10681,10.681737,0.440561265,0.472414374,0.559438705
10682,10.682737,0.440675795,0.472467542,0.559324205
10683,10.683737,0.440790683,0.472520858,0.559209347
10684,10.684735,0.440952361,0.4725959,0.559047639
10685,10.685737,0.441205859,0.47271356,0.558794141
10686,10.686746,0.441454172,0.472828805,0.558677673
10687,10.687734,0.441525668,0.472861975,0.558474302
10688,10.688734,0.441688746,0.472937644,0.558311224
10689,10.689734,0.441897243,0.473034441,0.558102787
10690,10.690734,0.442015737,0.473089397,0.557984233
10691,10.691734,0.442224801,0.473186433,0.557775199
10692,10.692734,0.442385674,0.473221093,0.557700574
10693,10.693733,0.442595184,0.473358333,0.557404816
10694,10.694734,0.442715883,0.473414332,0.557284057
10695,10.695735,0.442881465,0.473491192,0.557118535
10696,10.696789,0.443047553,0.473568261,0.556952417
10697,10.697726,0.443169951,0.473625094,0.556830049
10698,10.698728,0.443468809,0.473763764,0.556531191
10699,10.699728,0.443677545,0.473860651,0.556322455
10700,10.700729,0.443844885,0.473938346,0.556155145
10701,10.701728,0.443925619,0.473975778,0.556074381
10702,10.702727,0.444093704,0.4740538,0.555906296
10703,10.703728,0.444305599,0.474152118,0.555694342
10704,10.704728,0.444517165,0.474250317,0.555482805
10705,10.705728,0.444641709,0.474308133,0.555358291
10706,10.706732,0.444724858,0.474346697,0.555275083
10707,10.707742,0.444937259,0.474445283,0.555062711
10708,10.708731,0.445107073,0.474524111,0.554892898
10709,10.709732,0.445361972,0.474642426,0.554638088
10710,10.710732,0.445531726,0.474721104,0.554468453
10711,10.711733,0.445744306,0.474819839,0.554255664
10712,10.712732,0.445830107,0.474859685,0.554169953
10713,10.713753,0.446084648,0.474977791,0.553915322
10714,10.714728,0.446255475,0.475057065,0.553744495
10715,10.715729,0.44638443,0.475116938,0.55361557
10716,10.716733,0.446639925,0.475235045,0.553361118
10717,10.717825,0.446728379,0.47527656,0.553271651
10718,10.718738,0.446900189,0.475356311,0.553099871
10719,10.719739,0.447236419,0.475512356,0.552763641
10720,10.720728,0.447326303,0.475554049,0.552673697
10721,10.721727,0.447498232,0.47563383,0.552501738
10722,10.722729,0.447629571,0.475694805,0.552370429
10723,10.723730,0.447885811,0.475813717,0.552114189
10724,10.724730,0.448018223,0.475875199,0.551981807
10725,10.725731,0.448231369,0.475974083,0.551768601
10726,10.726735,0.448324203,0.476017177,0.551675797
10727,10.727734,0.448577732,0.476134837,0.551422238
10728,10.728754,0.448754519,0.476216882,0.551288962
10729,10.729730,0.448968291,0.476316094,0.551031709
10730,10.730730,0.449102432,0.476378351,0.550897598
10731,10.731729,0.449276388,0.476459086,0.550723672
10732,10.732731,0.449529558,0.476576567,0.550470412
10733,10.733732,0.449703723,0.47665742,0.550296307
10734,10.734732,0.449804842,0.476702183,0.550199807
10735,10.735733,0.450057626,0.476821661,0.549942374
10736,10.736737,0.45019412,0.476885021,0.54980588
10737,10.737736,0.450369298,0.476966292,0.549630642
10738,10.738793,0.450506121,0.4770298,0.549493849
10739,10.739730,0.450758904,0.477147132,0.549241066
10740,10.740730,0.450896323,0.477210909,0.549103677
10741,10.741729,0.451116294,0.477312982,0.548883677
10742,10.742730,0.451330692,0.477412492,0.548669279
10743,10.743729,0.451469094,0.477476716,0.548530877
10744,10.744730,0.451683253,0.477576137,0.548316777
10745,10.745729,0.45186013,0.477658212,0.54813987
10746,10.746732,0.451969028,0.477722883,0.548000455
10747,10.747733,0.452295184,0.477860123,0.547704816
10748,10.748733,0.452361405,0.477890849,0.547638595
10749,10.749748,0.452575922,0.477990419,0.547424138
10750,10.750736,0.452790469,0.478089988,0.547209561
10751,10.751735,0.452931792,0.478155553,0.547068179
10752,10.752736,0.453190863,0.478238195,0.546890199
10753,10.753736,0.453296155,0.478324652,0.546703815
10754,10.754736,0.453547418,0.478441298,0.546452582
10755,10.755736,0.453689784,0.47850734,0.546310186
10756,10.756727,0.453868479,0.47859031,0.546131551
10757,10.757740,0.45404768,0.478673458,0.54595232
10758,10.758728,0.454262257,0.478773028,0.545737684
10759,10.759767,0.454415262,0.478844047,0.545584738
10760,10.760732,0.45466584,0.478960335,0.54533416
10761,10.761733,0.45484525,0.479043603,0.54515475
10762,10.762733,0.455025136,0.479127079,0.544974804
10763,10.763733,0.455170065,0.479194343,0.544829905
10764,10.764733,0.455350101,0.479277909,0.544649899
10765,10.765732,0.455610335,0.479398698,0.544389725
10766,10.766743,0.455687165,0.479434341,0.544312835
10767,10.767732,0.455902815,0.479534417,0.544097185
10768,10.768732,0.456152022,0.47965008,0.543847919
10769,10.769730,0.456332862,0.479734004,0.543667138
10770,10.770745,0.456559539,0.479818165,0.54348588
10771,10.771732,0.456706911,0.479907602,0.543293059
10772,10.772733,0.456888348,0.479991794,0.543111622
10773,10.773733,0.457137108,0.480107248,0.542862892
10774,10.774734,0.457252055,0.480160594,0.542747915
10775,10.775734,0.457434356,0.480245233,0.542565703
10776,10.776738,0.457695037,0.480345041,0.54235059
10777,10.777738,0.457877129,0.48045069,0.542122841
10778,10.778739,0.458059728,0.480535448,0.541940212
10779,10.779739,0.45817709,0.480589926,0.54182291
10780,10.780728,0.458457112,0.480719894,0.541542888
10781,10.781744,0.458575487,0.48077482,0.541424513
10782,10.782732,0.458758861,0.480859935,0.541241169
10783,10.783733,0.459019899,0.480981082,0.540980101
10784,10.784732,0.459203124,0.481066108,0.540796876
10785,10.785734,0.459355265,0.481136709,0.540644705
10786,10.786738,0.459538907,0.481221944,0.540461123
10787,10.787738,0.45975405,0.481321782,0.54024595
10788,10.788739,0.459953189,0.481392801,0.540092945
10789,10.789739,0.460137397,0.481499702,0.539862633
10790,10.790739,0.460321665,0.481585234,0.539678335
10791,10.791753,0.460537225,0.481685281,0.539462805
10792,10.792729,0.460721672,0.481770873,0.539278328
10793,10.793729,0.460845292,0.481828243,0.539154708
10794,10.794730,0.461061031,0.481928349,0.53893894
10795,10.795731,0.461292446,0.482035756,0.538707495
10796,10.796734,0.461507887,0.482135743,0.538492084
10797,10.797735,0.461693406,0.482221842,0.538306594
10798,10.798735,0.461819351,0.482280284,0.53818059
10799,10.799735,0.462064326,0.48239401,0.537935734
10800,10.800736,0.462296367,0.482466638,0.537779093
10801,10.801737,0.462482572,0.482588112,0.537517428
10802,10.802743,0.462639481,0.482660919,0.537360549
10803,10.803731,0.462825656,0.482747316,0.537174344
10804,10.804732,0.463012338,0.482833952,0.536987603
10805,10.805731,0.463141471,0.482893884,0.536858499
10806,10.806734,0.463442832,0.483033776,0.536557198
10807,10.807734,0.463591009,0.48310253,0.536408961
10808,10.808733,0.463834524,0.483215541,0.536165476
10809,10.809734,0.463993818,0.48328948,0.536006212
10810,10.810734,0.464208871,0.483389258,0.535791099
10811,10.811734,0.46439606,0.483476162,0.53560394
10812,10.812791,0.464602947,0.483572155,0.535396993
10813,10.813728,0.464845717,0.483684838,0.535154283
10814,10.814729,0.464978725,0.483746558,0.535021245
10815,10.815729,0.465193719,0.483846366,0.534806311
10816,10.816732,0.465355009,0.4839212,0.534645021
10817,10.817730,0.465543121,0.484008491,0.534456849
10818,10.818731,0.46573174,0.48409605,0.53426826
10819,10.819731,0.466020316,0.484229982,0.533979714
10820,10.820732,0.466155916,0.484292895,0.533844054
10821,10.821732,0.466344953,0.484380633,0.533655047
10822,10.822731,0.46653375,0.484468251,0.53346622
10823,10.823749,0.466748565,0.48456794,0.533251405
10824,10.824737,0.466959089,0.484643877,0.533087909
10825,10.825754,0.46712321,0.484741837,0.53287679
10826,10.826733,0.467363536,0.484853357,0.532636464
10827,10.827732,0.467527986,0.484929681,0.532472014
10828,10.828734,0.467742622,0.48502931,0.532257378
10829,10.829733,0.467932165,0.485117257,0.532067776
10830,10.830733,0.46814695,0.485216945,0.53185308
10831,10.831733,0.46835947,0.485315591,0.53164053
10832,10.832733,0.468549371,0.485403717,0.531450629
10833,10.833753,0.468739778,0.48549208,0.531260192
10834,10.834727,0.468929976,0.485580355,0.531070054
10835,10.835728,0.469120175,0.4856686,0.530879796
10836,10.836730,0.469287038,0.485746056,0.530712962
10837,10.837731,0.469596446,0.485889643,0.530403495
10838,10.838731,0.469716191,0.485945225,0.530283809
10839,10.839732,0.469930679,0.486044765,0.530069292
10840,10.840732,0.470075339,0.486111909,0.529924631
10841,10.841732,0.470312893,0.486222148,0.529687047
10842,10.842733,0.470481366,0.486300349,0.529518604
10843,10.843734,0.470743448,0.486422002,0.529256582
10844,10.844747,0.470934689,0.486510754,0.529065311
10845,10.845736,0.471126109,0.486599565,0.528873861
10846,10.846727,0.471295685,0.486678272,0.528704286
10847,10.847728,0.471509665,0.486777574,0.528490305
10848,10.848728,0.471679747,0.48685652,0.528320253
10849,10.849729,0.471919805,0.486967921,0.528084517
10850,10.850728,0.47211194,0.48705709,0.52788806
10851,10.851730,0.472304523,0.487146467,0.527695417
10852,10.852731,0.472518235,0.487245679,0.527481794
10853,10.853731,0.472689271,0.487325042,0.527310729
10854,10.854810,0.472951382,0.487446696,0.527048647
10855,10.855736,0.473144233,0.487536192,0.526855767
10856,10.856728,0.473316073,0.487615943,0.526683927
10857,10.857728,0.473508924,0.487705469,0.526491106
10858,10.858729,0.473702252,0.487795174,0.526297688
10859,10.859729,0.473874897,0.487875313,0.526125133
10860,10.860729,0.474108547,0.487983733,0.525891423
10861,10.861730,0.474330425,0.4880867,0.525669575
10862,10.862731,0.474523783,0.488176465,0.525476217
10863,10.863731,0.47469753,0.48825708,0.52530247
10864,10.864732,0.474911153,0.488356233,0.525088847
10865,10.865743,0.475104779,0.488446087,0.524895251
10866,10.866734,0.475318104,0.48854509,0.524681926
10867,10.867735,0.475541234,0.488648653,0.524458766
10868,10.868735,0.475716263,0.488729894,0.524283767
10869,10.869736,0.475948274,0.48883757,0.524051726
10870,10.870734,0.476142466,0.488927692,0.523857534
10871,10.871735,0.476336479,0.489017725,0.523663521
10872,10.872736,0.476530641,0.489107817,0.523469329
10873,10.873735,0.476773828,0.489220679,0.523226142
10874,10.874736,0.476950288,0.489302605,0.523049712
10875,10.875747,0.4771626,0.489401132,0.5228374
10876,10.876737,0.477357507,0.489491582,0.522642493
10877,10.877738,0.477534562,0.489573777,0.522465467
10878,10.878738,0.47772935,0.489664167,0.522270679
10879,10.879738,0.477990597,0.489785403,0.522009432
10880,10.880737,0.478151441,0.489860058,0.521848559
10881,10.881738,0.478363514,0.489958465,0.521636486
10882,10.882754,0.478592396,0.49006471,0.521407604
10883,10.883730,0.478754342,0.490139872,0.521245718
10884,10.884729,0.478966385,0.490238249,0.521033585
10885,10.885730,0.479210496,0.490351558,0.520789504
10886,10.886749,0.479406118,0.490442336,0.520593882
10887,10.887737,0.479601532,0.490533054,0.520398498
10888,10.888737,0.479765505,0.490609139,0.520234525
10889,10.889737,0.479992956,0.490714699,0.520007074
10890,10.890736,0.480173141,0.490798324,0.519826829
10891,10.891737,0.480418026,0.49091199,0.519582033
10892,10.892737,0.480629444,0.4910101,0.519370556
10893,10.893737,0.480825335,0.491101027,0.519174695
10894,10.894737,0.481006503,0.491185099,0.518993556
10895,10.895737,0.48120299,0.491276264,0.51879698
10896,10.896804,0.481433988,0.491383463,0.518565953
10897,10.897729,0.48164475,0.491481304,0.518389702
10898,10.898729,0.481841505,0.491572618,0.518158495
10899,10.899730,0.482023984,0.491657317,0.517976046
10900,10.900730,0.482248694,0.491761595,0.517751276
10901,10.901730,0.48243165,0.491846502,0.51756835
10902,10.902730,0.482628286,0.491937757,0.517371714
10903,10.903729,0.482874244,0.492051899,0.517174959
10904,10.904730,0.483058244,0.492137313,0.516941786
10905,10.905731,0.483242214,0.492222697,0.516757786
10906,10.906734,0.483465165,0.49232614,0.516534805
10907,10.907751,0.483675271,0.492423654,0.516324699
10908,10.908728,0.483859569,0.492509186,0.516140401
10909,10.909728,0.484106034,0.492623568,0.515942991
10910,10.910729,0.484303623,0.492715299,0.515696406
10911,10.911729,0.484500796,0.492806792,0.515499175
10912,10.912730,0.484698474,0.492898554,0.515301585
10913,10.913729,0.484907568,0.49299556,0.515092373
10914,10.914730,0.485104799,0.493087113,0.514895201
10915,10.915731,0.485340118,0.493196309,0.514697492
10916,10.916734,0.485538006,0.493288159,0.514461994
10917,10.917803,0.48574692,0.493385136,0.51425308
10918,10.918728,0.485922486,0.493466616,0.514077544
10919,10.919730,0.486142308,0.493568629,0.513857663
10920,10.920730,0.486329257,0.493655384,0.513670743
10921,10.921731,0.486586988,0.49377501,0.513473034
10922,10.922730,0.486784637,0.493866712,0.513215303
10923,10.923732,0.48697269,0.493954003,0.51302731
10924,10.924733,0.487180561,0.494050473,0.512819469
10925,10.925733,0.487378776,0.494142473,0.512621224
10926,10.926737,0.487576634,0.494234294,0.512423396
10927,10.927737,0.487824112,0.494349152,0.512175918
10928,10.928744,0.488013119,0.49443686,0.511986852
10929,10.929733,0.488229662,0.494537354,0.511770308
10930,10.930733,0.488400519,0.494616657,0.511599481
10931,10.931734,0.488608211,0.494713038,0.511391759
10932,10.932733,0.488815218,0.494809121,0.511184812
10933,10.933735,0.489054769,0.494920313,0.510945261
10934,10.934735,0.489253134,0.495012343,0.510746837
10935,10.935751,0.489460111,0.495108426,0.510539889
10936,10.936730,0.489650398,0.49519673,0.510349572
10937,10.937729,0.489841014,0.495285213,0.510159016
10938,10.938811,0.490097612,0.495404303,0.509902418
10939,10.939737,0.490288615,0.495492935,0.509711385
10940,10.940738,0.490494817,0.49558863,0.509505212
10941,10.941738,0.490686625,0.49567765,0.509313405
10942,10.942739,0.490899652,0.495776504,0.509100318
10943,10.943738,0.491105556,0.49587208,0.508894444
10944,10.944738,0.49129048,0.495957911,0.50870955
10945,10.945738,0.491539031,0.496073246,0.508460939
10946,10.946729,0.491744727,0.496168733,0.508255303
10947,10.947730,0.491943389,0.496260911,0.508056581
10948,10.948730,0.492142379,0.496353269,0.507857621
10949,10.949743,0.492341131,0.496445507,0.507658899
10950,10.950731,0.49254033,0.496537954,0.507459641
10951,10.951730,0.492789,0.496653348,0.507266462
10952,10.952732,0.492982447,0.496743143,0.507017553
10953,10.953731,0.49318707,0.496838123,0.50681293
10954,10.954731,0.493380845,0.496928036,0.506619155
10955,10.955731,0.493589908,0.497025073,0.506410122
10956,10.956733,0.493779391,0.497113019,0.506220639
10957,10.957734,0.494033098,0.497230738,0.505966842
10958,10.958735,0.494227618,0.497321039,0.505772412
10959,10.959774,0.494431555,0.497415662,0.505568445
10960,10.960727,0.494630575,0.497508049,0.505369425
10961,10.961728,0.494826049,0.497598767,0.505173981
10962,10.962729,0.495025277,0.497691214,0.504974723
10963,10.963729,0.495278299,0.497808665,0.504775226
10964,10.964729,0.495477438,0.497901082,0.504522562
10965,10.965728,0.495676965,0.497993678,0.504323006
10966,10.966732,0.495872945,0.498084635,0.504127085
10967,10.967732,0.496069163,0.498175681,0.503930807
10968,10.968732,0.496274889,0.498271167,0.503725111
10969,10.969732,0.496524006,0.4983868,0.503525913
10970,10.970745,0.496718138,0.498476893,0.503281832
10971,10.971732,0.496920437,0.49857077,0.503079534
10972,10.972734,0.497124285,0.498665392,0.502875745
10973,10.973734,0.497321308,0.498756796,0.502678633
10974,10.974735,0.497519016,0.498848587,0.502481043
10975,10.975736,0.49777016,0.498965144,0.502281547
10976,10.976738,0.497967869,0.499056876,0.502032101
10977,10.977740,0.498167783,0.49914968,0.501832247
10978,10.978728,0.498368442,0.499242783,0.501631558
10979,10.979728,0.498566866,0.499334872,0.501433134
10980,10.980811,0.498817205,0.499451071,0.501182795
10981,10.981729,0.499016166,0.499543399,0.501033008
10982,10.982730,0.499216169,0.499636233,0.500783861
10983,10.983731,0.499415994,0.499728948,0.500583947
10984,10.984732,0.499614954,0.499821305,0.500385046
10985,10.985732,0.499814659,0.49991399,0.50018537
10986,10.986736,0.500014246,0.500006616,0.499985784
10987,10.987736,0.500263453,0.500122249,0.499736518
10988,10.988737,0.50046283,0.500214815,0.4995372
10989,10.989738,0.500662565,0.5003075,0.499337465
10990,10.990737,0.500863194,0.500400603,0.499136806
10991,10.991748,0.501061201,0.500492513,0.498938829
10992,10.992735,0.50126183,0.500585616,0.49873814
10993,10.993746,0.501510143,0.500700891,0.498489887
10994,10.994735,0.501710892,0.500794053,0.498289108
10995,10.995735,0.501908839,0.500885904,0.498091131
10996,10.996739,0.502110243,0.500979364,0.497889787
10997,10.997727,0.502307892,0.501071095,0.497692108
10998,10.998727,0.502509475,0.501164675,0.497490555
10999,10.999728,0.502758861,0.501280367,0.497291118
11000,11.000729,0.502958298,0.501372933,0.497041702
11001,11.001755,0.503152788,0.501463234,0.496847212
11002,11.002749,0.50335741,0.501558185,0.496642619
11003,11.003737,0.503553987,0.50164938,0.496445984
11004,11.004736,0.503756523,0.501743376,0.496243447
11005,11.005737,0.504002631,0.501857638,0.495997339
11006,11.006727,0.504205108,0.501951575,0.495794863
11007,11.007728,0.504404783,0.502044261,0.495595187
11008,11.008727,0.504597008,0.502133489,0.495402992
11009,11.009728,0.504799783,0.502227545,0.495200157
11010,11.010728,0.505002797,0.50232178,0.494997174
11011,11.011728,0.505248308,0.502435744,0.494793504
11012,11.012815,0.50545162,0.502530098,0.49454841
11013,11.013727,0.505655169,0.502624571,0.494344831
11014,11.014729,0.505845845,0.502713084,0.494154155
11015,11.015728,0.506054282,0.502809823,0.493945748
11016,11.016731,0.506244242,0.502897978,0.493755788
11017,11.017731,0.506498039,0.503015757,0.49355188
11018,11.018730,0.506691873,0.5031057,0.493308097
11019,11.019731,0.50690192,0.503203213,0.49309808
11020,11.020732,0.507090092,0.503290534,0.492909938
11021,11.021731,0.507288933,0.503382802,0.492711067
11022,11.022732,0.507493973,0.503477991,0.492506027
11023,11.023745,0.507736683,0.503590584,0.492263287
11024,11.024733,0.507941723,0.503685772,0.492058307
11025,11.025733,0.508147001,0.503781021,0.491852969
11026,11.026736,0.508346438,0.503873587,0.491653562
11027,11.027736,0.508525431,0.503956676,0.491474539
11028,11.028734,0.508730769,0.504051983,0.491269261
11029,11.029735,0.508986473,0.504170656,0.491070271
11030,11.030735,0.509192407,0.504266202,0.490807593
11031,11.031735,0.509383857,0.504355073,0.490616113
11032,11.032735,0.509575486,0.504444003,0.490424544
11033,11.033875,0.509831309,0.504562736,0.490168691
11034,11.034738,0.5099805,0.504631937,0.49001947
11035,11.035739,0.510228813,0.504747212,0.489771187
11036,11.036731,0.510427237,0.504839301,0.489572734
11037,11.037731,0.510634005,0.504935265,0.489365965
11038,11.038732,0.510816157,0.505019784,0.489183843
11039,11.039733,0.511014402,0.505111814,0.488985598
11040,11.040733,0.511212707,0.505203843,0.488787293
11041,11.041734,0.511478305,0.505327106,0.48858878
11042,11.042733,0.511668026,0.505415142,0.488331944
11043,11.043734,0.511857033,0.50550288,0.488142997
11044,11.044746,0.512055397,0.505594909,0.487944603
11045,11.045734,0.512262881,0.50569123,0.487737119
11046,11.046743,0.512451291,0.50577867,0.487548679
11047,11.047731,0.512699127,0.505893707,0.487340599
11048,11.048732,0.512886822,0.50598079,0.487113178
11049,11.049732,0.513094604,0.50607723,0.486905366
11050,11.050732,0.51329273,0.5061692,0.48670727
11051,11.051733,0.513500929,0.506265819,0.486499071
11052,11.052732,0.513688028,0.506352663,0.486311972
11053,11.053733,0.513935506,0.506467521,0.486103177
11054,11.054733,0.514144003,0.50656426,0.485855997
11055,11.055752,0.514319301,0.50664562,0.485680699
11056,11.056729,0.514516652,0.506737173,0.485483319
11057,11.057731,0.514714241,0.506828904,0.485285729
11058,11.058732,0.514922976,0.506925762,0.485076994
11059,11.059732,0.515181422,0.507045746,0.48486799
11060,11.060733,0.51536715,0.507131934,0.484632879
11061,11.061732,0.515576422,0.50722903,0.484423548
11062,11.062734,0.515761316,0.507314861,0.484238654
11063,11.063734,0.515958726,0.507406473,0.484041274
11064,11.064735,0.516168237,0.507503688,0.483831763
11065,11.065760,0.516389012,0.507606149,0.483610958
11066,11.066746,0.516586125,0.507697642,0.483413875
11067,11.067733,0.516808808,0.507800996,0.483191222
11068,11.068733,0.516979575,0.50788027,0.483020425
11069,11.069733,0.517202735,0.507983804,0.482797235
11070,11.070733,0.51741308,0.508081436,0.48258695
11071,11.071732,0.517645538,0.508189321,0.482403785
11072,11.072732,0.517828584,0.508274257,0.482171386
11073,11.073732,0.518010914,0.508358896,0.481989086
11074,11.074732,0.51822114,0.508456469,0.48177886
11075,11.075733,0.518417776,0.508547723,0.481582224
11076,11.076749,0.518628418,0.508645475,0.481371582
11077,11.077739,0.518859148,0.508752584,0.481189966
11078,11.078739,0.519070327,0.508850574,0.480929673
11079,11.079739,0.519251347,0.508934557,0.480748624
11080,11.080739,0.519447207,0.509025455,0.480552763
11081,11.081737,0.519628108,0.509109437,0.480371892
11082,11.082739,0.519854546,0.50921452,0.480145454
11083,11.083738,0.520099342,0.509328127,0.479964912
11084,11.084739,0.520295382,0.509419084,0.479704589
11085,11.085738,0.520491004,0.509509921,0.479508996
11086,11.086729,0.520670831,0.509593368,0.479329169
11087,11.087752,0.520865858,0.509683847,0.479134113
11088,11.088739,0.52106154,0.509774685,0.47893846
11089,11.089739,0.521288991,0.509880245,0.478726804
11090,11.090726,0.521517336,0.509986222,0.478482634
11091,11.091738,0.521695971,0.510069132,0.478304058
11092,11.092739,0.521890819,0.510159552,0.478109151
11093,11.093739,0.522102892,0.510257959,0.477897078
11094,11.094739,0.522280812,0.510340571,0.477719188
11095,11.095739,0.522541702,0.510461628,0.477524579
11096,11.096730,0.522736371,0.510551989,0.4772636
11097,11.097769,0.522895753,0.510625958,0.477104276
11098,11.098732,0.523107946,0.510724425,0.476892084
11099,11.099731,0.523302615,0.510814786,0.476697415
11100,11.100732,0.523515046,0.510913372,0.476484925
11101,11.101733,0.523758054,0.511026144,0.476290643
11102,11.102733,0.523970962,0.511124969,0.476029038
11103,11.103734,0.524146795,0.511206567,0.475853205
11104,11.104735,0.524340808,0.51129663,0.475659251
11105,11.105735,0.524496496,0.511368871,0.475503534
11106,11.106745,0.524728835,0.511476696,0.475271195
11107,11.107733,0.524990499,0.51159811,0.47507745
11108,11.108753,0.525164723,0.511678994,0.474835366
11109,11.109728,0.525358558,0.511768937,0.474641442
11110,11.110730,0.525551975,0.511858702,0.474448025
11111,11.111730,0.525725663,0.511939347,0.474274367
11112,11.112731,0.525918663,0.512028873,0.474081308
11113,11.113731,0.526180387,0.512150347,0.473867983
11114,11.114731,0.526352823,0.512230396,0.473647177
11115,11.115732,0.526566684,0.512329638,0.473433316
11116,11.116737,0.526717842,0.512399793,0.473282158
11117,11.117737,0.526931643,0.512499034,0.473068386
11118,11.118738,0.527150869,0.512598157,0.472854644
11119,11.119744,0.527364731,0.512700021,0.472635269
11120,11.120733,0.527535558,0.512779295,0.472464442
11121,11.121733,0.527749479,0.512878537,0.472250462
11122,11.122734,0.527919769,0.512957633,0.472080261
11123,11.123734,0.528133512,0.513056815,0.471866518
11124,11.124735,0.528347731,0.513156235,0.47165221
11125,11.125735,0.528565407,0.513257265,0.471460402
11126,11.126728,0.528756976,0.513346136,0.471242994
11127,11.127728,0.528971434,0.513445675,0.471028566
11128,11.128729,0.529162884,0.513534546,0.470837116
11129,11.129842,0.529379427,0.513635039,0.470620573
11130,11.130730,0.529546022,0.513712347,0.470453978
11131,11.131731,0.529785156,0.51382333,0.470262766
11132,11.132731,0.529976189,0.513912022,0.470023811
11133,11.133730,0.530120611,0.513979018,0.469879359
11134,11.134730,0.530358493,0.514089406,0.469641477
11135,11.135730,0.530549228,0.514177918,0.469450742
11136,11.136733,0.530715942,0.514255345,0.469284087
11137,11.137733,0.530978501,0.514377177,0.469045103
11138,11.138732,0.531144559,0.514454246,0.46885547
11139,11.139733,0.531359076,0.514553785,0.468640894
11140,11.140750,0.531500518,0.51461941,0.468499452
11141,11.141739,0.531764388,0.514741898,0.468235612
11142,11.142739,0.531929851,0.514818668,0.468070149
11143,11.143726,0.532142103,0.514918387,0.467855334
11144,11.144739,0.532331645,0.515005171,0.467668384
11145,11.145740,0.532546639,0.515104949,0.467453331
11146,11.146731,0.532736063,0.515192866,0.467263937
11147,11.147730,0.532950997,0.515292585,0.467048973
11148,11.148731,0.533140719,0.515380681,0.466859281
11149,11.149731,0.533325315,0.515466332,0.466721982
11150,11.150845,0.533566236,0.515578151,0.466433734
11151,11.151733,0.533703029,0.51564163,0.466297001
11152,11.152733,0.533917904,0.515741348,0.466082066
11153,11.153733,0.53407979,0.51581645,0.46592018
11154,11.154734,0.534268379,0.515904009,0.465731591
11155,11.155733,0.534503698,0.516013205,0.465516567
11156,11.156736,0.534718633,0.516112983,0.465281367
11157,11.157735,0.534879744,0.516187727,0.465120226
11158,11.158736,0.535094798,0.516287565,0.464905202
11159,11.159736,0.53528291,0.516374826,0.46471706
11160,11.160737,0.535470486,0.516461909,0.464529544
11161,11.161752,0.53570497,0.516570747,0.464295059
11162,11.162727,0.535892367,0.51665771,0.464107662
11163,11.163728,0.536079407,0.516744494,0.463920563
11164,11.164755,0.536238611,0.516818404,0.463761389
11165,11.165730,0.536453724,0.516918242,0.463546306
11166,11.166734,0.536669374,0.517018318,0.463330597
11167,11.167734,0.536845446,0.517100036,0.463201195
11168,11.168735,0.537002921,0.517173111,0.462997079
11169,11.169735,0.5372473,0.517286539,0.462752759
11170,11.170736,0.537404239,0.517359376,0.462595731
11171,11.171737,0.537590206,0.517445683,0.462409794
11172,11.172754,0.537852228,0.51755935,0.462164849
11173,11.173729,0.538038015,0.517653525,0.46203804
11174,11.174730,0.538193822,0.517725825,0.461806178
11175,11.175731,0.538409352,0.517825842,0.461590618
11176,11.176733,0.538564801,0.517897964,0.461435199
11177,11.177735,0.538779974,0.517997861,0.461220026
11178,11.178735,0.538964987,0.518083692,0.461034983
11179,11.179736,0.539166033,0.518177032,0.46088025
11180,11.180737,0.539411902,0.518291116,0.460588098
11181,11.181736,0.539565742,0.518362522,0.460434228
11182,11.182831,0.539750516,0.518448293,0.460249484
11183,11.183732,0.539934754,0.518533766,0.460065246
11184,11.184733,0.540087938,0.518604875,0.459912062
11185,11.185733,0.540317833,0.518711567,0.459665388
11186,11.186736,0.540501475,0.518796802,0.459498554
11187,11.187737,0.540685236,0.518882096,0.459314734
11188,11.188739,0.540900528,0.518981993,0.459099501
11189,11.189728,0.541083813,0.519067049,0.458916187
11190,11.190728,0.541235268,0.519137383,0.458764791
11191,11.191729,0.541496217,0.519237161,0.458549649
11192,11.192730,0.541679144,0.519343376,0.458320886
11193,11.193743,0.541829228,0.519412994,0.458170772
11194,11.194732,0.542044699,0.519513011,0.457955331
11195,11.195731,0.542227089,0.51959765,0.45777294
11196,11.196736,0.542409301,0.519682229,0.457590729
11197,11.197736,0.542604089,0.519772649,0.457408309
11198,11.198736,0.542819142,0.519872427,0.457180887
11199,11.199735,0.542933941,0.519925714,0.457066059
11200,11.200734,0.543182671,0.520041168,0.456817359
11201,11.201735,0.543397903,0.520141065,0.456602126
11202,11.202735,0.543545306,0.520209432,0.456454664
11203,11.203830,0.54373765,0.520298719,0.45626235
11204,11.204729,0.543918729,0.520382762,0.456081271
11205,11.205731,0.544133604,0.520482481,0.455866367
11206,11.206734,0.544348717,0.520582318,0.455651283
11207,11.207734,0.544425368,0.520617902,0.455574632
11208,11.208734,0.544640124,0.520717561,0.455359876
11209,11.209734,0.544865012,0.520821929,0.455145031
11210,11.210733,0.545080245,0.520921826,0.454919785
11211,11.211733,0.545224607,0.520988822,0.454775393
11212,11.212733,0.545404017,0.52107209,0.454595983
11213,11.213734,0.545618713,0.521171689,0.454381257
11214,11.214945,0.545807064,0.521259129,0.454192907
11215,11.215733,0.546022058,0.521358907,0.454022765
11216,11.216737,0.546200812,0.521441877,0.453799218
11217,11.217736,0.546379447,0.521524787,0.453620583
11218,11.218737,0.546557844,0.521607578,0.453442156
11219,11.219737,0.54670012,0.52167362,0.45329991
11220,11.220737,0.546951234,0.521790147,0.453048766
11221,11.221737,0.547100425,0.521859407,0.45294407
11222,11.222737,0.547277987,0.521941781,0.452721983
11223,11.223737,0.547492445,0.522041321,0.452507526
11224,11.224751,0.547632754,0.522106409,0.452367216
11225,11.225751,0.547772944,0.522171497,0.452227056
11226,11.226729,0.548061788,0.522305548,0.451938182
11227,11.227729,0.548207939,0.52233547,0.451873779
11228,11.228728,0.548384488,0.522455335,0.451615572
11229,11.229729,0.548522949,0.522519588,0.451477051
11230,11.230730,0.548775196,0.522636652,0.451224864
11231,11.231729,0.548913121,0.522700667,0.451086879
11232,11.232730,0.549127102,0.522799969,0.450872928
11233,11.233729,0.549346864,0.522881508,0.450697184
11234,11.234731,0.549445748,0.522947848,0.450554281
11235,11.235744,0.549697995,0.523064911,0.450302035
11236,11.236736,0.549834311,0.523128211,0.450165719
11237,11.237738,0.550009072,0.523209274,0.449990928
11238,11.238738,0.550183713,0.523290336,0.449816257
11239,11.239738,0.550441206,0.523409843,0.449641764
11240,11.240740,0.550536811,0.523454189,0.449463189
11241,11.241728,0.550789654,0.523571551,0.449210316
11242,11.242727,0.550924361,0.523634076,0.449075639
11243,11.243729,0.551097989,0.523714662,0.448902041
11244,11.244730,0.551271439,0.523795128,0.448728532
11245,11.245730,0.551528156,0.523914278,0.448471814
11246,11.246750,0.551661372,0.523976147,0.448338658
11247,11.247739,0.55191499,0.524093807,0.44808498
11248,11.248727,0.552006841,0.524136424,0.447993129
11249,11.249740,0.552179396,0.524216533,0.447820634
11250,11.250728,0.552270651,0.524258912,0.447729379
11251,11.251729,0.552567065,0.52441448,0.447394133
11252,11.252728,0.552738905,0.524476171,0.447261065
11253,11.253730,0.552910566,0.524555862,0.447089434
11254,11.254731,0.553123474,0.524654686,0.446876556
11255,11.255731,0.553336322,0.524753451,0.446663648
11256,11.256750,0.55346632,0.524813771,0.44653365
11257,11.257728,0.553680182,0.524873793,0.446404397
11258,11.258730,0.553850889,0.524992287,0.446149111
11259,11.259730,0.554021418,0.525071442,0.445978612
11260,11.260731,0.554191768,0.525150478,0.445808232
11261,11.261731,0.554362237,0.525229573,0.445637733
11262,11.262731,0.554489672,0.525288761,0.445510328
11263,11.263731,0.554701746,0.525367498,0.445340693
11264,11.264731,0.554871142,0.525465786,0.445128888
11265,11.265731,0.555083454,0.525564313,0.444916517
11266,11.266752,0.555209517,0.525622845,0.444790483
11267,11.267748,0.555421412,0.525721192,0.444578588
11268,11.268736,0.55554682,0.525779366,0.44445315
11269,11.269735,0.555800736,0.525897205,0.444154114
11270,11.270735,0.555925548,0.525955141,0.444074452
11271,11.271735,0.556093395,0.526033044,0.443906605
11272,11.272734,0.556261361,0.526111007,0.443738639
11273,11.273735,0.556472778,0.526209116,0.443527222
11274,11.274735,0.556640148,0.526286781,0.443359822
11275,11.275735,0.556760848,0.526342809,0.443280995
11276,11.276739,0.557060897,0.526482046,0.442939103
11277,11.277827,0.557094157,0.526497483,0.442905813
11278,11.278739,0.557304978,0.526595354,0.442695022
11279,11.279728,0.557560742,0.526714027,0.442439258
11280,11.280727,0.557637393,0.526749611,0.442362607
11281,11.281728,0.557844639,0.526826501,0.442196816
11282,11.282728,0.558055282,0.526943564,0.441944748
11283,11.283728,0.558266044,0.527041376,0.441733956
11284,11.284729,0.558295012,0.527054787,0.441704959
11285,11.285727,0.558550835,0.527173519,0.441449136
11286,11.286731,0.558670223,0.527228951,0.441329777
11287,11.287732,0.558921635,0.527326465,0.441119552
11288,11.288752,0.55913192,0.52744323,0.44086808
11289,11.289728,0.559203744,0.527476549,0.440796226
11290,11.290727,0.559367418,0.527552485,0.440632552
11291,11.291728,0.559577584,0.527650058,0.440422416
11292,11.292729,0.559694529,0.527704298,0.440305442
11293,11.293729,0.559898257,0.527801573,0.440095901
11294,11.294729,0.560061097,0.52787447,0.439938962
11295,11.295728,0.560317457,0.527993441,0.439682543
11296,11.296732,0.560433209,0.528047144,0.439566791
11297,11.297732,0.560501158,0.528078675,0.439498812
11298,11.298838,0.560845315,0.528238416,0.439154685
11299,11.299739,0.560959637,0.528291464,0.439175576
11300,11.300727,0.561121166,0.528366446,0.438878834
11301,11.301728,0.561282516,0.52844131,0.438717484
11302,11.302729,0.561395764,0.528493881,0.438604236
11303,11.303729,0.561556756,0.528568566,0.438443244
11304,11.304730,0.561765254,0.528665364,0.438234746
11305,11.305730,0.561965704,0.528717399,0.438122571
11306,11.306734,0.562029123,0.528787792,0.437970847
11307,11.307734,0.562237442,0.52888447,0.437762558
11308,11.308735,0.562396824,0.52895844,0.437603116
11309,11.309742,0.562556148,0.529032409,0.437443882
11310,11.310731,0.562715232,0.529106259,0.437284768
11311,11.311731,0.562963009,0.52918005,0.437125683
11312,11.312732,0.563121617,0.529294848,0.436878383
11313,11.313732,0.563181639,0.529322684,0.436818361
11314,11.314733,0.563388824,0.529418826,0.436611176
11315,11.315733,0.563546956,0.529492259,0.436453044
11316,11.316737,0.563753843,0.529588223,0.436246097
11317,11.317738,0.563901067,0.529656589,0.436038494
11318,11.318738,0.564108253,0.529752731,0.435891718
11319,11.319829,0.564265192,0.529825568,0.435734808
11320,11.320730,0.564371765,0.52987504,0.435628265
11321,11.321731,0.564578295,0.529970884,0.435421675
11322,11.322731,0.56468451,0.530020177,0.43531552
11323,11.323731,0.564879298,0.530092478,0.435159683
11324,11.324731,0.564984322,0.530159354,0.435015708
11325,11.325753,0.565139532,0.530231357,0.434860498
11326,11.326732,0.565396428,0.530350566,0.434603542
11327,11.327732,0.565602541,0.530446231,0.434397459
11328,11.328733,0.565603912,0.530446887,0.434396088
11329,11.329731,0.565950632,0.530542195,0.434190661
11330,11.330747,0.566053391,0.530655503,0.433946639
11331,11.331735,0.56610465,0.530679286,0.43389535
11332,11.332735,0.566309512,0.530774355,0.433690518
11333,11.333735,0.566463113,0.530845642,0.433536887
11334,11.334734,0.566616118,0.530916631,0.433383852
11335,11.335736,0.566859305,0.53101176,0.433178961
11336,11.336738,0.567064166,0.531124592,0.432935834
11337,11.337738,0.567112029,0.531146765,0.432887942
11338,11.338738,0.567316711,0.531241775,0.432683229
11339,11.339737,0.567416131,0.531287909,0.432583869
11340,11.340839,0.567658186,0.531400263,0.432341814
11341,11.341740,0.567756712,0.53144598,0.432281077
11342,11.342729,0.567855239,0.531491697,0.432144731
11343,11.343728,0.568058848,0.53158623,0.431941181
11344,11.344728,0.568156242,0.53163141,0.431843817
11345,11.345728,0.568466067,0.531775236,0.431533962
11346,11.346731,0.568562746,0.531820059,0.431437224
11347,11.347731,0.568696678,0.531889796,0.43128708
11348,11.348730,0.568846047,0.531951547,0.431153923
11349,11.349731,0.568995535,0.532020926,0.431004465
11350,11.350731,0.569198251,0.532114983,0.430801719
11351,11.351749,0.569401026,0.532209098,0.430598944
11352,11.352737,0.569441736,0.532228053,0.430558294
11353,11.353736,0.569735169,0.53236419,0.430355996
11354,11.354738,0.569720447,0.532357395,0.430279583
11355,11.355737,0.569976687,0.532476306,0.430023372
11356,11.356729,0.570069492,0.532519341,0.429930449
11357,11.357728,0.570271492,0.532613099,0.429728508
11358,11.358730,0.570418417,0.532681286,0.429581583
11359,11.359729,0.570656717,0.532749355,0.429434955
11360,11.360729,0.570692956,0.532808721,0.429307044
11361,11.361755,0.570894063,0.532902062,0.429105937
11362,11.362737,0.5709849,0.532944202,0.42901513
11363,11.363737,0.571130097,0.533011615,0.428869933
11364,11.364738,0.571275532,0.533079088,0.428724468
11365,11.365739,0.571401,0.533137321,0.428579628
11366,11.366731,0.571601152,0.533230186,0.428398848
11367,11.367731,0.571857274,0.533349097,0.428142726
11368,11.368732,0.5718894,0.533363938,0.42811054
11369,11.369733,0.572033465,0.533430815,0.427966505
11370,11.370733,0.572233319,0.533523619,0.427766711
11371,11.371733,0.572412431,0.533616245,0.427567065
11372,11.372750,0.572498977,0.533646882,0.427501023
11373,11.373738,0.572698474,0.533739507,0.427301556
11374,11.374739,0.572784185,0.533779263,0.427215815
11375,11.375728,0.572926283,0.533845186,0.427073717
11376,11.376748,0.573068142,0.533911049,0.426931888
11377,11.377736,0.57330215,0.533976853,0.426790059
11378,11.378737,0.573329568,0.534032345,0.426670432
11379,11.379738,0.573584735,0.534150779,0.426415265
11380,11.380739,0.573668182,0.534189522,0.426331848
11381,11.381727,0.573866308,0.534281492,0.426133722
11382,11.382727,0.573891521,0.534293175,0.426108509
11383,11.383754,0.574181557,0.534427762,0.425795704
11384,11.384729,0.57432121,0.534492612,0.425678819
11385,11.385730,0.574344993,0.534503639,0.425655007
11386,11.386733,0.574599862,0.534621894,0.425400108
11387,11.387734,0.574680448,0.534659326,0.425319523
11388,11.388735,0.574877143,0.534750581,0.425122857
11389,11.389735,0.575108528,0.534787774,0.425042629
11390,11.390736,0.575012982,0.534813643,0.424987018
11391,11.391737,0.575384498,0.534986079,0.424615502
11392,11.392737,0.575463235,0.535022616,0.424536765
11393,11.393763,0.575541377,0.535058856,0.424458563
11394,11.394727,0.575678408,0.535122454,0.424321592
11395,11.395727,0.575848699,0.535185695,0.424185395
11396,11.396730,0.575926006,0.535237372,0.424073994
11397,11.397730,0.57618016,0.53535533,0.42381984
11398,11.398730,0.576315761,0.535418272,0.423684239
11399,11.399730,0.576510608,0.535508692,0.423489362
11400,11.400729,0.576526523,0.535516083,0.423473477
11401,11.401730,0.57675457,0.535578668,0.423338562
11402,11.402730,0.576889217,0.535684407,0.423110753
11403,11.403730,0.577023327,0.535746634,0.422976643
11404,11.404757,0.577037275,0.535753131,0.422962785
11405,11.405732,0.577230871,0.535842955,0.422769129
11406,11.406736,0.577424288,0.53593272,0.422575712
11407,11.407737,0.577530205,0.535966456,0.422503084
11408,11.408738,0.577662647,0.536043346,0.422337323
11409,11.409737,0.577734411,0.536076665,0.422265589
11410,11.410738,0.577866554,0.536137998,0.422133476
11411,11.411737,0.578119457,0.53625536,0.421880543
11412,11.412738,0.57812953,0.536260068,0.4218705
11413,11.413737,0.578415155,0.536405742,0.421556532
11414,11.414738,0.578607202,0.536481738,0.421392798
11415,11.415747,0.578676581,0.536513925,0.421323448
11416,11.416737,0.578807056,0.536574483,0.421192944
11417,11.417738,0.578875601,0.536606312,0.421124429
11418,11.418738,0.579066753,0.536695004,0.420933247
11419,11.419738,0.579228461,0.536755025,0.420803905
11420,11.420739,0.579295695,0.536801279,0.420704335
11421,11.421738,0.57942456,0.536861062,0.42057541
11422,11.422739,0.579552889,0.536920607,0.420447111
11423,11.423738,0.57968092,0.536980033,0.42031908
11424,11.424739,0.579808712,0.53703934,0.420191288
11425,11.425764,0.58003056,0.537142277,0.41996938
11426,11.426734,0.580157578,0.537201285,0.419842452
11427,11.427734,0.580284715,0.537260294,0.419715315
11428,11.428902,0.580505729,0.537362814,0.419494271
11429,11.429727,0.580537558,0.537377596,0.419462413
11430,11.430729,0.580663621,0.537436128,0.419336379
11431,11.431729,0.580757797,0.537465274,0.419273555
11432,11.432730,0.580946267,0.537567258,0.419053674
11433,11.433730,0.581008315,0.537596107,0.418991715
11434,11.434730,0.58119601,0.537683189,0.41880396
11435,11.435730,0.581257224,0.53771162,0.418742806
11436,11.436753,0.581444919,0.537798703,0.418555081
11437,11.437729,0.581536233,0.537797332,0.418558151
11438,11.438728,0.581723154,0.537927866,0.418276876
11439,11.439730,0.581846237,0.537984967,0.418153703
11440,11.440731,0.581969142,0.538042009,0.418030858
11441,11.441731,0.582155943,0.538128734,0.417844087
11442,11.442732,0.582086384,0.538096428,0.417913616
11443,11.443733,0.58230269,0.538182676,0.417727858
11444,11.444733,0.582424104,0.538253129,0.417575866
11445,11.445734,0.582481086,0.538279593,0.417518914
11446,11.446738,0.582730532,0.538395345,0.417269468
11447,11.447744,0.582916021,0.538481474,0.417084008
11448,11.448732,0.582971811,0.538507342,0.417028219
11449,11.449733,0.583121777,0.538533032,0.416972816
11450,11.450734,0.583176732,0.538602471,0.416823328
11451,11.451734,0.58336091,0.538687944,0.416639119
11452,11.452735,0.583480179,0.538743317,0.41651985
11453,11.453736,0.583533823,0.538768172,0.416466147
11454,11.454736,0.583717287,0.538853347,0.416282713
11455,11.455737,0.583864927,0.538877845,0.416229814
11456,11.456728,0.583982944,0.53897661,0.416017085
11457,11.457768,0.584034741,0.53900063,0.415965229
11458,11.458732,0.584151983,0.539055049,0.415848017
11459,11.459734,0.584334314,0.539139688,0.415665686
11460,11.460733,0.584516644,0.539224327,0.415483356
11461,11.461732,0.58446449,0.539186597,0.415564507
11462,11.462732,0.584711909,0.539314926,0.415288091
11463,11.463732,0.584827602,0.539368629,0.415172368
11464,11.464732,0.584876716,0.539391398,0.415123284
11465,11.465732,0.584991395,0.539444625,0.415008575
11466,11.466734,0.585172355,0.539528608,0.414827585
11467,11.467735,0.585315168,0.539581656,0.414713413
11468,11.468800,0.585429072,0.539647818,0.414570987
11469,11.469738,0.585609198,0.539731383,0.414390802
11470,11.470739,0.585655749,0.53975296,0.414344221
11471,11.471739,0.585702181,0.539774537,0.414297819
11472,11.472739,0.585814714,0.539826751,0.414185345
11473,11.473738,0.586021662,0.53990984,0.414006203
11474,11.474739,0.586133718,0.539974809,0.413866282
11475,11.475739,0.586178184,0.539995432,0.413821816
11476,11.476730,0.586356461,0.540078163,0.413643479
11477,11.477730,0.586467385,0.540129662,0.413532585
11478,11.478730,0.586510897,0.540149868,0.413489133
11479,11.479747,0.58658123,0.540182471,0.413311422
11480,11.480735,0.586826026,0.540296078,0.413173974
11481,11.481735,0.586867869,0.540315509,0.413132131
11482,11.482734,0.586909652,0.54033494,0.413090378
11483,11.483753,0.587153912,0.540448308,0.412846118
11484,11.484728,0.587194562,0.540467143,0.412805438
11485,11.485728,0.587370753,0.540548921,0.412629277
11486,11.486732,0.58743763,0.540579915,0.41256237
11487,11.487731,0.587613523,0.540661573,0.412386507
11488,11.488732,0.587720513,0.540711224,0.412279487
11489,11.489795,0.587759316,0.540729225,0.412240654
11490,11.490737,0.58786577,0.540778637,0.41213423
11491,11.491738,0.588135719,0.54082793,0.412028015
11492,11.492737,0.588104248,0.540889323,0.411895752
11493,11.493738,0.588278592,0.540970206,0.411721379
11494,11.494738,0.588383853,0.541019082,0.411616176
11495,11.495739,0.588488698,0.541067719,0.411511302
11496,11.496729,0.588593245,0.541116238,0.411406755
11497,11.497730,0.588654459,0.541164756,0.411302298
11498,11.498730,0.58882755,0.541225016,0.41117245
11499,11.499731,0.588930964,0.541272998,0.411068976
11500,11.500801,0.58896488,0.541288733,0.41103512
11501,11.501729,0.589137018,0.541368604,0.410862952
11502,11.502731,0.589170218,0.541384041,0.410829723
11503,11.503731,0.589367449,0.541463733,0.410658091
11504,11.504732,0.589469314,0.541522861,0.410530746
11505,11.505732,0.589501023,0.541537583,0.410498977
11506,11.506734,0.589602053,0.541584492,0.410398006
11507,11.507736,0.589772642,0.541663647,0.410227418
11508,11.508737,0.589803278,0.541677833,0.410196722
11509,11.509737,0.589998305,0.541789293,0.409956574
11510,11.510738,0.590027988,0.541782141,0.409972012
11511,11.511749,0.590197504,0.541860819,0.409802526
11512,11.512738,0.590296447,0.541906714,0.409703553
11513,11.513738,0.590395331,0.54195261,0.409604669
11514,11.514728,0.590564311,0.54203105,0.409435719
11515,11.515727,0.590591788,0.542043805,0.409408242
11516,11.516732,0.590643227,0.542067647,0.409356773
11517,11.517732,0.590953052,0.542211473,0.409046978
11518,11.518733,0.590837538,0.542157829,0.409162462
11519,11.519733,0.590934098,0.542202652,0.409065872
11520,11.520732,0.59110117,0.542280197,0.40889883
11521,11.521772,0.591150165,0.542302966,0.408849835
11522,11.522737,0.5913167,0.542380214,0.40868333
11523,11.523738,0.591340721,0.54239136,0.408659279
11524,11.524738,0.591506898,0.542468488,0.408493102
11525,11.525739,0.591530144,0.542479277,0.408469856
11526,11.526728,0.5916242,0.542522907,0.40837577
11527,11.527728,0.591861069,0.542632878,0.408138901
11528,11.528729,0.591834903,0.542620718,0.408165067
11529,11.529728,0.591999531,0.542697132,0.408000469
11530,11.530729,0.592092335,0.542740226,0.407907724
11531,11.531729,0.592184663,0.542783022,0.407815307
11532,11.532744,0.592205167,0.542792559,0.407794863
11533,11.533732,0.59229672,0.542835057,0.407703251
11534,11.534731,0.592482865,0.542921424,0.407517105
11535,11.535732,0.592573881,0.542963684,0.407426119
11536,11.536735,0.592592359,0.542972267,0.407407641
11537,11.537735,0.592754722,0.543047607,0.407245278
11538,11.538735,0.592772365,0.543055773,0.407227606
11539,11.539733,0.59281224,0.543130994,0.40706557
11540,11.540735,0.59304595,0.543182731,0.40695399
11541,11.541735,0.593062282,0.54319036,0.406937689
11542,11.542761,0.593150735,0.543231368,0.406849205
11543,11.543753,0.59323895,0.543272376,0.40676105
11544,11.544727,0.593254149,0.543279409,0.406745911
11545,11.545728,0.593341351,0.543319881,0.406658649
11546,11.546731,0.593595684,0.543437898,0.406404346
11547,11.547732,0.593682349,0.543478131,0.406317681
11548,11.548732,0.593768775,0.543518245,0.406231195
11549,11.549731,0.593781769,0.543524265,0.406218261
11550,11.550731,0.594013631,0.543631852,0.405986339
11551,11.551731,0.59404701,0.543637514,0.405974239
11552,11.552731,0.594058633,0.543652773,0.405941367
11553,11.553770,0.594143033,0.543691933,0.405856907
11554,11.554727,0.594300508,0.543765008,0.405699462
11555,11.555728,0.594458103,0.543838143,0.405541897
11556,11.556731,0.594394386,0.543808579,0.405605555
11557,11.557731,0.594551146,0.543881357,0.405448884
11558,11.558730,0.594580829,0.543895125,0.405419171
11559,11.559731,0.594736993,0.543967605,0.405263007
11560,11.560731,0.594745219,0.543971419,0.405254811
11561,11.561732,0.594753087,0.543975055,0.405246913
11562,11.562733,0.594834149,0.544012666,0.405165792
11563,11.563732,0.595083058,0.544084549,0.405010998
11564,11.564808,0.595163703,0.544165611,0.404836237
11565,11.565734,0.595169783,0.544168472,0.404830247
11566,11.566738,0.595397949,0.54427433,0.404602021
11567,11.567739,0.595477521,0.544311285,0.404522508
11568,11.568727,0.59548223,0.544313431,0.40451777
11569,11.569739,0.595432043,0.544315577,0.40451327
11570,11.570728,0.595510125,0.544326425,0.404489875
11571,11.571728,0.595662534,0.544397116,0.404337436
11572,11.572728,0.595665693,0.544398606,0.404334337
11573,11.573729,0.595966637,0.54453826,0.404033363
11574,11.574730,0.595968902,0.544539332,0.404031098
11575,11.575747,0.595989823,0.544574857,0.403954566
11576,11.576738,0.596140623,0.544619024,0.403859347
11577,11.577739,0.596141517,0.544619441,0.403858483
11578,11.578727,0.59629178,0.544689178,0.40370822
11579,11.579740,0.596366942,0.544724047,0.403633058
11580,11.580728,0.596441627,0.544758737,0.403558403
11581,11.581729,0.596515894,0.544793189,0.403484046
11582,11.582729,0.596533239,0.544801235,0.403466761
11583,11.583729,0.596681952,0.544870257,0.403318048
11584,11.584730,0.596679807,0.544869244,0.403320193
11585,11.585796,0.596752703,0.5449031,0.403247297
11586,11.586726,0.596976042,0.545006752,0.403023958
11587,11.587728,0.596897125,0.544970095,0.403102875
11588,11.588729,0.59706223,0.545046747,0.40293777
11589,11.589729,0.596982479,0.545009732,0.403017521
11590,11.590730,0.597204566,0.545112789,0.402795434
11591,11.591728,0.597275198,0.545145571,0.402724802
11592,11.592728,0.597421229,0.545213342,0.402578771
11593,11.593729,0.597415268,0.5452106,0.402584761
11594,11.594729,0.597578228,0.545286238,0.402421802
11595,11.595729,0.597571254,0.54528296,0.402428746
11596,11.596748,0.597716093,0.545350194,0.402283937
11597,11.597735,0.597708285,0.545346558,0.402291715
11598,11.598737,0.597624183,0.545307517,0.402375817
11599,11.599736,0.597784579,0.545374155,0.402232289
11600,11.600737,0.597851872,0.545413196,0.402148157
11601,11.601736,0.597994804,0.545479536,0.402005166
11602,11.602744,0.59798491,0.545474946,0.402015001
11603,11.603731,0.598051012,0.545505643,0.401948988
11604,11.604732,0.598269641,0.54560709,0.401730388
11605,11.605732,0.598105729,0.545531034,0.401894271
11606,11.606760,0.598416388,0.545675218,0.401583612
11607,11.607744,0.598404288,0.545669556,0.401595682
11608,11.608732,0.598391831,0.545663774,0.401608139
11609,11.609731,0.598532379,0.545729041,0.401467621
11610,11.610732,0.598519146,0.545722902,0.401480854
11611,11.611731,0.598658919,0.545787811,0.40134114
11612,11.612732,0.598660469,0.545788467,0.401339531
11613,11.613731,0.598722696,0.545817375,0.401277333
11614,11.614731,0.598784566,0.545846045,0.401215404
11615,11.615730,0.598923147,0.545910358,0.401076823
11616,11.616734,0.598907351,0.545903087,0.401092708
11617,11.617879,0.599060237,0.545974016,0.400939733
11618,11.618730,0.599043489,0.545966268,0.400956511
11619,11.619731,0.59910351,0.545994103,0.40089646
11620,11.620729,0.59931767,0.546093464,0.4006823
11621,11.621730,0.599145114,0.546013415,0.400854856
11622,11.622730,0.599436045,0.546148419,0.400563985
11623,11.623730,0.599339843,0.546103776,0.400660157
11624,11.624730,0.599412262,0.546137393,0.400587708
11625,11.625730,0.599470139,0.546164274,0.400529921
11626,11.626733,0.599604905,0.546226799,0.400395095
11627,11.627734,0.599506915,0.546181321,0.400493115
11628,11.628744,0.599718451,0.54627949,0.400281608
11629,11.629733,0.599774837,0.546305656,0.400225163
11630,11.630732,0.59976691,0.546301961,0.40023309
11631,11.631734,0.599900007,0.546363711,0.400099933
11632,11.632734,0.599955022,0.546389282,0.400044948
11633,11.633735,0.600009739,0.546414673,0.39999029
11634,11.634735,0.599986255,0.546403766,0.400013745
11635,11.635735,0.600118041,0.54646492,0.399881929
11636,11.636739,0.600263119,0.546532273,0.399736911
11637,11.637728,0.600238144,0.54652071,0.399761915
11638,11.638792,0.600290835,0.546545148,0.399709165
11639,11.639729,0.600343287,0.546569467,0.399656683
11640,11.640732,0.600395322,0.546593606,0.399604678
11641,11.641732,0.600290656,0.546545029,0.399709284
11642,11.642733,0.600510955,0.54664731,0.399489045
11643,11.643733,0.600483537,0.546634555,0.399516463
11644,11.644734,0.600690663,0.546730697,0.399309367
11645,11.645734,0.600583971,0.546681166,0.39941597
11646,11.646738,0.60079056,0.54677707,0.39920947
11647,11.647739,0.600773633,0.546618223,0.39955157
11648,11.648726,0.600901067,0.54682833,0.399111211
11649,11.649747,0.600870967,0.546814382,0.399129063
11650,11.650735,0.600919127,0.546836734,0.399080843
11651,11.651736,0.600888312,0.546822429,0.399111688
11652,11.652737,0.601014197,0.546880841,0.398985773
11653,11.653738,0.601061165,0.546902657,0.398938835
11654,11.654738,0.60104084,0.546893239,0.39895916
11655,11.655738,0.601165712,0.546951175,0.398834288
11656,11.656728,0.601211488,0.546972394,0.398788512
11657,11.657728,0.601256907,0.546993494,0.398743093
11658,11.658727,0.601223111,0.546977818,0.398776919
11659,11.659729,0.601357698,0.547040284,0.398653448
11660,11.660920,0.601244211,0.546987593,0.398755759
11661,11.661732,0.601445794,0.547081172,0.398554236
11662,11.662733,0.60141027,0.547064662,0.39858976
11663,11.663733,0.60153228,0.547121286,0.39846772
11664,11.664733,0.601417184,0.547067881,0.398582816
11665,11.665733,0.601617455,0.547160864,0.398382574
11666,11.666736,0.601669788,0.547185123,0.398330212
11667,11.667736,0.601711273,0.547204375,0.398288727
11668,11.668737,0.6017524,0.547223449,0.3982476
11669,11.669736,0.60179323,0.547242403,0.3982068
11670,11.670848,0.601843596,0.547265768,0.398156404
11671,11.671736,0.601794243,0.54724288,0.398205787
11672,11.672737,0.602002442,0.547339499,0.397997558
11673,11.673737,0.601882756,0.547283947,0.398117244
11674,11.674736,0.601921558,0.547301948,0.398078442
11675,11.675736,0.601959884,0.54731977,0.398040116
11676,11.676728,0.601997972,0.547337413,0.398002058
11677,11.677726,0.602115035,0.547391772,0.397885025
11678,11.678728,0.602161527,0.547413349,0.397927254
11679,11.679728,0.602198303,0.547430396,0.397801697
11680,11.680728,0.602155149,0.547410369,0.397844881
11681,11.681750,0.602270782,0.547464013,0.397729218
11682,11.682738,0.602306485,0.547480583,0.397693485
11683,11.683737,0.602341771,0.547496974,0.397658229
11684,11.684738,0.602305651,0.547480226,0.397694349
11685,11.685739,0.60226053,0.547459245,0.39773944
11686,11.686730,0.602453887,0.547549009,0.397546083
11687,11.687729,0.602407813,0.547527671,0.397592217
11688,11.688730,0.602520883,0.547580123,0.397479147
11689,11.689730,0.602553785,0.547595382,0.397446215
11690,11.690730,0.602594435,0.547614217,0.397493452
11691,11.691769,0.602546632,0.547592044,0.397453368
11692,11.692738,0.602578342,0.547606766,0.397421658
11693,11.693738,0.602609634,0.54762131,0.397390366
11694,11.694740,0.602640569,0.547635674,0.397359431
11695,11.695728,0.602671146,0.54764986,0.397328854
11696,11.696732,0.602788806,0.547704458,0.397211194
11697,11.697732,0.6027385,0.547681093,0.3972615
11698,11.698733,0.602847874,0.547731876,0.397152156
11699,11.699733,0.602876782,0.547745287,0.397123218
11700,11.700734,0.602905452,0.547758579,0.397094548
11701,11.701735,0.602933645,0.547771692,0.397066385
11702,11.702748,0.602968276,0.547787726,0.397031724
11703,11.703736,0.602995574,0.547800422,0.397004426
11704,11.704737,0.603022575,0.547812939,0.396977395
11705,11.705737,0.603129506,0.547862589,0.396870524
11706,11.706728,0.602915049,0.54776299,0.397084892
11707,11.707729,0.603181601,0.547886729,0.396818399
11708,11.708730,0.602972627,0.547789752,0.397027373
11709,11.709731,0.602997541,0.547801316,0.397002459
11710,11.710731,0.603102207,0.547849894,0.396897793
11711,11.711730,0.603046238,0.547823906,0.396953732
11712,11.712865,0.603156149,0.547874928,0.396843821
11713,11.713735,0.60325402,0.547920346,0.39674595
11714,11.714736,0.603122234,0.547859192,0.396877766
11715,11.715736,0.603225112,0.547906935,0.396774948
11716,11.716728,0.603247285,0.547917247,0.396752715
11717,11.717728,0.6032691,0.54792738,0.39673093
11718,11.718729,0.603532195,0.54804945,0.396467805
11719,11.719729,0.603311539,0.547947049,0.396688461
11720,11.720729,0.603417873,0.547996402,0.396587282
11721,11.721730,0.603357494,0.547968388,0.396642506
11722,11.722730,0.603538513,0.548052371,0.396461487
11723,11.723743,0.603477418,0.548024058,0.396522641
11724,11.724731,0.603415847,0.547995448,0.396584153
11725,11.725730,0.603595853,0.548079014,0.396404177
11726,11.726734,0.603457391,0.54801476,0.396542668
11727,11.727735,0.603555799,0.548060417,0.396444201
11728,11.728734,0.603492618,0.548031092,0.396507382
11729,11.729735,0.603671014,0.548113883,0.396328986
11730,11.730734,0.603526294,0.548046708,0.396473646
11731,11.731734,0.60346216,0.548016965,0.39653784
11732,11.732734,0.603643179,0.548100948,0.396356821
11733,11.733734,0.603577912,0.548070669,0.396422088
11734,11.734748,0.603673577,0.548115075,0.396326423
11735,11.735737,0.603607595,0.548084438,0.396392405
11736,11.736739,0.60362196,0.548091114,0.39637804
11737,11.737740,0.603635728,0.548097491,0.396364212
11738,11.738727,0.603733361,0.548142791,0.396269947
11739,11.739726,0.603746414,0.54814887,0.396253556
11740,11.740728,0.60375911,0.548154771,0.39624089
11741,11.741728,0.603771329,0.548160434,0.396228671
11742,11.742728,0.603702486,0.548128486,0.396297485
11743,11.743728,0.603714108,0.54813391,0.396285921
11744,11.744772,0.603808761,0.548177838,0.396191299
11745,11.745733,0.60381937,0.548182726,0.39618063
11746,11.746738,0.603829682,0.548187494,0.396170288
11747,11.747738,0.603839636,0.548192143,0.396160424
11748,11.748738,0.603849113,0.548196554,0.396150917
11749,11.749738,0.603858173,0.548200727,0.396141797
11750,11.750737,0.60386914,0.548205853,0.39613086
11751,11.751737,0.603796542,0.548172116,0.396203458
11752,11.752738,0.603804469,0.548175812,0.396195531
11753,11.753738,0.603892803,0.54821682,0.396107227
11754,11.754738,0.603980899,0.548257709,0.396019071
11755,11.755751,0.603989244,0.548260808,0.396012306
11756,11.756729,0.603995562,0.548264503,0.396167815
11757,11.757730,0.603920519,0.548229694,0.39607951
11758,11.758730,0.603925943,0.548232198,0.396074057
11759,11.759730,0.603931069,0.548234582,0.396068931
11760,11.760731,0.603935838,0.548236787,0.396064192
11761,11.761731,0.603859305,0.548201263,0.396140724
11762,11.762732,0.603783369,0.548166037,0.396136701
11763,11.763732,0.60386765,0.548205137,0.39613238
11764,11.764732,0.603951573,0.548244119,0.396048427
11765,11.765846,0.603954971,0.548245668,0.396126539
11766,11.766727,0.603956699,0.548246503,0.39604333
11767,11.767728,0.603877723,0.548209786,0.396122247
11768,11.768728,0.604041576,0.548285842,0.396120667
11769,11.769729,0.603880763,0.548211217,0.396119237
11770,11.770755,0.603881478,0.548211575,0.396118551
11771,11.771746,0.60396266,0.548249245,0.39603734
11772,11.772735,0.603962541,0.548249185,0.3960374
11773,11.773735,0.603962123,0.548249006,0.396037877
11774,11.774735,0.603880227,0.548210979,0.396119773
11775,11.775736,0.603959799,0.548247933,0.396040231
11776,11.776825,0.60395813,0.548247159,0.3960419
11777,11.777738,0.603955984,0.548246145,0.396043986
11778,11.778739,0.603872716,0.548207521,0.396127313
11779,11.779738,0.603869796,0.548206091,0.396130145
11780,11.780728,0.603946686,0.548241854,0.396133423
11781,11.781728,0.603942931,0.548240066,0.396057039
11782,11.782727,0.603938937,0.548238218,0.396061093
11783,11.783729,0.603853524,0.548198581,0.396146476
11784,11.784730,0.604010582,0.548271477,0.395989418
11785,11.785730,0.603924394,0.548231483,0.396075606
11786,11.786734,0.603917301,0.548228204,0.396162122
11787,11.787743,0.603830278,0.548187792,0.396169692
11788,11.788731,0.603823841,0.548184812,0.396176159
11789,11.789730,0.603897929,0.548219204,0.396102101
11790,11.790730,0.603890657,0.548215806,0.396109343
11791,11.791730,0.603802145,0.548174739,0.396197826
11792,11.792729,0.603873014,0.548207641,0.396205842
11793,11.793730,0.603864491,0.548203647,0.396135479
11794,11.794730,0.603774846,0.548162103,0.396225184
11795,11.795730,0.603846312,0.548195243,0.396153688
11796,11.796733,0.603755951,0.548153281,0.396244049
11797,11.797758,0.603824139,0.548186123,0.396173298
11798,11.798749,0.603813648,0.548180103,0.396186382
11799,11.799737,0.603722036,0.548137546,0.396277964
11800,11.800737,0.603630066,0.548094869,0.396369874
11801,11.801737,0.603779912,0.548164427,0.396220088
11802,11.802737,0.603767872,0.548158824,0.396232128
11803,11.803736,0.60367471,0.548115611,0.39632529
11804,11.804736,0.60373944,0.548145652,0.39626056
11805,11.805737,0.603645444,0.548102021,0.396354556
11806,11.806726,0.603631854,0.548095703,0.396368146
11807,11.807728,0.603537202,0.548051775,0.396462768
11808,11.808806,0.603680372,0.548118234,0.396315873
11809,11.809732,0.603669345,0.548113108,0.396330684
11810,11.810732,0.603569508,0.548066735,0.396426558
11811,11.811732,0.603634596,0.548097014,0.396365464
11812,11.812732,0.603537858,0.548052073,0.396462113
11813,11.813732,0.603602052,0.548081875,0.396397918
11814,11.814732,0.603585303,0.548074126,0.396414697
11815,11.815732,0.603568137,0.548066139,0.396431863
11816,11.816735,0.603546083,0.548055887,0.396529973
11817,11.817734,0.603447556,0.54801017,0.396552444
11818,11.818735,0.603429079,0.548001587,0.396570921
11819,11.819745,0.603410304,0.547992885,0.396589667
11820,11.820732,0.603391171,0.547984004,0.396608829
11821,11.821732,0.603452086,0.548012257,0.396547884
11822,11.822733,0.603507757,0.548038125,0.396648347
11823,11.823761,0.603487372,0.548028648,0.396512687
11824,11.824736,0.603305519,0.547944248,0.396694511
11825,11.825738,0.603284299,0.547934413,0.396715701
11826,11.826728,0.603423655,0.547999084,0.396576315
11827,11.827730,0.603240848,0.547914267,0.396759182
11828,11.828730,0.603212893,0.547901273,0.396781445
11829,11.829756,0.603109777,0.54785341,0.396890223
11830,11.830747,0.603408337,0.547991991,0.396591663
11831,11.831735,0.603223681,0.54790628,0.396776319
11832,11.832736,0.603119373,0.547857881,0.396880627
11833,11.833737,0.603095114,0.547846615,0.396904916
11834,11.834737,0.603064179,0.547832251,0.396935821
11835,11.835738,0.603039026,0.547820568,0.396960944
11836,11.836729,0.603013515,0.547808707,0.396986455
11837,11.837730,0.602987587,0.547796726,0.397012413
11838,11.838730,0.602881312,0.547747374,0.397118717
11839,11.839731,0.602934599,0.54777211,0.397065371
11840,11.840794,0.602900803,0.547756433,0.397099227
11841,11.841732,0.602953255,0.547780752,0.397046715
11842,11.842733,0.60292536,0.547767818,0.39707461
11843,11.843733,0.602896988,0.547754645,0.397102952
11844,11.844735,0.602788329,0.54770422,0.397211671
11845,11.845734,0.602679312,0.547653615,0.397320658
11846,11.846738,0.602802455,0.547710776,0.397197574
11847,11.847739,0.602852583,0.547734022,0.397147387
11848,11.848728,0.602742136,0.547682762,0.397257835
11849,11.849727,0.602472126,0.547557473,0.397527874
11850,11.850729,0.602680445,0.547654152,0.397319555
11851,11.851754,0.602641106,0.54756552,0.397510588
11852,11.852730,0.602609217,0.547621071,0.397462666
11853,11.853729,0.602497041,0.547569036,0.397502929
11854,11.854728,0.602544248,0.547590971,0.397455752
11855,11.855729,0.602431476,0.547538638,0.397568583
11856,11.856732,0.602477908,0.547560155,0.397522122
11857,11.857732,0.602364302,0.547507405,0.397635698
11858,11.858732,0.602401197,0.547524571,0.39759022
11859,11.859731,0.602207303,0.547434568,0.397792697
11860,11.860733,0.602331519,0.547492206,0.397668451
11861,11.861772,0.602296114,0.547475815,0.397703916
11862,11.862728,0.602180839,0.54742229,0.397819221
11863,11.863729,0.602144599,0.547405481,0.397855401
11864,11.864728,0.602178514,0.547421217,0.397812366
11865,11.865728,0.6021415,0.547404051,0.3978585
11866,11.866731,0.602024674,0.547349811,0.397975326
11867,11.867731,0.602066338,0.547369123,0.397933602
11868,11.868731,0.602028251,0.54735148,0.397971809
11869,11.869730,0.601910353,0.547296762,0.398089677
11870,11.870731,0.602020442,0.547347844,0.39812851
11871,11.871731,0.601743221,0.547219217,0.398256809
11872,11.872746,0.601861835,0.547274232,0.398138136
11873,11.873737,0.60182178,0.547255635,0.39817822
11874,11.874736,0.601702034,0.547200084,0.398297966
11875,11.875737,0.60174042,0.547217906,0.39825958
11876,11.876728,0.601609766,0.547157288,0.398379922
11877,11.877728,0.601647139,0.547174573,0.398352832
11878,11.878727,0.601684332,0.547191858,0.398315668
11879,11.879728,0.601641774,0.547172129,0.398358226
11880,11.880728,0.601519763,0.547115505,0.398480237
11881,11.881728,0.60147655,0.547095418,0.39852342
11882,11.882753,0.601264358,0.546996951,0.398735613
11883,11.883745,0.601378024,0.547049701,0.398621976
11884,11.884732,0.601176023,0.546955943,0.398823977
11885,11.885733,0.601288915,0.547008395,0.398711145
11886,11.886736,0.601164937,0.546950817,0.398835063
11887,11.887737,0.601119399,0.546929657,0.398880601
11888,11.888737,0.601062,0.546903014,0.398926467
11889,11.889737,0.601015747,0.546881557,0.398984253
11890,11.890738,0.600968957,0.54685986,0.399031043
11891,11.891738,0.601000428,0.546874464,0.398999512
11892,11.892726,0.601031721,0.546889007,0.398968309
11893,11.893767,0.600814641,0.546788216,0.39909485
11894,11.894731,0.600844741,0.546802163,0.399143159
11895,11.895732,0.600874662,0.546816111,0.399125367
11896,11.896735,0.600825548,0.546793282,0.399174452
11897,11.897736,0.600776196,0.546770394,0.399223804
11898,11.898735,0.600569427,0.54667443,0.399430573
11899,11.899737,0.60059762,0.546687484,0.39940235
11900,11.900738,0.600534379,0.546658158,0.399531215
11901,11.901739,0.600405157,0.546598196,0.399594814
11902,11.902727,0.600432038,0.546610713,0.399568021
11903,11.903728,0.6003021,0.546550393,0.39969793
11904,11.904836,0.600314975,0.546556354,0.399685055
11905,11.905737,0.600275517,0.546537995,0.399724454
11906,11.906729,0.600209415,0.546507359,0.399777323
11907,11.907729,0.600156069,0.546482563,0.399843931
11908,11.908730,0.600024521,0.546421528,0.399975479
11909,11.909730,0.59997052,0.546396494,0.40002951
11910,11.910730,0.599916101,0.546371222,0.400083899
11911,11.911731,0.599861383,0.54634583,0.400138617
11912,11.912730,0.599870086,0.546349883,0.400193751
11913,11.913731,0.599659204,0.546252012,0.400340796
11914,11.914732,0.599680781,0.546262026,0.400319219
11915,11.915752,0.59970206,0.546271861,0.40029794
11916,11.916732,0.599567831,0.546209574,0.400432169
11917,11.917732,0.599588335,0.54621911,0.400411665
11918,11.918732,0.599439025,0.54614985,0.400469214
11919,11.919731,0.599381089,0.546122909,0.400618911
11920,11.920731,0.599400103,0.54613173,0.400599897
11921,11.921729,0.599341452,0.54610455,0.400658578
11922,11.922731,0.599205196,0.54604131,0.400794834
11923,11.923731,0.59914583,0.546013713,0.400854141
11924,11.924731,0.599148393,0.546014905,0.40075928
11925,11.925857,0.59916532,0.546022773,0.40083468
11926,11.926727,0.599104702,0.545994639,0.400895268
11927,11.927728,0.598966599,0.545930564,0.401033401
11928,11.928728,0.598828316,0.54586637,0.401171654
11929,11.929728,0.598843515,0.545873404,0.401156455
11930,11.930728,0.598689139,0.545801818,0.401218474
11931,11.931728,0.598626673,0.545772791,0.401373327
11932,11.932728,0.59856391,0.545743644,0.401436061
11933,11.933729,0.59857744,0.545749962,0.40142259
11934,11.934728,0.598437071,0.545684814,0.401562929
11935,11.935727,0.598373175,0.545655131,0.401626766
11936,11.936795,0.59836936,0.545653343,0.40163058
11937,11.937732,0.598075509,0.545516968,0.401924461
11938,11.938733,0.598163068,0.545557618,0.401836932
11939,11.939733,0.598097563,0.54552722,0.401902437
11940,11.940733,0.598031819,0.545496702,0.401968181
11941,11.941732,0.597813427,0.545395374,0.402186543
11942,11.942732,0.597882509,0.545427442,0.402100831
11943,11.943732,0.597891629,0.545431674,0.402108371
11944,11.944750,0.59774816,0.545365095,0.402251869
11945,11.945738,0.597680449,0.545333624,0.402319521
11946,11.946728,0.597612441,0.545302093,0.402387589
11947,11.947750,0.59762001,0.54530561,0.402380019
11948,11.948739,0.597382247,0.545195282,0.402448773
11949,11.949739,0.597464561,0.545233488,0.402535468
11950,11.950739,0.597394943,0.545201123,0.402605027
11951,11.951738,0.597249329,0.545133591,0.402750731
11952,11.952739,0.597330511,0.545171261,0.402669519
11953,11.953739,0.597108245,0.545068085,0.402891725
11954,11.954727,0.597095013,0.545061946,0.402887166
11955,11.955728,0.596947968,0.544993699,0.403052002
11956,11.956733,0.596876204,0.54496038,0.403123766
11957,11.957773,0.596879482,0.544961929,0.403120518
11958,11.958729,0.596882224,0.544963181,0.403117776
11959,11.959728,0.596658587,0.544859409,0.403341383
11960,11.960730,0.596567035,0.544816911,0.403489649
11961,11.961731,0.596493423,0.544782758,0.403506577
11962,11.962731,0.596569657,0.544818163,0.403430402
11963,11.963732,0.596269965,0.544679046,0.403730035
11964,11.964733,0.596420109,0.544748724,0.403579891
11965,11.965733,0.596120179,0.544609547,0.403879821
11966,11.966737,0.596100688,0.544600487,0.403880417
11967,11.967738,0.596099496,0.544599891,0.403900445
11968,11.968840,0.596023202,0.544564486,0.403976738
11969,11.969728,0.59594667,0.544529021,0.40405336
11970,11.970730,0.595944226,0.544527888,0.404055804
11971,11.971730,0.595717669,0.544422746,0.404282391
11972,11.972731,0.5956949,0.544412136,0.40428558
11973,11.973731,0.595691264,0.544410467,0.404308707
11974,11.974731,0.595463753,0.544304848,0.404536217
11975,11.975732,0.595385075,0.54426837,0.404614925
11976,11.976736,0.59530592,0.544231653,0.40469411
11977,11.977736,0.595226467,0.544194758,0.404773533
11978,11.978737,0.59512645,0.544148326,0.404853404
11979,11.979747,0.595046163,0.544111073,0.404953837
11980,11.980735,0.594965398,0.544073582,0.405034602
11981,11.981736,0.594958305,0.544070303,0.405041635
11982,11.982737,0.594877005,0.544032574,0.405123025
11983,11.983738,0.594795227,0.543994606,0.405204773
11984,11.984736,0.594618857,0.543912768,0.405360699
11985,11.985736,0.594683588,0.543942809,0.405316412
11986,11.986739,0.594527006,0.543870151,0.405472994
11987,11.987728,0.594370306,0.543797433,0.405629724
11988,11.988727,0.594213486,0.543724656,0.405786514
11989,11.989753,0.594181776,0.543719649,0.405797154
11990,11.990745,0.594170809,0.543704867,0.405829251
11991,11.991734,0.594012856,0.543631494,0.405987114
11992,11.992734,0.594074309,0.543660045,0.405925661
11993,11.993735,0.593842447,0.543552399,0.406157523
11994,11.994734,0.593829811,0.543546557,0.406170189
11995,11.995735,0.593743563,0.543506503,0.406256437
11996,11.996738,0.593635499,0.543456376,0.406342894
11997,11.997738,0.593548656,0.543416083,0.406451434
11998,11.998738,0.593461394,0.543375552,0.406538576
11999,11.999738,0.593301177,0.543301225,0.406698823
12000,12.000781,0.59321326,0.543260455,0.40678677
12001,12.001745,0.593052626,0.54318589,0.406947374
12002,12.002733,0.593086779,0.543201685,0.406890988
12003,12.003732,0.593070269,0.543194056,0.406929731
12004,12.004733,0.592836201,0.543085456,0.407163829
12005,12.005732,0.592746377,0.543043733,0.407253623
12006,12.006735,0.592728555,0.543035448,0.407271445
12007,12.007735,0.592566133,0.542960107,0.407433867
12008,12.008735,0.592452765,0.542907476,0.407452464
12009,12.009735,0.592289746,0.542831838,0.407710254
12010,12.010735,0.592270195,0.542822719,0.407729775
12011,12.011850,0.592155337,0.542769432,0.407749921
12012,12.012734,0.5921579,0.542770624,0.40784207
12013,12.013734,0.592065394,0.542727709,0.407934606
12014,12.014734,0.591877699,0.542640567,0.407955736
12015,12.015734,0.591855943,0.542630494,0.408144027
12016,12.016737,0.591690838,0.542553902,0.408309221
12017,12.017737,0.591668308,0.542543411,0.408331752
12018,12.018736,0.591574013,0.542499661,0.408426017
12019,12.019737,0.591479242,0.542455673,0.408520788
12020,12.020738,0.591360629,0.542400599,0.408615738
12021,12.021738,0.591265082,0.542356253,0.408734918
12022,12.022762,0.591098428,0.542278945,0.408901572
12023,12.023737,0.591073394,0.542267323,0.408926636
12024,12.024739,0.590835333,0.542156816,0.409164667
12025,12.025739,0.590880156,0.542177618,0.409119874
12026,12.026730,0.590688109,0.542088509,0.409287751
12027,12.027731,0.590661168,0.542075992,0.409338892
12028,12.028732,0.590492785,0.54199785,0.409507215
12029,12.029732,0.590465188,0.541985035,0.409534782
12030,12.030733,0.590296388,0.541906714,0.409703612
12031,12.031733,0.590267718,0.541893363,0.409732223
12032,12.032733,0.590073586,0.5418033,0.409901559
12033,12.033752,0.590044141,0.541789651,0.409955859
12034,12.034728,0.589874268,0.541710794,0.410125732
12035,12.035728,0.589843869,0.541696668,0.410156101
12036,12.036731,0.589743376,0.541650057,0.410256624
12037,12.037732,0.589642525,0.541603208,0.410357445
12038,12.038733,0.589376688,0.541479826,0.41059792
12039,12.039733,0.58934474,0.541465044,0.41065526
12040,12.040734,0.589312255,0.541449964,0.410687774
12041,12.041733,0.589140296,0.541370153,0.410859644
12042,12.042735,0.589037836,0.541322589,0.410962164
12043,12.043825,0.588978469,0.541295052,0.411021531
12044,12.044737,0.588805974,0.541215003,0.411168158
12045,12.045738,0.588771462,0.541198969,0.411228538
12046,12.046729,0.588598311,0.541118622,0.411401719
12047,12.047730,0.588494062,0.541070223,0.411505938
12048,12.048730,0.588389516,0.541021705,0.411610484
12049,12.049731,0.588284552,0.540973008,0.411715448
12050,12.050729,0.588153005,0.540955961,0.411752135
12051,12.051730,0.588115811,0.540894687,0.411884218
12052,12.052730,0.587941229,0.540813684,0.412058771
12053,12.053730,0.58790338,0.540796101,0.41209659
12054,12.054821,0.587701619,0.540702462,0.412066311
12055,12.055734,0.587621331,0.540665209,0.412378669
12056,12.056736,0.587487161,0.540602922,0.41241774
12057,12.057737,0.587447345,0.540584445,0.412552625
12058,12.058738,0.587271392,0.540502787,0.412728608
12059,12.059737,0.587095261,0.540421069,0.412904739
12060,12.060738,0.587122321,0.540433586,0.412877679
12061,12.061737,0.587080896,0.540414393,0.412919104
12062,12.062738,0.586808741,0.540288091,0.413163841
12063,12.063737,0.586766601,0.54026854,0.413233399
12064,12.064737,0.586589098,0.540186167,0.413410902
12065,12.065751,0.586478829,0.540134966,0.413521171
12066,12.066730,0.586502671,0.540146053,0.413497359
12067,12.067730,0.586324215,0.540063202,0.413675785
12068,12.068730,0.586117983,0.539980412,0.413854092
12069,12.069729,0.586006343,0.539915681,0.413993686
12070,12.070730,0.585961342,0.539894819,0.414038718
12071,12.071730,0.585848808,0.539842546,0.414151192
12072,12.072730,0.585735917,0.539790154,0.414264083
12073,12.073730,0.585689664,0.539768696,0.414310336
12074,12.074729,0.585481226,0.53968513,0.414490402
12075,12.075754,0.585500658,0.539680958,0.414499313
12076,12.076801,0.585253477,0.539566278,0.414746523
12077,12.077739,0.585006535,0.539451659,0.414993465
12078,12.078728,0.585024297,0.539459884,0.414975673
12079,12.079727,0.584909379,0.539406598,0.41509065
12080,12.080728,0.584699214,0.539322317,0.415272087
12081,12.081728,0.584583402,0.539255261,0.415416569
12082,12.082728,0.584401906,0.53917104,0.415598094
12083,12.083727,0.584285796,0.539117157,0.415714175
12084,12.084729,0.584300458,0.539123952,0.415699512
12085,12.085729,0.58424896,0.539100051,0.41575101
12086,12.086734,0.5839715,0.538971305,0.415933758
12087,12.087753,0.58385396,0.538916767,0.41614604
12088,12.088731,0.583735943,0.53886199,0.416264087
12089,12.089730,0.583682954,0.538837373,0.416317046
12090,12.090731,0.583499372,0.538752198,0.416500628
12091,12.091731,0.583380699,0.538697124,0.41661936
12092,12.092732,0.583167017,0.538641751,0.416738659
12093,12.093733,0.583047509,0.538542509,0.41695255
12094,12.094733,0.582992375,0.538516879,0.417007625
12095,12.095733,0.582872331,0.538461208,0.417127699
12096,12.096737,0.582751811,0.53840524,0.417248189
12097,12.097763,0.582600892,0.538349271,0.417368889
12098,12.098745,0.582544029,0.538308799,0.417489856
12099,12.099733,0.582358479,0.53822273,0.41764155
12100,12.100734,0.582236886,0.538166285,0.417763144
12101,12.101735,0.582178593,0.538139224,0.417821378
12102,12.102735,0.581992507,0.538052857,0.418007493
12103,12.103736,0.581806123,0.537966371,0.418193877
12104,12.104736,0.581779718,0.537954092,0.418253064
12105,12.105737,0.581656396,0.537896872,0.418343574
12106,12.106728,0.581469357,0.537810087,0.418530673
12107,12.107730,0.581408679,0.537781894,0.418591321
12108,12.108783,0.581347764,0.537753642,0.418652236
12109,12.109737,0.581096768,0.537637115,0.418903202
12110,12.110738,0.580940783,0.537564754,0.419027954
12111,12.111738,0.580815673,0.5375067,0.419184327
12112,12.112726,0.580690086,0.537448406,0.419309914
12113,12.113754,0.580689967,0.537448347,0.419310033
12114,12.114731,0.58050102,0.537360668,0.41949898
12115,12.115729,0.580374658,0.537302017,0.419625342
12116,12.116732,0.580153763,0.537243068,0.41975227
12117,12.117731,0.580026627,0.537140489,0.419973373
12118,12.118732,0.57996136,0.537110209,0.42003864
12119,12.119755,0.579771578,0.537022114,0.420228422
12120,12.120729,0.579643786,0.536962807,0.420356214
12121,12.121730,0.579515696,0.536903381,0.420484334
12122,12.122729,0.579355061,0.536815107,0.420674503
12123,12.123730,0.579226017,0.536768913,0.420773983
12124,12.124730,0.579035401,0.53668046,0.420964599
12125,12.125730,0.579029083,0.536677539,0.420970917
12126,12.126733,0.578960776,0.53664583,0.421039194
12127,12.127732,0.578769028,0.53655684,0.421230972
12128,12.128733,0.57848382,0.536467969,0.421422422
12129,12.129733,0.578475356,0.536420524,0.421524644
12130,12.130745,0.57828337,0.536331415,0.421716601
12131,12.131734,0.578213036,0.536298811,0.421786964
12132,12.132733,0.57808125,0.536237657,0.42191875
12133,12.133734,0.577888846,0.53614831,0.422111124
12134,12.134734,0.57784462,0.536143184,0.42212224
12135,12.135734,0.577591062,0.536010146,0.422408938
12136,12.136737,0.577518761,0.535976589,0.422481269
12137,12.137736,0.577265263,0.535858929,0.422734708
12138,12.138737,0.577252269,0.535852909,0.422747701
12139,12.139737,0.577058375,0.535762906,0.422941595
12140,12.140776,0.576831162,0.535657465,0.423168808
12141,12.141729,0.576756895,0.535623014,0.423243135
12142,12.142731,0.576562881,0.535532951,0.423437148
12143,12.143731,0.576427937,0.535470366,0.423572093
12144,12.144730,0.576352358,0.535435259,0.423647583
12145,12.145730,0.576276422,0.535400033,0.423723608
12146,12.146732,0.576106727,0.535309553,0.423918486
12147,12.147733,0.575911582,0.535230696,0.424088418
12148,12.148734,0.575775087,0.535167336,0.424224913
12149,12.149734,0.575638711,0.535104036,0.424361259
12150,12.150734,0.57550174,0.535040498,0.42449826
12151,12.151762,0.575388968,0.53497684,0.424635351
12152,12.152737,0.5752514,0.534924269,0.42477265
12153,12.153738,0.575113654,0.534860373,0.424886316
12154,12.154739,0.574975371,0.534796178,0.425024688
12155,12.155726,0.574837029,0.534731984,0.425163001
12156,12.156731,0.574698448,0.534667671,0.425301582
12157,12.157732,0.574559629,0.534603238,0.425440401
12158,12.158732,0.57432735,0.534538507,0.425579846
12159,12.159733,0.574303627,0.534484446,0.425696403
12160,12.160733,0.574105978,0.534392715,0.425894022
12161,12.161733,0.573965907,0.534327686,0.426034063
12162,12.162748,0.573710501,0.534209132,0.426289469
12163,12.163736,0.573627412,0.534170628,0.426372617
12164,12.164737,0.573394299,0.534158349,0.426398963
12165,12.165737,0.573310196,0.534023404,0.426689804
12166,12.166728,0.573168576,0.53395766,0.426831424
12167,12.167729,0.573083818,0.533918321,0.426916182
12168,12.168730,0.572828352,0.533799767,0.427171648
12169,12.169730,0.572799563,0.533786416,0.427200437
12170,12.170730,0.572621226,0.53369385,0.427399784
12171,12.171731,0.572365642,0.533585012,0.427634358
12172,12.172770,0.572334945,0.533570766,0.427665025
12173,12.173743,0.572135329,0.533478141,0.427864671
12174,12.174732,0.572047889,0.53343755,0.427952141
12175,12.175732,0.571903646,0.533370614,0.428096384
12176,12.176736,0.571779191,0.53327775,0.428296387
12177,12.177737,0.57152307,0.533194005,0.428476959
12178,12.178737,0.571322858,0.533101082,0.428677171
12179,12.179738,0.571233451,0.533059597,0.428766608
12180,12.180737,0.571087897,0.532992005,0.428912073
12181,12.181738,0.570997536,0.532950044,0.429002434
12182,12.182738,0.570815027,0.532882333,0.429148346
12183,12.183779,0.57061398,0.532772064,0.429386079
12184,12.184728,0.570577443,0.532755136,0.429422617
12185,12.185730,0.5703758,0.532661557,0.429624259
12186,12.186733,0.570228517,0.532593191,0.429771513
12187,12.187733,0.570081294,0.532524824,0.429918706
12188,12.188733,0.569788158,0.532431126,0.430120587
12189,12.189732,0.569694757,0.532345474,0.430305272
12190,12.190733,0.569601059,0.532301962,0.430398971
12191,12.191734,0.569398403,0.532207906,0.430601597
12192,12.192733,0.569357812,0.532189071,0.430642158
12193,12.193734,0.56920892,0.532119989,0.43079108
12194,12.194747,0.56891489,0.531983495,0.431047738
12195,12.195735,0.568818927,0.53193897,0.431181073
12196,12.196738,0.568615913,0.531844735,0.431384027
12197,12.197738,0.568465889,0.531775117,0.431534082
12198,12.198738,0.568369031,0.531730175,0.431630939
12199,12.199738,0.5681656,0.531635761,0.43183443
12200,12.200737,0.567977309,0.531615078,0.431878954
12201,12.201738,0.5677737,0.531453907,0.43222633
12202,12.202738,0.567622423,0.531383693,0.432377577
12203,12.203738,0.567523718,0.531337857,0.432476312
12204,12.204750,0.567424595,0.531291842,0.432575405
12205,12.205750,0.56722033,0.531197071,0.432779729
12206,12.206728,0.567029715,0.531126261,0.432932079
12207,12.207728,0.566981554,0.531086266,0.433018446
12208,12.208728,0.566776633,0.530991137,0.433223367
12209,12.209728,0.566520035,0.530872047,0.433479965
12210,12.210728,0.566470087,0.530848861,0.433529913
12211,12.211728,0.566316605,0.530777633,0.433683395
12212,12.212729,0.566072941,0.530706167,0.433837384
12213,12.213728,0.565970004,0.53061676,0.434029937
12214,12.214728,0.565815747,0.530545175,0.434184223
12215,12.215794,0.565559149,0.530426145,0.434440911
12216,12.216738,0.565455437,0.530377984,0.434544563
12217,12.217739,0.565402031,0.530353189,0.434597969
12218,12.218726,0.565156877,0.53023392,0.434854895
12219,12.219739,0.565001309,0.530167222,0.434998691
12220,12.220728,0.564795077,0.530071497,0.435204923
12221,12.221729,0.564638793,0.529998958,0.435361177
12222,12.222728,0.564482749,0.529926538,0.435517251
12223,12.223730,0.564326346,0.52985394,0.435673624
12224,12.224730,0.564130366,0.529804409,0.435780317
12225,12.225757,0.564023316,0.529713333,0.435976714
12226,12.226813,0.563816071,0.529617131,0.436183929
12227,12.227738,0.563658714,0.529544115,0.436341286
12228,12.228727,0.563550293,0.529493809,0.436449736
12229,12.229727,0.563342929,0.529397547,0.436656982
12230,12.230728,0.56314522,0.529347003,0.436765939
12231,12.231729,0.563035846,0.529255033,0.436964154
12232,12.232729,0.562828183,0.529158652,0.437171817
12233,12.233730,0.562717855,0.529107451,0.437282145
12234,12.234730,0.562509954,0.529010952,0.437490046
12235,12.235730,0.562399209,0.528959572,0.437600821
12236,12.236734,0.562199533,0.528885305,0.43776077
12237,12.237753,0.562039256,0.5287925,0.437960714
12238,12.238730,0.561879098,0.528718174,0.438120902
12239,12.239730,0.561718702,0.528643727,0.438281298
12240,12.240731,0.56160605,0.528591514,0.43839401
12241,12.241731,0.561349034,0.528472185,0.438650936
12242,12.242731,0.561195433,0.528397501,0.438811898
12243,12.243732,0.560986638,0.528303981,0.439013362
12244,12.244733,0.560824871,0.528228939,0.439175159
12245,12.245733,0.560663104,0.528153837,0.439336866
12246,12.246736,0.560407221,0.528035104,0.439592779
12247,12.247760,0.560386062,0.52802527,0.439613938
12248,12.248749,0.560182869,0.527930975,0.439823598
12249,12.249738,0.559973061,0.527833581,0.440026939
12250,12.250737,0.559856772,0.527779639,0.440143228
12251,12.251737,0.559693575,0.527703881,0.440306395
12252,12.252737,0.559483528,0.527606368,0.440516442
12253,12.253738,0.559366167,0.527551949,0.440633833
12254,12.254738,0.559115231,0.527433157,0.440889776
12255,12.255738,0.558951199,0.527359366,0.441048831
12256,12.256728,0.558878601,0.52732563,0.441121399
12257,12.257728,0.558667839,0.527227819,0.441332161
12258,12.258780,0.558457553,0.527130246,0.441542447
12259,12.259731,0.558383346,0.527095795,0.441616625
12260,12.260732,0.558221936,0.527019083,0.441781998
12261,12.261731,0.557920694,0.526881099,0.442079306
12262,12.262731,0.557799995,0.52682507,0.442199975
12263,12.263731,0.557633817,0.526747942,0.442366183
12264,12.264731,0.557467639,0.526670814,0.442532361
12265,12.265730,0.557345986,0.526614368,0.442653984
12266,12.266733,0.557048678,0.526537061,0.442820638
12267,12.267734,0.556881607,0.526398838,0.443118393
12268,12.268735,0.556714714,0.526321411,0.443285316
12269,12.269895,0.556549728,0.526244819,0.443450272
12270,12.270735,0.55642426,0.526186585,0.44357577
12271,12.271734,0.556169033,0.526068091,0.443830907
12272,12.272735,0.556046367,0.526030719,0.443911612
12273,12.273735,0.555878162,0.525933146,0.444121808
12274,12.274735,0.555666268,0.525834799,0.444333702
12275,12.275735,0.555454731,0.52573663,0.444545269
12276,12.276737,0.555286288,0.525658488,0.444713742
12277,12.277738,0.555160522,0.525600076,0.444839478
12278,12.278738,0.554991901,0.525521457,0.445008844
12279,12.279738,0.554779589,0.525423288,0.445220441
12280,12.280745,0.554610074,0.52534461,0.445389926
12281,12.281733,0.554482818,0.525285542,0.445517182
12282,12.282754,0.554270208,0.525186896,0.445729792
12283,12.283730,0.554184556,0.52514714,0.445815474
12284,12.284731,0.553887248,0.525067985,0.445985973
12285,12.285731,0.553674936,0.524910629,0.446325064
12286,12.286734,0.553546011,0.524850786,0.446453959
12287,12.287735,0.553375065,0.524771452,0.446624905
12288,12.288736,0.553203702,0.524691939,0.446796328
12289,12.289736,0.552990973,0.524593234,0.447009087
12290,12.290827,0.552858889,0.524531901,0.447141141
12291,12.291736,0.552645981,0.524433076,0.447354019
12292,12.292738,0.552474022,0.524353266,0.447525918
12293,12.293738,0.552301943,0.524273396,0.447698057
12294,12.294739,0.552169859,0.524212122,0.447830141
12295,12.295727,0.551997244,0.524132013,0.448002756
12296,12.296731,0.551740766,0.52403307,0.448215961
12297,12.297731,0.551608026,0.523951352,0.448391944
12298,12.298732,0.551394403,0.523852229,0.448605597
12299,12.299731,0.551221073,0.523771763,0.448778927
12300,12.300733,0.551087379,0.523709714,0.448912591
12301,12.301897,0.550869882,0.523608804,0.449130088
12302,12.302738,0.550695896,0.523529828,0.449300319
12303,12.303738,0.550442755,0.523410559,0.449557275
12304,12.304739,0.550307691,0.523347855,0.449692309
12305,12.305738,0.550172031,0.523284912,0.449827969
12306,12.306730,0.549958348,0.52318573,0.450041652
12307,12.307731,0.549783409,0.523104548,0.450216532
12308,12.308732,0.549603164,0.523041308,0.450352937
12309,12.309732,0.549427748,0.522939503,0.450572252
12310,12.310732,0.549251795,0.522857845,0.450748175
12311,12.311732,0.549114347,0.522794068,0.450885624
12312,12.312745,0.548900187,0.522694647,0.451099813
12313,12.313733,0.548685789,0.522595167,0.451314241
12314,12.314732,0.54850322,0.522530913,0.451452613
12315,12.315732,0.548326612,0.522428453,0.451673299
12316,12.316736,0.548112512,0.522329092,0.451887488
12317,12.317736,0.547973037,0.522264361,0.452026963
12318,12.318736,0.547795594,0.522181988,0.452204376
12319,12.319735,0.547581375,0.522082567,0.452418596
12320,12.320735,0.547359526,0.522000313,0.45259589
12321,12.321735,0.54721874,0.521914303,0.45278129
12322,12.322800,0.547004282,0.521814764,0.452995688
12323,12.323730,0.546826482,0.521732271,0.453173548
12324,12.324731,0.546611786,0.521632612,0.453388184
12325,12.325730,0.546433806,0.52155,0.453566253
12326,12.326733,0.546246886,0.521517515,0.453636229
12327,12.327733,0.546104252,0.521397054,0.453895777
12328,12.328733,0.545925319,0.521314025,0.454074711
12329,12.329733,0.545674801,0.521197736,0.454325199
12330,12.330734,0.545566678,0.521147549,0.454433292
12331,12.331733,0.545351982,0.52104795,0.454648018
12332,12.332734,0.54512763,0.520980954,0.454792261
12333,12.333748,0.544983089,0.520876765,0.455016971
12334,12.334738,0.544767916,0.520776868,0.455232084
12335,12.335738,0.54462266,0.520709455,0.45537734
12336,12.336730,0.544407547,0.520609617,0.455592453
12337,12.337729,0.544296205,0.52055794,0.455703765
12338,12.338730,0.544070244,0.520458162,0.455918789
12339,12.339730,0.543855131,0.520353258,0.456144869
12340,12.340752,0.543640196,0.520253479,0.456359804
12341,12.341728,0.543492734,0.520185053,0.456507295
12342,12.342728,0.543244064,0.520069659,0.456755936
12343,12.343754,0.543096423,0.520001113,0.456903577
12344,12.344754,0.542902589,0.51991117,0.457085311
12345,12.345729,0.542720854,0.519826829,0.457279176
12346,12.346732,0.54247272,0.519711673,0.45752731
12347,12.347732,0.542356491,0.519657731,0.457643569
12348,12.348734,0.542141318,0.519557834,0.457858682
12349,12.349735,0.54199177,0.519488454,0.45800823
12350,12.350735,0.541763067,0.519388437,0.458223701
12351,12.351736,0.541580319,0.519297481,0.458419651
12352,12.352735,0.541332841,0.519182622,0.458667159
12353,12.353736,0.54121381,0.519127429,0.458786219
12354,12.354823,0.540952802,0.519012749,0.459033161
12355,12.355736,0.540815413,0.518942475,0.459184527
12356,12.356727,0.540631711,0.518857241,0.459368259
12357,12.357728,0.540433645,0.51876533,0.459566355
12358,12.358729,0.540249884,0.518680036,0.459750146
12359,12.359729,0.540065467,0.518594444,0.459934503
12360,12.360730,0.539912462,0.518523455,0.460087568
12361,12.361729,0.539696991,0.518423438,0.460302979
12362,12.362731,0.539450765,0.518309176,0.460549235
12363,12.363731,0.539281368,0.518230557,0.460718632
12364,12.364732,0.539127111,0.518158972,0.460872918
12365,12.365747,0.538911343,0.518058836,0.461088657
12366,12.366727,0.53869617,0.517958939,0.4613038
12367,12.367739,0.538510919,0.517872989,0.461489081
12368,12.368728,0.538355589,0.517800927,0.461644471
12369,12.369729,0.538063943,0.517665565,0.461936086
12370,12.370728,0.537908077,0.517593205,0.462091923
12371,12.371729,0.537722409,0.517507017,0.462277591
12372,12.372731,0.53756547,0.51743418,0.46243453
12373,12.373731,0.537379444,0.517347872,0.462620556
12374,12.374732,0.537192822,0.517261267,0.462807178
12375,12.375826,0.536959827,0.517153084,0.463040143
12376,12.376730,0.536773324,0.517066538,0.463226646
12377,12.377731,0.536586285,0.516979754,0.463413686
12378,12.378730,0.536342919,0.516866803,0.463657111
12379,12.379730,0.536184371,0.516793251,0.463815629
12380,12.380729,0.535997093,0.516706288,0.464002877
12381,12.381730,0.535763204,0.516597748,0.464236796
12382,12.382730,0.535603702,0.516523719,0.464396298
12383,12.383730,0.535416007,0.516436636,0.464583933
12384,12.384730,0.535228074,0.516349435,0.464771956
12385,12.385729,0.535040259,0.516262233,0.464959651
12386,12.386751,0.534751236,0.516128123,0.465174705
12387,12.387739,0.534590065,0.516053319,0.465409935
12388,12.388739,0.534428775,0.515978456,0.465571195
12389,12.389726,0.534267247,0.515903473,0.465732753
12390,12.390727,0.534051716,0.515803456,0.465948284
12391,12.391739,0.533810496,0.515691519,0.466189504
12392,12.392740,0.533627272,0.515640378,0.466299564
12393,12.393728,0.533438087,0.515518665,0.466561913
12394,12.394727,0.533223271,0.515418947,0.466776699
12395,12.395728,0.533034325,0.515331268,0.466965646
12396,12.396796,0.532819271,0.51523149,0.467180759
12397,12.397738,0.532681108,0.515167356,0.467318922
12398,12.398745,0.532444179,0.515079439,0.467508316
12399,12.399733,0.532279372,0.514980912,0.467720628
12400,12.400733,0.532039583,0.51486963,0.467960417
12401,12.401733,0.531849921,0.514781594,0.468150079
12402,12.402733,0.531709135,0.514716268,0.468290865
12403,12.403733,0.531494379,0.514616609,0.468505651
12404,12.404732,0.531328261,0.51453948,0.468671739
12405,12.405733,0.531065881,0.514417708,0.468934119
12406,12.406736,0.530899525,0.51434052,0.469100505
12407,12.407753,0.530660629,0.514229655,0.469339341
12408,12.408729,0.530470133,0.514141202,0.469529837
12409,12.409729,0.530279577,0.514052808,0.469720423
12410,12.410730,0.530088603,0.513964176,0.469911397
12411,12.411730,0.52989614,0.513874829,0.47010383
12412,12.412730,0.529658616,0.51376462,0.470341384
12413,12.413731,0.52949053,0.513686597,0.470509499
12414,12.414730,0.529275954,0.513586998,0.470724046
12415,12.415731,0.529084682,0.513498247,0.470915318
12416,12.416735,0.528867781,0.513419747,0.471084565
12417,12.417736,0.528653383,0.513298094,0.471346617
12418,12.418745,0.528483987,0.513219476,0.471516073
12419,12.419734,0.52822572,0.513099611,0.47177428
12420,12.420735,0.528099656,0.513041079,0.471900344
12421,12.421736,0.52790755,0.51295197,0.472092479
12422,12.422736,0.527666807,0.512862504,0.472285062
12423,12.423737,0.527453125,0.512741029,0.472546875
12424,12.424736,0.52726078,0.512651742,0.47273919
12425,12.425738,0.527068079,0.512562335,0.472931951
12426,12.426729,0.526896238,0.512482584,0.473103762
12427,12.427730,0.526682675,0.512383461,0.473317295
12428,12.428842,0.526462317,0.512281179,0.473537654
12429,12.429730,0.526269019,0.512191474,0.473730981
12430,12.430731,0.526075959,0.512101889,0.473924071
12431,12.431731,0.525862694,0.512002945,0.474137336
12432,12.432732,0.52564919,0.511903822,0.47435078
12433,12.433731,0.525495768,0.511832595,0.474504173
12434,12.434733,0.525321722,0.511751831,0.474678278
12435,12.435733,0.525059938,0.511630356,0.474940002
12436,12.436737,0.524827659,0.511522532,0.475172311
12437,12.437737,0.524653375,0.511441648,0.475346595
12438,12.438739,0.524478436,0.511360466,0.475521564
12439,12.439753,0.524265587,0.511261702,0.475734383
12440,12.440729,0.524071395,0.511171579,0.475928634
12441,12.441730,0.52384758,0.511067688,0.47615242
12442,12.442729,0.523634613,0.510968864,0.476365417
12443,12.443729,0.523422182,0.510870278,0.476577818
12444,12.444729,0.523245811,0.510788441,0.476754189
12445,12.445729,0.523087442,0.510714889,0.476912528
12446,12.446732,0.52285713,0.510608017,0.47714287
12447,12.447730,0.522631526,0.510503352,0.477368474
12448,12.448732,0.52243638,0.510412753,0.47756362
12449,12.449871,0.522192717,0.510314286,0.477775753
12450,12.450735,0.522063494,0.51023972,0.477936536
12451,12.451736,0.521834314,0.510133326,0.478165686
12452,12.452736,0.521656215,0.510050654,0.478343755
12453,12.453736,0.521395206,0.509929538,0.478604794
12454,12.454754,0.52118361,0.509831369,0.47881639
12455,12.455729,0.520988584,0.509740829,0.479011446
12456,12.456732,0.520809293,0.509657621,0.479190707
12457,12.457731,0.520629764,0.509574294,0.479370236
12458,12.458732,0.520402491,0.509468853,0.479597539
12459,12.459731,0.520189583,0.509370029,0.479810447
12460,12.460745,0.519977927,0.509271801,0.480022073
12461,12.461736,0.519782305,0.509181023,0.480217755
12462,12.462736,0.519586563,0.509090185,0.480413467
12463,12.463736,0.519390404,0.508999109,0.480609626
12464,12.464737,0.519175291,0.508915186,0.480790496
12465,12.465737,0.518949509,0.508794487,0.481050491
12466,12.466727,0.518782318,0.508716881,0.481217682
12467,12.467727,0.518571496,0.50861907,0.481428504
12468,12.468727,0.518360794,0.508521259,0.481639177
12469,12.469740,0.518164217,0.508430064,0.481835783
12470,12.470728,0.517967939,0.508338928,0.482032031
12471,12.471747,0.517735839,0.508231223,0.482264161
12472,12.472734,0.517512143,0.508127391,0.482487857
12473,12.473735,0.517328918,0.508042395,0.482671112
12474,12.474735,0.517132342,0.50795114,0.482867658
12475,12.475735,0.516935349,0.507859707,0.483064651
12476,12.476738,0.516676366,0.507756352,0.483287394
12477,12.477738,0.516492605,0.50765425,0.483507395
12478,12.478739,0.516308129,0.507568657,0.483691901
12479,12.479728,0.516111016,0.507477164,0.483888984
12480,12.480727,0.515901506,0.507379889,0.484098434
12481,12.481729,0.515704155,0.507288337,0.484295845
12482,12.482753,0.515457749,0.507196844,0.484492928
12483,12.483729,0.515248775,0.507076979,0.484751254
12484,12.484730,0.515062988,0.506990731,0.484936982
12485,12.485729,0.514877379,0.506904602,0.485122621
12486,12.486733,0.514668524,0.506807685,0.485331476
12487,12.487734,0.514470756,0.506715894,0.485529214
12488,12.488734,0.51429534,0.506634474,0.485704631
12489,12.489735,0.514026165,0.506509542,0.485973805
12490,12.490735,0.513839424,0.506422877,0.486160576
12491,12.491735,0.513630688,0.50632602,0.486369312
12492,12.492840,0.513393939,0.506216168,0.486566991
12493,12.493728,0.513245344,0.506147206,0.486754686
12494,12.494730,0.51305759,0.506060064,0.48694244
12495,12.495729,0.512799919,0.505940437,0.487200081
12496,12.496733,0.51261133,0.505852938,0.487388641
12497,12.497734,0.512403548,0.505756497,0.487596452
12498,12.498734,0.512214959,0.505668998,0.487785071
12499,12.499735,0.511997581,0.505568087,0.488002419
12500,12.500734,0.511790395,0.505471945,0.488209605
12501,12.501736,0.511560917,0.505365431,0.488439143
12502,12.502737,0.511362195,0.505273223,0.488637805
12503,12.503750,0.51116395,0.505181193,0.48883602
12504,12.504739,0.510956883,0.505085111,0.489043087
12505,12.505739,0.510758638,0.504993081,0.489241332
12506,12.506731,0.510559976,0.504900932,0.489440054
12507,12.507731,0.510320008,0.504789531,0.489680022
12508,12.508731,0.510121465,0.504697382,0.489878535
12509,12.509729,0.509922504,0.504605055,0.490077496
12510,12.510730,0.509716392,0.504509389,0.490283608
12511,12.511730,0.509517491,0.504417062,0.490482479
12512,12.512747,0.509283721,0.504331708,0.490666509
12513,12.513750,0.509070754,0.504209757,0.490929246
12514,12.514727,0.508871794,0.504117429,0.491128206
12515,12.515728,0.508679867,0.50402832,0.491320103
12516,12.516731,0.508481145,0.503936112,0.491518855
12517,12.517731,0.508275449,0.503840625,0.491724551
12518,12.518731,0.508083045,0.503751338,0.491916955
12519,12.519731,0.507834077,0.503635824,0.492165953
12520,12.520731,0.507629216,0.503540754,0.492370814
12521,12.521731,0.507436275,0.503451169,0.492563754
12522,12.522731,0.507236898,0.503358662,0.492763132
12523,12.523731,0.507043302,0.503268778,0.492956668
12524,12.524746,0.506783605,0.503173709,0.493161619
12525,12.525733,0.506584346,0.503055811,0.493415654
12526,12.526737,0.506385386,0.502963483,0.493614614
12527,12.527737,0.506190836,0.502873182,0.493809164
12528,12.528737,0.505991697,0.502780735,0.494008303
12529,12.529736,0.505796671,0.502690256,0.494203329
12530,12.530737,0.505588591,0.502593696,0.494411439
12531,12.531737,0.505343854,0.50248009,0.494656116
12532,12.532736,0.505140662,0.502385795,0.494859338
12533,12.533737,0.50494504,0.502295017,0.49505499
12534,12.534836,0.50469929,0.502180934,0.495258123
12535,12.535736,0.504546285,0.502109945,0.495453715
12536,12.536728,0.504346609,0.50201726,0.495653391
12537,12.537728,0.504100502,0.501903057,0.495852768
12538,12.538728,0.503898025,0.501809061,0.496101946
12539,12.539728,0.503695488,0.501715064,0.496304512
12540,12.540728,0.503498912,0.501623869,0.496501088
12541,12.541728,0.503299594,0.501531363,0.496700436
12542,12.542727,0.503099799,0.501438618,0.496900201
12543,12.543728,0.502850473,0.501322925,0.497101843
12544,12.544729,0.502651036,0.501230359,0.497348994
12545,12.545747,0.502451181,0.501137614,0.497548819
12546,12.546728,0.502251685,0.501044989,0.497748286
12547,12.547727,0.502050817,0.500951767,0.497949153
12548,12.548729,0.501851141,0.500859141,0.498148888
12549,12.549730,0.501601815,0.500743389,0.498348206
12550,12.550730,0.501402259,0.500650764,0.498597711
12551,12.551731,0.50120306,0.500558376,0.49879697
12552,12.552730,0.501003325,0.500465631,0.498996645
12553,12.553731,0.500803351,0.500372827,0.499196619
12554,12.554732,0.500604272,0.50028044,0.499395758
12555,12.555839,0.500355065,0.500164807,0.499644935
12556,12.556731,0.500155747,0.5000723,0.499844283
12557,12.557731,0.499956101,0.499979615,0.500043869
12558,12.558732,0.499756753,0.499887109,0.500243247
12559,12.559733,0.499557406,0.499794602,0.500442624
12560,12.560733,0.499357671,0.499701887,0.5006423
12561,12.561734,0.499107063,0.499585599,0.500892997
12562,12.562733,0.49890998,0.499494135,0.50109005
12563,12.563735,0.498708397,0.499400556,0.501291573
12564,12.564736,0.49850893,0.49930799,0.50149107
12565,12.565736,0.498309314,0.499215335,0.501690626
12566,12.566744,0.498062909,0.499123454,0.501888633
12567,12.567752,0.497860044,0.499006838,0.502139926
12568,12.568740,0.497662395,0.498915106,0.502337575
12569,12.569729,0.4974612,0.498821735,0.5025388
12570,12.570729,0.497261345,0.498728991,0.502738655
12571,12.571729,0.497061938,0.498636454,0.502938092
12572,12.572731,0.496862143,0.49854371,0.503137887
12573,12.573731,0.496612906,0.498428047,0.503337145
12574,12.574730,0.496416301,0.498336792,0.50358367
12575,12.575730,0.496219635,0.498245507,0.503780305
12576,12.576886,0.495970786,0.498130053,0.504029274
12577,12.577736,0.495815098,0.498057783,0.504184902
12578,12.578738,0.495615423,0.497965127,0.504384577
12579,12.579737,0.495369732,0.497851074,0.504630268
12580,12.580738,0.495166749,0.497756898,0.504833281
12581,12.581737,0.494967461,0.497664392,0.505032539
12582,12.582737,0.494767815,0.497571737,0.505232155
12583,12.583737,0.494568616,0.49747929,0.505431414
12584,12.584737,0.494369417,0.497386843,0.505630612
12585,12.585737,0.494124502,0.497273177,0.505875528
12586,12.586728,0.493925482,0.49718082,0.506074548
12587,12.587751,0.493726522,0.497088492,0.506273508
12588,12.588739,0.493522197,0.496993661,0.506477833
12589,12.589739,0.493323117,0.496901274,0.506676912
12590,12.590726,0.493123621,0.496808648,0.506876349
12591,12.591727,0.492880315,0.496695757,0.507075429
12592,12.592739,0.492681473,0.496603459,0.507318556
12593,12.593740,0.492476732,0.496508449,0.507523298
12594,12.594728,0.492277384,0.496415913,0.507722616
12595,12.595727,0.492084652,0.496326476,0.507915378
12596,12.596731,0.491879553,0.496231288,0.508120477
12597,12.597756,0.491637319,0.496118873,0.508362651
12598,12.598750,0.49143824,0.496026456,0.50856173
12599,12.599728,0.491246462,0.495937467,0.508753538
12600,12.600727,0.491041034,0.495842129,0.508958995
12601,12.601727,0.490834922,0.495746464,0.509165108
12602,12.602727,0.49063623,0.495654255,0.50936377
12603,12.603728,0.490387857,0.49553898,0.509562731
12604,12.604726,0.490188837,0.495446622,0.509811163
12605,12.605728,0.489990294,0.495354474,0.510009706
12606,12.606730,0.489791334,0.495262146,0.510208666
12607,12.607730,0.48959288,0.495170057,0.51040715
12608,12.608852,0.489336371,0.495050997,0.510663629
12609,12.609727,0.489145875,0.494962603,0.510804474
12610,12.610729,0.488956124,0.494874537,0.511043906
12611,12.611730,0.488748968,0.494778365,0.511251032
12612,12.612731,0.488550723,0.494686365,0.511449277
12613,12.613731,0.48835206,0.494594187,0.51164794
12614,12.614732,0.488163084,0.494506478,0.511836946
12615,12.615732,0.487906069,0.494387209,0.512044728
12616,12.616736,0.487717122,0.494299501,0.512282848
12617,12.617736,0.487519234,0.49420765,0.512480736
12618,12.618737,0.48732093,0.494115621,0.5126791
12619,12.619745,0.487123191,0.49402386,0.512876809
12620,12.620733,0.486915231,0.49392733,0.513084769
12621,12.621734,0.486667395,0.493812323,0.513283074
12622,12.622734,0.486469597,0.493720531,0.513530433
12623,12.623735,0.486271858,0.49362877,0.513728201
12624,12.624736,0.486073732,0.4935368,0.513926268
12625,12.625736,0.485876054,0.493445039,0.514123917
12626,12.626739,0.485678405,0.493353337,0.514321625
12627,12.627728,0.485442609,0.493243903,0.514485359
12628,12.628727,0.48524487,0.493152112,0.51475513
12629,12.629729,0.485047609,0.493060559,0.514952362
12630,12.630744,0.484838516,0.492963523,0.515161455
12631,12.631733,0.484664708,0.492882848,0.515335262
12632,12.632733,0.484455675,0.492785841,0.515544295
12633,12.633734,0.484196991,0.492665797,0.515753627
12634,12.634733,0.484011978,0.492579937,0.515988052
12635,12.635735,0.483802408,0.492482662,0.516197562
12636,12.636739,0.483617812,0.49239701,0.516382217
12637,12.637728,0.483420968,0.492305666,0.516579092
12638,12.638727,0.483198106,0.492202222,0.516801894
12639,12.639729,0.482965052,0.49209404,0.517012477
12640,12.640812,0.48276788,0.492002547,0.51723212
12641,12.641737,0.482584715,0.491917521,0.517415226
12642,12.642738,0.4823744,0.491819918,0.51762557
12643,12.643738,0.482191324,0.491734952,0.517808676
12644,12.644737,0.48198095,0.491637319,0.518019021
12645,12.645738,0.481706828,0.491510093,0.518293142
12646,12.646729,0.481538624,0.491432041,0.518461406
12647,12.647729,0.481342316,0.491340935,0.518657684
12648,12.648729,0.481175393,0.491263449,0.518824577
12649,12.649729,0.480964363,0.491165519,0.519035637
12650,12.650729,0.480753511,0.491067678,0.519246459
12651,12.651753,0.480523586,0.490960956,0.519476414
12652,12.652731,0.480296791,0.490855694,0.519703209
12653,12.653730,0.480131775,0.490779132,0.519868195
12654,12.654730,0.479936212,0.490688354,0.520063758
12655,12.655730,0.479740232,0.490597427,0.520259798
12656,12.656733,0.479528815,0.490499288,0.520471215
12657,12.657733,0.479300439,0.490393311,0.520651042
12658,12.658733,0.479105026,0.490302622,0.520895004
12659,12.659733,0.478909373,0.490211815,0.521090627
12660,12.660733,0.478697628,0.490113527,0.521302342
12661,12.661758,0.478502452,0.490022957,0.521497548
12662,12.662728,0.478323787,0.489940047,0.521676242
12663,12.663730,0.478063017,0.48981902,0.52187109
12664,12.664730,0.47786805,0.48972851,0.52213192
12665,12.665730,0.47769019,0.489645988,0.52230978
12666,12.666733,0.477478057,0.489547521,0.522521913
12667,12.667731,0.477283388,0.48945719,0.522716641
12668,12.668732,0.477088362,0.489366651,0.522911608
12669,12.669732,0.476827085,0.489245415,0.523124218
12670,12.670752,0.476650685,0.489163548,0.523349285
12671,12.671727,0.476455957,0.489073157,0.523544014
12672,12.672749,0.476261705,0.488983035,0.523738325
12673,12.673736,0.47604841,0.488884032,0.52395159
12674,12.674737,0.47589159,0.488811225,0.52410835
12675,12.675738,0.475630343,0.488690019,0.524369657
12676,12.676728,0.475455493,0.488608837,0.524544477
12677,12.677730,0.475280762,0.488527745,0.524719238
12678,12.678731,0.475048542,0.48841998,0.524951458
12679,12.679731,0.474854976,0.488330156,0.525145054
12680,12.680732,0.474641293,0.488231003,0.525358737
12681,12.681733,0.474439114,0.488137156,0.525532305
12682,12.682733,0.474205852,0.488028914,0.525794208
12683,12.683753,0.474032313,0.487948358,0.525967717
12684,12.684729,0.473839194,0.487858713,0.526160777
12685,12.685730,0.473666698,0.487778664,0.526333272
12686,12.686732,0.473452896,0.487679452,0.526547134
12687,12.687733,0.473211765,0.487567544,0.526719153
12688,12.688734,0.473019034,0.487478077,0.526980937
12689,12.689734,0.472847462,0.487398475,0.527152538
12690,12.690735,0.47265476,0.487309039,0.52734524
12691,12.691736,0.472441047,0.487209857,0.527558982
12692,12.692736,0.472248375,0.48712042,0.527751625
12693,12.693843,0.472008049,0.487008899,0.527991951
12694,12.694734,0.471794069,0.486909568,0.528205931
12695,12.695734,0.471579403,0.486809969,0.528420627
12696,12.696738,0.471453995,0.486751765,0.528546035
12697,12.697738,0.471240073,0.486652464,0.528759897
12698,12.698739,0.471048027,0.486563325,0.528951943
12699,12.699728,0.470785767,0.486441612,0.529188931
12700,12.700727,0.470640004,0.486373991,0.529359996
12701,12.701729,0.470448494,0.48628512,0.529551566
12702,12.702730,0.470234215,0.48618564,0.529765785
12703,12.703730,0.470043182,0.486096978,0.529956818
12704,12.704751,0.469827533,0.486008167,0.530148208
12705,12.705739,0.469636708,0.485908359,0.530339181
12706,12.706728,0.469422311,0.485808849,0.530577719
12707,12.707728,0.469231695,0.485720366,0.530768275
12708,12.708729,0.469040841,0.485631824,0.530959189
12709,12.709729,0.468874693,0.485554695,0.531125307
12710,12.710728,0.468660206,0.485455155,0.531339824
12711,12.711729,0.468446672,0.485356063,0.531505764
12712,12.712728,0.468256861,0.485267967,0.531743169
12713,12.713729,0.468066752,0.485179722,0.531933248
12714,12.714841,0.467804581,0.485080123,0.532147884
12715,12.715728,0.467662454,0.484992087,0.532337546
12716,12.716732,0.467472464,0.484903932,0.532527566
12717,12.717732,0.467261195,0.484805852,0.532691419
12718,12.718732,0.46707207,0.484718084,0.53292793
12719,12.719732,0.466856897,0.484618247,0.533143103
12720,12.720731,0.466641992,0.484518498,0.533358037
12721,12.721731,0.466479003,0.48444286,0.533520997
12722,12.722732,0.466289848,0.484355062,0.533710122
12723,12.723732,0.466027498,0.48423329,0.533872366
12724,12.724733,0.465892076,0.484170467,0.534107924
12725,12.725748,0.465703487,0.484082937,0.534296513
12726,12.726739,0.465515405,0.483995646,0.534484625
12727,12.727929,0.465253264,0.483873993,0.534746706
12728,12.728730,0.46513927,0.483821094,0.53486073
12729,12.729729,0.464877188,0.483699441,0.535075724
12730,12.730730,0.464689493,0.483612329,0.535310507
12731,12.731730,0.46450153,0.483525097,0.53549844
12732,12.732730,0.464286178,0.48342514,0.535713792
12733,12.733731,0.464098752,0.483338177,0.535901248
12734,12.734729,0.463911444,0.483251244,0.536088526
12735,12.735795,0.463733584,0.483168691,0.536266387
12736,12.736728,0.463518471,0.483068854,0.5364815
12737,12.737729,0.463331401,0.482982069,0.536668658
12738,12.738728,0.463202029,0.482922018,0.536798
12739,12.739729,0.462958246,0.482808858,0.537041724
12740,12.740730,0.462800562,0.482735664,0.537199378
12741,12.741730,0.462538838,0.482614219,0.537414551
12742,12.742731,0.462382108,0.482541472,0.537617922
12743,12.743732,0.462196052,0.482455134,0.537803948
12744,12.744732,0.461951226,0.482341528,0.538048804
12745,12.745732,0.46179527,0.482269108,0.53820473
12746,12.746826,0.461592853,0.482175171,0.538407147
12747,12.747738,0.461407602,0.482089192,0.538576007
12748,12.748727,0.461192429,0.481989354,0.538807571
12749,12.749728,0.461037785,0.48191756,0.538962185
12750,12.750729,0.460852683,0.48183167,0.539147317
12751,12.751729,0.460668147,0.481746018,0.539331853
12752,12.752730,0.46048373,0.481660426,0.53951627
12753,12.753729,0.460221946,0.481538951,0.539700925
12754,12.754731,0.460068852,0.481467903,0.539931178
12755,12.755732,0.459884942,0.481382519,0.540114999
12756,12.756735,0.459669381,0.481282473,0.540330589
12757,12.757745,0.45948562,0.481197208,0.54051441
12758,12.758733,0.459301621,0.481111825,0.540698409
12759,12.759734,0.459104031,0.481020093,0.540850043
12760,12.760735,0.458920836,0.480935097,0.541079164
12761,12.761735,0.458705753,0.480835259,0.541294217
12762,12.762736,0.45852235,0.480750144,0.541477621
12763,12.763735,0.458306968,0.480650187,0.541693032
12764,12.764737,0.458124101,0.480565339,0.541875899
12765,12.765737,0.457961231,0.480489731,0.541928232
12766,12.766729,0.457745761,0.480389714,0.54225421
12767,12.767818,0.457563549,0.480305195,0.542436481
12768,12.768734,0.457414299,0.480235904,0.542585731
12769,12.769736,0.457232594,0.480151594,0.542767406
12770,12.770736,0.457017571,0.480051786,0.542982459
12771,12.771736,0.456790239,0.479946285,0.543097138
12772,12.772735,0.456575096,0.479846448,0.543424964
12773,12.773735,0.456427723,0.479778051,0.543572307
12774,12.774735,0.456246316,0.47969386,0.543753684
12775,12.775735,0.456065416,0.479609907,0.543934584
12776,12.776738,0.455918998,0.479541928,0.544080973
12777,12.777738,0.455727547,0.479453087,0.544261754
12778,12.778752,0.455512732,0.479353368,0.544487238
12779,12.779739,0.455332667,0.479269803,0.544667304
12780,12.780727,0.455117881,0.479170144,0.544882119
12781,12.781749,0.454937667,0.479086518,0.545062363
12782,12.782737,0.454757988,0.479003102,0.545242012
12783,12.783737,0.454533517,0.478898942,0.545386195
12784,12.784737,0.454353839,0.478815556,0.545646191
12785,12.785738,0.454174697,0.478732407,0.545825303
12786,12.786727,0.453959554,0.478632569,0.546040475
12787,12.787729,0.453816593,0.4785662,0.546183407
12788,12.788729,0.453593224,0.478466541,0.546398163
12789,12.789747,0.453378111,0.478362709,0.546621919
12790,12.790735,0.453199744,0.478279918,0.546800256
12791,12.791735,0.453131139,0.47824809,0.546868861
12792,12.792734,0.452843159,0.478114426,0.547156811
12793,12.793735,0.452702105,0.47804898,0.547297895
12794,12.794735,0.452561378,0.477983654,0.547438622
12795,12.795735,0.452302694,0.47786361,0.547615886
12796,12.796738,0.452162445,0.477798522,0.547837555
12797,12.797737,0.451910704,0.477681696,0.548089325
12798,12.798738,0.45180887,0.4776344,0.548191071
12799,12.799801,0.451588184,0.477552384,0.548367918
12800,12.800731,0.451417863,0.477452934,0.548582077
12801,12.801731,0.451197475,0.477350652,0.548758388
12802,12.802731,0.451021165,0.477268845,0.548978865
12803,12.803731,0.450845301,0.477187246,0.549154758
12804,12.804731,0.450669587,0.477105677,0.549330413
12805,12.805731,0.450493753,0.477024078,0.549506247
12806,12.806733,0.450318396,0.476942688,0.549681604
12807,12.807735,0.450099438,0.476841092,0.54985714
12808,12.808736,0.449963123,0.476777792,0.550036848
12809,12.809736,0.449827552,0.476714879,0.550172448
12810,12.810824,0.449613988,0.476615757,0.550385952
12811,12.811736,0.449400425,0.476516664,0.550599575
12812,12.812738,0.449265391,0.47645399,0.55073458
12813,12.813739,0.448968649,0.476316273,0.550948083
12814,12.814728,0.448794782,0.476235598,0.551205277
12815,12.815728,0.448700607,0.476191878,0.551299393
12816,12.816732,0.448527426,0.476111501,0.551472604
12817,12.817732,0.448434293,0.476068288,0.551565766
12818,12.818733,0.448181242,0.475950837,0.551818788
12819,12.819733,0.447965324,0.475850612,0.552031934
12820,12.820733,0.44779256,0.475770444,0.55220747
12821,12.821753,0.447620392,0.475690544,0.552379608
12822,12.822729,0.447366387,0.475572646,0.552633584
12823,12.823729,0.447235078,0.47551173,0.552764952
12824,12.824730,0.447022021,0.475412846,0.552977979
12825,12.825730,0.446848631,0.47533235,0.553067088
12826,12.826734,0.446677238,0.475252807,0.553322732
12827,12.827734,0.446505785,0.475173265,0.553494275
12828,12.828735,0.446376562,0.475113273,0.553623438
12829,12.829736,0.446205914,0.475034088,0.553794086
12830,12.830735,0.446035147,0.474954814,0.553964794
12831,12.831802,0.445822358,0.474856079,0.554177642
12832,12.832733,0.445652395,0.474777192,0.554347634
12833,12.833735,0.445482314,0.474698246,0.554517686
12834,12.834735,0.445312738,0.474619538,0.554687202
12835,12.835735,0.445185691,0.474560589,0.554814279
12836,12.836738,0.444930971,0.474442393,0.555069089
12837,12.837739,0.444719583,0.474344254,0.555238128
12838,12.838738,0.444507152,0.474245667,0.555492818
12839,12.839764,0.44446829,0.474227637,0.55553174
12840,12.840744,0.444256753,0.474129468,0.555743277
12841,12.841732,0.444088489,0.474051356,0.555911481
12842,12.842752,0.443920285,0.473973304,0.556079686
12843,12.843727,0.443710655,0.473875165,0.556291163
12844,12.844729,0.443543196,0.473798305,0.556456804
12845,12.845729,0.4432877,0.473679721,0.55671227
12846,12.846733,0.443164408,0.473622501,0.556835532
12847,12.847732,0.443041772,0.473565578,0.556958199
12848,12.848732,0.442875266,0.473488301,0.557124674
12849,12.849731,0.442666918,0.473391622,0.557291389
12850,12.850732,0.442456037,0.473293751,0.557543993
12851,12.851731,0.442379743,0.473258346,0.557620287
12852,12.852732,0.442124128,0.473139703,0.557875872
12853,12.853751,0.441912949,0.473041713,0.558087051
12854,12.854727,0.441883326,0.473027974,0.558116674
12855,12.855739,0.441677123,0.472932249,0.558372378
12856,12.856730,0.441466868,0.472834677,0.558533132
12857,12.857730,0.441210449,0.472715676,0.558789551
12858,12.858729,0.441091776,0.472660601,0.558908224
12859,12.859730,0.440927535,0.472584367,0.559072435
12860,12.860730,0.440809608,0.47252965,0.559190392
12861,12.861730,0.440650731,0.472453564,0.559354424
12862,12.862730,0.440441102,0.472358614,0.559558868
12863,12.863793,0.440231442,0.472261339,0.559768617
12864,12.864730,0.440115005,0.472207278,0.559885025
12865,12.865731,0.439858288,0.472088128,0.560141742
12866,12.866733,0.439789355,0.47205615,0.560210645
12867,12.867734,0.43963334,0.471983731,0.560467422
12868,12.868732,0.439376831,0.471864671,0.560623109
12869,12.869734,0.439262211,0.471811503,0.560737789
12870,12.870734,0.439053178,0.471714467,0.560946822
12871,12.871734,0.438938916,0.471661448,0.561061084
12872,12.872734,0.438777983,0.471586764,0.561222017
12873,12.873734,0.438528657,0.471471041,0.561383247
12874,12.874755,0.438415825,0.471418679,0.561584175
12875,12.875730,0.438159198,0.471299589,0.561840832
12876,12.876734,0.438143343,0.471292228,0.561856687
12877,12.877735,0.437983185,0.471217901,0.562016785
12878,12.878734,0.437726736,0.47109887,0.562273264
12879,12.879736,0.437575847,0.471028864,0.562432826
12880,12.880736,0.437367558,0.470932186,0.562632442
12881,12.881736,0.437208474,0.470858335,0.562791467
12882,12.882737,0.437049598,0.470784605,0.562950373
12883,12.883737,0.436841488,0.470688045,0.563158512
12884,12.884840,0.436692566,0.470618904,0.563307405
12885,12.885736,0.436534464,0.47054553,0.563376546
12886,12.886727,0.436426133,0.470495284,0.563573897
12887,12.887728,0.436169118,0.470375985,0.563830853
12888,12.888729,0.436061114,0.470325857,0.563938856
12889,12.889729,0.435903937,0.470252931,0.564096093
12890,12.890730,0.435796946,0.47020328,0.564203084
12891,12.891731,0.435551047,0.470130444,0.564359903
12892,12.892731,0.435444564,0.470039725,0.564555466
12893,12.893732,0.435238153,0.469943911,0.564761817
12894,12.894732,0.435082197,0.469871551,0.564917803
12895,12.895754,0.434926271,0.469799191,0.565073788
12896,12.896734,0.434821546,0.469750583,0.565178454
12897,12.897734,0.434474647,0.469589561,0.565333545
12898,12.898735,0.434421808,0.469565034,0.565578163
12899,12.899736,0.434318006,0.469516873,0.565681994
12900,12.900752,0.434163719,0.469445288,0.56583631
12901,12.901739,0.433958232,0.469349891,0.566041708
12902,12.902726,0.433855474,0.469302207,0.566144466
12903,12.903738,0.433611989,0.469189227,0.566349804
12904,12.904739,0.433510095,0.46914193,0.566489935
12905,12.905739,0.433305174,0.469046831,0.566694856
12906,12.906753,0.433204293,0.469000012,0.566795707
12907,12.907728,0.432947099,0.468880653,0.56705296
12908,12.908729,0.432899177,0.468858391,0.567100823
12909,12.909729,0.432656646,0.4687635,0.567305326
12910,12.910728,0.432504773,0.468675345,0.567495167
12911,12.911729,0.43235296,0.468604892,0.56764704
12912,12.912729,0.432254285,0.468559116,0.567745745
12913,12.913728,0.432156146,0.468513578,0.567843914
12914,12.914728,0.431846201,0.468369693,0.568153739
12915,12.915727,0.431764126,0.468299806,0.568304479
12916,12.916783,0.431560755,0.468237251,0.568439245
12917,12.917732,0.431410372,0.468167454,0.568589628
12918,12.918733,0.431314319,0.46812287,0.56868571
12919,12.919733,0.431164622,0.468053401,0.568835378
12920,12.920733,0.430961728,0.467959225,0.569038272
12921,12.921732,0.430775404,0.467915028,0.569133401
12922,12.922733,0.430680722,0.46782881,0.569319248
12923,12.923732,0.430532068,0.467759818,0.569467962
12924,12.924733,0.43032974,0.467665941,0.56967032
12925,12.925732,0.430127412,0.467572033,0.569872618
12926,12.926736,0.429979324,0.467503279,0.570020616
12927,12.927743,0.429904193,0.467468441,0.570059001
12928,12.928731,0.429702461,0.467374802,0.570297539
12929,12.929731,0.429500461,0.467281044,0.570499539
12930,12.930730,0.42951858,0.467289448,0.57048142
12931,12.931731,0.429317474,0.467196107,0.570682526
12932,12.932731,0.429116398,0.467102796,0.570883572
12933,12.933731,0.428933799,0.467060626,0.570974469
12934,12.934731,0.428788543,0.466950655,0.571211457
12935,12.935730,0.428698599,0.466908902,0.571301401
12936,12.936734,0.428609312,0.466867477,0.571390688
12937,12.937772,0.428353071,0.466748536,0.571646929
12938,12.938730,0.42815274,0.466655582,0.57184726
12939,12.939730,0.427972376,0.466614634,0.571935475
12940,12.940731,0.427884698,0.466531157,0.572115302
12941,12.941732,0.427740812,0.4664644,0.572259188
12942,12.942733,0.427653909,0.466424048,0.572346091
12943,12.943734,0.427454531,0.466331542,0.572545469
12944,12.944734,0.427311718,0.466265231,0.572688222
12945,12.945734,0.427190036,0.466251552,0.572717726
12946,12.946738,0.427047998,0.466142863,0.572951972
12947,12.947739,0.426849306,0.466050655,0.573150694
12948,12.948757,0.426764458,0.466011256,0.573235512
12949,12.949732,0.426566064,0.465919197,0.573433876
12950,12.950734,0.426425099,0.465853751,0.573574901
12951,12.951735,0.426306158,0.465788275,0.573715985
12952,12.952735,0.42616576,0.465733409,0.57383424
12953,12.953736,0.425910413,0.465614915,0.574089587
12954,12.954750,0.425828189,0.465576768,0.574171841
12955,12.955738,0.425630361,0.465484947,0.574369669
12956,12.956730,0.425664693,0.465500861,0.574335337
12957,12.957731,0.42543304,0.465382546,0.574590206
12958,12.958732,0.425236017,0.465301931,0.574764013
12959,12.959754,0.425155818,0.465264678,0.574844122
12960,12.960731,0.425017685,0.465200603,0.574982345
12961,12.961731,0.424879551,0.465136468,0.575120449
12962,12.962732,0.424742073,0.465072691,0.575257957
12963,12.963733,0.424629092,0.465036154,0.575336576
12964,12.964733,0.424433529,0.464929461,0.575566411
12965,12.965733,0.424296647,0.464865953,0.575703382
12966,12.966738,0.42416051,0.464802772,0.57583952
12967,12.967737,0.424024135,0.464739472,0.575975835
12968,12.968736,0.423829049,0.464648932,0.576170921
12969,12.969801,0.423778206,0.464625359,0.576221824
12970,12.970738,0.423523962,0.464507341,0.576476038
12971,12.971739,0.423329234,0.464416981,0.576670766
12972,12.972726,0.423313916,0.464409858,0.576686084
12973,12.973727,0.423059613,0.464291841,0.576940417
12974,12.974728,0.422865301,0.464201659,0.577134669
12975,12.975728,0.422757894,0.464167386,0.577208519
12976,12.976731,0.42268458,0.464117765,0.57731539
12977,12.977731,0.422611356,0.464083791,0.577388644
12978,12.978730,0.422478557,0.464022189,0.577521443
12979,12.979730,0.422285527,0.463932574,0.577714443
12980,12.980747,0.422213495,0.463899165,0.577786505
12981,12.981735,0.421987981,0.463809729,0.577979207
12982,12.982736,0.421916813,0.463761479,0.578083217
12983,12.983735,0.4218463,0.463728756,0.578153729
12984,12.984736,0.421593428,0.463611364,0.578406572
12985,12.985736,0.421584368,0.463607162,0.578415573
12986,12.986739,0.4212704,0.463461459,0.57872957
12987,12.987739,0.421291471,0.463471234,0.578859985
12988,12.988727,0.421038926,0.463354021,0.578961015
12989,12.989739,0.420970708,0.463322401,0.579029322
12990,12.990740,0.420718044,0.463205129,0.579281986
12991,12.991745,0.42065078,0.463173896,0.57934922
12992,12.992732,0.420521736,0.463114023,0.579478264
12993,12.993733,0.420299113,0.463054419,0.579606712
12994,12.994734,0.420357168,0.46303764,0.579642832
12995,12.995733,0.420167446,0.462949574,0.579832554
12996,12.996737,0.419977486,0.462861419,0.580022454
12997,12.997737,0.419912636,0.462831348,0.580087423
12998,12.998736,0.419785827,0.462772489,0.580214202
12999,12.999736,0.419565022,0.462684721,0.580403209
13000,13.000737,0.419376016,0.46258226,0.580623925
13001,13.001804,0.419249743,0.462523699,0.580750287
13002,13.002734,0.419124037,0.462465346,0.580875993
13003,13.003736,0.419061631,0.462436378,0.580938399
13004,13.004737,0.418936342,0.462378234,0.581063688
13005,13.005738,0.418780416,0.462320358,0.581188381
13006,13.006752,0.418719351,0.462277532,0.581280649
13007,13.007728,0.418595344,0.462219954,0.581404626
13008,13.008729,0.418344319,0.462103456,0.581655681
13009,13.009730,0.418284476,0.46207571,0.581715524
13010,13.010730,0.418097496,0.461988926,0.581902504
13011,13.011730,0.418007702,0.461961389,0.58196187
13012,13.012753,0.417948812,0.461919904,0.582051158
13013,13.013728,0.417762697,0.461833537,0.582237303
13014,13.014729,0.417640775,0.461776942,0.582359195
13015,13.015730,0.417583406,0.461750329,0.582416654
13016,13.016732,0.417397678,0.46166414,0.582602382
13017,13.017734,0.417181879,0.461578041,0.582787871
13018,13.018735,0.417125791,0.461537957,0.582874238
13019,13.019735,0.416940838,0.461452127,0.583059192
13020,13.020736,0.416755587,0.461366117,0.583244383
13021,13.021735,0.41683042,0.461400867,0.58316958
13022,13.022763,0.41661641,0.461315393,0.583353698
13023,13.023744,0.416497171,0.461246192,0.583408058
13024,13.024732,0.41631335,0.461160898,0.583686709
13025,13.025733,0.416260153,0.461136222,0.583739877
13026,13.026735,0.416207135,0.461111605,0.583792925
13027,13.027736,0.416024089,0.461026639,0.583975911
13028,13.028738,0.415906608,0.46097213,0.584093392
13029,13.029738,0.415825725,0.460917771,0.584210515
13030,13.030739,0.415774584,0.460910827,0.584225357
13031,13.031727,0.415526986,0.460795939,0.584473014
13032,13.032739,0.415476412,0.460772455,0.584523559
13033,13.033765,0.415360719,0.460718781,0.584639251
13034,13.034730,0.415245265,0.460665196,0.584754705
13035,13.035730,0.415035009,0.460580975,0.584936142
13036,13.036734,0.41485399,0.460483611,0.58514607
13037,13.037734,0.41480577,0.460461229,0.58519423
13038,13.038734,0.414757788,0.460438937,0.585242212
13039,13.039734,0.414577514,0.460355282,0.585422456
13040,13.040732,0.414463997,0.460302621,0.585536063
13041,13.041734,0.414322436,0.460280895,0.585582852
13042,13.042733,0.414209425,0.460184455,0.585790575
13043,13.043733,0.414163679,0.460163236,0.585836351
13044,13.044752,0.414051533,0.460111171,0.585948467
13045,13.045727,0.413872719,0.460028201,0.586127281
13046,13.046731,0.413760871,0.459976286,0.5862391
13047,13.047731,0.413621813,0.459986985,0.586216092
13048,13.048731,0.413510948,0.459860295,0.586489081
13049,13.049730,0.413400412,0.459808975,0.586599529
13050,13.050731,0.413290024,0.459757775,0.586710036
13051,13.051731,0.413112462,0.459675372,0.586887598
13052,13.052731,0.413138211,0.459687293,0.586861789
13053,13.053731,0.413001746,0.459636509,0.586971223
13054,13.054757,0.412824899,0.459541887,0.587175131
13055,13.055744,0.412716359,0.459491521,0.587283611
13056,13.056735,0.412676185,0.459472895,0.587323844
13057,13.057734,0.412500024,0.459391117,0.587499976
13058,13.058748,0.412460685,0.459372878,0.587539315
13059,13.059737,0.412258446,0.459291458,0.587714791
13060,13.060736,0.412219882,0.45926109,0.587780118
13061,13.061737,0.412045032,0.459179968,0.587954998
13062,13.062737,0.412075579,0.459194124,0.587924421
13063,13.063737,0.411901414,0.4591133,0.588098586
13064,13.064737,0.411658406,0.459000528,0.588341594
13065,13.065802,0.411595702,0.458971441,0.588404298
13066,13.066731,0.411490679,0.458922684,0.588509321
13067,13.067731,0.411524057,0.458938181,0.588475943
13068,13.068732,0.411282063,0.458825886,0.588717937
13069,13.069732,0.411108762,0.45874542,0.588891208
13070,13.070733,0.411074549,0.458729565,0.588925481
13071,13.071733,0.410945535,0.45871383,0.588959396
13072,13.072734,0.410912156,0.458654195,0.589087844
13073,13.073734,0.410740137,0.458574355,0.589259863
13074,13.074734,0.410498649,0.458462298,0.589501381
13075,13.075735,0.410675317,0.458544284,0.589324713
13076,13.076746,0.410434723,0.458432615,0.589565277
13077,13.077735,0.410238415,0.458385617,0.589666545
13078,13.078735,0.410207361,0.458327115,0.589792669
13079,13.079735,0.410107046,0.458280534,0.589892924
13080,13.080736,0.41000697,0.458234102,0.58999306
13081,13.081736,0.409977168,0.458220243,0.590022802
13082,13.082737,0.409877837,0.458174169,0.590122163
13083,13.083738,0.40961352,0.458128273,0.590221047
13084,13.084737,0.409444034,0.457972825,0.590555966
13085,13.085738,0.409697771,0.458090603,0.590302229
13086,13.086730,0.40938881,0.457947195,0.59061116
13087,13.087745,0.40936178,0.457934648,0.590638161
13088,13.088732,0.409264356,0.457889438,0.590735614
13089,13.089735,0.409143269,0.457844496,0.590832531
13090,13.090735,0.409046739,0.457788467,0.59095329
13091,13.091735,0.408879697,0.457710922,0.591120362
13092,13.092736,0.408783793,0.457666397,0.591216207
13093,13.093736,0.408688039,0.457621962,0.591311932
13094,13.094737,0.40859288,0.457577825,0.59140718
13095,13.095739,0.408545494,0.457533747,0.591501951
13096,13.096730,0.408450902,0.457511902,0.591549039
13097,13.097730,0.408285528,0.457435191,0.591714501
13098,13.098748,0.4081918,0.457391679,0.5918082
13099,13.099736,0.40809837,0.457348287,0.5919016
13100,13.100735,0.408005059,0.457305014,0.591994941
13101,13.101735,0.407960802,0.45726195,0.592087686
13102,13.102736,0.407868564,0.457241654,0.592131436
13103,13.103735,0.407632858,0.45713228,0.592367172
13104,13.104735,0.407612979,0.457123041,0.592387021
13105,13.105735,0.407665491,0.457147419,0.592334509
13106,13.106738,0.407358497,0.457004905,0.592641473
13107,13.107738,0.40731734,0.456962824,0.592732251
13108,13.108765,0.40722695,0.45694387,0.59277302
13109,13.109736,0.407137126,0.456902206,0.592862904
13110,13.110737,0.40697521,0.456827044,0.59302485
13111,13.111738,0.407030672,0.456852794,0.592969358
13112,13.112736,0.406941921,0.456811607,0.593058109
13113,13.113737,0.406758845,0.456703156,0.593291759
13114,13.114738,0.406670809,0.456685781,0.593329191
13115,13.115737,0.406582892,0.456644952,0.593417048
13116,13.116728,0.406568289,0.456638187,0.593431711
13117,13.117754,0.406408519,0.456564039,0.593591452
13118,13.118744,0.406321645,0.456523716,0.593678355
13119,13.119745,0.40621376,0.456473678,0.593691707
13120,13.120733,0.406200886,0.456467688,0.593799114
13121,13.121732,0.406115353,0.456427991,0.593884587
13122,13.122733,0.405957043,0.456354499,0.594042957
13123,13.123733,0.40594542,0.456349105,0.59405452
13124,13.124733,0.405934036,0.45634383,0.594065964
13125,13.125733,0.405755669,0.456304818,0.594150126
13126,13.126736,0.405524939,0.456153989,0.594475091
13127,13.127736,0.405441314,0.456115156,0.594558656
13128,13.128736,0.405431956,0.456110835,0.594568074
13129,13.129814,0.405402273,0.45607245,0.594650745
13130,13.130738,0.405266732,0.456034124,0.594733238
13131,13.131739,0.405164242,0.455996096,0.594815254
13132,13.132738,0.405156493,0.455982983,0.594843507
13133,13.133739,0.405001462,0.45591104,0.594998538
13134,13.134728,0.404772103,0.455804586,0.595227897
13135,13.135728,0.404914021,0.45587045,0.595085979
13136,13.136732,0.404981762,0.455901891,0.595018268
13137,13.137733,0.404808313,0.45576182,0.595320046
13138,13.138733,0.404580683,0.455715746,0.595419347
13139,13.139734,0.404352546,0.455609888,0.595647514
13140,13.140750,0.404273629,0.455573231,0.595726371
13141,13.141728,0.404493213,0.455675125,0.595506787
13142,13.142729,0.40441522,0.455638945,0.59558475
13143,13.143730,0.404263258,0.455568403,0.595736682
13144,13.144730,0.404092193,0.455489039,0.595907807
13145,13.145730,0.403790623,0.455349088,0.596209407
13146,13.146735,0.40393877,0.455417812,0.59606123
13147,13.147735,0.403937489,0.455417216,0.596062481
13148,13.148736,0.403861731,0.455382079,0.596138239
13149,13.149737,0.403767645,0.455312282,0.596288681
13150,13.150762,0.403692573,0.45530355,0.596307397
13151,13.151748,0.403618038,0.455268979,0.596381962
13152,13.152737,0.403393507,0.45516479,0.596606493
13153,13.153737,0.40347001,0.455200285,0.59653002
13154,13.154738,0.403396338,0.455166101,0.596603692
13155,13.155739,0.403304935,0.455097169,0.596752048
13156,13.156730,0.403307498,0.455124855,0.596692443
13157,13.157731,0.403160006,0.455056399,0.596840024
13158,13.158731,0.403087854,0.455022931,0.596912146
13159,13.159731,0.40294078,0.454954684,0.59705925
13160,13.160732,0.402869403,0.454921544,0.597130597
13161,13.161772,0.402704895,0.45484519,0.597295165
13162,13.162728,0.40271017,0.454847634,0.597289801
13163,13.163729,0.402640015,0.45481509,0.597360015
13164,13.164728,0.402570277,0.454782724,0.597429752
13165,13.165728,0.402424693,0.454715133,0.597575307
13166,13.166731,0.402431637,0.454718351,0.597568333
13167,13.167731,0.402421772,0.454686463,0.597637057
13168,13.168731,0.402353525,0.454682112,0.597646475
13169,13.169730,0.40220961,0.454615325,0.59779042
13170,13.170730,0.402218044,0.454619229,0.597781897
13171,13.171730,0.402227044,0.454623401,0.597772956
13172,13.172750,0.401931554,0.454486281,0.598068476
13173,13.173737,0.401771903,0.454455376,0.598135114
13174,13.174739,0.402011395,0.454523325,0.597988605
13175,13.175738,0.4019458,0.454492897,0.59805423
13176,13.176728,0.401727855,0.454391718,0.598272085
13177,13.177751,0.401662827,0.454361558,0.598337173
13178,13.178739,0.401598275,0.454331607,0.598401725
13179,13.179739,0.401518047,0.454266101,0.598542809
13180,13.180739,0.401530921,0.454300344,0.598469079
13181,13.181739,0.40131402,0.454199672,0.59868598
13182,13.182728,0.401250958,0.454170406,0.598749042
13183,13.183743,0.401341975,0.454212666,0.598658025
13184,13.184731,0.401125759,0.454112291,0.598874211
13185,13.185731,0.401140839,0.454119295,0.598859131
13186,13.186734,0.401063979,0.454083651,0.598936081
13187,13.187733,0.401002735,0.45405519,0.598997235
13188,13.188733,0.40086481,0.453991205,0.59913516
13189,13.189733,0.401035786,0.454070538,0.598964214
13190,13.190734,0.40074414,0.453935206,0.59925586
13191,13.191734,0.400747001,0.453979254,0.599160969
13192,13.192734,0.400610417,0.453873158,0.599389613
13193,13.193752,0.400706321,0.453917623,0.599293649
13194,13.194739,0.400570393,0.453854561,0.599429607
13195,13.195727,0.400589764,0.453863561,0.599410236
13196,13.196730,0.400454611,0.453800827,0.59954536
13197,13.197729,0.400397301,0.453774214,0.599602699
13198,13.198730,0.400326043,0.453741163,0.599673927
13199,13.199731,0.400347054,0.453750908,0.599652946
13200,13.200731,0.400213271,0.4536888,0.599786699
13201,13.201732,0.400157481,0.453662932,0.599842548
13202,13.202733,0.400024086,0.453601032,0.599975944
13203,13.203733,0.40011102,0.453641355,0.599875331
13204,13.204743,0.399978578,0.453579903,0.600021422
13205,13.205733,0.399846345,0.45351851,0.600153625
13206,13.206736,0.399870366,0.453529686,0.600129664
13207,13.207737,0.39981693,0.45350486,0.60018301
13208,13.208736,0.399997473,0.453588665,0.600002527
13209,13.209738,0.399853885,0.453419417,0.600367188
13210,13.210738,0.399645507,0.453425318,0.600354493
13211,13.211726,0.399593592,0.453401238,0.600406408
13212,13.212727,0.399385303,0.453304559,0.600614667
13213,13.213729,0.399334013,0.453280747,0.600665927
13214,13.214755,0.399596304,0.453402489,0.600403666
13215,13.215730,0.399467826,0.453342855,0.600532174
13216,13.216735,0.399405301,0.453313857,0.600594759
13217,13.217733,0.399277329,0.453254431,0.600722611
13218,13.218736,0.399228007,0.453231543,0.600771964
13219,13.219736,0.3992576,0.453245282,0.60074234
13220,13.220738,0.399052054,0.453149915,0.600947976
13221,13.221738,0.39922756,0.453200459,0.600839019
13222,13.222739,0.399022847,0.453136355,0.600977182
13223,13.223739,0.398975551,0.45311439,0.601024449
13224,13.224728,0.399007261,0.453129113,0.60099268
13225,13.225752,0.398882031,0.453070998,0.601117969
13226,13.226730,0.398914516,0.453086048,0.601085424
13227,13.227732,0.398868799,0.453064829,0.601131141
13228,13.228754,0.398654431,0.452965379,0.601345599
13229,13.229729,0.39860943,0.452944487,0.6013906
13230,13.230728,0.398722589,0.452996969,0.601277351
13231,13.231727,0.398520529,0.452903211,0.60147953
13232,13.232727,0.398634672,0.4529562,0.601365328
13233,13.233727,0.398591161,0.452935994,0.601408839
13234,13.234728,0.398537338,0.452911019,0.601462662
13235,13.235818,0.39849475,0.452891231,0.60150522
13236,13.236734,0.39829427,0.452798188,0.60170567
13237,13.237735,0.398410618,0.452852219,0.601589382
13238,13.238736,0.398131371,0.452722609,0.601868629
13239,13.239735,0.398238659,0.452777147,0.601751089
13240,13.240735,0.398277164,0.45279029,0.601722896
13241,13.241734,0.39823693,0.452771604,0.601763129
13242,13.242735,0.398197085,0.452753097,0.601802886
13243,13.243735,0.398078263,0.452697963,0.601921737
13244,13.244735,0.398118496,0.452716649,0.601881504
13245,13.245735,0.39800027,0.452661753,0.6019997
13246,13.246749,0.397952288,0.45263949,0.602047682
13247,13.247736,0.397993863,0.452658802,0.602006197
13248,13.248736,0.397876859,0.452604502,0.602123201
13249,13.249737,0.397839606,0.452587217,0.602160454
13250,13.250736,0.39780283,0.45257014,0.60219717
13251,13.251736,0.397836864,0.452553213,0.602233529
13252,13.252736,0.397800922,0.452569246,0.602199078
13253,13.253736,0.397685707,0.452515781,0.602314353
13254,13.254736,0.39765054,0.452499449,0.60234946
13255,13.255736,0.397615701,0.452483296,0.602384329
13256,13.256766,0.39758116,0.452467233,0.60241878
13257,13.257735,0.397618383,0.452414393,0.602532744
13258,13.258735,0.397425175,0.452394843,0.602574825
13259,13.259735,0.397471845,0.452416539,0.602528214
13260,13.260735,0.397438973,0.452401251,0.602560997
13261,13.261736,0.397326469,0.452349037,0.602673471
13262,13.262736,0.397374392,0.452371299,0.602625608
13263,13.263736,0.397334874,0.452356577,0.602657318
13264,13.264737,0.397383422,0.452375472,0.602616549
13265,13.265736,0.397352666,0.452361196,0.602647305
13266,13.266728,0.39716208,0.452272743,0.602837861
13267,13.267745,0.397212118,0.452295989,0.602787912
13268,13.268733,0.397102207,0.452244967,0.602897823
13269,13.269734,0.39723298,0.452305675,0.60276705
13270,13.270733,0.397196949,0.452288955,0.602803111
13271,13.271734,0.397008091,0.452201277,0.602991879
13272,13.272735,0.397060186,0.452225477,0.602939844
13273,13.273735,0.39703247,0.452212602,0.602967501
13274,13.274735,0.397085309,0.452237129,0.602914691
13275,13.275735,0.397058368,0.452224642,0.602941692
13276,13.276739,0.396944851,0.452171922,0.60305512
13277,13.277868,0.396838456,0.452122569,0.603161573
13278,13.278734,0.396973312,0.452185154,0.603026688
13279,13.279734,0.39694792,0.452173382,0.603052139
13280,13.280735,0.396922946,0.452161789,0.603077054
13281,13.281736,0.39689225,0.452150375,0.603101611
13282,13.282736,0.396787882,0.452099085,0.603212118
13283,13.283737,0.3967641,0.452088058,0.6032359
13284,13.284746,0.396740735,0.45207721,0.603259325
13285,13.285734,0.396637261,0.452029198,0.603362799
13286,13.286738,0.396614581,0.452018678,0.603385448
13287,13.287739,0.396667331,0.452008367,0.603407621
13288,13.288747,0.396645606,0.452033043,0.603354335
13289,13.289734,0.396543711,0.451985776,0.603456318
13290,13.290736,0.396603286,0.452013403,0.603396654
13291,13.291737,0.396582663,0.452003837,0.603417337
13292,13.292737,0.39672333,0.452069134,0.60327667
13293,13.293738,0.396457106,0.45198527,0.603457391
13294,13.294737,0.396518379,0.451974005,0.603481591
13295,13.295738,0.396418631,0.451927722,0.603581369
13296,13.296728,0.39648068,0.451956511,0.60351932
13297,13.297728,0.396543086,0.451985478,0.603456914
13298,13.298728,0.396525204,0.451977193,0.603474796
13299,13.299746,0.396342129,0.451931685,0.603572786
13300,13.300734,0.396405935,0.45192185,0.603594124
13301,13.301734,0.396389306,0.451914102,0.603610694
13302,13.302734,0.396373034,0.451906562,0.603626966
13303,13.303733,0.396357238,0.45189923,0.603642762
13304,13.304734,0.396422446,0.45192948,0.603577495
13305,13.305734,0.396245986,0.451847613,0.603754044
13306,13.306737,0.396227598,0.45183906,0.603772402
13307,13.307737,0.396294177,0.451869965,0.603705764
13308,13.308736,0.396199614,0.451826096,0.603800416
13309,13.309811,0.396266937,0.451857328,0.603733063
13310,13.310738,0.396334589,0.45188871,0.603665411
13311,13.311738,0.396238029,0.451845378,0.603758812
13312,13.312738,0.396306634,0.451875746,0.603693366
13313,13.313737,0.396214008,0.451832741,0.603785992
13314,13.314738,0.396283358,0.451864958,0.603716671
13315,13.315739,0.396272302,0.451859832,0.603727698
13316,13.316730,0.396180838,0.451817364,0.603819132
13317,13.317729,0.396332026,0.451887518,0.603667974
13318,13.318729,0.396158218,0.451806873,0.603841782
13319,13.319729,0.396229595,0.451839983,0.603770375
13320,13.320747,0.396139741,0.45179829,0.603860259
13321,13.321735,0.396050125,0.451756716,0.603949904
13322,13.322734,0.396203637,0.451827943,0.603796363
13323,13.323735,0.39619571,0.451824278,0.60380435
13324,13.324735,0.396186382,0.451819927,0.603813589
13325,13.325735,0.396260083,0.45185414,0.603739917
13326,13.326738,0.396091878,0.451776087,0.603908181
13327,13.327739,0.396166384,0.451810658,0.603833616
13328,13.328738,0.39607963,0.451770395,0.603920341
13329,13.329739,0.396072865,0.451805353,0.603845
13330,13.330751,0.396067798,0.451764911,0.603932261
13331,13.331726,0.396224797,0.451837748,0.603775144
13332,13.332728,0.395977914,0.451723188,0.604022145
13333,13.333729,0.396055043,0.451758981,0.603944957
13334,13.334729,0.395970494,0.451719761,0.604029536
13335,13.335730,0.39612934,0.451793462,0.60387063
13336,13.336732,0.395882934,0.451679111,0.604117095
13337,13.337742,0.396123707,0.451790839,0.603876293
13338,13.338730,0.396040916,0.451752424,0.603959084
13339,13.339731,0.396120399,0.45178932,0.603879631
13340,13.340732,0.396119297,0.451788813,0.603880703
13341,13.341745,0.396118373,0.451750934,0.603962302
13342,13.342734,0.396037281,0.451750755,0.603962779
13343,13.343734,0.396037489,0.451750845,0.603962541
13344,13.344735,0.396037996,0.451751083,0.603962064
13345,13.345735,0.395957828,0.45171386,0.604042172
13346,13.346727,0.395959169,0.451714486,0.604040861
13347,13.347739,0.39612323,0.451752841,0.60395813
13348,13.348728,0.396044493,0.451754093,0.603956103
13349,13.349729,0.396047026,0.451755255,0.603952944
13350,13.350728,0.395968974,0.451719046,0.604031026
13351,13.351825,0.396054178,0.451795667,0.603865802
13352,13.352738,0.396218628,0.451834917,0.603781402
13353,13.353739,0.396142989,0.451799303,0.603858054
13354,13.354728,0.396147549,0.451801926,0.603853583
13355,13.355728,0.396071583,0.45176667,0.603928447
13356,13.356732,0.396157801,0.451806664,0.603842258
13357,13.357733,0.39608261,0.451771796,0.60391742
13358,13.358733,0.396088719,0.451774597,0.603911281
13359,13.359734,0.396095157,0.451777607,0.603904843
13360,13.360732,0.396265388,0.451856613,0.603734612
13361,13.361733,0.396111101,0.451784998,0.603888869
13362,13.362745,0.39611879,0.451788545,0.60388118
13363,13.363733,0.396126896,0.45179233,0.603873074
13364,13.364733,0.396054417,0.451758683,0.603945553
13365,13.365732,0.396225065,0.451837897,0.603774965
13366,13.366736,0.396074951,0.451768219,0.603925049
13367,13.367736,0.396165609,0.4518103,0.603834391
13368,13.368736,0.396256506,0.4518525,0.603743553
13369,13.369736,0.396267027,0.451857358,0.603733003
13370,13.370734,0.39635855,0.451899856,0.60364151
13371,13.371736,0.396208286,0.451830089,0.603791714
13372,13.372775,0.396303713,0.451874375,0.603696287
13373,13.373729,0.396315753,0.451879978,0.603684247
13374,13.374728,0.396166623,0.451810777,0.603833377
13375,13.375729,0.396341085,0.45189172,0.603658915
13376,13.376733,0.396273673,0.451860458,0.603726327
13377,13.377732,0.396367997,0.451904237,0.603632033
13378,13.378732,0.39638558,0.451912403,0.60369873
13379,13.379731,0.396238625,0.451844186,0.603761435
13380,13.380732,0.396334231,0.451888561,0.603665769
13381,13.381733,0.396430284,0.451933146,0.603569746
13382,13.382733,0.396365255,0.451902926,0.603634715
13383,13.383757,0.396304607,0.451874822,0.603699446
13384,13.384732,0.396321088,0.451882452,0.603521705
13385,13.385733,0.396499366,0.451965183,0.603500605
13386,13.386736,0.396436006,0.451935768,0.603563964
13387,13.387736,0.396534204,0.451981366,0.603465796
13388,13.388736,0.396471679,0.451952338,0.603528321
13389,13.389737,0.396490127,0.451960921,0.603509903
13390,13.390736,0.3965137,0.451971829,0.6034863
13391,13.391744,0.396532923,0.45198077,0.603467107
13392,13.392733,0.396633089,0.452027261,0.603366911
13393,13.393732,0.396572649,0.451999187,0.603427351
13394,13.394746,0.396593064,0.452008665,0.603406906
13395,13.395734,0.396613896,0.45201835,0.603386164
13396,13.396738,0.396720886,0.452068001,0.603279114
13397,13.397739,0.396662116,0.452040732,0.603337884
13398,13.398726,0.39668411,0.452050924,0.60331589
13399,13.399727,0.396706551,0.452061355,0.603293478
13400,13.400728,0.396568209,0.451997131,0.603431761
13401,13.401728,0.396832883,0.452119976,0.603167117
13402,13.402729,0.396701574,0.452059031,0.603143573
13403,13.403729,0.396806061,0.452107549,0.603193998
13404,13.404771,0.396830499,0.452118874,0.603169441
13405,13.405736,0.397015721,0.452204823,0.60298425
13406,13.406729,0.396880478,0.45214206,0.603119493
13407,13.407729,0.396986246,0.452191144,0.603013754
13408,13.408729,0.396858186,0.452131718,0.603068054
13409,13.409730,0.397045135,0.452218473,0.602954865
13410,13.410731,0.397151947,0.452268064,0.602848053
13411,13.411731,0.396938622,0.452169061,0.603061438
13412,13.412732,0.397126645,0.452256322,0.602873385
13413,13.413732,0.397074401,0.452232063,0.602925599
13414,13.414733,0.397109807,0.452248484,0.602817178
13415,13.415745,0.397218704,0.452299029,0.602781296
13416,13.416735,0.397167802,0.452275425,0.602832198
13417,13.417737,0.397197306,0.452289104,0.602802634
13418,13.418736,0.397227317,0.452303052,0.602772713
13419,13.419737,0.397177517,0.452279925,0.602822483
13420,13.420738,0.397375911,0.452372015,0.602624118
13421,13.421728,0.397407055,0.452386439,0.602592945
13422,13.422727,0.397438586,0.452401102,0.602561474
13423,13.423728,0.397470385,0.452415824,0.602529585
13424,13.424728,0.39742285,0.45239377,0.60257715
13425,13.425729,0.397543579,0.452408969,0.602544427
13426,13.426746,0.397496879,0.452428132,0.602503061
13427,13.427733,0.397530407,0.452443719,0.602469623
13428,13.428734,0.397484481,0.45242238,0.602515519
13429,13.429734,0.397598624,0.452475369,0.602401376
13430,13.430734,0.397712946,0.452528417,0.602287054
13431,13.431734,0.397668302,0.452507704,0.602331758
13432,13.432732,0.397632837,0.452491224,0.602376103
13433,13.433734,0.397828102,0.452581853,0.602171898
13434,13.434733,0.397864252,0.452598631,0.602135718
13435,13.435733,0.39790082,0.452615619,0.60209918
13436,13.436776,0.397937834,0.452632785,0.602062166
13437,13.437739,0.397816151,0.452576309,0.602183819
13438,13.438739,0.398022413,0.452672035,0.601977587
13439,13.439739,0.39806062,0.452689767,0.60193938
13440,13.440727,0.398099244,0.452707678,0.601900697
13441,13.441726,0.398058832,0.452688932,0.601941168
13442,13.442727,0.398018718,0.452670306,0.601981223
13443,13.443739,0.398147941,0.452730298,0.601862013
13444,13.444749,0.398188114,0.452748924,0.601811826
13445,13.445737,0.398228735,0.452767789,0.601771235
13446,13.446727,0.398348808,0.45282352,0.601651192
13447,13.447747,0.398231715,0.45276919,0.601768315
13448,13.448734,0.398510844,0.452898741,0.601489186
13449,13.449735,0.398552835,0.452918231,0.601447225
13450,13.450735,0.398447871,0.452869475,0.601562738
13451,13.451736,0.398411721,0.452852726,0.601588309
13452,13.452735,0.398455024,0.452872813,0.601544976
13453,13.453736,0.398656696,0.452966422,0.601343334
13454,13.454735,0.398700714,0.452986836,0.601299286
13455,13.455736,0.398823798,0.453043967,0.601176202
13456,13.456739,0.398564339,0.452923566,0.601435721
13457,13.457738,0.398767561,0.453017861,0.601232409
13458,13.458749,0.398813158,0.45303902,0.601186872
13459,13.459739,0.398859143,0.453060359,0.601140857
13460,13.460739,0.398984253,0.453118443,0.601015747
13461,13.461727,0.398952335,0.453103602,0.601047635
13462,13.462739,0.399089873,0.453167468,0.600910187
13463,13.463728,0.399058819,0.453153044,0.600941181
13464,13.464728,0.398949444,0.453102291,0.601050615
13465,13.465728,0.39915514,0.453197718,0.60084486
13466,13.466732,0.399282277,0.453256726,0.600717664
13467,13.467733,0.399174452,0.453206688,0.600825548
13468,13.468822,0.399236262,0.453235388,0.600763738
13469,13.469730,0.399521172,0.453367621,0.600478828
13470,13.470730,0.3995713,0.453390867,0.600428641
13471,13.471732,0.399699986,0.45345059,0.600300014
13472,13.472732,0.399594814,0.453401804,0.600405216
13473,13.473733,0.399724185,0.453461826,0.600275815
13474,13.474734,0.399710953,0.453455687,0.600380182
13475,13.475733,0.399685055,0.453443676,0.600314975
13476,13.476738,0.399659574,0.453431845,0.600340486
13477,13.477738,0.399712503,0.453456402,0.600287497
13478,13.478727,0.399843931,0.453517407,0.600156069
13479,13.479750,0.399833083,0.453542382,0.600102305
13480,13.480739,0.40004319,0.453609884,0.59995681
13481,13.481739,0.399941862,0.453562856,0.600058138
13482,13.482727,0.400152415,0.453660578,0.599847555
13483,13.483728,0.400207698,0.453686237,0.599792302
13484,13.484728,0.400185674,0.453676015,0.599814355
13485,13.485730,0.400163978,0.453665942,0.599836051
13486,13.486733,0.400312185,0.453734726,0.599779665
13487,13.487734,0.400368989,0.453761071,0.599630952
13488,13.488734,0.400348514,0.453751564,0.599651456
13489,13.489735,0.400483668,0.453814298,0.599516332
13490,13.490749,0.400541663,0.453841209,0.599458337
13491,13.491736,0.400754631,0.453940064,0.599245369
13492,13.492735,0.400673389,0.453902364,0.599264026
13493,13.493735,0.400732517,0.453929812,0.599267483
13494,13.494734,0.400791943,0.453957379,0.599208057
13495,13.495735,0.400851786,0.453985155,0.599148154
13496,13.496751,0.400834799,0.453977287,0.599165201
13497,13.497739,0.400972545,0.454041183,0.599027395
13498,13.498739,0.401202828,0.454148054,0.598797143
13499,13.499739,0.401110291,0.454105109,0.598889649
13500,13.500840,0.401325792,0.454205155,0.598674238
13501,13.501730,0.401311159,0.45419836,0.598688841
13502,13.502730,0.401373565,0.454227298,0.598626375
13503,13.503729,0.401359558,0.454220802,0.598640442
13504,13.504730,0.401438713,0.454257548,0.598577142
13505,13.505730,0.401579142,0.454322726,0.598420858
13506,13.506734,0.401566505,0.454316854,0.598433495
13507,13.507734,0.401630878,0.454346716,0.598369122
13508,13.508734,0.401924729,0.454483122,0.598075271
13509,13.509733,0.401760846,0.454407036,0.598239124
13510,13.510733,0.401766241,0.45440957,0.59825027
13511,13.511756,0.401832163,0.454440147,0.598167837
13512,13.512731,0.401975006,0.454506457,0.598025024
13513,13.513730,0.401888847,0.454466462,0.598111153
13514,13.514731,0.402184844,0.454603821,0.597815156
13515,13.515732,0.402252287,0.454635143,0.597747743
13516,13.516734,0.402336925,0.454674423,0.597832322
13517,13.517735,0.402329057,0.454670787,0.597670972
13518,13.518733,0.402321517,0.45466727,0.597678483
13519,13.519734,0.402466506,0.454734564,0.597533524
13520,13.520734,0.402535856,0.454766721,0.597464085
13521,13.521735,0.402605444,0.454799026,0.597394586
13522,13.522743,0.402768731,0.454874814,0.597231269
13523,13.523731,0.402687609,0.454837173,0.59731245
13524,13.524732,0.402834266,0.454905212,0.597165704
13525,13.525732,0.402905434,0.454938263,0.597094595
13526,13.526735,0.40297693,0.454971462,0.597023129
13527,13.527736,0.403124332,0.455039859,0.596875668
13528,13.528735,0.403139204,0.455046773,0.596803546
13529,13.529737,0.403287172,0.455115408,0.596712768
13530,13.530737,0.403360128,0.455149263,0.596639872
13531,13.531738,0.4033584,0.455148488,0.5966416
13532,13.532790,0.403525651,0.455147743,0.596643269
13533,13.533732,0.403581321,0.455251932,0.596418738
13534,13.534733,0.403674424,0.455295146,0.596494496
13535,13.535733,0.403674185,0.455295026,0.596325755
13536,13.536737,0.403674543,0.455295205,0.596325517
13537,13.537738,0.403899968,0.455399811,0.596100032
13538,13.538738,0.403826147,0.455365539,0.596173823
13539,13.539739,0.403977513,0.455435812,0.596022487
13540,13.540728,0.403998643,0.455445617,0.595945895
13541,13.541727,0.404150486,0.45551607,0.595849514
13542,13.542729,0.404227972,0.455552042,0.595772028
13543,13.543755,0.404380322,0.455622762,0.595619678
13544,13.544729,0.404458404,0.455659002,0.595541596
13545,13.545731,0.40438804,0.455626339,0.59561193
13546,13.546734,0.404412359,0.455637634,0.595607519
13547,13.547734,0.404862821,0.455846697,0.595137239
13548,13.548736,0.404794425,0.455814958,0.595205605
13549,13.549737,0.404726058,0.455783218,0.595273972
13550,13.550737,0.404954612,0.455889285,0.595045388
13551,13.551738,0.404887378,0.455858082,0.595112622
13552,13.552747,0.405136704,0.455973804,0.594863296
13553,13.553735,0.405144244,0.455977291,0.594855785
13554,13.554750,0.405299872,0.456049532,0.594700158
13555,13.555728,0.405382127,0.456087708,0.594617903
13556,13.556730,0.405317217,0.456057578,0.594682813
13557,13.557731,0.405547529,0.456164449,0.594452441
13558,13.558730,0.405651629,0.456212759,0.594369292
13559,13.559731,0.405735135,0.456251502,0.594264865
13560,13.560731,0.405745745,0.456256449,0.594254255
13561,13.561730,0.405830055,0.45629558,0.594169974
13562,13.562730,0.405841589,0.456300914,0.594158411
13563,13.563730,0.405999988,0.456374466,0.594000041
13564,13.564747,0.406033695,0.456390083,0.593966246
13565,13.565735,0.40619272,0.456463873,0.59380722
13566,13.566739,0.406278938,0.456503928,0.593721092
13567,13.567738,0.406365573,0.456544101,0.593634367
13568,13.568738,0.406452417,0.456584394,0.593547583
13569,13.569738,0.406539649,0.456624925,0.593460381
13570,13.570739,0.406576395,0.456641972,0.593299985
13571,13.571737,0.406809866,0.456750304,0.593190134
13572,13.572738,0.406898141,0.456791282,0.593101859
13573,13.573739,0.406914234,0.456798762,0.593085766
13574,13.574739,0.407075822,0.456873745,0.592924178
13575,13.575747,0.407237262,0.456948668,0.592762768
13576,13.576737,0.407277286,0.456967264,0.592673182
13577,13.577738,0.407367468,0.457009077,0.592632532
13578,13.578738,0.407457829,0.457051039,0.592542171
13579,13.579738,0.407548487,0.45709312,0.592451513
13580,13.580738,0.407495677,0.457068592,0.592504323
13581,13.581737,0.40758726,0.45711109,0.59241271
13582,13.582738,0.407774329,0.457197934,0.592248797
13583,13.583737,0.407866538,0.457240701,0.592133403
13584,13.584737,0.408030748,0.457316935,0.591969252
13585,13.585852,0.408218294,0.457403958,0.591876209
13586,13.586729,0.408216983,0.457403362,0.591783047
13587,13.587730,0.408167601,0.457380444,0.591832399
13588,13.588730,0.408356607,0.457468152,0.591666758
13589,13.589729,0.408522427,0.457545131,0.591477633
13590,13.590730,0.408545852,0.457555979,0.591454148
13591,13.591730,0.408640891,0.457600087,0.591359079
13592,13.592731,0.408807456,0.457677394,0.591192544
13593,13.593732,0.408832133,0.457688838,0.591167808
13594,13.594731,0.408881247,0.457711637,0.591000974
13595,13.595732,0.409119606,0.457822263,0.590880394
13596,13.596776,0.409074843,0.457801491,0.590925157
13597,13.597739,0.409384131,0.457945019,0.590615869
13598,13.598729,0.409411013,0.457957506,0.590588987
13599,13.599728,0.409508765,0.458002865,0.590491235
13600,13.600729,0.409631371,0.458059788,0.590463638
13601,13.601729,0.409659773,0.45807296,0.590340257
13602,13.602730,0.409898996,0.458183974,0.590101004
13603,13.603730,0.409717232,0.458099604,0.590282738
13604,13.604730,0.409957588,0.458211184,0.590042412
13605,13.605731,0.410127521,0.45829004,0.589872479
13606,13.606735,0.410182834,0.4583157,0.589842319
13607,13.607746,0.410283446,0.458362401,0.589716554
13608,13.608735,0.410384566,0.458409309,0.589615405
13609,13.609734,0.410555512,0.458488643,0.589444458
13610,13.610745,0.41058749,0.458503515,0.58941251
13611,13.611734,0.410759062,0.458583117,0.589240909
13612,13.612734,0.410817534,0.458610296,0.589138508
13613,13.613735,0.410989702,0.458690166,0.589010239
13614,13.614734,0.411092639,0.45873794,0.588907361
13615,13.615736,0.411126673,0.458753735,0.588873267
13616,13.616739,0.411230564,0.458801955,0.588769436
13617,13.617880,0.411429703,0.458894372,0.588570297
13618,13.618730,0.411465108,0.458910823,0.588561118
13619,13.619732,0.411570072,0.45895955,0.588429987
13620,13.620732,0.411675096,0.459008276,0.588324904
13621,13.621733,0.411780536,0.459057212,0.588219464
13622,13.622733,0.412023187,0.459169805,0.587976813
13623,13.623731,0.412060887,0.459187329,0.587939143
13624,13.624732,0.412125438,0.45921728,0.587832868
13625,13.625732,0.412300497,0.459298521,0.587699533
13626,13.626735,0.412271082,0.459284872,0.587728918
13627,13.627735,0.412514955,0.459398031,0.587485015
13628,13.628744,0.412554741,0.459416509,0.587445259
13629,13.629731,0.412662774,0.459466636,0.587337196
13630,13.630731,0.412866294,0.45956111,0.587228775
13631,13.631731,0.413042575,0.459642917,0.586957395
13632,13.632732,0.41308409,0.459662169,0.586915851
13633,13.633731,0.413125873,0.4596816,0.586874187
13634,13.634731,0.413303077,0.459763825,0.586696923
13635,13.635731,0.413413286,0.459814966,0.586586714
13636,13.636735,0.413483918,0.459847748,0.586409211
13637,13.637734,0.413527399,0.459867924,0.586472631
13638,13.638760,0.413773209,0.459982008,0.586226821
13639,13.639751,0.413817495,0.460002571,0.586182535
13640,13.640739,0.4139961,0.460085452,0.5860039
13641,13.641727,0.414041132,0.460106343,0.585958838
13642,13.642727,0.414315313,0.460158587,0.585846364
13643,13.643727,0.414294839,0.460224092,0.585705161
13644,13.644728,0.414407939,0.460276604,0.585592091
13645,13.645728,0.414454669,0.46029827,0.585545301
13646,13.646732,0.414568454,0.46035108,0.585431516
13647,13.647731,0.414815575,0.460465789,0.585184455
13648,13.648731,0.414958447,0.460532069,0.585136414
13649,13.649795,0.415006965,0.4605546,0.584993064
13650,13.650728,0.415188223,0.460638702,0.584811747
13651,13.651727,0.415237576,0.46066162,0.584762454
13652,13.652729,0.415353239,0.460715324,0.584646821
13653,13.653729,0.415403545,0.460738659,0.584596455
13654,13.654729,0.415680528,0.460853636,0.584348619
13655,13.655729,0.415797055,0.460921258,0.584202886
13656,13.656732,0.415848494,0.460945159,0.584151506
13657,13.657732,0.415900469,0.460969269,0.584099531
13658,13.658733,0.416083783,0.461054355,0.583916247
13659,13.659733,0.416266918,0.461139351,0.583733082
13660,13.660764,0.416284382,0.461147457,0.583715618
13661,13.661739,0.416468143,0.461232722,0.583531857
13662,13.662728,0.416522294,0.461257875,0.583477736
13663,13.663728,0.416706532,0.461343378,0.583293498
13664,13.664747,0.4168908,0.46142891,0.58310926
13665,13.665735,0.416946083,0.46145454,0.583053887
13666,13.666739,0.417225331,0.461584151,0.582933724
13667,13.667727,0.417216897,0.461580217,0.582783103
13668,13.668728,0.417337686,0.461636305,0.582662344
13669,13.669729,0.417523324,0.461722463,0.582476735
13670,13.670730,0.417516261,0.461719155,0.582483709
13671,13.671744,0.417702287,0.461805522,0.582297742
13672,13.672732,0.417854875,0.461876303,0.582111537
13673,13.673732,0.417977482,0.461933225,0.582022548
13674,13.674733,0.41803658,0.461960644,0.58196342
13675,13.675733,0.418414086,0.462135851,0.581585944
13676,13.676736,0.418410242,0.462134063,0.581589758
13677,13.677737,0.4185974,0.462220907,0.5814026
13678,13.678738,0.418752253,0.46229279,0.581342101
13679,13.679739,0.418749928,0.462291718,0.581250072
13680,13.680727,0.418937683,0.46237886,0.581062317
13681,13.681770,0.419062763,0.462436914,0.580937266
13682,13.682734,0.419124931,0.462465763,0.580875099
13683,13.683736,0.419250309,0.462523937,0.580749631
13684,13.684736,0.419470668,0.462626219,0.58068645
13685,13.685737,0.419534147,0.462655693,0.580465913
13686,13.686728,0.419723123,0.462743372,0.580276906
13687,13.687728,0.419787347,0.462773174,0.580212653
13688,13.688728,0.419852138,0.462803245,0.580147862
13689,13.689727,0.420042157,0.46289143,0.579957843
13690,13.690727,0.420201838,0.462979496,0.579768062
13691,13.691728,0.420391828,0.463053733,0.579608202
13692,13.692753,0.420396149,0.46305573,0.579603851
13693,13.693728,0.420648754,0.463172942,0.579351187
13694,13.694727,0.420715898,0.463204145,0.579284132
13695,13.695728,0.421029568,0.4633497,0.578970432
13696,13.696731,0.42106846,0.46338129,0.578902304
13697,13.697731,0.421259701,0.463456482,0.578740239
13698,13.698731,0.421205848,0.463431507,0.578794122
13699,13.699730,0.42127496,0.463463575,0.57872504
13700,13.700731,0.421528608,0.463581294,0.578471422
13701,13.701731,0.421720505,0.463670343,0.578279436
13702,13.702757,0.421884567,0.463746488,0.578115404
13703,13.703731,0.422016144,0.463807583,0.577983856
13704,13.704731,0.422148108,0.463868827,0.577851892
13705,13.705731,0.42228049,0.463930249,0.57771951
13706,13.706735,0.422352463,0.463963658,0.577647567
13707,13.707734,0.422485262,0.464025289,0.577514768
13708,13.708735,0.422651678,0.464102507,0.577321231
13709,13.709735,0.422785401,0.464164585,0.577214599
13710,13.710735,0.422859043,0.464198768,0.577140987
13711,13.711734,0.423053086,0.464288801,0.576946855
13712,13.712735,0.42312777,0.464323491,0.576872289
13713,13.713742,0.423381865,0.464441389,0.576618075
13714,13.714730,0.423550427,0.464503944,0.576483369
13715,13.715926,0.423719406,0.464554846,0.576373696
13716,13.716729,0.423761845,0.464617759,0.576238155
13717,13.717730,0.423897564,0.464680731,0.576102436
13718,13.718729,0.424033642,0.464743882,0.575966358
13719,13.719730,0.424170226,0.464807272,0.575829744
13720,13.720730,0.424223244,0.464870751,0.575693011
13721,13.721730,0.424537003,0.464977503,0.575462997
13722,13.722730,0.424556673,0.464986622,0.575443327
13723,13.723758,0.424752921,0.465077698,0.575247049
13724,13.724734,0.424949408,0.465168893,0.575050592
13725,13.725735,0.424970627,0.465178758,0.575029373
13726,13.726739,0.425260276,0.465313166,0.574832618
13727,13.727728,0.42534104,0.465350658,0.57465899
13728,13.728728,0.425537974,0.465442061,0.574462056
13729,13.729729,0.425619215,0.465479761,0.574380755
13730,13.730729,0.425758988,0.465544641,0.574241042
13731,13.731730,0.425956458,0.465636253,0.574043512
13732,13.732730,0.426016271,0.46567446,0.573961198
13733,13.733730,0.426156849,0.465729296,0.573843181
13734,13.734745,0.426412582,0.465847969,0.573587418
13735,13.735734,0.42661044,0.46593979,0.57338953
13736,13.736737,0.426694542,0.465978801,0.573305428
13737,13.737738,0.426836193,0.466044545,0.573163748
13738,13.738738,0.427013367,0.4661268,0.573135972
13739,13.739738,0.427155316,0.466192663,0.572844744
13740,13.740739,0.427240968,0.466232419,0.572759032
13741,13.741728,0.42738381,0.466298699,0.57261616
13742,13.742727,0.427526712,0.466365039,0.572473288
13743,13.743729,0.427669883,0.466431469,0.572330117
13744,13.744760,0.427905738,0.466540933,0.572094262
13745,13.745735,0.428049356,0.466607571,0.571950614
13746,13.746739,0.428081334,0.466622442,0.571918666
13747,13.747739,0.428337753,0.466741443,0.571662247
13748,13.748727,0.428426385,0.46678257,0.571573615
13749,13.749727,0.428515553,0.466823965,0.571484447
13750,13.750728,0.428752691,0.466942996,0.571227908
13751,13.751729,0.428953588,0.467027247,0.571046412
13752,13.752729,0.429044217,0.467069328,0.570955813
13753,13.753729,0.429190159,0.467137039,0.570809841
13754,13.754728,0.429391325,0.467230409,0.570608675
13755,13.755749,0.429482818,0.467272878,0.570517182
13756,13.756727,0.429721266,0.467366487,0.57031548
13757,13.757728,0.429813594,0.46742636,0.570186377
13758,13.758728,0.429960907,0.467494726,0.570039034
13759,13.759728,0.430108756,0.467563361,0.569891214
13760,13.760729,0.430310756,0.467657089,0.569689214
13761,13.761727,0.430512846,0.467750907,0.569487214
13762,13.762729,0.430590093,0.467769623,0.569446802
13763,13.763729,0.430738986,0.467855871,0.569261074
13764,13.764729,0.430887878,0.467924953,0.569112062
13765,13.765768,0.431090742,0.468019128,0.568909287
13766,13.766727,0.431186736,0.468063653,0.568813264
13767,13.767729,0.431336552,0.468133181,0.568663478
13768,13.768729,0.431524068,0.46820277,0.568513572
13769,13.769729,0.431727469,0.468314618,0.568272531
13770,13.770729,0.431824714,0.468359739,0.568175256
13771,13.771728,0.431975752,0.468429834,0.568024218
13772,13.772729,0.43217957,0.468524426,0.56782043
13773,13.773729,0.432277977,0.468570113,0.567722082
13774,13.774729,0.432467401,0.468640536,0.567570269
13775,13.775751,0.432619512,0.468728602,0.567380488
13776,13.776751,0.432771534,0.468799174,0.567228496
13777,13.777738,0.432976007,0.468894064,0.567023993
13778,13.778739,0.43307665,0.468940765,0.56692338
13779,13.779739,0.433229446,0.469011694,0.566770613
13780,13.780726,0.433472633,0.469082683,0.566617548
13781,13.781727,0.433522344,0.469147623,0.566477656
13782,13.782739,0.433728009,0.46924305,0.566271961
13783,13.783739,0.433882028,0.469314545,0.566117942
13784,13.784728,0.434036076,0.469386041,0.565963864
13785,13.785727,0.434190363,0.469457626,0.565809608
13786,13.786757,0.43438372,0.469547391,0.56561631
13787,13.787754,0.434589833,0.469643056,0.565410197
13788,13.788729,0.434795529,0.469738513,0.565204501
13789,13.789730,0.434849262,0.469763428,0.565150738
13790,13.790729,0.435055763,0.469859272,0.564944267
13791,13.791731,0.43521145,0.469931543,0.56478858
13792,13.792732,0.43535614,0.469980538,0.564682961
13793,13.793732,0.435512483,0.470071226,0.564487517
13794,13.794733,0.435569048,0.470097482,0.564430952
13795,13.795731,0.435876131,0.470240027,0.564123929
13796,13.796736,0.435933352,0.470266581,0.564066648
13797,13.797764,0.436179996,0.470362842,0.563859105
13798,13.798739,0.436337739,0.470454246,0.563701451
13799,13.799729,0.436495841,0.470527619,0.563504159
13800,13.800729,0.436653942,0.470600992,0.563346088
13801,13.801730,0.436762959,0.470651597,0.563237071
13802,13.802730,0.437020153,0.470770955,0.562979877
13803,13.803731,0.437129796,0.470821828,0.562870204
13804,13.804731,0.437377423,0.470918268,0.562662423
13805,13.805731,0.43748793,0.470988035,0.56251204
13806,13.806735,0.43764773,0.471062213,0.56235224
13807,13.807736,0.437904209,0.471181244,0.562095821
13808,13.808747,0.437967718,0.471210718,0.562032282
13809,13.809736,0.438079715,0.471262693,0.561920285
13810,13.810735,0.438328534,0.471359551,0.561711669
13811,13.811737,0.438441306,0.47143051,0.561558664
13812,13.812738,0.438697904,0.4715496,0.561302066
13813,13.813739,0.43881166,0.47160241,0.5611884
13814,13.814739,0.439020723,0.471699417,0.560979247
13815,13.815727,0.439182252,0.471774399,0.560817778
13816,13.816731,0.439337254,0.471849412,0.560656071
13817,13.817731,0.439499378,0.471921563,0.560500622
13818,13.818766,0.439755857,0.472040594,0.560244143
13819,13.819727,0.439824581,0.472072512,0.560175478
13820,13.820728,0.439987361,0.472148031,0.560012639
13821,13.821728,0.440150678,0.472223848,0.559849381
13822,13.822728,0.440354824,0.472299576,0.559686124
13823,13.823726,0.440518349,0.472394466,0.559481621
13824,13.824728,0.440636069,0.472449094,0.559363902
13825,13.825739,0.440892249,0.472567976,0.559107721
13826,13.826731,0.441056311,0.47264415,0.558943689
13827,13.827731,0.441220582,0.472720385,0.558779478
13828,13.828732,0.441380978,0.472794831,0.558619022
13829,13.829743,0.441545993,0.472871393,0.558453977
13830,13.830731,0.441711068,0.472948015,0.558288932
13831,13.831730,0.441921532,0.473045707,0.558078468
13832,13.832731,0.441996932,0.473080695,0.558003068
13833,13.833729,0.442207873,0.473178566,0.557792127
13834,13.834829,0.442370474,0.473254055,0.557629526
13835,13.835730,0.442581594,0.473352045,0.557418466
13836,13.836733,0.442748338,0.473429412,0.557251692
13837,13.837733,0.442959368,0.473527372,0.557040691
13838,13.838732,0.443126023,0.473604679,0.556873918
13839,13.839745,0.44320485,0.473641276,0.55679512
13840,13.840733,0.443458259,0.473739386,0.556583703
13841,13.841733,0.443625778,0.473836631,0.556374192
13842,13.842733,0.443837196,0.47393477,0.556162834
13843,13.843732,0.44396168,0.473992527,0.55603832
13844,13.844733,0.444129825,0.474070549,0.555870175
13845,13.845733,0.444341719,0.474168897,0.555658221
13846,13.846736,0.444465935,0.474186838,0.555619717
13847,13.847736,0.444764346,0.474365056,0.555235684
13848,13.848734,0.444890261,0.474423498,0.555109799
13849,13.849762,0.44505927,0.474501908,0.554940701
13850,13.850748,0.445186228,0.474560827,0.554813743
13851,13.851736,0.445398331,0.474659264,0.554601669
13852,13.852737,0.445610553,0.474757671,0.554389656
13853,13.853735,0.445696294,0.474797547,0.554303706
13854,13.854737,0.445866674,0.474876642,0.554133356
13855,13.855738,0.446079612,0.474975467,0.553920388
13856,13.856730,0.446250319,0.475054681,0.553749681
13857,13.857729,0.446421087,0.475133955,0.553578913
13858,13.858731,0.446593463,0.475213468,0.55340749
13859,13.859732,0.446806669,0.475312889,0.553193331
13860,13.860771,0.446978331,0.47539255,0.553021669
13861,13.861736,0.447191149,0.475491345,0.552808881
13862,13.862737,0.44732222,0.475552142,0.552677751
13863,13.863737,0.447494328,0.475632042,0.552505672
13864,13.864738,0.447750419,0.475730866,0.552292705
13865,13.865738,0.447882563,0.475812227,0.552117467
13866,13.866730,0.448014826,0.47587359,0.551985145
13867,13.867730,0.448228151,0.475972593,0.55177182
13868,13.868731,0.448361367,0.476034433,0.551638603
13869,13.869731,0.448614925,0.476152122,0.551385105
13870,13.870732,0.448791802,0.476232529,0.551211774
13871,13.871754,0.449005544,0.47633338,0.550994396
13872,13.872729,0.449179381,0.476414084,0.550820649
13873,13.873730,0.44931376,0.476476431,0.55068624
13874,13.874731,0.449449003,0.476539224,0.550551057
13875,13.875732,0.449702024,0.476656646,0.550298035
13876,13.876735,0.449920475,0.476737678,0.550123274
13877,13.877735,0.450056285,0.476821035,0.549943686
13878,13.878737,0.450192869,0.476884425,0.549807131
13879,13.879738,0.450445503,0.477001667,0.549554467
13880,13.880738,0.45062077,0.477082998,0.54937917
13881,13.881879,0.450802356,0.477167308,0.549197674
13882,13.882731,0.45097813,0.477246135,0.549027801
13883,13.883733,0.4511545,0.477330744,0.54884553
13884,13.884732,0.451330662,0.477412492,0.548669338
13885,13.885732,0.451507062,0.477494359,0.548492968
13886,13.886733,0.451683849,0.477576405,0.548316121
13887,13.887748,0.451898009,0.477675796,0.548102021
13888,13.888753,0.452119142,0.477778435,0.547962546
13889,13.889729,0.452259302,0.477843463,0.547740698
13890,13.890727,0.452473611,0.477942914,0.54752636
13891,13.891728,0.452577293,0.477991045,0.547422707
13892,13.892794,0.45279187,0.478090644,0.54720813
13893,13.893731,0.452970028,0.478173316,0.547029972
13894,13.894732,0.453192621,0.478272825,0.546815455
13895,13.895730,0.453407139,0.47837618,0.546592891
13896,13.896734,0.453585684,0.47845903,0.546414256
13897,13.897734,0.453728139,0.478525162,0.54627192
13898,13.898734,0.453943044,0.47862488,0.546056926
13899,13.899734,0.454086125,0.47869131,0.545913935
13900,13.900734,0.454345524,0.478790879,0.545699358
13901,13.901733,0.454453796,0.478861928,0.545546174
13902,13.902734,0.454633713,0.478945434,0.545366287
13903,13.903751,0.454848617,0.479045153,0.545151353
13904,13.904728,0.455028743,0.479128778,0.544971287
13905,13.905727,0.455208659,0.479212254,0.544791281
13906,13.906731,0.455468625,0.479311973,0.544576526
13907,13.907731,0.455648988,0.479416609,0.544350982
13908,13.908731,0.455760509,0.479468405,0.544239521
13909,13.909731,0.45597595,0.479568362,0.54402405
13910,13.910731,0.456156701,0.479652256,0.543843269
13911,13.911731,0.456372023,0.479752183,0.543627977
13912,13.912731,0.456564575,0.479851872,0.543413162
13913,13.913773,0.456745863,0.479925692,0.543254137
13914,13.914736,0.456960857,0.48002547,0.543039143
13915,13.915735,0.457109362,0.480094373,0.542890608
13916,13.916739,0.457257837,0.480163306,0.542742193
13917,13.917740,0.457506537,0.48027873,0.542493463
13918,13.918728,0.457655519,0.480347872,0.542344511
13919,13.919727,0.457850665,0.480438411,0.542149305
13920,13.920729,0.458066285,0.480538517,0.541933775
13921,13.921730,0.458281398,0.480638325,0.541718602
13922,13.922730,0.458366811,0.480677992,0.541633248
13923,13.923731,0.458614767,0.480793059,0.541385233
13924,13.924752,0.458844066,0.480899453,0.541233957
13925,13.925729,0.459059209,0.480999321,0.540940821
13926,13.926733,0.459210753,0.481069654,0.540789247
13927,13.927733,0.459394664,0.481154978,0.540605307
13928,13.928734,0.459609866,0.481254876,0.540390134
13929,13.929734,0.459762603,0.481325746,0.540237367
13930,13.930735,0.46002385,0.481396645,0.5400846
13931,13.931736,0.460145891,0.481503636,0.539854109
13932,13.932736,0.460330784,0.481589466,0.539669275
13933,13.933737,0.460576743,0.481703579,0.539423227
13934,13.934775,0.460669458,0.481746644,0.539330542
13935,13.935737,0.461006939,0.481903255,0.538993001
13936,13.936729,0.461177319,0.481960863,0.538868964
13937,13.937729,0.461332202,0.482054204,0.538667798
13938,13.938729,0.461547613,0.482154191,0.538452387
13939,13.939730,0.46170339,0.482226491,0.53829664
13940,13.940742,0.461948216,0.482340127,0.538051844
13941,13.941732,0.462074578,0.482398748,0.537925422
13942,13.942732,0.462336689,0.482485175,0.537739217
13943,13.943732,0.462551653,0.48262018,0.537448347
13944,13.944733,0.462708473,0.482692927,0.537291467
13945,13.945748,0.462894976,0.482779503,0.537105024
13946,13.946727,0.463052392,0.482852548,0.536947608
13947,13.947728,0.463210553,0.482925951,0.536789417
13948,13.948729,0.463444293,0.483012706,0.536602616
13949,13.949729,0.463659555,0.483134329,0.536340415
13950,13.950729,0.463874668,0.483234167,0.536125302
13951,13.951728,0.464062005,0.48332113,0.535938025
13952,13.952727,0.464249074,0.483407944,0.535750926
13953,13.953728,0.464381218,0.483469278,0.535618782
13954,13.954729,0.464615673,0.48358202,0.535375774
13955,13.955801,0.464831263,0.483678132,0.535168767
13956,13.956730,0.465019017,0.483765244,0.534980953
13957,13.957729,0.465234429,0.483865261,0.534765601
13958,13.958730,0.465422302,0.483952433,0.534577727
13959,13.959730,0.465556681,0.484014779,0.534443259
13960,13.960730,0.465872556,0.484127164,0.534201145
13961,13.961730,0.466007918,0.48422423,0.533992112
13962,13.962728,0.466222703,0.484323889,0.533777297
13963,13.963729,0.46641162,0.484411597,0.533588409
13964,13.964730,0.466574281,0.484487057,0.533425689
13965,13.965730,0.466789097,0.484586775,0.533210933
13966,13.966744,0.467051417,0.484674662,0.533021629
13967,13.967731,0.467215002,0.484784424,0.532784998
13968,13.968732,0.467378765,0.48486042,0.532621205
13969,13.969732,0.467568576,0.484948516,0.532431364
13970,13.970731,0.467733055,0.485024869,0.532266974
13971,13.971732,0.467972845,0.485136151,0.532027185
13972,13.972731,0.468185693,0.485201329,0.531886756
13973,13.973732,0.46840024,0.485334486,0.53159976
13974,13.974731,0.46859017,0.485422641,0.5314098
13975,13.975731,0.468780607,0.485511035,0.531219363
13976,13.976778,0.468946636,0.485588074,0.531053364
13977,13.977728,0.46911338,0.48566547,0.53088659
13978,13.978729,0.469351828,0.485776126,0.530648172
13979,13.979729,0.469590098,0.485886723,0.530409932
13980,13.980729,0.469781101,0.485975355,0.530218899
13981,13.981728,0.469971687,0.486063808,0.530028343
13982,13.982729,0.470139652,0.486141741,0.529860318
13983,13.983729,0.470330834,0.486230493,0.529669166
13984,13.984729,0.470522374,0.486319363,0.529477596
13985,13.985730,0.470761716,0.486430466,0.529238343
13986,13.986734,0.470930547,0.486508816,0.529069424
13987,13.987745,0.471122652,0.486597985,0.528877378
13988,13.988734,0.471359134,0.486707717,0.528640807
13989,13.989734,0.471572936,0.486806959,0.528427064
13990,13.990735,0.471769065,0.486896038,0.528235078
13991,13.991735,0.471982867,0.486997187,0.528017104
13992,13.992736,0.47213155,0.487066209,0.52786845
13993,13.993736,0.472345859,0.48716566,0.527654111
13994,13.994737,0.472538173,0.487254918,0.527461827
13995,13.995738,0.472752184,0.487354219,0.527247787
13996,13.996729,0.472923785,0.487433881,0.527076185
13997,13.997780,0.473164707,0.487545699,0.526835263
13998,13.998729,0.473357409,0.487635136,0.526642621
13999,13.999730,0.473550677,0.487724841,0.526449323
14000,14.000753,0.473784477,0.487833321,0.526215494
14001,14.001730,0.473936737,0.487904012,0.526063263
14002,14.002730,0.474130243,0.487993807,0.525869727
14003,14.003731,0.474391878,0.488115221,0.525608122
14004,14.004732,0.474545449,0.488186479,0.525454521
14005,14.005733,0.474817961,0.48831296,0.525182009
14006,14.006735,0.474972188,0.488384545,0.525027812
14007,14.007737,0.475146353,0.488465399,0.524853706
14008,14.008744,0.475388676,0.488555461,0.524659455
14009,14.009733,0.475563824,0.488659114,0.524436116
14010,14.010734,0.475795686,0.48876673,0.524204314
14011,14.011734,0.475971222,0.488848209,0.524028778
14012,14.012735,0.47618413,0.488947004,0.52381587
14013,14.013735,0.476378173,0.489037097,0.523621857
14014,14.014736,0.476602733,0.489127159,0.523427665
14015,14.015736,0.476833612,0.489248455,0.523166418
14016,14.016737,0.476992041,0.489321977,0.523007989
14017,14.017738,0.47718659,0.489412248,0.52281338
14018,14.018748,0.477381647,0.489502788,0.522618353
14019,14.019736,0.477576405,0.489593178,0.522423565
14020,14.020735,0.477820009,0.489683777,0.52222842
14021,14.021736,0.47803241,0.489804804,0.52196759
14022,14.022737,0.47821036,0.489887416,0.52178967
14023,14.023736,0.478439391,0.489993691,0.521560609
14024,14.024737,0.478634238,0.490084112,0.521365762
14025,14.025735,0.478812724,0.490166962,0.521187305
14026,14.026739,0.479073495,0.49025774,0.520991683
14027,14.027739,0.479252309,0.490370959,0.520747662
14028,14.028753,0.479416013,0.490446925,0.520583987
14029,14.029743,0.479643494,0.490552515,0.520356536
14030,14.030731,0.479823679,0.49063614,0.520176291
14031,14.031731,0.480019331,0.490726948,0.519980669
14032,14.032731,0.480215162,0.490817815,0.519784808
14033,14.033731,0.480475694,0.490938723,0.519524276
14034,14.034730,0.480641425,0.491015643,0.519358575
14035,14.035731,0.480852515,0.491113633,0.519147515
14036,14.036735,0.481049031,0.491204828,0.518950939
14037,14.037735,0.481230557,0.491289079,0.518769443
14038,14.038735,0.481490552,0.491380364,0.518572688
14039,14.039748,0.481701553,0.491507649,0.518298447
14040,14.040736,0.481897771,0.491598725,0.518102229
14041,14.041736,0.482066184,0.491676897,0.517933846
14042,14.042736,0.482277036,0.491774738,0.517722964
14043,14.043737,0.48247388,0.491866112,0.51752615
14044,14.044735,0.482719809,0.491957366,0.517329514
14045,14.045737,0.482943058,0.492083848,0.517056942
14046,14.046740,0.483126819,0.492169142,0.516873181
14047,14.047728,0.483323544,0.492260426,0.516676486
14048,14.048727,0.483520329,0.49235177,0.516479671
14049,14.049755,0.483717531,0.492443293,0.516282499
14050,14.050747,0.483938754,0.492534637,0.516085565
14051,14.051751,0.484148741,0.492643386,0.5158512
14052,14.052729,0.484370321,0.492746234,0.515629649
14053,14.053729,0.484543145,0.492826432,0.515456796
14054,14.054731,0.484740794,0.492918164,0.515259147
14055,14.055731,0.484938204,0.493009806,0.515061796
14056,14.056735,0.485185027,0.493106753,0.514852822
14057,14.057735,0.485382885,0.493216157,0.514617085
14058,14.058736,0.485614061,0.493323475,0.514385939
14059,14.059736,0.485789299,0.493404776,0.514210641
14060,14.060789,0.485953957,0.493481219,0.514046073
14061,14.061727,0.486184686,0.493588299,0.513815284
14062,14.062727,0.486371666,0.493675053,0.513628304
14063,14.063729,0.486618996,0.493789852,0.513381004
14064,14.064730,0.486827463,0.49388659,0.513172507
14065,14.065730,0.487015158,0.493973702,0.512984812
14066,14.066734,0.487223029,0.494070202,0.51277703
14067,14.067734,0.487421215,0.494162172,0.512578785
14068,14.068734,0.487659127,0.494249523,0.512390554
14069,14.069735,0.487857163,0.4943645,0.512142837
14070,14.070736,0.488065004,0.49446094,0.511934996
14071,14.071750,0.488253921,0.494548619,0.511746049
14072,14.072739,0.488461554,0.494645,0.511538446
14073,14.073727,0.48865965,0.49473691,0.51134032
14074,14.074727,0.488849282,0.494824916,0.511150658
14075,14.075728,0.489105791,0.494943976,0.510894179
14076,14.076732,0.489296108,0.49503231,0.510703921
14077,14.077731,0.489486337,0.495120585,0.510513663
14078,14.078733,0.489701092,0.495220274,0.510298967
14079,14.079734,0.489891976,0.495308846,0.510108054
14080,14.080734,0.490098208,0.495404541,0.509901762
14081,14.081748,0.490346402,0.495519757,0.509653628
14082,14.082734,0.490545213,0.495611995,0.509454727
14083,14.083735,0.490743697,0.495704144,0.509256303
14084,14.084735,0.49092111,0.495786488,0.50907892
14085,14.085735,0.49114123,0.495888621,0.5088588
14086,14.086738,0.491382927,0.495980829,0.508660138
14087,14.087739,0.491588295,0.496096104,0.508411705
14088,14.088738,0.491787434,0.496188551,0.508212626
14089,14.089739,0.491986066,0.49628073,0.508013964
14090,14.090738,0.492191166,0.496375918,0.507808864
14091,14.091764,0.492384255,0.496465534,0.507615745
14092,14.092751,0.492627054,0.496557772,0.507416904
14093,14.093738,0.492826074,0.496670574,0.507173955
14094,14.094739,0.493030518,0.496765465,0.506969512
14095,14.095739,0.493224531,0.496855497,0.506775498
14096,14.096728,0.493428737,0.496950269,0.506571293
14097,14.097729,0.493628085,0.497042805,0.506371975
14098,14.098729,0.493822187,0.497132868,0.506177783
14099,14.099729,0.494071245,0.497248441,0.505928695
14100,14.100729,0.494270772,0.497341037,0.505729198
14101,14.101728,0.494469941,0.497433484,0.505530059
14102,14.102815,0.494673342,0.497527897,0.505326688
14103,14.103739,0.494868785,0.497618586,0.505131185
14104,14.104739,0.495117962,0.497712851,0.504928112
14105,14.105726,0.495317429,0.497826815,0.504736185
14106,14.106730,0.49551326,0.497917712,0.50448674
14107,14.107730,0.495713055,0.498010427,0.504286945
14108,14.108754,0.4959189,0.498105943,0.50408107
14109,14.109729,0.496118098,0.49819839,0.503881872
14110,14.110728,0.496317714,0.498291045,0.503682315
14111,14.111729,0.49656409,0.498405397,0.50343591
14112,14.112730,0.496765971,0.498499066,0.503233969
14113,14.113753,0.496965617,0.498591721,0.503034353
14114,14.114728,0.497164786,0.498684168,0.502835214
14115,14.115728,0.497362435,0.498775899,0.502637565
14116,14.116732,0.497561872,0.498868465,0.502438128
14117,14.117734,0.497811198,0.498984158,0.502188802
14118,14.118734,0.498012215,0.499077469,0.501987755
14119,14.119735,0.49821195,0.499170184,0.50178808
14120,14.120735,0.49841249,0.499263257,0.50158757
14121,14.121735,0.498609722,0.49935478,0.501390278
14122,14.122736,0.49881044,0.499447942,0.50118959
14123,14.123737,0.499059618,0.499563545,0.500940323
14124,14.124754,0.499257803,0.499655545,0.500742197
14125,14.125730,0.499458313,0.499748617,0.500541747
14126,14.126733,0.499658018,0.499841273,0.500341952
14127,14.127734,0.499857098,0.49993369,0.500142932
14128,14.128735,0.500056982,0.500026464,0.499943048
14129,14.129736,0.500306308,0.500142157,0.499693722
14130,14.130734,0.500505984,0.500234842,0.499494016
14131,14.131736,0.500705302,0.500327349,0.499294698
14132,14.132737,0.500904679,0.500419855,0.499095351
14133,14.133737,0.501105249,0.500512958,0.498894781
14134,14.134745,0.501355708,0.500605524,0.498695314
14135,14.135733,0.501553059,0.500720799,0.498446971
14136,14.136737,0.501751006,0.50081265,0.498249024
14137,14.137738,0.501949012,0.50090456,0.498050988
14138,14.138739,0.502153039,0.500999212,0.497846961
14139,14.139726,0.502354324,0.501092613,0.497645646
14140,14.140728,0.502550304,0.501183569,0.497449666
14141,14.141728,0.502801657,0.501300275,0.497246116
14142,14.142729,0.50299871,0.501391709,0.497001261
14143,14.143729,0.503200769,0.501485467,0.496799201
14144,14.144755,0.503397524,0.501576781,0.496602446
14145,14.145752,0.503605545,0.501673341,0.496394426
14146,14.146730,0.503796399,0.501761913,0.496203631
14147,14.147729,0.504048586,0.501878977,0.495998263
14148,14.148730,0.504244626,0.501969934,0.495755374
14149,14.149729,0.504447639,0.502064168,0.495552391
14150,14.150729,0.504650593,0.502158344,0.495349437
14151,14.151729,0.504842579,0.502247453,0.495157421
14152,14.152729,0.505049944,0.502343714,0.494950086
14153,14.153728,0.505295157,0.5024575,0.494750679
14154,14.154729,0.505494356,0.502549946,0.494505614
14155,14.155755,0.505693972,0.502642572,0.494306028
14156,14.156733,0.505888581,0.502732873,0.494111419
14157,14.157733,0.50609231,0.502827466,0.49390769
14158,14.158758,0.506336749,0.502940893,0.493708163
14159,14.159753,0.506540775,0.503035605,0.493459255
14160,14.160728,0.506739855,0.503127992,0.493260175
14161,14.161728,0.506933868,0.503217995,0.493066102
14162,14.162729,0.507143915,0.503315508,0.492856115
14163,14.163728,0.507337272,0.503405213,0.492662698
14164,14.164728,0.507536709,0.503497779,0.492463291
14165,14.165755,0.507785439,0.503613234,0.492214531
14166,14.166752,0.507984519,0.503705621,0.492015511
14167,14.167729,0.50818336,0.503797889,0.49181664
14168,14.168728,0.508376122,0.503887355,0.491623878
14169,14.169729,0.50858146,0.503982663,0.49141854
14170,14.170729,0.508773386,0.504071772,0.491226643
14171,14.171729,0.50902921,0.504190445,0.49102065
14172,14.172728,0.509220719,0.504279375,0.49077931
14173,14.173729,0.509433925,0.504378319,0.490566075
14174,14.174729,0.509625554,0.504467249,0.490374446
14175,14.175729,0.509816527,0.504555881,0.490183473
14176,14.176792,0.51007247,0.504674673,0.48992753
14177,14.177730,0.510263443,0.504763305,0.48977831
14178,14.178732,0.510469854,0.50485909,0.489530146
14179,14.179732,0.51066047,0.504947543,0.48933953
14180,14.180732,0.510875642,0.505047381,0.489124328
14181,14.181732,0.51105696,0.505131543,0.48894307
14182,14.182731,0.511255264,0.505223572,0.488744736
14183,14.183733,0.511511981,0.505342722,0.488488019
14184,14.184734,0.511701465,0.505430639,0.488298506
14185,14.185734,0.511899531,0.505522609,0.488100499
14186,14.186737,0.51211679,0.5056234,0.48788318
14187,14.187754,0.512295902,0.505706549,0.487704128
14188,14.188730,0.512503505,0.50580287,0.487496495
14189,14.189730,0.512741625,0.505913436,0.487298101
14190,14.190731,0.512949407,0.506009817,0.487050563
14191,14.191731,0.513147354,0.506101727,0.486852676
14192,14.192731,0.513345599,0.506193697,0.486654401
14193,14.193731,0.513543367,0.506285489,0.486456603
14194,14.194732,0.513741553,0.506377459,0.486258447
14195,14.195733,0.513988733,0.506492198,0.486011267
14196,14.196737,0.514186382,0.506583929,0.485813588
14197,14.197748,0.514372885,0.506670475,0.485627085
14198,14.198735,0.514570773,0.506762326,0.485429257
14199,14.199737,0.514791071,0.506864548,0.485208929
14200,14.200737,0.514965296,0.506945431,0.485034704
14201,14.201738,0.515200138,0.507054389,0.484799832
14202,14.202737,0.51542151,0.507157147,0.48457849
14203,14.203739,0.515618742,0.5072487,0.484381258
14204,14.204727,0.515804052,0.507334709,0.484195948
14205,14.205728,0.516013443,0.507431865,0.483986586
14206,14.206730,0.51619786,0.507517457,0.48380211
14207,14.207758,0.51645726,0.507637858,0.48354277
14208,14.208749,0.516641259,0.507723212,0.483358741
14209,14.209738,0.516837955,0.507814527,0.483162045
14210,14.210802,0.517048299,0.507912159,0.48295173
14211,14.211727,0.517218232,0.507991016,0.482781768
14212,14.212728,0.51744169,0.508094728,0.48255828
14213,14.213727,0.517687738,0.50820893,0.482361138
14214,14.214727,0.517884672,0.508300304,0.482115358
14215,14.215726,0.518081188,0.5083915,0.481918812
14216,14.216730,0.518292248,0.50848949,0.481707811
14217,14.217730,0.518474281,0.508573949,0.481525719
14218,14.218750,0.518719733,0.508665025,0.481329441
14219,14.219738,0.518915892,0.50877887,0.481084079
14220,14.220726,0.519127309,0.508876979,0.480872661
14221,14.221727,0.519308448,0.508961082,0.480691582
14222,14.222739,0.519520044,0.50905931,0.480479985
14223,14.223739,0.519685388,0.509136021,0.480314612
14224,14.224728,0.51988107,0.509226859,0.48011893
14225,14.225727,0.520125687,0.509340346,0.47992298
14226,14.226731,0.520337403,0.509438634,0.479662597
14227,14.227730,0.520533025,0.509529412,0.479466975
14228,14.228730,0.520728886,0.509620309,0.479271114
14229,14.229748,0.520940781,0.509718657,0.479059219
14230,14.230737,0.521103382,0.509794116,0.478896588
14231,14.231736,0.521364033,0.509915054,0.478635937
14232,14.232737,0.52154243,0.509997904,0.4784576
14233,14.233736,0.521720946,0.510080755,0.478279084
14234,14.234736,0.521932662,0.510178983,0.478067309
14235,14.235735,0.522110701,0.510261595,0.477889299
14236,14.236739,0.52234,0.510368049,0.47766
14237,14.237727,0.522583425,0.510481,0.477465272
14238,14.238728,0.522778511,0.510571539,0.477221489
14239,14.239792,0.52297312,0.51066184,0.47702685
14240,14.240731,0.52316767,0.510752141,0.47683233
14241,14.241732,0.523344278,0.510834098,0.476655692
14242,14.242731,0.52353847,0.51092422,0.47646153
14243,14.243732,0.523799717,0.511045516,0.47626704
14244,14.244731,0.523993969,0.511135638,0.476006031
14245,14.245732,0.524169624,0.511217177,0.475830406
14246,14.246735,0.524363399,0.511307061,0.475636572
14247,14.247735,0.524538398,0.511388302,0.475461602
14248,14.248736,0.524770439,0.511496007,0.475229561
14249,14.249737,0.524993241,0.511599422,0.475006789
14250,14.250749,0.525186658,0.511689186,0.474813402
14251,14.251736,0.525380373,0.51177907,0.474619627
14252,14.252738,0.52559346,0.511877954,0.47440654
14253,14.253738,0.525787234,0.511967897,0.474212795
14254,14.254739,0.525980353,0.512057543,0.474019647
14255,14.255738,0.526221871,0.5121696,0.473778129
14256,14.256730,0.526415169,0.512259305,0.473584801
14257,14.257731,0.52660805,0.512348831,0.47339195
14258,14.258732,0.526800871,0.512438357,0.473199159
14259,14.259732,0.52697295,0.512518167,0.47302705
14260,14.260733,0.527213693,0.512627184,0.472792149
14261,14.261752,0.527406037,0.512719214,0.472593993
14262,14.262729,0.527619779,0.512818396,0.472380221
14263,14.263728,0.527790785,0.51289773,0.472209215
14264,14.264729,0.528004527,0.512996912,0.471995413
14265,14.265730,0.528218567,0.513096273,0.471781433
14266,14.266750,0.528459191,0.513165116,0.471633136
14267,14.267728,0.528606534,0.513276339,0.471419185
14268,14.268728,0.528798163,0.513365269,0.471201867
14269,14.269729,0.528989971,0.513454258,0.47101
14270,14.270730,0.529204011,0.513553619,0.470795959
14271,14.271769,0.529372931,0.513631999,0.47062704
14272,14.272731,0.529564083,0.513720751,0.470435917
14273,14.273731,0.529826105,0.513842344,0.470244884
14274,14.274732,0.530040979,0.513942063,0.46995905
14275,14.275733,0.530185103,0.514008939,0.469814897
14276,14.276737,0.530399442,0.514108419,0.469600558
14277,14.277737,0.530566394,0.514185905,0.469433606
14278,14.278737,0.530805171,0.51429671,0.469194829
14279,14.279736,0.53101933,0.514396131,0.469052434
14280,14.280736,0.531185389,0.5144732,0.468814611
14281,14.281736,0.531375825,0.514561594,0.468624175
14282,14.282750,0.531565845,0.514649749,0.468434185
14283,14.283738,0.531780303,0.514749289,0.468219697
14284,14.284739,0.53192091,0.514814556,0.46807912
14285,14.285739,0.532182813,0.51493609,0.467817158
14286,14.286730,0.532397509,0.515035748,0.467602491
14287,14.287728,0.532587349,0.515123844,0.467412651
14288,14.288729,0.532776713,0.515211701,0.467223257
14289,14.289729,0.532965958,0.515299559,0.467034042
14290,14.290729,0.533129692,0.515375555,0.466870308
14291,14.291729,0.533339918,0.515473127,0.466629535
14292,14.292793,0.533580661,0.515584826,0.466419309
14293,14.293733,0.533796132,0.515684843,0.466203868
14294,14.294734,0.5339849,0.515772462,0.46601513
14295,14.295734,0.534147203,0.515847743,0.465852767
14296,14.296737,0.534335554,0.515935183,0.465664446
14297,14.297737,0.534543991,0.516031921,0.465476155
14298,14.298737,0.534732282,0.516119301,0.465267718
14299,14.299737,0.534947276,0.516219079,0.465052694
14300,14.300737,0.535107791,0.516293585,0.464892179
14301,14.301737,0.535295725,0.516380787,0.464704275
14302,14.302737,0.535510778,0.516480625,0.464489251
14303,14.303750,0.535773039,0.516602337,0.464226961
14304,14.304737,0.535904467,0.516663313,0.464095503
14305,14.305738,0.536091805,0.516750276,0.463908195
14306,14.306727,0.536306918,0.516850114,0.463693082
14307,14.307729,0.53652221,0.516950011,0.463477761
14308,14.308729,0.536680877,0.517023623,0.463319093
14309,14.309729,0.536943018,0.517145336,0.46313253
14310,14.310729,0.537071705,0.51720506,0.462928295
14311,14.311728,0.537258208,0.517291605,0.462741792
14312,14.312729,0.537444174,0.517377913,0.462555826
14313,14.313795,0.537647367,0.517477989,0.462340206
14314,14.314737,0.537816167,0.517550528,0.462183833
14315,14.315738,0.538077831,0.517672002,0.461922169
14316,14.316729,0.53826344,0.517758131,0.46173656
14317,14.317730,0.538419306,0.517830491,0.461580724
14318,14.318730,0.538634598,0.517930388,0.461365402
14319,14.319747,0.538850009,0.518030345,0.46115002
14320,14.320736,0.538974702,0.518088222,0.461025298
14321,14.321737,0.539266825,0.518223822,0.460871011
14322,14.322737,0.539390206,0.518281043,0.460609794
14323,14.323737,0.539605379,0.51838094,0.460394651
14324,14.324753,0.539759159,0.518452287,0.460240841
14325,14.325728,0.539974332,0.518552184,0.460025698
14326,14.326733,0.540127456,0.518623233,0.459872544
14327,14.327735,0.540357351,0.518729925,0.459688723
14328,14.328736,0.540572464,0.518829763,0.459427565
14329,14.329736,0.540756404,0.518915117,0.459243596
14330,14.330737,0.540907979,0.51898545,0.459092021
14331,14.331736,0.541123152,0.519085288,0.458876818
14332,14.332738,0.541274488,0.519155562,0.458725512
14333,14.333739,0.541535437,0.519276619,0.458464503
14334,14.334791,0.541718364,0.519361556,0.458281636
14335,14.335729,0.541868389,0.519431174,0.458131582
14336,14.336734,0.542018414,0.519500792,0.457981586
14337,14.337735,0.542200446,0.519585311,0.457799554
14338,14.338735,0.542415321,0.51968503,0.457584679
14339,14.339736,0.54264313,0.519790769,0.457402438
14340,14.340737,0.542824805,0.51987505,0.457175195
14341,14.341736,0.543006599,0.51995945,0.456993401
14342,14.342737,0.543221653,0.520059228,0.456778347
14343,14.343736,0.543369234,0.520127714,0.456630737
14344,14.344737,0.54355067,0.520211935,0.45644933
14345,14.345753,0.543810606,0.520332575,0.456189424
14346,14.346731,0.543991685,0.520416617,0.456008285
14347,14.347731,0.544138014,0.520484507,0.455861986
14348,14.348731,0.544352889,0.520584226,0.455647111
14349,14.349732,0.544533372,0.52066803,0.455466628
14350,14.350731,0.544678807,0.520735502,0.455321223
14351,14.351731,0.544868767,0.520823658,0.45510608
14352,14.352731,0.545083642,0.520923376,0.454916298
14353,14.353732,0.545298398,0.521023035,0.454701573
14354,14.354730,0.545442522,0.521089971,0.454557478
14355,14.355796,0.5457021,0.52118957,0.454342812
14356,14.356732,0.545801044,0.521256328,0.454198956
14357,14.357732,0.546060443,0.521376729,0.45398438
14358,14.358732,0.546239197,0.521459699,0.453760833
14359,14.359731,0.546417773,0.521542549,0.453582227
14360,14.360731,0.54655993,0.521608531,0.45344004
14361,14.361732,0.546738386,0.521691382,0.453261644
14362,14.362731,0.546916306,0.521773934,0.453083694
14363,14.363731,0.547212005,0.521911144,0.452905953
14364,14.364730,0.547316134,0.521959484,0.452683866
14365,14.365731,0.547530591,0.522059023,0.452469438
14366,14.366747,0.547707915,0.522141337,0.452292114
14367,14.367735,0.547885418,0.522223711,0.452114582
14368,14.368735,0.548099875,0.522323251,0.451900125
14369,14.369734,0.548245847,0.522390962,0.451798379
14370,14.370735,0.548460007,0.522490382,0.451539993
14371,14.371735,0.548636436,0.522572279,0.451363564
14372,14.372735,0.548812985,0.522654176,0.451187015
14373,14.373734,0.549027205,0.522753596,0.450972795
14374,14.374734,0.549203217,0.522835314,0.450796813
14375,14.375734,0.549384594,0.522919476,0.450659454
14376,14.376814,0.549560368,0.523001075,0.450439662
14377,14.377732,0.549735606,0.523082376,0.450264424
14378,14.378788,0.549871862,0.523145616,0.450128168
14379,14.379738,0.550046563,0.523226678,0.449953437
14380,14.380727,0.550221503,0.52330786,0.449778497
14381,14.381728,0.550400078,0.52339077,0.449565053
14382,14.382729,0.550653279,0.523508251,0.449346721
14383,14.383728,0.550787807,0.523570716,0.449212193
14384,14.384729,0.550961614,0.523651361,0.449038386
14385,14.385729,0.551135242,0.523731947,0.448864758
14386,14.386733,0.551308632,0.523812413,0.448691368
14387,14.387746,0.551525533,0.523913085,0.448474437
14388,14.388733,0.551698446,0.523993313,0.448301524
14389,14.389735,0.551871359,0.524073601,0.4481287
14390,14.390736,0.552084446,0.524172485,0.447915554
14391,14.391736,0.552216649,0.524233818,0.447783321
14392,14.392737,0.552429676,0.524332702,0.447570294
14393,14.393737,0.55260396,0.524413586,0.447398126
14394,14.394738,0.5527758,0.524493337,0.4472242
14395,14.395739,0.552947402,0.524572968,0.447052628
14396,14.396731,0.553118944,0.5246526,0.446881086
14397,14.397795,0.553332925,0.524751425,0.446668059
14398,14.398734,0.553461432,0.524811506,0.446538538
14399,14.399736,0.553675056,0.524910688,0.44636777
14400,14.400737,0.553887486,0.525009274,0.446112514
14401,14.401737,0.554058015,0.525088429,0.445942014
14402,14.402738,0.554186404,0.525147974,0.445813596
14403,14.403737,0.554441154,0.52526623,0.445558816
14404,14.404739,0.554483712,0.525285959,0.445516288
14405,14.405728,0.554780841,0.525423884,0.445176333
14406,14.406732,0.554907501,0.525482655,0.445092529
14407,14.407731,0.555119812,0.525581181,0.444880188
14408,14.408752,0.555288792,0.525659621,0.444711179
14409,14.409738,0.555414498,0.525717974,0.444585532
14410,14.410738,0.555583,0.525796175,0.444417
14411,14.411738,0.555880487,0.525934219,0.444117904
14412,14.412739,0.555961609,0.525971889,0.444038421
14413,14.413738,0.556129694,0.526049852,0.443870246
14414,14.414738,0.556385159,0.526168466,0.44361487
14415,14.415738,0.556552827,0.52624625,0.443447173
14416,14.416728,0.556631982,0.526282966,0.443367988
14417,14.417729,0.556885064,0.526400447,0.443156421
14418,14.418806,0.557007849,0.526457429,0.442992121
14419,14.419733,0.557174325,0.526534677,0.442825675
14420,14.420734,0.557385325,0.526632607,0.442614675
14421,14.421734,0.557551622,0.526709795,0.442448407
14422,14.422734,0.557762921,0.526807845,0.442237079
14423,14.423733,0.557925344,0.526883245,0.442161262
14424,14.424734,0.558136106,0.526981056,0.441863894
14425,14.425734,0.558210731,0.527015686,0.44178921
14426,14.426737,0.558330774,0.527071416,0.441669255
14427,14.427736,0.558540642,0.52716881,0.441459358
14428,14.428737,0.558705568,0.527245343,0.441294432
14429,14.429875,0.559002876,0.527383327,0.440997124
14430,14.430738,0.559121072,0.527438164,0.440878898
14431,14.431726,0.55923897,0.527492881,0.44076103
14432,14.432738,0.559402585,0.527568817,0.440597415
14433,14.433739,0.559612691,0.52766633,0.440387309
14434,14.434739,0.559776068,0.527742147,0.440223932
14435,14.435739,0.559933245,0.527815104,0.440107524
14436,14.436729,0.560142815,0.527912378,0.439857185
14437,14.437730,0.560305715,0.527987957,0.439694256
14438,14.438730,0.56042105,0.528041482,0.439578921
14439,14.439755,0.560583055,0.528116703,0.439416945
14440,14.440754,0.560832739,0.528235734,0.439160466
14441,14.441730,0.560946822,0.528285503,0.43899864
14442,14.442730,0.561155915,0.52838254,0.438844085
14443,14.443730,0.561317086,0.528457344,0.438682884
14444,14.444730,0.561430573,0.528510034,0.438569456
14445,14.445730,0.56163913,0.528606832,0.43836087
14446,14.446734,0.561751544,0.528658986,0.438248426
14447,14.447735,0.561951876,0.528751969,0.438088268
14448,14.448735,0.562112033,0.528826296,0.437887967
14449,14.449736,0.562320232,0.528922915,0.437679768
14450,14.450743,0.562431097,0.528974354,0.437568873
14451,14.451731,0.562639117,0.529070914,0.437360913
14452,14.452732,0.5627985,0.529144883,0.43720153
14453,14.453732,0.562948108,0.529214323,0.437091649
14454,14.454733,0.563204885,0.529333472,0.436795115
14455,14.455732,0.563314021,0.529384136,0.436685979
14456,14.456737,0.563422799,0.529434621,0.436577231
14457,14.457738,0.563580811,0.529507935,0.436419189
14458,14.458738,0.563788056,0.529604137,0.436211914
14459,14.459739,0.563984871,0.529695451,0.436004698
14460,14.460753,0.564141929,0.529768348,0.435858011
14461,14.461747,0.564348936,0.52986443,0.435651034
14462,14.462735,0.564405322,0.529890656,0.435594738
14463,14.463735,0.56461215,0.52998662,0.43538788
14464,14.464736,0.564718008,0.530035734,0.435281992
14465,14.465735,0.564912736,0.530126095,0.435025096
14466,14.466739,0.565068245,0.530198276,0.434931755
14467,14.467740,0.565274239,0.530293882,0.434725702
14468,14.468729,0.565429688,0.530366004,0.434570283
14469,14.469729,0.565635741,0.530461669,0.434364259
14470,14.470729,0.565688074,0.530485928,0.434311897
14471,14.471752,0.565881073,0.530575514,0.434118927
14472,14.472728,0.566035032,0.53064698,0.433964938
14473,14.473729,0.566240668,0.530742407,0.433759332
14474,14.474728,0.56639415,0.530813634,0.43360585
14475,14.475728,0.566496015,0.530860901,0.433503985
14476,14.476731,0.566700935,0.53095603,0.433299065
14477,14.477731,0.566944182,0.531068921,0.433146179
14478,14.478731,0.567096829,0.531139731,0.432903111
14479,14.479731,0.56714499,0.531162083,0.43285501
14480,14.480731,0.567349374,0.531256974,0.432650656
14481,14.481758,0.567448616,0.531302989,0.432551384
14482,14.482743,0.567652822,0.53139776,0.432347178
14483,14.483731,0.567842007,0.531485558,0.432248265
14484,14.484732,0.567993343,0.531555831,0.432006657
14485,14.485750,0.56819725,0.531650424,0.43180275
14486,14.486729,0.568347871,0.53172034,0.431652099
14487,14.487729,0.568444908,0.531765401,0.431555092
14488,14.488728,0.568595231,0.531835139,0.43140474
14489,14.489728,0.56878233,0.531904697,0.431254834
14490,14.490729,0.56898582,0.532016456,0.43101421
14491,14.491728,0.56913507,0.532085657,0.430864871
14492,14.492819,0.569230258,0.532129884,0.430769742
14493,14.493731,0.569378853,0.532198846,0.430621117
14494,14.494733,0.569527626,0.532267869,0.430472374
14495,14.495733,0.569712877,0.532353878,0.430378377
14496,14.496736,0.569915235,0.532447755,0.430084735
14497,14.497736,0.569899499,0.532440484,0.43010053
14498,14.498734,0.570210397,0.532584786,0.429789633
14499,14.499735,0.570357919,0.532653213,0.429642081
14500,14.500736,0.570340335,0.532645047,0.429659635
14501,14.501736,0.570523322,0.532729983,0.429348528
14502,14.502736,0.570724308,0.532823265,0.429275692
14503,14.503748,0.570925653,0.532916725,0.429074347
14504,14.504736,0.571016133,0.532958686,0.428983867
14505,14.505736,0.571216941,0.533051848,0.428783
14506,14.506728,0.571306586,0.533093512,0.428693414
14507,14.507727,0.571487725,0.533186495,0.428492934
14508,14.508727,0.571687937,0.533270478,0.428312033
14509,14.509727,0.57177639,0.533311546,0.42822364
14510,14.510728,0.571976721,0.533404529,0.428023309
14511,14.511729,0.572120488,0.533471227,0.427879512
14512,14.512729,0.572264075,0.533537865,0.427735925
14513,14.513820,0.572386742,0.533594787,0.427613229
14514,14.514733,0.572586119,0.533687353,0.427413881
14515,14.515734,0.572615981,0.533701181,0.427384019
14516,14.516738,0.572871447,0.533819735,0.427128524
14517,14.517739,0.573013604,0.533885717,0.426986367
14518,14.518738,0.573155463,0.533951581,0.426844537
14519,14.519739,0.573332727,0.534033835,0.426816642
14520,14.520728,0.573473811,0.534099281,0.426526159
14521,14.521728,0.573557734,0.534138262,0.426442325
14522,14.522729,0.573756039,0.534230292,0.426243991
14523,14.523730,0.573896408,0.53429544,0.426103592
14524,14.524748,0.574036658,0.534360528,0.425963342
14525,14.525738,0.574153781,0.534414887,0.425938785
14526,14.526728,0.574351132,0.5345065,0.425648868
14527,14.527730,0.574374795,0.534517467,0.425625175
14528,14.528731,0.574571609,0.534608781,0.425428391
14529,14.529731,0.574652076,0.534646153,0.425347894
14530,14.530732,0.574906886,0.534764409,0.425093114
14531,14.531731,0.575079679,0.534828663,0.424954653
14532,14.532733,0.575217783,0.534908712,0.424782217
14533,14.533733,0.575355351,0.534972548,0.424644679
14534,14.534748,0.57549268,0.535036266,0.42450732
14535,14.535736,0.575688601,0.535127223,0.424311399
14536,14.536728,0.575707734,0.535136104,0.424292296
14537,14.537728,0.575818956,0.535254121,0.424037933
14538,14.538729,0.576132774,0.535333335,0.423867226
14539,14.539730,0.576209247,0.5353688,0.423790723
14540,14.540730,0.576344848,0.535431743,0.423655152
14541,14.541729,0.576480091,0.535494566,0.423519939
14542,14.542729,0.576615274,0.53555727,0.423384696
14543,14.543729,0.576724052,0.535619855,0.42324993
14544,14.544875,0.576918125,0.535697818,0.423081875
14545,14.545754,0.576992154,0.53573215,0.423007816
14546,14.546733,0.577185869,0.535822093,0.422814071
14547,14.547732,0.577319622,0.535884142,0.422680318
14548,14.548733,0.577513218,0.535974026,0.422486782
14549,14.549733,0.577498317,0.536007643,0.422414213
14550,14.550733,0.577691138,0.536056578,0.422308892
14551,14.551732,0.577884138,0.536146164,0.422115862
14552,14.552733,0.577955246,0.536179185,0.422044784
14553,14.553732,0.578147948,0.536268592,0.421852082
14554,14.554733,0.578279376,0.536329567,0.421720624
14555,14.555772,0.578443348,0.536405683,0.421556681
14556,14.556736,0.578512907,0.536437988,0.421487093
14557,14.557738,0.578704834,0.536527038,0.421295166
14558,14.558738,0.578835011,0.536587477,0.421165019
14559,14.559738,0.578903496,0.536619246,0.421096504
14560,14.560738,0.57909447,0.536707878,0.42090553
14561,14.561738,0.579256177,0.53678292,0.420837581
14562,14.562738,0.579261899,0.536785603,0.420738101
14563,14.563738,0.579576015,0.536931336,0.420424014
14564,14.564738,0.579518557,0.536904693,0.420481443
14565,14.565738,0.579770505,0.537021637,0.420229524
14566,14.566753,0.579836309,0.537052155,0.420163661
14567,14.567740,0.580057919,0.537155032,0.419973969
14568,14.568728,0.580184817,0.537213922,0.419815183
14569,14.569727,0.580311894,0.537272871,0.419688076
14570,14.570729,0.580438495,0.537331641,0.419561535
14571,14.571729,0.580501974,0.537361085,0.419498026
14572,14.572729,0.580690622,0.537448645,0.419309348
14573,14.573729,0.580847681,0.537477851,0.419246376
14574,14.574728,0.58103627,0.537609041,0.41896373
14575,14.575729,0.581161439,0.537667155,0.418838561
14576,14.576776,0.581222832,0.537695646,0.418777198
14577,14.577739,0.581347167,0.537753344,0.418652833
14578,14.578729,0.581408083,0.537781596,0.418591887
14579,14.579728,0.581626236,0.537839055,0.418468207
14580,14.580730,0.581749618,0.537940145,0.418250412
14581,14.581730,0.581808984,0.537967682,0.418191016
14582,14.582730,0.582059443,0.538083911,0.417940557
14583,14.583731,0.582118273,0.53811121,0.417881727
14584,14.584731,0.582176507,0.53813827,0.417823493
14585,14.585732,0.582264662,0.538224518,0.417637646
14586,14.586736,0.582514346,0.538295031,0.417485625
14587,14.587750,0.582571208,0.538321435,0.417428792
14588,14.588738,0.58282125,0.538437486,0.41717881
14589,14.589727,0.58294183,0.538493454,0.41705817
14590,14.590739,0.582933009,0.538489342,0.417066991
14591,14.591728,0.583082795,0.538575053,0.416882396
14592,14.592728,0.583332002,0.538674533,0.416667998
14593,14.593728,0.58338666,0.538699865,0.41661334
14594,14.594730,0.583440661,0.538724959,0.416559339
14595,14.595756,0.583559215,0.538779974,0.416440815
14596,14.596748,0.58367753,0.53883487,0.4163225
14597,14.597779,0.583890259,0.538933635,0.416109771
14598,14.598728,0.583942771,0.538957953,0.416057199
14599,14.599729,0.584125578,0.53904283,0.415874451
14600,14.600729,0.584242642,0.53909713,0.415757358
14601,14.601730,0.584359348,0.539151311,0.415640652
14602,14.602731,0.584410071,0.539174855,0.415589929
14603,14.603730,0.584555089,0.539259195,0.415408075
14604,14.604731,0.584605157,0.539265394,0.415394843
14605,14.605731,0.584852397,0.539380133,0.415147603
14606,14.606733,0.584901392,0.539402902,0.415098637
14607,14.607733,0.585082233,0.539486825,0.414917797
14608,14.608754,0.585263371,0.539570868,0.414736629
14609,14.609729,0.585273266,0.539592981,0.414688915
14610,14.610729,0.585254252,0.539566636,0.414745748
14611,14.611729,0.585566878,0.539711714,0.414433122
14612,14.612728,0.585813701,0.539826274,0.414186299
14613,14.613729,0.585793078,0.539816678,0.414206892
14614,14.614729,0.585972548,0.539900005,0.414027452
14615,14.615729,0.586045921,0.539921045,0.413982153
14616,14.616732,0.586023748,0.539923787,0.413976282
14617,14.617731,0.5862692,0.540037692,0.4137308
14618,14.618758,0.586380363,0.54008925,0.413619578
14619,14.619754,0.586491525,0.540140867,0.413508534
14620,14.620730,0.586467266,0.540129602,0.413532674
14621,14.621730,0.586672246,0.540243268,0.413287818
14622,14.622729,0.586782038,0.540275693,0.413218021
14623,14.623730,0.586891353,0.540326416,0.413108647
14624,14.624730,0.586933017,0.540345788,0.413067013
14625,14.625729,0.587245226,0.540490627,0.412754774
14626,14.626733,0.587285757,0.540509462,0.412714213
14627,14.627732,0.587421,0.540496588,0.412741929
14628,14.628733,0.587529004,0.540622354,0.412470996
14629,14.629753,0.587636471,0.540672183,0.41236347
14630,14.630728,0.587675452,0.540690303,0.412324548
14631,14.631728,0.587713957,0.540708184,0.412286073
14632,14.632729,0.58802557,0.540852785,0.41197443
14633,14.633729,0.588158488,0.54083848,0.412005246
14634,14.634729,0.588126957,0.540899873,0.411873072
14635,14.635730,0.588438988,0.541044712,0.411561042
14636,14.636733,0.5883376,0.540997624,0.4116624
14637,14.637733,0.588511229,0.54107821,0.411488801
14638,14.638733,0.588546693,0.541094661,0.411453307
14639,14.639733,0.588677049,0.541155159,0.411322981
14640,14.640750,0.588711619,0.541171193,0.411288381
14641,14.641739,0.588883996,0.541251183,0.411115974
14642,14.642727,0.589056253,0.541331172,0.410943747
14643,14.643728,0.589159071,0.541378856,0.410840929
14644,14.644729,0.589192271,0.541394293,0.410807759
14645,14.645729,0.589389384,0.541473866,0.410636216
14646,14.646732,0.589421391,0.541500628,0.410578609
14647,14.647733,0.589522719,0.541547656,0.410477281
14648,14.648734,0.58962369,0.541594505,0.41037631
14649,14.649734,0.589864135,0.541706085,0.410135865
14650,14.650830,0.589919865,0.541731954,0.410080135
14651,14.651731,0.589949727,0.541799307,0.409935057
14652,14.652733,0.590119421,0.541824579,0.409880579
14653,14.653733,0.590218663,0.541870654,0.409781367
14654,14.654733,0.590247571,0.541884065,0.409752429
14655,14.655759,0.590275884,0.541897178,0.409724116
14656,14.656742,0.590514779,0.542008042,0.409485221
14657,14.657731,0.590637207,0.542086244,0.409316599
14658,14.658731,0.59073478,0.542110145,0.40926522
14659,14.659732,0.590832233,0.542155385,0.409167826
14660,14.660731,0.590858221,0.542167425,0.409141719
14661,14.661744,0.591025651,0.54224515,0.408974349
14662,14.662733,0.591050982,0.542256951,0.408949077
14663,14.663733,0.591170728,0.542301297,0.408853233
14664,14.664734,0.591266036,0.54235673,0.408733964
14665,14.665733,0.591361284,0.542400956,0.408638746
14666,14.666737,0.591384888,0.542411864,0.408615112
14667,14.667739,0.59155041,0.542488694,0.40844962
14668,14.668727,0.591787279,0.542598605,0.408212721
14669,14.669726,0.591832936,0.542609036,0.40819031
14670,14.670728,0.59185493,0.542630017,0.40814507
14671,14.671745,0.592019439,0.54270637,0.407980531
14672,14.672731,0.592040479,0.542716146,0.407959521
14673,14.673731,0.592204511,0.542792261,0.407795489
14674,14.674731,0.592368603,0.542868435,0.407631397
14675,14.675731,0.59241122,0.542877555,0.407611728
14676,14.676734,0.592430413,0.542897105,0.407569587
14677,14.677734,0.592449367,0.542905927,0.407550663
14678,14.678734,0.592683911,0.543014765,0.407316118
14679,14.679734,0.592846394,0.543090165,0.407153606
14680,14.680733,0.592864156,0.54309839,0.407135844
14681,14.681734,0.592975974,0.543150306,0.407023996
14682,14.682751,0.592920363,0.543124497,0.407079637
14683,14.683728,0.593008876,0.543165565,0.406991065
14684,14.684728,0.593242228,0.543273866,0.406757772
14685,14.685728,0.593185306,0.543247461,0.406814724
14686,14.686732,0.593345463,0.543321788,0.406654537
14687,14.687731,0.593527317,0.543396056,0.406494498
14688,14.688731,0.59361428,0.543446541,0.40638575
14689,14.689730,0.59377408,0.543520689,0.40622592
14690,14.690730,0.593787313,0.543526828,0.406212747
14691,14.691730,0.593873203,0.543566704,0.406126797
14692,14.692745,0.59403199,0.543640375,0.40596801
14693,14.693733,0.593992114,0.543544233,0.406175196
14694,14.694733,0.594150066,0.543695211,0.405849963
14695,14.695734,0.594307899,0.543768466,0.405692071
14696,14.696738,0.594318748,0.543773472,0.405681252
14697,14.697737,0.594182491,0.543710232,0.405817538
14698,14.698738,0.594412327,0.543816924,0.405587673
14699,14.699736,0.59458971,0.543855429,0.405504704
14700,14.700738,0.594819963,0.544006109,0.405180067
14701,14.701738,0.594754696,0.54397583,0.405245334
14702,14.702738,0.594836593,0.544013798,0.405163437
14703,14.703748,0.594918132,0.544051647,0.405081868
14704,14.704736,0.594999313,0.544089317,0.405000657
14705,14.705737,0.595026433,0.544126928,0.404919654
14706,14.706728,0.5951069,0.544139266,0.4048931
14707,14.707729,0.595186949,0.544176459,0.404813111
14708,14.708729,0.595340729,0.544247746,0.404659212
14709,14.709729,0.595420182,0.544284701,0.404579878
14710,14.710730,0.595424771,0.544286788,0.404575169
14711,14.711731,0.595597684,0.544323385,0.404496342
14712,14.712731,0.59560138,0.544368744,0.40439859
14713,14.713751,0.595679224,0.544404864,0.404320776
14714,14.714814,0.595756769,0.544440866,0.404243261
14715,14.715739,0.595833838,0.544476628,0.404166192
14716,14.716731,0.595985353,0.544546962,0.404014647
14717,14.717731,0.596006155,0.544547796,0.404012918
14718,14.718732,0.596156955,0.544626594,0.403843045
14719,14.719732,0.59615773,0.544626951,0.40384227
14720,14.720733,0.59623313,0.544661939,0.40376687
14721,14.721734,0.596307993,0.544696689,0.403691977
14722,14.722734,0.596532822,0.544801056,0.403467208
14723,14.723734,0.596550405,0.544809222,0.403449595
14724,14.724753,0.596549034,0.544808567,0.403450966
14725,14.725729,0.596773148,0.544912577,0.403226852
14726,14.726732,0.596770823,0.544911504,0.403229177
14727,14.727731,0.596919179,0.544980347,0.403080821
14728,14.728733,0.596991539,0.545013905,0.403008431
14729,14.729734,0.597005963,0.545012355,0.403011948
14730,14.730734,0.597077549,0.54505384,0.402922451
14731,14.731735,0.597148895,0.54508698,0.402851135
14732,14.732736,0.597295463,0.545154989,0.402704507
14733,14.733736,0.597290277,0.545152545,0.402709723
14734,14.734745,0.597360432,0.545185149,0.402639598
14735,14.735732,0.597447634,0.545182347,0.402645528
14736,14.736736,0.597517073,0.545257807,0.402482927
14737,14.737733,0.597586036,0.545289814,0.402413964
14738,14.738734,0.597578645,0.545286417,0.402421355
14739,14.739734,0.597722888,0.545353353,0.402277112
14740,14.740734,0.597638726,0.545314312,0.402361304
14741,14.741734,0.597799063,0.545416296,0.402141541
14742,14.742733,0.597942412,0.545455217,0.402057558
14743,14.743734,0.598085523,0.545521617,0.401914448
14744,14.744734,0.598075509,0.545517027,0.401924521
14745,14.745751,0.598217964,0.545583129,0.401782036
14746,14.746729,0.598207235,0.545578122,0.401792735
14747,14.747730,0.598288774,0.545608401,0.401727468
14748,14.748731,0.598277092,0.545610547,0.401722908
14749,14.749730,0.598341525,0.545640469,0.401658505
14750,14.750731,0.5984056,0.545670211,0.40159443
14751,14.751730,0.598622799,0.545771003,0.401377171
14752,14.752731,0.598763287,0.54583621,0.401236743
14753,14.753731,0.598611295,0.54579401,0.40132761
14754,14.754731,0.59875071,0.545830369,0.40124929
14755,14.755769,0.598812878,0.545859218,0.401187122
14756,14.756731,0.598874807,0.545887947,0.401125193
14757,14.757732,0.599013448,0.54595232,0.400986612
14758,14.758732,0.599074543,0.545980632,0.400925457
14759,14.759732,0.598996162,0.54593724,0.401018977
14760,14.760732,0.59913367,0.54600811,0.400866359
14761,14.761731,0.599116445,0.546000123,0.400883585
14762,14.762731,0.59917587,0.54602766,0.4008241
14763,14.763732,0.599312246,0.546090961,0.400687695
14764,14.764732,0.599448562,0.546154261,0.400551438
14765,14.765733,0.599366903,0.546109617,0.40064767
14766,14.766749,0.59942472,0.546143174,0.40057528
14767,14.767736,0.599482417,0.546169937,0.400517583
14768,14.768737,0.599617243,0.546232522,0.400382787
14769,14.769736,0.599674046,0.546258867,0.400325924
14770,14.770737,0.599730611,0.546285152,0.400269449
14771,14.771736,0.599645495,0.5463112,0.400213152
14772,14.772738,0.599778831,0.546307504,0.400221169
14773,14.773738,0.599834144,0.546333194,0.400165886
14774,14.774726,0.599966764,0.546394706,0.400033206
14775,14.775746,0.600021482,0.546420157,0.399978548
14776,14.776763,0.600075722,0.54644531,0.399924219
14777,14.777743,0.600143075,0.546398044,0.400026083
14778,14.778732,0.600274503,0.546537578,0.399725497
14779,14.779732,0.600249469,0.546525955,0.399750561
14780,14.780732,0.60030216,0.546550393,0.39969781
14781,14.781733,0.600354552,0.546574712,0.399645507
14782,14.782734,0.600406408,0.546598792,0.399593592
14783,14.783734,0.600470781,0.546622694,0.399542034
14784,14.784735,0.600521922,0.546652377,0.399478078
14785,14.785734,0.600572646,0.54667592,0.399427354
14786,14.786739,0.600544691,0.546662927,0.399455249
14787,14.787843,0.600685477,0.546728253,0.399314493
14788,14.788731,0.60056597,0.546672821,0.399434
14789,14.789731,0.600705683,0.546768427,0.399228126
14790,14.790733,0.600911498,0.546833158,0.399088472
14791,14.791734,0.600960016,0.546855688,0.399039984
14792,14.792733,0.601008058,0.54687798,0.398991913
14793,14.793734,0.600898504,0.546827197,0.399101526
14794,14.794735,0.601024389,0.54688561,0.398975641
14795,14.795736,0.601082981,0.546870828,0.399007261
14796,14.796739,0.601129472,0.546934366,0.398870528
14797,14.797728,0.601254404,0.546992362,0.398745626
14798,14.798743,0.601221204,0.546976924,0.398778766
14799,14.799731,0.601187766,0.546961427,0.398812234
14800,14.800732,0.601311505,0.547018826,0.398688495
14801,14.801733,0.601288319,0.547039509,0.398643792
14802,14.802732,0.601411402,0.547065198,0.398588568
14803,14.803732,0.601455212,0.547085524,0.398544848
14804,14.804731,0.601419508,0.547068954,0.398580462
14805,14.805732,0.601541519,0.547125578,0.398458481
14806,14.806735,0.601426184,0.547072053,0.398573786
14807,14.807735,0.601478875,0.54712826,0.398452669
14808,14.808843,0.601678729,0.547189236,0.398321211
14809,14.809731,0.601799428,0.547245264,0.398200572
14810,14.810732,0.601682007,0.547190785,0.398318022
14811,14.811731,0.601722658,0.54720962,0.398277313
14812,14.812732,0.601921558,0.547301948,0.398078442
14813,14.813730,0.601961434,0.547320485,0.398038566
14814,14.814731,0.601852059,0.547269702,0.398147911
14815,14.815731,0.6018911,0.547287822,0.3981089
14816,14.816734,0.60208869,0.547379494,0.39791128
14817,14.817734,0.601968169,0.547323585,0.398031831
14818,14.818732,0.602244735,0.547451973,0.397755295
14819,14.819753,0.60213238,0.547399819,0.397956431
14820,14.820728,0.602169454,0.547416985,0.397830546
14821,14.821728,0.602126598,0.547397137,0.397873431
14822,14.822727,0.602242589,0.54745096,0.397757441
14823,14.823727,0.602198899,0.547430694,0.397801101
14824,14.824728,0.602393806,0.547521114,0.397606164
14825,14.825728,0.602349222,0.547500432,0.397650748
14826,14.826731,0.602313101,0.547483683,0.397686899
14827,14.827729,0.602347493,0.547499657,0.397652507
14828,14.828757,0.602461219,0.547552407,0.397538841
14829,14.829766,0.602335393,0.547494054,0.397664666
14830,14.830733,0.602607846,0.547620416,0.397392094
14831,14.831733,0.602648854,0.54759866,0.397439212
14832,14.832733,0.60252142,0.547580361,0.39747858
14833,14.833733,0.602633357,0.547632337,0.397366643
14834,14.834733,0.602585018,0.547609866,0.397414953
14835,14.835733,0.602776289,0.547698617,0.397223711
14836,14.836736,0.602647185,0.547638714,0.397352815
14837,14.837737,0.602845252,0.547689915,0.397242367
14838,14.838736,0.602795243,0.547707438,0.397204757
14839,14.839738,0.602824807,0.547721148,0.397175163
14840,14.840744,0.602854073,0.547734737,0.397145927
14841,14.841732,0.602882981,0.547748148,0.397117019
14842,14.842732,0.602991641,0.547798574,0.397008359
14843,14.843733,0.60286653,0.547774434,0.397060394
14844,14.844735,0.602894068,0.547753274,0.397105902
14845,14.845735,0.603001475,0.547803164,0.396998584
14846,14.846739,0.602948129,0.547778368,0.397051811
14847,14.847739,0.603054821,0.547827899,0.396945149
14848,14.848739,0.602920711,0.547765672,0.397079319
14849,14.849740,0.602872789,0.547889292,0.396812886
14850,14.850729,0.602977931,0.547792196,0.397022039
14851,14.851744,0.603243709,0.547915578,0.396756291
14852,14.852733,0.603268147,0.547926903,0.396731794
14853,14.853734,0.603051424,0.54782635,0.396948606
14854,14.854734,0.603235722,0.547911882,0.396764278
14855,14.855735,0.603024125,0.54792273,0.396740943
14856,14.856738,0.603127122,0.547861457,0.396872908
14857,14.857737,0.603149593,0.547871888,0.396850407
14858,14.858739,0.603171706,0.54788214,0.396828264
14859,14.859728,0.603193402,0.547892213,0.396806568
14860,14.860729,0.603295088,0.54793942,0.396704942
14861,14.861745,0.603401661,0.547949135,0.396683991
14862,14.862732,0.603422225,0.547998428,0.396577835
14863,14.863734,0.603281498,0.547933102,0.396718532
14864,14.864734,0.603542686,0.548054338,0.396457314
14865,14.865735,0.603400946,0.547988534,0.396598995
14866,14.866738,0.603339493,0.547960043,0.396660507
14867,14.867738,0.603523731,0.54804337,0.396480888
14868,14.868738,0.603461266,0.548016548,0.396538734
14869,14.869737,0.603559554,0.548062146,0.396440446
14870,14.870738,0.603496313,0.54803282,0.396503687
14871,14.871763,0.603513241,0.548040628,0.3964867
14872,14.872753,0.603772223,0.548160851,0.396227807
14873,14.873728,0.603626728,0.548093319,0.396373242
14874,14.874728,0.603646517,0.548102498,0.396353483
14875,14.875727,0.603581131,0.548072159,0.396418869
14876,14.876731,0.603676796,0.548116565,0.396323204
14877,14.877732,0.603691399,0.54812336,0.396308601
14878,14.878732,0.603705645,0.548129976,0.396294355
14879,14.879732,0.603638768,0.548098922,0.396361262
14880,14.880730,0.603655457,0.54810667,0.396344513
14881,14.881732,0.603749216,0.548150182,0.396250814
14882,14.882752,0.603842676,0.548193574,0.396157324
14883,14.883739,0.603693247,0.548124194,0.396306753
14884,14.884727,0.603866696,0.54820472,0.396133304
14885,14.885728,0.603716433,0.548134923,0.396283507
14886,14.886731,0.603730261,0.54814136,0.396269709
14887,14.887731,0.603821635,0.548183799,0.396178365
14888,14.888749,0.603912771,0.548226058,0.396087199
14889,14.889737,0.603760839,0.548155546,0.396239161
14890,14.890736,0.603932023,0.548234999,0.396067947
14891,14.891737,0.603781521,0.548164129,0.396220684
14892,14.892737,0.603790045,0.548169136,0.396209955
14893,14.893747,0.60379827,0.548172951,0.39620173
14894,14.894736,0.603967905,0.548251688,0.396032125
14895,14.895735,0.603894353,0.548217535,0.396105647
14896,14.896739,0.603901386,0.548220813,0.396098614
14897,14.897739,0.603828847,0.548223853,0.396091878
14898,14.898728,0.60391587,0.548227549,0.39608562
14899,14.899727,0.603921652,0.548230171,0.396078318
14900,14.900727,0.603927076,0.548232734,0.396072924
14901,14.901727,0.603851199,0.548197508,0.396148771
14902,14.902728,0.603936732,0.548237205,0.396063268
14903,14.903748,0.603942037,0.548239172,0.396058977
14904,14.904737,0.603945851,0.548241436,0.396054149
14905,14.905737,0.603949189,0.548242986,0.396050751
14906,14.906728,0.603952169,0.548244357,0.396047771
14907,14.907729,0.603793144,0.548170567,0.396206796
14908,14.908730,0.603957176,0.548246682,0.396042883
14909,14.909730,0.603959024,0.548247576,0.396041006
14910,14.910730,0.604041815,0.548285961,0.395958155
14911,14.911731,0.603881001,0.548211336,0.396118999
14912,14.912731,0.603962481,0.548249125,0.396037489
14913,14.913732,0.603962719,0.548249245,0.396037281
14914,14.914745,0.6039626,0.548249245,0.396037459
14915,14.915733,0.603962064,0.548249006,0.396037996
14916,14.916737,0.603960872,0.54824841,0.396039128
14917,14.917738,0.603959441,0.548247755,0.396040559
14918,14.918739,0.603796005,0.548171878,0.396203965
14919,14.919726,0.603874683,0.548208416,0.396125317
14920,14.920739,0.60387218,0.548207283,0.39612788
14921,14.921728,0.603950024,0.548243344,0.396049947
14922,14.922729,0.604026914,0.548279047,0.396053225
14923,14.923728,0.603861213,0.548202157,0.396138757
14924,14.924750,0.603937984,0.548237801,0.396062046
14925,14.925738,0.60385251,0.548198104,0.39614746
14926,14.926730,0.603766918,0.548158407,0.396233141
14927,14.927730,0.604004264,0.548268557,0.395995796
14928,14.928730,0.603835106,0.548189998,0.396164864
14929,14.929731,0.60390985,0.548224747,0.39609018
14930,14.930731,0.603903294,0.548221707,0.396096706
14931,14.931731,0.603734791,0.548143506,0.396265209
14932,14.932732,0.603889108,0.548215091,0.396110952
14933,14.933731,0.603800476,0.548173964,0.396199495
14934,14.934757,0.603871226,0.548206806,0.396128833
14935,14.935748,0.603862643,0.548202813,0.396137387
14936,14.936729,0.603853703,0.5481987,0.396146327
14937,14.937728,0.603763461,0.548156798,0.396236539
14938,14.938729,0.603834569,0.548189759,0.396165371
14939,14.939752,0.603902817,0.54818511,0.396175474
14940,14.940727,0.6037305,0.548141479,0.396105081
14941,14.941739,0.603800356,0.548173904,0.396199614
14942,14.942726,0.603789032,0.548168659,0.396210968
14943,14.943727,0.603696585,0.548125744,0.396303415
14944,14.944740,0.603684485,0.548120141,0.396315515
14945,14.945751,0.603668809,0.548151851,0.396247238
14946,14.946730,0.603736639,0.548144341,0.396263361
14947,14.947730,0.603723288,0.548138142,0.396276742
14948,14.948731,0.603628755,0.548094273,0.396371216
14949,14.949731,0.603614748,0.548087776,0.396385282
14950,14.950731,0.603680968,0.548118532,0.396319062
14951,14.951731,0.603585422,0.548074186,0.396414608
14952,14.952730,0.603646815,0.548102617,0.396353126
14953,14.953731,0.603711963,0.548132896,0.396288037
14954,14.954731,0.60353446,0.548050523,0.3964656
14955,14.955731,0.603437424,0.548005462,0.396562576
14956,14.956754,0.603501022,0.548034966,0.396498948
14957,14.957730,0.60340327,0.547989607,0.39659667
14958,14.958730,0.603542209,0.548054099,0.396457732
14959,14.959730,0.603524089,0.548045695,0.396475911
14960,14.960730,0.603425026,0.54799974,0.396574974
14961,14.961729,0.60340631,0.547991037,0.39659369
14962,14.962730,0.603467584,0.548019469,0.396532446
14963,14.963730,0.603447914,0.548010349,0.396552116
14964,14.964730,0.603342295,0.547961354,0.396657735
14965,14.965730,0.603402257,0.54798913,0.396597743
14966,14.966774,0.603461981,0.548016906,0.396538049
14967,14.967736,0.60327965,0.547932267,0.39672038
14968,14.968738,0.60333848,0.547959566,0.39666152
14969,14.969738,0.603316426,0.547949314,0.396683574
14970,14.970739,0.603208005,0.547899008,0.396791995
14971,14.971726,0.603265464,0.547925651,0.396734506
14972,14.972739,0.603322744,0.547952294,0.396677315
14973,14.973728,0.603218555,0.547903895,0.396781445
14974,14.974728,0.603194475,0.54789269,0.396805465
14975,14.975727,0.603250563,0.547918737,0.396749437
14976,14.976732,0.603139162,0.54786706,0.396860898
14977,14.977751,0.602873504,0.547743738,0.397126496
14978,14.978740,0.6030882,0.547843397,0.3969118
14979,14.979728,0.602981985,0.547794104,0.397018015
14980,14.980728,0.60295558,0.547781825,0.39704439
14981,14.981729,0.602848768,0.547732294,0.397151232
14982,14.982730,0.602975011,0.547790885,0.397024989
14983,14.983731,0.602947295,0.54777801,0.397052705
14984,14.984731,0.602839231,0.547727823,0.397160739
14985,14.985730,0.602890849,0.547751784,0.397109091
14986,14.986735,0.60286212,0.547738492,0.39713788
14987,14.987744,0.602825642,0.547724962,0.397167027
14988,14.988733,0.602796078,0.547707856,0.397203952
14989,14.989734,0.602846146,0.547731042,0.397153825
14990,14.990735,0.602655709,0.547642708,0.397344321
14991,14.991735,0.602784932,0.54770267,0.397215068
14992,14.992736,0.602673769,0.547651052,0.397326231
14993,14.993736,0.602642179,0.54763639,0.397357821
14994,14.994737,0.602522433,0.547580838,0.397477567
14995,14.995738,0.602649868,0.547639966,0.397350162
14996,14.996729,0.602537215,0.547587693,0.397462785
14997,14.997729,0.602344692,0.547498345,0.397655308
14998,14.998748,0.602390826,0.547519743,0.397609174
14999,14.999742,0.602428138,0.547541022,0.397563338
15000,15.000730,0.602314055,0.5474841,0.397597611
15001,15.001730,0.602279365,0.547468007,0.397720635
15002,15.002730,0.602244318,0.547451735,0.397755682
15003,15.003730,0.602288544,0.547472298,0.397711486
15004,15.004729,0.602332354,0.547492623,0.397667646
15005,15.005730,0.602216363,0.547438741,0.397783607
15006,15.006733,0.602170467,0.547417462,0.397829503
15007,15.007733,0.60205394,0.5473634,0.39794603
15008,15.008748,0.602096021,0.547382951,0.397904009
15009,15.009736,0.602058113,0.547365308,0.397941858
15010,15.010736,0.602019906,0.547347605,0.397980034
15011,15.011737,0.602060854,0.547366619,0.397939175
15012,15.012737,0.601853311,0.547270298,0.398146719
15013,15.013737,0.601893187,0.547288775,0.398106813
15014,15.014737,0.601774096,0.547233522,0.398225904
15015,15.015737,0.601733923,0.547214866,0.398266047
15016,15.016728,0.601851881,0.547269642,0.398148149
15017,15.017728,0.601810932,0.547250628,0.398189068
15018,15.018727,0.601679921,0.547189832,0.398320079
15019,15.019743,0.601717353,0.547207177,0.398282647
15020,15.020732,0.601516962,0.547114193,0.398482978
15021,15.021731,0.601553559,0.547131181,0.39844647
15022,15.022731,0.601431608,0.547074556,0.398568392
15023,15.023730,0.601467311,0.547091126,0.398532659
15024,15.024731,0.601412714,0.547065794,0.398734093
15025,15.025731,0.601447523,0.547081947,0.398552477
15026,15.026734,0.601402998,0.547061324,0.398597002
15027,15.027734,0.601200402,0.546967268,0.398799628
15028,15.028735,0.601234019,0.546982884,0.398765981
15029,15.029749,0.601176918,0.546961665,0.398811638
15030,15.030736,0.601130843,0.546934962,0.398869157
15031,15.031737,0.601084411,0.546913445,0.398915619
15032,15.032737,0.601037502,0.546891689,0.398962498
15033,15.033737,0.600911736,0.546833277,0.399088264
15034,15.034737,0.600864232,0.546811223,0.399135739
15035,15.035738,0.600816309,0.54678899,0.399183661
15036,15.036730,0.60083437,0.546797395,0.39923203
15037,15.037730,0.600707233,0.546738386,0.399292797
15038,15.038730,0.600736499,0.546751976,0.399263531
15039,15.039731,0.600687027,0.546729028,0.399312973
15040,15.040747,0.600558698,0.546669424,0.399441272
15041,15.041737,0.600508571,0.546646178,0.399491489
15042,15.042737,0.600445211,0.546616793,0.399554789
15043,15.043739,0.60039413,0.54659307,0.39960584
15044,15.044738,0.600264668,0.546532989,0.399735332
15045,15.045739,0.600290895,0.546545148,0.399709105
15046,15.046731,0.600316703,0.546557128,0.399683297
15047,15.047730,0.600108266,0.54646039,0.399891734
15048,15.048732,0.600197911,0.546501994,0.399788707
15049,15.049733,0.600144565,0.546477258,0.399855435
15050,15.050752,0.600090861,0.546452343,0.399909139
15051,15.051729,0.600114644,0.54646337,0.399885386
15052,15.052730,0.599982142,0.546401858,0.400017858
15053,15.053731,0.599849522,0.546340346,0.400150508
15054,15.054732,0.599858165,0.54634434,0.400127947
15055,15.055732,0.599802434,0.546318471,0.400197595
15056,15.056736,0.599668741,0.546256423,0.400331259
15057,15.057737,0.599612355,0.546230257,0.400387645
15058,15.058750,0.599710822,0.546275973,0.400289208
15059,15.059739,0.599421084,0.546141505,0.400578976
15060,15.060727,0.599504054,0.54618001,0.400495946
15061,15.061752,0.599523544,0.54618907,0.400476515
15062,15.062729,0.599465013,0.54616189,0.400534987
15063,15.063729,0.599251509,0.546062768,0.400748491
15064,15.064729,0.599269748,0.546071231,0.400730222
15065,15.065728,0.599133134,0.546007872,0.400866896
15066,15.066732,0.599135518,0.546008945,0.400849581
15067,15.067731,0.599075079,0.54598093,0.400924951
15068,15.068732,0.599014521,0.545952797,0.400985539
15069,15.069731,0.598876476,0.545888722,0.401123494
15070,15.070732,0.598892033,0.545895934,0.401107967
15071,15.071751,0.598814726,0.545867264,0.401169688
15072,15.072726,0.598675728,0.54579556,0.401308656
15073,15.073740,0.598690033,0.545802176,0.401309937
15074,15.074740,0.598627031,0.54577297,0.401372969
15075,15.075728,0.59848696,0.545707941,0.40151301
15076,15.076731,0.598423421,0.545678496,0.401576638
15077,15.077732,0.598512769,0.545719922,0.401487231
15078,15.078732,0.598432183,0.545682549,0.401628315
15079,15.079732,0.598290801,0.545616925,0.401709288
15080,15.080732,0.598301947,0.54562211,0.401698053
15081,15.081756,0.598236382,0.545591652,0.401763618
15082,15.082751,0.598017693,0.545490146,0.401982307
15083,15.083739,0.598104179,0.545530319,0.401895851
15084,15.084738,0.597944379,0.545456171,0.402055651
15085,15.085739,0.597877264,0.545424998,0.402122825
15086,15.086729,0.597809792,0.545393705,0.402190208
15087,15.087729,0.597741961,0.545362175,0.402258009
15088,15.088729,0.597521842,0.545260012,0.402478129
15089,15.089729,0.597605228,0.545298755,0.402394772
15090,15.090728,0.5975191,0.54525876,0.402539641
15091,15.091729,0.597373784,0.545191288,0.402626157
15092,15.092747,0.597455859,0.545229435,0.402544171
15093,15.093734,0.597309947,0.545161724,0.402690053
15094,15.094734,0.597163856,0.545093894,0.402836144
15095,15.095734,0.597168624,0.545096099,0.402831346
15096,15.096737,0.597004116,0.545019746,0.402995825
15097,15.097738,0.597008169,0.545021653,0.402991891
15098,15.098738,0.596936226,0.544988275,0.403063804
15099,15.099738,0.596788585,0.544919729,0.403211445
15100,15.100726,0.596791208,0.544920981,0.403208822
15101,15.101739,0.596718311,0.544887125,0.403281778
15102,15.102754,0.596626461,0.544844508,0.403373569
15103,15.103745,0.59662801,0.544845223,0.40337202
15104,15.104734,0.596478403,0.544775784,0.403521568
15105,15.105733,0.596479058,0.544776082,0.403520972
15106,15.106738,0.596328914,0.544706404,0.403671086
15107,15.107739,0.596253753,0.544671535,0.403746277
15108,15.108728,0.59615916,0.544627607,0.403821826
15109,15.109727,0.596083164,0.544592321,0.403916806
15110,15.110729,0.596006811,0.544556916,0.403993189
15111,15.111730,0.595855355,0.544486642,0.404144704
15112,15.112746,0.595778286,0.544450879,0.404221714
15113,15.113970,0.595830619,0.544475138,0.404169381
15114,15.114734,0.595603704,0.544369817,0.404227853
15115,15.115734,0.595525563,0.544333577,0.404474437
15116,15.116738,0.595446944,0.544297099,0.404553086
15117,15.117739,0.595516741,0.544329464,0.404483259
15118,15.118728,0.595288873,0.544223726,0.404711127
15119,15.119728,0.595283389,0.544221163,0.404716611
15120,15.120729,0.595183313,0.544174731,0.4047966
15121,15.121729,0.595028877,0.544103026,0.404971123
15122,15.122730,0.594948053,0.544065535,0.405051947
15123,15.123731,0.594940901,0.544062197,0.405059069
15124,15.124748,0.594859481,0.544024467,0.405140549
15125,15.125736,0.594777465,0.54398638,0.405222535
15126,15.126727,0.594601035,0.543904483,0.405378342
15127,15.127728,0.594518423,0.543866158,0.405481547
15128,15.128727,0.594362199,0.543793678,0.40563786
15129,15.129729,0.594352424,0.543789148,0.405647635
15130,15.130729,0.59426868,0.543750226,0.40573132
15131,15.131728,0.594258189,0.543745399,0.40574187
15132,15.132728,0.594152629,0.543696404,0.405752778
15133,15.133728,0.594067872,0.543657064,0.405932128
15134,15.134791,0.593982756,0.543617547,0.406017244
15135,15.135729,0.593897104,0.54357779,0.406102866
15136,15.136732,0.593738377,0.543504119,0.406261623
15137,15.137732,0.593725026,0.54349792,0.406274974
15138,15.138731,0.593616843,0.543447733,0.406361461
15139,15.139731,0.59352988,0.543407381,0.40647015
15140,15.140732,0.593515456,0.543400645,0.406484514
15141,15.141732,0.593427777,0.543359995,0.406572223
15142,15.142732,0.593339562,0.543319046,0.406660378
15143,15.143731,0.593106091,0.543210685,0.406893909
15144,15.144732,0.593067706,0.543192863,0.406910032
15145,15.145750,0.593051076,0.543185115,0.406948894
15146,15.146729,0.59281671,0.543076396,0.40718329
15147,15.147728,0.592727065,0.543034792,0.407272935
15148,15.148729,0.592709184,0.543026447,0.407290787
15149,15.149729,0.592690945,0.543017983,0.407308996
15150,15.150729,0.592433095,0.542898357,0.407544136
15151,15.151729,0.592413902,0.542889476,0.407586157
15152,15.152728,0.592322171,0.542846859,0.407677829
15153,15.153729,0.59223032,0.542804241,0.40776971
15154,15.154730,0.592066348,0.542728126,0.407933652
15155,15.155744,0.59211725,0.542751789,0.40788278
15156,15.156735,0.591857672,0.542631269,0.408119172
15157,15.157736,0.591764331,0.542587996,0.408235669
15158,15.158734,0.591599345,0.542511404,0.408400625
15159,15.159735,0.591648042,0.542533994,0.408351958
15160,15.160735,0.591625094,0.542523384,0.408374965
15161,15.161735,0.591458857,0.542446196,0.408541113
15162,15.162735,0.591197908,0.542325079,0.408636153
15163,15.163735,0.591102719,0.542280912,0.408897281
15164,15.164735,0.591077924,0.542269409,0.408922136
15165,15.165761,0.590981901,0.542224884,0.409018159
15166,15.166752,0.590885282,0.542180002,0.409114689
15167,15.167728,0.590859175,0.542167902,0.409140855
15168,15.168849,0.5907377,0.542111516,0.409262329
15169,15.169737,0.590499163,0.542000771,0.409500808
15170,15.170738,0.590542257,0.542020798,0.409457743
15171,15.171739,0.590444088,0.54197526,0.409555912
15172,15.172727,0.590275049,0.54189682,0.409724981
15173,15.173739,0.590176225,0.541850924,0.409823775
15174,15.174728,0.590122402,0.54182595,0.409922898
15175,15.175728,0.590022802,0.541779757,0.409977227
15176,15.176750,0.58999294,0.541765869,0.410007089
15177,15.177738,0.589822412,0.541686714,0.410177648
15178,15.178740,0.589651942,0.541607618,0.410348088
15179,15.179728,0.589551091,0.541560769,0.410448879
15180,15.180729,0.589424491,0.541502059,0.410550088
15181,15.181728,0.589322925,0.541454911,0.410677075
15182,15.182730,0.589220881,0.541407585,0.410779148
15183,15.183730,0.589118421,0.541360021,0.410881609
15184,15.184731,0.589015782,0.541312337,0.410984159
15185,15.185731,0.588912964,0.541264653,0.411087096
15186,15.186735,0.588714659,0.541172624,0.411285341
15187,15.187752,0.588680029,0.54115653,0.411319941
15188,15.188728,0.588644862,0.541140199,0.411355108
15189,15.189729,0.588471591,0.541059792,0.411528409
15190,15.190730,0.588367045,0.541011274,0.411632955
15191,15.191730,0.588330805,0.540994465,0.411669165
15192,15.192731,0.588130116,0.540901303,0.411843419
15193,15.193731,0.588093042,0.540884137,0.411906987
15194,15.194732,0.587918401,0.540803075,0.412081569
15195,15.195731,0.587880433,0.540785432,0.412119508
15196,15.196733,0.587705255,0.540704131,0.412294745
15197,15.197751,0.587639689,0.540591359,0.412537813
15198,15.198739,0.587532222,0.540623844,0.412441075
15199,15.199728,0.587560594,0.540637016,0.412439406
15200,15.200727,0.587248206,0.540492058,0.412751794
15201,15.201727,0.587072015,0.54041028,0.412927985
15202,15.202727,0.587031186,0.540391326,0.412968844
15203,15.203727,0.586989641,0.540372014,0.413010359
15204,15.204728,0.5869205,0.540339947,0.413119763
15205,15.205727,0.586675465,0.540226221,0.413324535
15206,15.206730,0.586632848,0.540206432,0.413367152
15207,15.207730,0.586589694,0.540186405,0.413410276
15208,15.208746,0.586411536,0.540103734,0.413588464
15209,15.209734,0.586300433,0.540052176,0.413699597
15210,15.210733,0.586093962,0.539956331,0.413878053
15211,15.211734,0.586049259,0.539935589,0.413950741
15212,15.212734,0.585870147,0.53985244,0.414129823
15213,15.213735,0.585958302,0.539893389,0.414041698
15214,15.214735,0.585711718,0.539778948,0.414288312
15215,15.215733,0.585732162,0.539788425,0.414267838
15216,15.216737,0.58539027,0.539629757,0.414581269
15217,15.217738,0.585343003,0.539607823,0.414656967
15218,15.218743,0.585228741,0.539554775,0.414771259
15219,15.219730,0.58511436,0.539501727,0.41488564
15220,15.220732,0.58493346,0.539417744,0.41506651
15221,15.221732,0.584818661,0.539364457,0.415181339
15222,15.222732,0.5847404,0.539328158,0.415164828
15223,15.223731,0.584624469,0.539274335,0.415375531
15224,15.224730,0.584442675,0.539189994,0.415557355
15225,15.225731,0.584260881,0.539105594,0.415739119
15226,15.226735,0.584078968,0.539021194,0.415921032
15227,15.227734,0.584158242,0.53905797,0.415841758
15228,15.228746,0.584011614,0.538989902,0.415988386
15229,15.229753,0.583893716,0.538935184,0.416106254
15230,15.230729,0.583710551,0.538850188,0.416289419
15231,15.231730,0.583657444,0.538825512,0.416342497
15232,15.232731,0.583538949,0.538770556,0.41646108
15233,15.233731,0.5834198,0.538715243,0.4165802
15234,15.234731,0.583205879,0.538616002,0.41676423
15235,15.235731,0.583215952,0.538620651,0.416784078
15236,15.236736,0.582966626,0.538504958,0.417033404
15237,15.237736,0.582975686,0.53850913,0.417024314
15238,15.238737,0.582790256,0.538423061,0.417209685
15239,15.239752,0.582639217,0.538337231,0.417394847
15240,15.240728,0.582517982,0.5382967,0.417387247
15241,15.241729,0.582332373,0.538210571,0.417667627
15242,15.242730,0.582274735,0.538183808,0.417725235
15243,15.243729,0.582152426,0.538127065,0.417847574
15244,15.244731,0.581965983,0.538040519,0.418033957
15245,15.245732,0.58197099,0.538042843,0.41802901
15246,15.246735,0.581753314,0.537941873,0.418215841
15247,15.247736,0.581566334,0.537855029,0.418433607
15248,15.248736,0.581569791,0.537856698,0.418430269
15249,15.249736,0.581318617,0.537740111,0.418681353
15250,15.250753,0.581257761,0.537711859,0.418742239
15251,15.251729,0.581070006,0.537624717,0.418929994
15252,15.252730,0.580913901,0.537552238,0.419054747
15253,15.253730,0.580851436,0.53752327,0.419148564
15254,15.254730,0.580725908,0.537465036,0.419274092
15255,15.255731,0.580662847,0.53743577,0.419337153
15256,15.256734,0.5804739,0.537348032,0.41952607
15257,15.257735,0.580222309,0.537231326,0.419777751
15258,15.258734,0.580188692,0.53721571,0.419779509
15259,15.259736,0.580061674,0.537156761,0.419938356
15260,15.260756,0.579934001,0.537097514,0.420065999
15261,15.261731,0.57974416,0.537009358,0.42025581
15262,15.262729,0.579678357,0.536978841,0.420321643
15263,15.263730,0.579488158,0.536890626,0.420511901
15264,15.264731,0.579265773,0.536787391,0.420640618
15265,15.265730,0.579198301,0.536756039,0.420801669
15266,15.266734,0.579069197,0.536696136,0.420930803
15267,15.267734,0.578939736,0.536636055,0.421060234
15268,15.268734,0.578871489,0.536604404,0.421128541
15269,15.269733,0.5786798,0.536515415,0.4213202
15270,15.270734,0.578577995,0.536468148,0.421389282
15271,15.271751,0.578447223,0.536407471,0.421552777
15272,15.272727,0.578194439,0.536290169,0.42180559
15273,15.273727,0.578123748,0.536257327,0.421876222
15274,15.274727,0.578052938,0.536224484,0.421947032
15275,15.275740,0.577860296,0.536135077,0.422139704
15276,15.276731,0.577876866,0.536142766,0.422332227
15277,15.277730,0.577562571,0.535996914,0.422437429
15278,15.278731,0.577490151,0.535963297,0.422509849
15279,15.279731,0.577417314,0.535929501,0.422582686
15280,15.280731,0.577223301,0.535839438,0.422776669
15281,15.281750,0.577149749,0.535805345,0.422850251
15282,15.282738,0.576862216,0.53567189,0.423104197
15283,15.283738,0.576728046,0.535609603,0.423271954
15284,15.284738,0.57659328,0.535547078,0.42340672
15285,15.285739,0.576517999,0.535512149,0.423482031
15286,15.286728,0.576382816,0.535449386,0.423617184
15287,15.287729,0.57621336,0.535386503,0.423752666
15288,15.288754,0.576018333,0.535280228,0.423981667
15289,15.289729,0.575882137,0.535217047,0.424117893
15290,15.290729,0.57574594,0.535153806,0.424254119
15291,15.291728,0.575667977,0.535117626,0.424332023
15292,15.292749,0.575531065,0.535054088,0.424468935
15293,15.293738,0.575335145,0.534963131,0.424664795
15294,15.294737,0.575221896,0.534910619,0.424743652
15295,15.295737,0.57502532,0.534819365,0.42497462
15296,15.296728,0.574887335,0.534755349,0.425112695
15297,15.297729,0.574749112,0.534691215,0.425250918
15298,15.298729,0.574668586,0.534653783,0.425331354
15299,15.299730,0.574529409,0.534589231,0.425470591
15300,15.300731,0.5744133,0.534535348,0.425609767
15301,15.301731,0.574331522,0.53449738,0.425668478
15302,15.302746,0.57401824,0.534351945,0.4259817
15303,15.303734,0.573935747,0.534313679,0.426064193
15304,15.304735,0.573795199,0.534248471,0.42620483
15305,15.305735,0.573597193,0.534156561,0.426402807
15306,15.306739,0.573420942,0.534074783,0.426486552
15307,15.307739,0.57339412,0.534062326,0.42660591
15308,15.308740,0.573252201,0.533996463,0.426747769
15309,15.309728,0.572996557,0.53387785,0.427003503
15310,15.310728,0.572911322,0.533838272,0.427088678
15311,15.311729,0.572712302,0.533745885,0.427287668
15312,15.312730,0.572590292,0.53368926,0.427409708
15313,15.313749,0.572390974,0.533596754,0.427609026
15314,15.314737,0.57230413,0.533556461,0.42769587
15315,15.315738,0.572160721,0.533489883,0.427839249
15316,15.316729,0.571960986,0.533397198,0.428039044
15317,15.317730,0.571872711,0.533356249,0.428127289
15318,15.318730,0.571692228,0.533263385,0.428327382
15319,15.319731,0.571547687,0.53320539,0.428452313
15320,15.320730,0.571402788,0.533138156,0.428597212
15321,15.321731,0.571201921,0.533044934,0.428798079
15322,15.322732,0.571167529,0.53302896,0.428832471
15323,15.323754,0.57091099,0.53290993,0.42908904
15324,15.324733,0.570783675,0.532850802,0.429289877
15325,15.325733,0.570692539,0.532808542,0.429307461
15326,15.326737,0.57043612,0.532689512,0.42956388
15327,15.327737,0.570399046,0.532672286,0.429600894
15328,15.328736,0.570196927,0.532578528,0.429803103
15329,15.329737,0.569995105,0.532484829,0.430004895
15330,15.330735,0.569919586,0.532449782,0.430152237
15331,15.331737,0.569663048,0.532330751,0.430336952
15332,15.332737,0.569514751,0.532261908,0.430485249
15333,15.333737,0.569366574,0.532193124,0.430633426
15334,15.334746,0.569271922,0.532149196,0.430728078
15335,15.335734,0.569069266,0.53205514,0.430930704
15336,15.336736,0.568936527,0.531993568,0.431026369
15337,15.337736,0.5687868,0.531924069,0.4312132
15338,15.338736,0.568690777,0.531879485,0.431309223
15339,15.339737,0.568433702,0.531760216,0.431566328
15340,15.340736,0.568283617,0.531690538,0.431716412
15341,15.341736,0.568186343,0.531645417,0.431813687
15342,15.342736,0.567944944,0.53153336,0.432070494
15343,15.343753,0.567846835,0.531487823,0.432153195
15344,15.344751,0.56764257,0.531392992,0.432357401
15345,15.345738,0.567543745,0.531347156,0.432456255
15346,15.346730,0.567391932,0.531276703,0.432608038
15347,15.347730,0.567239642,0.531206012,0.432760328
15348,15.348729,0.567049205,0.531086922,0.433016956
15349,15.349730,0.566844583,0.531022668,0.433155417
15350,15.350731,0.566691875,0.530951798,0.433308125
15351,15.351730,0.56653893,0.530880809,0.43346104
15352,15.352731,0.566488981,0.530857623,0.433511049
15353,15.353729,0.566283584,0.530762315,0.433716387
15354,15.354730,0.566091299,0.530673087,0.433908701
15355,15.355748,0.565885603,0.5305776,0.434114367
15356,15.356739,0.565782547,0.530529797,0.434217453
15357,15.357728,0.565627933,0.530458033,0.434372067
15358,15.358727,0.565422177,0.530362546,0.434577852
15359,15.359727,0.565419614,0.530361354,0.434580386
15360,15.360727,0.565123498,0.530218482,0.434888244
15361,15.361728,0.565018535,0.530175209,0.434981495
15362,15.362727,0.564812064,0.530079365,0.435187906
15363,15.363729,0.564605355,0.529983461,0.435394645
15364,15.364730,0.564399004,0.529887676,0.435600966
15365,15.365743,0.564342737,0.529861569,0.435657263
15366,15.366734,0.564146638,0.529788792,0.435814053
15367,15.367735,0.56393975,0.52967453,0.43606022
15368,15.368734,0.563782275,0.529601455,0.436217725
15369,15.369736,0.563674212,0.529551327,0.436325818
15370,15.370737,0.563466966,0.529455125,0.436533034
15371,15.371737,0.563358307,0.5294047,0.436641634
15372,15.372738,0.563111186,0.52929002,0.43675068
15373,15.373738,0.563050926,0.529262006,0.436949044
15374,15.374739,0.562842727,0.529165387,0.437157273
15375,15.375728,0.562634885,0.529068947,0.437365115
15376,15.376751,0.562524438,0.529017687,0.437475532
15377,15.377726,0.562316418,0.528921127,0.437683553
15378,15.378727,0.562164903,0.52884692,0.437843472
15379,15.379728,0.562053263,0.528799057,0.437946796
15380,15.380729,0.561844647,0.528702199,0.438155353
15381,15.381729,0.561636209,0.528605461,0.438363791
15382,15.382729,0.561523497,0.528553128,0.438476473
15383,15.383730,0.561314583,0.528456211,0.438685447
15384,15.384730,0.561160743,0.528403521,0.438798815
15385,15.385731,0.560999215,0.528309822,0.439000815
15386,15.386752,0.560790122,0.528212786,0.439209849
15387,15.387728,0.560581267,0.528115869,0.439418733
15388,15.388729,0.560513556,0.528084457,0.439486474
15389,15.389730,0.560303926,0.527987182,0.439696103
15390,15.390731,0.560147583,0.527933538,0.439811647
15391,15.391731,0.559938133,0.527817369,0.440061867
15392,15.392731,0.559775233,0.52774179,0.440224767
15393,15.393730,0.559658527,0.527687609,0.440341473
15394,15.394730,0.559448481,0.527590156,0.440551549
15395,15.395730,0.559284866,0.527514219,0.440715134
15396,15.396780,0.559079945,0.52741909,0.440920055
15397,15.397751,0.558915913,0.527342975,0.441084087
15398,15.398739,0.558797061,0.527287781,0.441202909
15399,15.399739,0.558586836,0.527190268,0.441413194
15400,15.400728,0.558421969,0.527113736,0.44157806
15401,15.401727,0.558347881,0.527079344,0.441652119
15402,15.402727,0.558005333,0.527002573,0.441817522
15403,15.403727,0.55788517,0.526864588,0.44211483
15404,15.404728,0.557719469,0.526787698,0.442280531
15405,15.405727,0.557643056,0.526752234,0.442356944
15406,15.406731,0.557387233,0.526633501,0.442612708
15407,15.407752,0.55726558,0.526577055,0.44273442
15408,15.408739,0.55696857,0.52643919,0.442900956
15409,15.409728,0.556934416,0.526423335,0.443065584
15410,15.410726,0.556678891,0.526304781,0.443321139
15411,15.411727,0.556555748,0.526247621,0.443444282
15412,15.412740,0.55634433,0.526149511,0.44365567
15413,15.413728,0.556220233,0.526091933,0.443779796
15414,15.414728,0.555966675,0.52601397,0.443947673
15415,15.415727,0.55579865,0.525896251,0.44420135
15416,15.416731,0.555630088,0.52581799,0.444369882
15417,15.417731,0.555461705,0.525739849,0.444538295
15418,15.418750,0.555336118,0.525681555,0.444663882
15419,15.419727,0.555124223,0.525583267,0.444875807
15420,15.420727,0.554912448,0.525524497,0.445002407
15421,15.421727,0.554785788,0.525426149,0.445214182
15422,15.422740,0.554573596,0.525327682,0.445426375
15423,15.423728,0.55444634,0.525268614,0.445553631
15424,15.424726,0.55423373,0.525169969,0.44576627
15425,15.425727,0.554063618,0.525090992,0.445936382
15426,15.426730,0.553892612,0.525031447,0.446064681
15427,15.427731,0.553721845,0.524932384,0.446278125
15428,15.428748,0.553509355,0.524833798,0.446490675
15429,15.429736,0.553296566,0.524735034,0.446703464
15430,15.430737,0.553208351,0.524694085,0.446791679
15431,15.431737,0.55303663,0.524614394,0.44696337
15432,15.432738,0.552780867,0.524495661,0.447176129
15433,15.433738,0.552609086,0.52441597,0.447390914
15434,15.434739,0.552478015,0.524355173,0.447522044
15435,15.435726,0.552264631,0.52425611,0.447735369
15436,15.436731,0.552092254,0.524176121,0.447907746
15437,15.437731,0.552000701,0.524133623,0.447999328
15438,15.438732,0.551703691,0.523995757,0.448296309
15439,15.439745,0.551570892,0.523934126,0.448429108
15440,15.440733,0.551397204,0.52385354,0.448602796
15441,15.441734,0.551223755,0.523773015,0.448776305
15442,15.442735,0.551050067,0.523692429,0.448949933
15443,15.443736,0.550836504,0.523593307,0.449163467
15444,15.444737,0.550658524,0.523512483,0.449337661
15445,15.445736,0.550483882,0.523429632,0.449516088
15446,15.446744,0.55030942,0.523348689,0.44969061
15447,15.447733,0.550095499,0.523249388,0.449904501
15448,15.448733,0.549920797,0.523168325,0.450079173
15449,15.449749,0.54978466,0.523105145,0.45021534
15450,15.450736,0.549565494,0.523059607,0.450313538
15451,15.451738,0.54938978,0.52292186,0.45061022
15452,15.452738,0.549214184,0.522840381,0.450785846
15453,15.453739,0.549038351,0.522758782,0.450961649
15454,15.454726,0.548862338,0.522677064,0.451137662
15455,15.455739,0.548685849,0.522595167,0.451314151
15456,15.456730,0.548427582,0.522495806,0.451528251
15457,15.457731,0.548288703,0.52241087,0.451711297
15458,15.458729,0.548111975,0.522328854,0.451888025
15459,15.459729,0.547860503,0.522212148,0.452139527
15460,15.460747,0.547757626,0.522164404,0.452242404
15461,15.461734,0.547617376,0.522099316,0.452382624
15462,15.462733,0.54739511,0.521982551,0.452634156
15463,15.463734,0.547180593,0.521896601,0.452819437
15464,15.464733,0.54703933,0.521831036,0.45296064
15465,15.465734,0.546787918,0.52171433,0.453212053
15466,15.466737,0.546609879,0.521631718,0.453390121
15467,15.467737,0.54643172,0.521549046,0.45356831
15468,15.468737,0.54620856,0.521482944,0.453710735
15469,15.469737,0.546029985,0.521362603,0.453970015
15470,15.470750,0.545850813,0.521279454,0.454149187
15471,15.471737,0.545743108,0.521229446,0.454256952
15472,15.472737,0.545528233,0.521129727,0.454471767
15473,15.473737,0.545348823,0.52104646,0.454651177
15474,15.474737,0.5451594,0.520946622,0.45486629
15475,15.475737,0.544944108,0.520858645,0.455055952
15476,15.476729,0.544764102,0.52077508,0.455235898
15477,15.477727,0.544549286,0.520675421,0.455450743
15478,15.478729,0.544438064,0.520623803,0.455561966
15479,15.479728,0.544188559,0.520507991,0.455811471
15480,15.480728,0.543962836,0.520403206,0.456026107
15481,15.481745,0.543782175,0.520319343,0.456217796
15482,15.482733,0.543600976,0.5202353,0.456399024
15483,15.483732,0.543453813,0.520166993,0.456546187
15484,15.484733,0.543272495,0.520082831,0.456727475
15485,15.485733,0.543057203,0.519982934,0.456942827
15486,15.486736,0.542830229,0.519898713,0.457124323
15487,15.487736,0.542681754,0.51980865,0.457318217
15488,15.488735,0.542499423,0.519724071,0.457500577
15489,15.489736,0.542284369,0.519624233,0.457715631
15490,15.490736,0.542135,0.519554913,0.45786503
15491,15.491750,0.541952193,0.519470096,0.458047807
15492,15.492739,0.541658938,0.519400477,0.458197802
15493,15.493739,0.541573226,0.519294202,0.458426774
15494,15.494728,0.541325748,0.519179344,0.458674252
15495,15.495728,0.541110456,0.519079447,0.458889574
15496,15.496732,0.540991247,0.519024134,0.459008783
15497,15.497732,0.540776014,0.518924236,0.459223986
15498,15.498733,0.540577888,0.518853664,0.459376037
15499,15.499733,0.540394247,0.518747032,0.459605724
15500,15.500734,0.540179074,0.518647194,0.459820956
15501,15.501734,0.539994836,0.518561661,0.460005224
15502,15.502874,0.539795637,0.518469214,0.460204333
15503,15.503738,0.539626181,0.518390536,0.460373759
15504,15.504739,0.539365113,0.518290818,0.460588813
15505,15.505728,0.539180696,0.518183827,0.460819304
15506,15.506730,0.539056599,0.518126249,0.460943401
15507,15.507732,0.538841367,0.518026352,0.461158633
15508,15.508733,0.538686633,0.517954528,0.461313367
15509,15.509733,0.538501143,0.517868459,0.461498857
15510,15.510734,0.538209796,0.517768383,0.461714417
15511,15.511733,0.538083315,0.517674506,0.461916655
15512,15.512751,0.537897766,0.517588437,0.462102234
15513,15.513738,0.537711561,0.51750201,0.462288439
15514,15.514740,0.537496328,0.517402112,0.462503642
15515,15.515727,0.537339449,0.517329276,0.462660521
15516,15.516731,0.537077367,0.51724273,0.462847114
15517,15.517733,0.536919773,0.517134547,0.463080257
15518,15.518733,0.536647618,0.517008185,0.463352352
15519,15.519734,0.536517739,0.516947925,0.463482261
15520,15.520734,0.53635937,0.516874433,0.46364063
15521,15.521733,0.536200643,0.516800761,0.463799357
15522,15.522735,0.535938084,0.516678929,0.463986993
15523,15.523747,0.535723031,0.516579151,0.464276999
15524,15.524736,0.535618961,0.516530812,0.464381039
15525,15.525736,0.535375774,0.51641798,0.464624256
15526,15.526738,0.535187721,0.516330659,0.464812249
15527,15.527738,0.534972787,0.516230941,0.465027243
15528,15.528739,0.534765065,0.516156197,0.465188265
15529,15.529739,0.534576595,0.51604706,0.465423405
15530,15.530739,0.53436166,0.515947282,0.46563831
15531,15.531737,0.534200132,0.515872359,0.465799898
15532,15.532739,0.534011245,0.515784681,0.465988696
15533,15.533787,0.533775449,0.515675247,0.466177285
15534,15.534738,0.533560216,0.515609443,0.466366351
15535,15.535738,0.533423543,0.51551193,0.466576487
15536,15.536729,0.533208489,0.515412092,0.466791481
15537,15.537729,0.533044815,0.515336156,0.466955185
15538,15.538729,0.532829762,0.515236318,0.467170209
15539,15.539728,0.532640398,0.515148461,0.467359573
15540,15.540729,0.532403171,0.515048683,0.467574686
15541,15.541729,0.532213449,0.514950275,0.467786491
15542,15.542729,0.532023787,0.514862299,0.467976213
15543,15.543729,0.531858385,0.514785528,0.468141645
15544,15.544746,0.531668305,0.514697313,0.468331695
15545,15.545733,0.531453192,0.514597476,0.468546808
15546,15.546737,0.531191051,0.514497936,0.468761355
15547,15.547738,0.531024992,0.514398754,0.468975008
15548,15.548738,0.530810535,0.514299214,0.469189465
15549,15.549738,0.530691445,0.51424396,0.469308555
15550,15.550736,0.530429244,0.514122248,0.469570756
15551,15.551738,0.530238271,0.514033616,0.469761729
15552,15.552738,0.530023277,0.513944983,0.469952703
15553,15.553738,0.529831886,0.513845026,0.470168144
15554,15.554776,0.529617608,0.513745546,0.470382363
15555,15.555730,0.529449046,0.513667345,0.470550954
15556,15.556734,0.529257655,0.513578534,0.470742315
15557,15.557734,0.529088914,0.513500214,0.470911115
15558,15.558735,0.528826237,0.513400614,0.471125722
15559,15.559734,0.528612196,0.513278961,0.471387774
15560,15.560736,0.52844274,0.513200343,0.471557289
15561,15.561767,0.528294444,0.513131499,0.471705526
15562,15.562730,0.52810216,0.513042271,0.47189784
15563,15.563732,0.52788806,0.51294291,0.47211197
15564,15.564731,0.527603984,0.512833416,0.472347856
15565,15.565742,0.527433157,0.512731791,0.472566873
15566,15.566734,0.527261853,0.512652278,0.472738117
15567,15.567736,0.527047873,0.512552977,0.472952127
15568,15.568736,0.526833951,0.512453675,0.473166049
15569,15.569735,0.526662111,0.512373924,0.473337919
15570,15.570736,0.526400328,0.512274861,0.473551363
15571,15.571738,0.526227534,0.512172222,0.473772436
15572,15.572738,0.526034474,0.512082636,0.473965526
15573,15.573739,0.525821209,0.511983633,0.474178761
15574,15.574727,0.525667667,0.511912405,0.474332333
15575,15.575770,0.525366366,0.511772573,0.474525869
15576,15.576732,0.525212407,0.511723399,0.474739552
15577,15.577733,0.525018454,0.511611104,0.474981576
15578,15.578732,0.524824798,0.51152122,0.475175202
15579,15.579734,0.524630606,0.511431098,0.475369364
15580,15.580735,0.524436772,0.511341155,0.475563228
15581,15.581735,0.524223983,0.51124239,0.475776017
15582,15.582736,0.52399981,0.51116091,0.475951552
15583,15.583735,0.523786962,0.511039555,0.476213038
15584,15.584737,0.523592889,0.510949492,0.476407111
15585,15.585738,0.523416936,0.510867834,0.476583034
15586,15.586746,0.523240268,0.510785818,0.476759702
15587,15.587735,0.523009777,0.510678887,0.476990253
15588,15.588735,0.52276665,0.510588646,0.477184653
15589,15.589735,0.522571743,0.510475576,0.477428257
15590,15.590735,0.522377193,0.510385275,0.477622807
15591,15.591734,0.52219975,0.510302961,0.47780028
15592,15.592734,0.522004485,0.510212302,0.477995515
15593,15.593733,0.521809459,0.510121822,0.478190541
15594,15.594734,0.521548331,0.510031104,0.478385985
15595,15.595733,0.521353304,0.509910107,0.478646725
15596,15.596778,0.521174729,0.509827256,0.478825331
15597,15.597729,0.520962596,0.509728789,0.479037404
15598,15.598730,0.520783484,0.509645641,0.479216486
15599,15.599730,0.520555735,0.509539962,0.479444265
15600,15.600730,0.520376384,0.509456694,0.479623616
15601,15.601730,0.520147502,0.509350479,0.479852498
15602,15.602729,0.519951403,0.509259462,0.480048597
15603,15.603729,0.519755661,0.509168625,0.480244339
15604,15.604729,0.519574583,0.509084582,0.480425388
15605,15.605729,0.519348323,0.508979559,0.480651647
15606,15.606732,0.519103348,0.50890255,0.480817676
15607,15.607750,0.518936515,0.508788466,0.481063485
15608,15.608737,0.518696427,0.508677065,0.481303573
15609,15.609738,0.518514872,0.508592784,0.481485128
15610,15.610738,0.518346846,0.508514822,0.481653154
15611,15.611739,0.51810801,0.508403957,0.48189199
15612,15.612770,0.51790452,0.508309543,0.48209551
15613,15.613733,0.517693639,0.508211613,0.482306331
15614,15.614734,0.517496824,0.508120298,0.482503176
15615,15.615733,0.517286718,0.508022785,0.482713282
15616,15.616737,0.517090142,0.50793153,0.482909828
15617,15.617816,0.516843855,0.507817268,0.483156174
15618,15.618733,0.5166471,0.507742822,0.483316571
15619,15.619733,0.516450346,0.50763464,0.483549654
15620,15.620733,0.51626581,0.507548988,0.48373422
15621,15.621732,0.516068697,0.507457495,0.483931273
15622,15.622733,0.515859306,0.507360339,0.484140724
15623,15.623733,0.515686274,0.507280052,0.484313756
15624,15.624733,0.51541537,0.50718838,0.484511137
15625,15.625734,0.515229762,0.507068157,0.484770238
15626,15.626738,0.515032351,0.506976545,0.484967649
15627,15.627738,0.51483494,0.506884933,0.48516503
15628,15.628752,0.514625728,0.506787837,0.485374302
15629,15.629727,0.514439642,0.506701469,0.485560387
15630,15.630727,0.514230728,0.506604493,0.485769272
15631,15.631728,0.513983727,0.506489873,0.486016244
15632,15.632730,0.513796985,0.506403208,0.486202985
15633,15.633730,0.513588309,0.50630635,0.486411691
15634,15.634731,0.513411522,0.506224334,0.486588508
15635,15.635730,0.513192534,0.506122649,0.486807436
15636,15.636735,0.512945235,0.506040335,0.486984909
15637,15.637735,0.512757421,0.505920768,0.487242639
15638,15.638762,0.512549222,0.505824089,0.487450749
15639,15.639747,0.512351334,0.505732298,0.487648666
15640,15.640737,0.512162924,0.505644858,0.487837106
15641,15.641736,0.511955082,0.505548358,0.488044918
15642,15.642738,0.511716545,0.505456448,0.488242894
15643,15.643739,0.511500418,0.505337358,0.488499612
15644,15.644726,0.511310816,0.505249381,0.488689184
15645,15.645728,0.511112452,0.505157292,0.488887519
15646,15.646732,0.510914266,0.505065322,0.489085704
15647,15.647732,0.510707319,0.504969299,0.489292681
15648,15.648733,0.510509193,0.504877329,0.489490807
15649,15.649772,0.51027739,0.504769742,0.48972261
15650,15.650727,0.510078549,0.504677474,0.48992154
15651,15.651729,0.509872198,0.50458169,0.490127802
15652,15.652729,0.509673774,0.504489601,0.490326226
15653,15.653730,0.509474874,0.504397273,0.490525097
15654,15.654728,0.509290874,0.504311919,0.490709126
15655,15.655729,0.50903511,0.504193187,0.49096486
15656,15.656732,0.508836031,0.5041008,0.491163969
15657,15.657732,0.50863719,0.504008532,0.49136281
15658,15.658732,0.508431911,0.503913283,0.491568118
15659,15.659731,0.508245647,0.503826797,0.491754353
15660,15.660751,0.507984281,0.503705502,0.49196589
15661,15.661738,0.50779134,0.503615975,0.49220863
15662,15.662739,0.507598341,0.50352639,0.492401659
15663,15.663739,0.507393062,0.503431141,0.492606938
15664,15.664739,0.507194102,0.503338814,0.492805928
15665,15.665738,0.506994665,0.503246248,0.493005335
15666,15.666729,0.50679034,0.503151417,0.49320966
15667,15.667729,0.506546736,0.503038347,0.493453264
15668,15.668730,0.506347656,0.50294596,0.493652344
15669,15.669729,0.506143332,0.502851129,0.493856668
15670,15.670755,0.505944371,0.502758801,0.494055629
15671,15.671743,0.505744934,0.502666235,0.494255066
15672,15.672730,0.505550206,0.502575874,0.494449794
15673,15.673730,0.505297005,0.502458334,0.494702995
15674,15.674730,0.505097508,0.502365768,0.494902492
15675,15.675731,0.504902184,0.502275109,0.495097786
15676,15.676734,0.504702747,0.502182543,0.495297223
15677,15.677734,0.504500031,0.502088487,0.495499998
15678,15.678734,0.504307151,0.501998961,0.495692849
15679,15.679734,0.504054546,0.501881719,0.495945424
15680,15.680733,0.503852248,0.501787841,0.496147782
15681,15.681763,0.503655493,0.501696527,0.496344507
15682,15.682738,0.503453374,0.501602709,0.496546626
15683,15.683739,0.503249168,0.501507938,0.496750832
15684,15.684738,0.50300473,0.50141871,0.496943027
15685,15.685739,0.502807617,0.501303017,0.497192383
15686,15.686729,0.502608299,0.501210511,0.497391731
15687,15.687729,0.502406538,0.501116872,0.497593433
15688,15.688728,0.502210677,0.501025975,0.497789294
15689,15.689729,0.502009571,0.500932634,0.497990459
15690,15.690730,0.501808286,0.500839233,0.498191714
15691,15.691731,0.501560271,0.500724137,0.498439759
15692,15.692754,0.501359522,0.500630975,0.498640478
15693,15.693730,0.501161158,0.500538886,0.498838872
15694,15.694731,0.500962079,0.500446498,0.499037921
15695,15.695732,0.500761211,0.500353277,0.499238789
15696,15.696735,0.500511944,0.50026077,0.499438077
15697,15.697736,0.500312507,0.500145018,0.499687493
15698,15.698735,0.50011301,0.500052452,0.499887019
15699,15.699736,0.499913335,0.499959767,0.500086665
15700,15.700737,0.499713928,0.499867231,0.500286043
15701,15.701738,0.499513835,0.499774367,0.500486135
15702,15.702754,0.499263823,0.499658346,0.500684559
15703,15.703730,0.499064922,0.499566048,0.500935137
15704,15.704731,0.49886632,0.49947387,0.50113368
15705,15.705731,0.498665571,0.499380678,0.501334429
15706,15.706735,0.498467296,0.499288678,0.501532733
15707,15.707735,0.498267829,0.499196082,0.501732111
15708,15.708735,0.498016685,0.499102712,0.501933336
15709,15.709736,0.497818917,0.498987734,0.502181053
15710,15.710736,0.497615963,0.498893559,0.502384007
15711,15.711737,0.497417986,0.498801678,0.502582014
15712,15.712738,0.497218549,0.498709112,0.502781391
15713,15.713750,0.497019172,0.498616606,0.502980888
15714,15.714738,0.496772379,0.498522758,0.503183067
15715,15.715738,0.496572763,0.49840942,0.503427267
15716,15.716729,0.496370733,0.498315662,0.503629327
15717,15.717730,0.496170968,0.498222947,0.503829062
15718,15.718731,0.495968491,0.49812898,0.504031539
15719,15.719731,0.49577558,0.498039454,0.504224479
15720,15.720731,0.495572597,0.497945249,0.504427433
15721,15.721729,0.49532336,0.497829586,0.5046767
15722,15.722730,0.495123953,0.49773702,0.504876077
15723,15.723748,0.494924664,0.497644514,0.505075276
15724,15.724735,0.494729131,0.497553766,0.505270839
15725,15.725736,0.494530112,0.497461438,0.505469918
15726,15.726739,0.494281173,0.497368813,0.505669355
15727,15.727738,0.494081765,0.497253358,0.505918264
15728,15.728738,0.493878007,0.497158766,0.506121993
15729,15.729745,0.49367848,0.49706617,0.50632149
15730,15.730733,0.493479431,0.496973783,0.506520569
15731,15.731732,0.493280321,0.496881366,0.506719649
15732,15.732733,0.493091673,0.496793836,0.506908298
15733,15.733733,0.492831975,0.496673316,0.507167995
15734,15.734744,0.492633015,0.496580958,0.507366955
15735,15.735732,0.492439538,0.496491194,0.507560492
15736,15.736734,0.492240757,0.496398926,0.507759273
15737,15.737735,0.492041975,0.496306658,0.507957995
15738,15.738735,0.491824061,0.496205539,0.50817591
15739,15.739735,0.491594285,0.496098906,0.508405745
15740,15.740735,0.491388857,0.496003538,0.508611083
15741,15.741734,0.491190106,0.4959113,0.508809865
15742,15.742734,0.490990996,0.495818913,0.509009004
15743,15.743734,0.49080658,0.495733321,0.50919342
15744,15.744752,0.490551174,0.495614797,0.509399533
15745,15.745727,0.490344852,0.495519042,0.509605408
15746,15.746731,0.49014622,0.495426834,0.50985378
15747,15.747730,0.489955068,0.495338112,0.510044873
15748,15.748731,0.489740729,0.495238662,0.510259271
15749,15.749730,0.489558339,0.495153993,0.510441601
15750,15.750730,0.489343107,0.495054126,0.510656893
15751,15.751730,0.489094734,0.49493885,0.510905266
15752,15.752730,0.488913506,0.494854748,0.511086524
15753,15.753730,0.488715231,0.494762719,0.511284769
15754,15.754730,0.488516718,0.4946706,0.511483312
15755,15.755749,0.488318592,0.49457863,0.511681378
15756,15.756729,0.488102019,0.494478136,0.511897981
15757,15.757729,0.487872958,0.494371831,0.512127042
15758,15.758730,0.487674594,0.494279772,0.512325406
15759,15.759729,0.487466961,0.494183391,0.512533069
15760,15.760731,0.487278461,0.494095922,0.512721539
15761,15.761731,0.487060606,0.493994802,0.512939394
15762,15.762732,0.486882955,0.493912369,0.513117075
15763,15.763732,0.486635327,0.493797421,0.513364673
15764,15.764733,0.486427158,0.493700832,0.513572872
15765,15.765743,0.486218601,0.493604034,0.513781428
15766,15.766734,0.486031264,0.493517101,0.513968766
15767,15.767734,0.485822529,0.493420213,0.514177442
15768,15.768735,0.485647142,0.493338794,0.514352798
15769,15.769735,0.4854002,0.493224204,0.5145998
15770,15.770735,0.485202521,0.493132472,0.514797509
15771,15.771736,0.485016912,0.493046343,0.514983118
15772,15.772736,0.484808058,0.492949396,0.515191913
15773,15.773737,0.484598488,0.492852122,0.515401483
15774,15.774738,0.484389096,0.492754936,0.515610874
15775,15.775765,0.48416698,0.49265188,0.51583302
15776,15.776747,0.483957171,0.492554516,0.516042829
15777,15.777737,0.483760118,0.492463052,0.516239882
15778,15.778737,0.483562708,0.49237144,0.516437292
15779,15.779738,0.483339787,0.492267966,0.516660213
15780,15.780738,0.48316887,0.492188662,0.51683116
15781,15.781739,0.482922375,0.492074251,0.517077625
15782,15.782728,0.482739091,0.491989195,0.517260909
15783,15.783727,0.482542574,0.49189797,0.517457426
15784,15.784729,0.4823322,0.491800338,0.51766777
15785,15.785728,0.482149154,0.491715372,0.517850816
15786,15.786821,0.481903672,0.491601467,0.518096328
15787,15.787745,0.481707364,0.491510361,0.518292606
15788,15.788734,0.481496483,0.491412491,0.518503547
15789,15.789733,0.481314719,0.49132812,0.518685281
15790,15.790733,0.481103957,0.491230309,0.518895984
15791,15.791733,0.48090744,0.491139114,0.51909256
15792,15.792734,0.48072648,0.491055131,0.51927352
15793,15.793732,0.480466336,0.490934402,0.519533634
15794,15.794734,0.480300725,0.490857542,0.519699275
15795,15.795733,0.4800587,0.490745217,0.51994133
15796,15.796737,0.479893774,0.490668654,0.520106196
15797,15.797751,0.479714036,0.490585238,0.520285964
15798,15.798727,0.479518712,0.490494609,0.520481288
15799,15.799739,0.47925809,0.490373641,0.52074188
15800,15.800728,0.479046762,0.490275592,0.520953298
15801,15.801728,0.47885102,0.490184724,0.52114898
15802,15.802727,0.478672296,0.490101755,0.521327674
15803,15.803728,0.478476882,0.490011096,0.521523118
15804,15.804728,0.478281975,0.489920646,0.521718085
15805,15.805728,0.478003979,0.489791602,0.521929979
15806,15.806731,0.477843076,0.489716947,0.522156954
15807,15.807748,0.477631032,0.48961854,0.522368968
15808,15.808735,0.477453828,0.489536285,0.522546172
15809,15.809737,0.477258921,0.489445835,0.522741079
15810,15.810737,0.477028728,0.489338994,0.522971272
15811,15.811737,0.476785302,0.489226013,0.523214698
15812,15.812737,0.476626784,0.489152461,0.523373246
15813,15.813736,0.476432592,0.489062339,0.523567438
15814,15.814736,0.476238459,0.488972247,0.52376157
15815,15.815736,0.476044327,0.488882124,0.523955643
15816,15.816726,0.475849986,0.488791943,0.524150014
15817,15.817727,0.475607693,0.488679498,0.524392307
15818,15.818743,0.475433081,0.488598466,0.524566948
15819,15.819730,0.475219995,0.488499582,0.524780035
15820,15.820731,0.475006938,0.488400668,0.524993002
15821,15.821732,0.474813402,0.488310844,0.525186598
15822,15.822732,0.474639237,0.48823002,0.525360703
15823,15.823733,0.474377692,0.488108635,0.525622308
15824,15.824733,0.474144131,0.488000244,0.525855839
15825,15.825733,0.473970562,0.487919688,0.526029408
15826,15.826737,0.473797768,0.48783952,0.526202261
15827,15.827736,0.473604381,0.487749755,0.526395679
15828,15.828744,0.473383904,0.487669826,0.526567876
15829,15.829732,0.4731704,0.487548321,0.526829541
15830,15.830734,0.47297734,0.487458736,0.52702266
15831,15.831734,0.472805798,0.487379134,0.527194202
15832,15.832734,0.472634763,0.48729974,0.527365208
15833,15.833735,0.472421259,0.487200677,0.527578771
15834,15.834735,0.472250342,0.487121344,0.527749658
15835,15.835736,0.471944928,0.486979604,0.528055072
15836,15.836727,0.471818656,0.486920983,0.528181314
15837,15.837728,0.471604556,0.486821622,0.528395414
15838,15.838728,0.471412838,0.486732662,0.528587162
15839,15.839747,0.471198916,0.48663339,0.528801143
15840,15.840736,0.47102946,0.486554742,0.52897054
15841,15.841737,0.470812917,0.486454219,0.529187083
15842,15.842737,0.470576018,0.486344278,0.529423952
15843,15.843738,0.470407456,0.486266077,0.529592574
15844,15.844739,0.470193177,0.486166596,0.529806793
15845,15.845749,0.470001727,0.486077756,0.529998243
15846,15.846728,0.469834328,0.486000061,0.530165672
15847,15.847729,0.469548374,0.485867351,0.530380189
15848,15.848729,0.469429046,0.485811979,0.530570984
15849,15.849756,0.469190419,0.485701233,0.530809581
15850,15.850732,0.468951672,0.485590428,0.531048357
15851,15.851732,0.468809634,0.485524505,0.531190395
15852,15.852732,0.468643457,0.485447377,0.531356514
15853,15.853732,0.468381286,0.485325724,0.531521976
15854,15.854732,0.468216121,0.485249043,0.531783879
15855,15.855730,0.468026042,0.485160857,0.531974018
15856,15.856733,0.467811376,0.485061228,0.532188654
15857,15.857734,0.46767205,0.484996557,0.53232795
15858,15.858734,0.467457175,0.484896809,0.532542825
15859,15.859734,0.467195094,0.484775215,0.532804966
15860,15.860747,0.467005789,0.484687328,0.532994211
15861,15.861734,0.466790468,0.484587401,0.533209562
15862,15.862734,0.46662733,0.484511673,0.533372641
15863,15.863735,0.466438472,0.484424055,0.533561528
15864,15.864735,0.466275573,0.484348446,0.533724427
15865,15.865733,0.46606636,0.48425135,0.53393364
15866,15.866737,0.465825021,0.484139323,0.534174979
15867,15.867737,0.465636313,0.484051764,0.534363687
15868,15.868737,0.465475023,0.483976901,0.534524977
15869,15.869738,0.465286702,0.48388949,0.534713268
15870,15.870752,0.46502471,0.483802378,0.534901083
15871,15.871739,0.464864284,0.483693451,0.535135686
15872,15.872727,0.464621305,0.483580679,0.535378695
15873,15.873727,0.464433521,0.483493537,0.535566449
15874,15.874727,0.46427384,0.483419418,0.53572613
15875,15.875727,0.464114517,0.483345509,0.535885513
15876,15.876731,0.463899076,0.483245492,0.536100924
15877,15.877731,0.46369347,0.483150065,0.536287963
15878,15.878732,0.463506758,0.48306343,0.536493242
15879,15.879730,0.463291258,0.482963413,0.536708772
15880,15.880732,0.463047117,0.482850105,0.536952853
15881,15.881745,0.462918341,0.482790351,0.537081659
15882,15.882733,0.462760627,0.482717156,0.537239373
15883,15.883733,0.462498873,0.482595682,0.537425339
15884,15.884732,0.462342203,0.482522935,0.537657738
15885,15.885733,0.462156147,0.482436597,0.537843823
15886,15.886737,0.461970598,0.482350498,0.538029432
15887,15.887737,0.461755037,0.482250452,0.538244963
15888,15.888738,0.461569607,0.482164413,0.538430452
15889,15.889739,0.461367875,0.482070774,0.538632154
15890,15.890738,0.461152673,0.481970876,0.538847327
15891,15.891743,0.460998118,0.481899172,0.539001882
15892,15.892732,0.460813075,0.481813282,0.539186895
15893,15.893733,0.460567147,0.481699139,0.539432824
15894,15.894732,0.460474521,0.481656164,0.539525449
15895,15.895733,0.460182428,0.481520593,0.539740503
15896,15.896755,0.460029304,0.481449544,0.539970696
15897,15.897731,0.459845096,0.481364042,0.540154934
15898,15.898730,0.459629893,0.481264174,0.540370107
15899,15.899732,0.459446192,0.48117891,0.540553808
15900,15.900733,0.459262192,0.481093526,0.540737808
15901,15.901734,0.459064692,0.481001854,0.540935278
15902,15.902748,0.458881557,0.480916858,0.541118443
15903,15.903737,0.458666056,0.480816841,0.541333914
15904,15.904737,0.458450735,0.480716914,0.541549265
15905,15.905738,0.458365023,0.480677128,0.541634917
15906,15.906729,0.458150119,0.480577409,0.541849911
15907,15.907730,0.457921684,0.480471402,0.542032659
15908,15.908730,0.4577066,0.480371565,0.54229337
15909,15.909731,0.457557499,0.480302364,0.542442501
15910,15.910731,0.457342118,0.480202407,0.542657852
15911,15.911732,0.457160264,0.480118036,0.542839766
15912,15.912757,0.456966639,0.480049074,0.5429883
15913,15.913732,0.456717581,0.479912549,0.543169618
15914,15.914734,0.456603736,0.47985971,0.543396235
15915,15.915733,0.456422389,0.479775578,0.543577671
15916,15.916736,0.456207454,0.479675829,0.543792605
15917,15.917735,0.456060827,0.479607761,0.543939173
15918,15.918734,0.455811143,0.479491889,0.544188857
15919,15.919735,0.455723256,0.47945109,0.544334948
15920,15.920735,0.455474049,0.479335427,0.544525921
15921,15.921734,0.455294073,0.479251921,0.544705987
15922,15.922735,0.4550789,0.479152054,0.54492116
15923,15.923751,0.454899073,0.479068577,0.545100927
15924,15.924740,0.454719454,0.47898522,0.545280516
15925,15.925727,0.454494953,0.478881031,0.545460403
15926,15.926731,0.454350889,0.478814185,0.545649111
15927,15.927730,0.454171896,0.478731096,0.545828104
15928,15.928730,0.453992814,0.478648007,0.546007216
15929,15.929730,0.453742146,0.478531659,0.546257854
15930,15.930731,0.453599632,0.478465527,0.546400368
15931,15.931731,0.453448653,0.478395432,0.546506703
15932,15.932730,0.453270793,0.47831291,0.546729207
15933,15.933788,0.453019917,0.478196472,0.546980083
15934,15.934738,0.452878386,0.478130788,0.547121584
15935,15.935739,0.452627093,0.478014171,0.547372937
15936,15.936728,0.452523351,0.477966011,0.547476649
15937,15.937730,0.452264637,0.477845967,0.547690988
15938,15.938729,0.452049822,0.477746248,0.547950208
15939,15.939729,0.45194757,0.477698773,0.548052371
15940,15.940729,0.451770961,0.477616847,0.548229098
15941,15.941728,0.451594174,0.477534771,0.548405826
15942,15.942729,0.451342136,0.477417797,0.548657835
15943,15.943729,0.451159656,0.477333128,0.548758566
15944,15.944745,0.450983346,0.477251291,0.549016654
15945,15.945733,0.450845808,0.477187455,0.549154162
15946,15.946736,0.450669944,0.477105856,0.549330056
15947,15.947735,0.450494617,0.477024496,0.549505413
15948,15.948736,0.450319469,0.476943165,0.549680471
15949,15.949735,0.450022578,0.476805389,0.549894691
15950,15.950735,0.449925721,0.476760447,0.550074279
15951,15.951735,0.449711859,0.476661205,0.550288141
15952,15.952762,0.449576616,0.476598412,0.550423384
15953,15.953746,0.449362695,0.47649914,0.550637305
15954,15.954843,0.449184537,0.476416469,0.550815463
15955,15.955732,0.44901076,0.476335824,0.550985456
15956,15.956735,0.448836803,0.476255059,0.551163197
15957,15.957736,0.448663443,0.476174623,0.551336527
15958,15.958737,0.448450118,0.476075619,0.551549911
15959,15.959737,0.448276728,0.475995153,0.551723301
15960,15.960738,0.44818449,0.475952357,0.551815569
15961,15.961737,0.447847158,0.475795805,0.552069366
15962,15.962739,0.447714865,0.475734383,0.552285135
15963,15.963740,0.447542578,0.475654423,0.552457392
15964,15.964729,0.44737044,0.475574553,0.55262959
15965,15.965745,0.447198153,0.475494593,0.552801847
15966,15.966736,0.447067618,0.475434005,0.552932382
15967,15.967737,0.446811795,0.475315273,0.553186715
15968,15.968738,0.446682006,0.475255013,0.553317964
15969,15.969738,0.446427286,0.475136817,0.553572714
15970,15.970739,0.446339875,0.475096226,0.553660095
15971,15.971739,0.446168989,0.475016952,0.553831041
15972,15.972728,0.445956558,0.474918336,0.554043412
15973,15.973728,0.44574362,0.474819541,0.554171562
15974,15.974728,0.445488304,0.474701047,0.554511726
15975,15.975768,0.445360839,0.474641889,0.554639161
15976,15.976730,0.445191026,0.474563062,0.554808974
15977,15.977731,0.445021123,0.474484205,0.554978848
15978,15.978731,0.444894671,0.474425524,0.555105329
15979,15.979732,0.444855124,0.474407166,0.555317402
15980,15.980732,0.444514155,0.474248946,0.555485845
15981,15.981733,0.444302171,0.474150538,0.555697799
15982,15.982732,0.444220513,0.47411266,0.555779517
15983,15.983731,0.444008857,0.474014431,0.555991173
15984,15.984730,0.443840563,0.473936319,0.556159437
15985,15.985731,0.443630815,0.473838955,0.556327224
15986,15.986745,0.443507314,0.473781645,0.556492686
15987,15.987733,0.443339735,0.473703891,0.556660295
15988,15.988734,0.443128526,0.473605871,0.556871474
15989,15.989732,0.443006039,0.473549008,0.556993961
15990,15.990733,0.442794681,0.473450929,0.557205319
15991,15.991733,0.442541808,0.473333567,0.557282567
15992,15.992733,0.442375451,0.47325635,0.557624519
15993,15.993733,0.442344159,0.473241836,0.557655811
15994,15.994732,0.442133278,0.473143965,0.557866693
15995,15.995733,0.441877425,0.473025233,0.558122575
15996,15.996763,0.441761315,0.472990513,0.55819726
15997,15.997748,0.441550821,0.472873628,0.558449149
15998,15.998736,0.441431493,0.472818255,0.558568478
15999,15.999734,0.441312313,0.472762942,0.558687687
16000,16.000736,0.441010565,0.472622931,0.558989465
16001,16.001736,0.440938264,0.472589374,0.559061766
16002,16.002735,0.440728277,0.47249189,0.559271693
16003,16.003735,0.44056946,0.472418189,0.559435844
16004,16.004735,0.440406084,0.472342372,0.559593916
16005,16.005735,0.440242916,0.472266644,0.559757113
16006,16.006739,0.440033048,0.47216925,0.559966922
16007,16.007813,0.439829409,0.472074717,0.560129881
16008,16.008738,0.439707547,0.472018182,0.560292482
16009,16.009747,0.439551622,0.471945822,0.560448408
16010,16.010735,0.439389288,0.471870482,0.560610712
16011,16.011735,0.439180195,0.471773446,0.560819864
16012,16.012736,0.439065635,0.471720278,0.560934365
16013,16.013734,0.438856959,0.471623421,0.561143041
16014,16.014735,0.438695371,0.471548408,0.561304569
16015,16.015735,0.438494146,0.471455038,0.561417699
16016,16.016739,0.438333333,0.471380383,0.561666608
16017,16.017726,0.438172907,0.471305937,0.561827064
16018,16.018753,0.437964022,0.471209019,0.562036037
16019,16.019730,0.437852263,0.471157134,0.562147737
16020,16.020731,0.437740952,0.471105456,0.562259018
16021,16.021732,0.437541664,0.47101298,0.562467396
16022,16.022732,0.437382162,0.470938951,0.562617838
16023,16.023732,0.437125385,0.470819801,0.562874675
16024,16.024733,0.436966121,0.470745891,0.563033938
16025,16.025733,0.436905771,0.470717877,0.563094258
16026,16.026737,0.436747551,0.470644444,0.563252449
16027,16.027737,0.436451077,0.470506847,0.563410521
16028,16.028744,0.43639192,0.470479369,0.56360805
16029,16.029732,0.436234713,0.470406413,0.563765287
16030,16.030733,0.436027318,0.470310181,0.563972712
16031,16.031733,0.435870171,0.470237255,0.564129829
16032,16.032732,0.435712963,0.470164299,0.564287066
16033,16.033734,0.43551743,0.470073551,0.564493895
16034,16.034734,0.43536073,0.470000803,0.56463927
16035,16.035735,0.43515414,0.469904929,0.56484586
16036,16.036738,0.435099304,0.469879478,0.564900696
16037,16.037739,0.434943527,0.469807208,0.565056503
16038,16.038739,0.434800148,0.469687939,0.565313399
16039,16.039747,0.434696019,0.46969232,0.565303981
16040,16.040736,0.434490323,0.469596863,0.565509677
16041,16.041736,0.434233636,0.469477713,0.565766335
16042,16.042736,0.43407926,0.469406068,0.565920711
16043,16.043737,0.433924854,0.469334424,0.566075146
16044,16.044738,0.433770925,0.469262987,0.566229105
16045,16.045738,0.433578759,0.469173789,0.566434503
16046,16.046729,0.433373511,0.469078541,0.566626489
16047,16.047729,0.433324248,0.469055653,0.566675723
16048,16.048729,0.433067292,0.468936443,0.566932738
16049,16.049747,0.432914287,0.468865395,0.567085683
16050,16.050735,0.432814181,0.468818933,0.56718576
16051,16.051736,0.432624042,0.468730718,0.567285538
16052,16.052735,0.432524532,0.468684524,0.567475498
16053,16.053736,0.432267696,0.468565345,0.567732334
16054,16.054735,0.43216908,0.468519568,0.56783092
16055,16.055735,0.432070613,0.468473852,0.567929387
16056,16.056738,0.431972951,0.468428552,0.568027079
16057,16.057738,0.431572139,0.468242526,0.568336844
16058,16.058738,0.431581795,0.468246996,0.568418205
16059,16.059738,0.431378186,0.468152493,0.568621755
16060,16.060746,0.431281924,0.468107849,0.568718135
16061,16.061733,0.431078941,0.468013644,0.568921089
16062,16.062734,0.430875897,0.467919409,0.569124103
16063,16.063734,0.430797338,0.467882931,0.569219589
16064,16.064734,0.430540413,0.467763692,0.569459617
16065,16.065734,0.430500269,0.467745066,0.569499731
16066,16.066735,0.430297971,0.467651188,0.569702029
16067,16.067752,0.430149794,0.467582405,0.569850206
16068,16.068739,0.430056691,0.467539191,0.569943309
16069,16.069728,0.429872543,0.467445552,0.57014513
16070,16.070768,0.4296709,0.467360169,0.57032913
16071,16.071730,0.429523826,0.467291892,0.570476174
16072,16.072731,0.429322302,0.467198372,0.570677698
16073,16.073731,0.429341137,0.467207104,0.570658863
16074,16.074731,0.429250091,0.467164844,0.570749879
16075,16.075730,0.428902537,0.467003554,0.571060956
16076,16.076734,0.428757071,0.466936052,0.571242929
16077,16.077734,0.428611875,0.466868669,0.571388125
16078,16.078734,0.428578228,0.466853023,0.571421742
16079,16.079734,0.428322077,0.466734141,0.571677864
16080,16.080733,0.428197533,0.466693103,0.571766376
16081,16.081751,0.428109527,0.466635525,0.571890473
16082,16.082739,0.427965999,0.466568917,0.572034001
16083,16.083728,0.427710027,0.466450095,0.572289944
16084,16.084728,0.427566826,0.466383666,0.572433233
16085,16.085729,0.4273673,0.46629107,0.57263273
16086,16.086733,0.427280873,0.466250926,0.572719097
16087,16.087733,0.427046001,0.466141909,0.572804868
16088,16.088734,0.426960707,0.466102332,0.573039234
16089,16.089734,0.42687583,0.466062933,0.573124111
16090,16.090734,0.426677078,0.465970725,0.573322952
16091,16.091747,0.426478446,0.465878516,0.573521495
16092,16.092735,0.426394522,0.465839565,0.573605478
16093,16.093736,0.426218599,0.465757936,0.573746204
16094,16.094736,0.426078141,0.465692729,0.5739218
16095,16.095736,0.425880343,0.465600967,0.574119687
16096,16.096728,0.42579785,0.465562671,0.57420212
16097,16.097729,0.425716162,0.465524763,0.574283838
16098,16.098729,0.425576955,0.465460122,0.574423015
16099,16.099729,0.425403237,0.465379536,0.574562252
16100,16.100730,0.425264448,0.465315104,0.574735522
16101,16.101757,0.425067842,0.465223879,0.574932218
16102,16.102750,0.425046414,0.465213925,0.574953556
16103,16.103726,0.424791485,0.465095609,0.575208485
16104,16.104727,0.424595237,0.465004534,0.575404763
16105,16.105728,0.424482286,0.464968055,0.575483322
16106,16.106731,0.424345315,0.464888543,0.575654685
16107,16.107732,0.424149275,0.464797556,0.575850725
16108,16.108732,0.424071878,0.464761615,0.575928092
16109,16.109732,0.423935741,0.464698464,0.576064289
16110,16.110733,0.423799932,0.464635432,0.576200068
16111,16.111734,0.423630387,0.464556754,0.576276541
16112,16.112748,0.42355445,0.464521497,0.57644552
16113,16.113735,0.42335999,0.464431256,0.57664001
16114,16.114735,0.423225343,0.464368761,0.576774716
16115,16.115735,0.423210323,0.464361787,0.576789677
16116,16.116739,0.423016638,0.464271903,0.576983392
16117,16.117739,0.422729254,0.464138538,0.577057123
16118,16.118726,0.422655672,0.464104354,0.577344298
16119,16.119738,0.422582835,0.464070559,0.577417135
16120,16.120739,0.422450095,0.464008957,0.577549875
16121,16.121739,0.422257125,0.463919431,0.577742934
16122,16.122739,0.422030687,0.463857859,0.577875435
16123,16.123744,0.422020137,0.463809431,0.578007519
16124,16.124732,0.421827734,0.463720113,0.578172207
16125,16.125731,0.421696365,0.463659167,0.578303635
16126,16.126751,0.421565235,0.463598311,0.578434765
16127,16.127739,0.421434224,0.463537484,0.578565717
16128,16.128738,0.421364963,0.463505358,0.578635037
16129,16.129738,0.421140939,0.463401377,0.57870388
16130,16.130738,0.421010792,0.463340968,0.578989148
16131,16.131738,0.4208197,0.463252306,0.5791803
16132,16.132738,0.420875311,0.463278115,0.579124689
16133,16.133768,0.420684636,0.463189632,0.579315424
16134,16.134734,0.420617819,0.463158607,0.579382181
16135,16.135735,0.420271546,0.462997913,0.57957226
16136,16.136738,0.42032975,0.463024914,0.57967025
16137,16.137739,0.420077682,0.46290794,0.579922378
16138,16.138737,0.419950217,0.462848783,0.580049813
16139,16.139738,0.419822991,0.462789714,0.580177009
16140,16.140738,0.419633567,0.462701797,0.580366373
16141,16.141738,0.419600546,0.462686479,0.580493093
16142,16.142738,0.419537097,0.462657034,0.580462873
16143,16.143737,0.419222713,0.462511152,0.580777347
16144,16.144754,0.419160038,0.462482035,0.580839932
16145,16.145731,0.419034779,0.462423921,0.580965221
16146,16.146734,0.41890955,0.462365776,0.581090391
16147,16.147733,0.418690383,0.462264091,0.581088781
16148,16.148735,0.418565929,0.462206304,0.581434011
16149,16.149735,0.41856876,0.462207615,0.58143121
16150,16.150736,0.418444902,0.462150156,0.581555128
16151,16.151736,0.418257982,0.462063402,0.581742048
16152,16.152736,0.418134868,0.462006241,0.581865072
16153,16.153737,0.418044955,0.461964548,0.581988156
16154,16.154764,0.417794585,0.461848319,0.582205415
16155,16.155752,0.417800486,0.46185106,0.582199514
16156,16.156731,0.417614698,0.461764842,0.582385302
16157,16.157732,0.417557299,0.461738199,0.582442641
16158,16.158733,0.417371631,0.46165204,0.582628369
16159,16.159733,0.417220503,0.461581916,0.582684934
16160,16.160734,0.417100012,0.461525977,0.582899988
16161,16.161735,0.417044103,0.461500049,0.582955897
16162,16.162735,0.416859627,0.461414427,0.583140373
16163,16.163735,0.41674,0.461358905,0.58326
16164,16.164737,0.416620433,0.461303413,0.583379567
16165,16.165752,0.41647169,0.461234391,0.58352834
16166,16.166731,0.416287899,0.461149067,0.583712101
16167,16.167732,0.416169494,0.461094141,0.583830535
16168,16.168733,0.416116536,0.461069554,0.583883464
16169,16.169733,0.415998876,0.461014956,0.584001184
16170,16.170734,0.415881425,0.460960448,0.584118605
16171,16.171734,0.415800631,0.460922927,0.584170103
16172,16.172735,0.415552586,0.46080783,0.584447443
16173,16.173736,0.415567547,0.460814774,0.584432483
16174,16.174737,0.415517271,0.460791409,0.58448267
16175,16.175737,0.415335864,0.460707247,0.584664166
16176,16.176745,0.41522032,0.460653633,0.584779739
16177,16.177733,0.415010333,0.460600197,0.584894717
16178,16.178732,0.414895684,0.460502952,0.585104287
16179,16.179732,0.414913774,0.460511357,0.585086226
16180,16.180730,0.414666921,0.460396767,0.585333049
16181,16.181732,0.414686024,0.460405648,0.585313976
16182,16.182732,0.414506197,0.460322201,0.585493803
16183,16.183732,0.41423142,0.46026963,0.585607111
16184,16.184744,0.414185196,0.460173219,0.585814834
16185,16.185734,0.414072752,0.460121036,0.585927248
16186,16.186876,0.413932472,0.460055918,0.586067557
16187,16.187740,0.413848698,0.460017025,0.586151302
16188,16.188728,0.413804114,0.459996343,0.586195886
16189,16.189727,0.413665205,0.459944785,0.586306989
16190,16.190728,0.413554519,0.459880531,0.58644551
16191,16.191728,0.413309216,0.459766656,0.586690784
16192,16.192728,0.41346857,0.459840626,0.586531401
16193,16.193728,0.413156509,0.459695816,0.586843491
16194,16.194727,0.413114756,0.459676415,0.586885214
16195,16.195728,0.412842512,0.45959425,0.587062359
16196,16.196732,0.412733644,0.459499538,0.587266326
16197,16.197750,0.412761062,0.459512264,0.587238908
16198,16.198738,0.412584782,0.459430456,0.587415218
16199,16.199739,0.412476987,0.459380448,0.587523043
16200,16.200738,0.412301123,0.459298819,0.587698936
16201,16.201739,0.412235439,0.459268332,0.587669492
16202,16.202739,0.412060142,0.459186971,0.587939858
16203,16.203739,0.411953688,0.459137589,0.588046372
16204,16.204727,0.411915869,0.459120035,0.588084161
16205,16.205727,0.411741346,0.459039032,0.588258684
16206,16.206730,0.411566883,0.45895806,0.588433146
16207,16.207761,0.411641955,0.458992869,0.588357985
16208,16.208735,0.411399186,0.458880216,0.588600814
16209,16.209736,0.41136384,0.458863825,0.58863616
16210,16.210736,0.41125977,0.458815515,0.58874023
16211,16.211736,0.411224902,0.458799332,0.588775098
16212,16.212736,0.411052346,0.458719254,0.588947654
16213,16.213737,0.410992742,0.458691567,0.58905077
16214,16.214736,0.410889983,0.458643913,0.589110017
16215,16.215738,0.410787702,0.458596438,0.589212298
16216,16.216729,0.410546452,0.458484471,0.589453578
16217,16.217729,0.41037479,0.458404779,0.58962518
16218,16.218754,0.410412997,0.458422542,0.589587033
16219,16.219731,0.41021657,0.458407938,0.589618504
16220,16.220731,0.410185874,0.458317131,0.589814186
16221,16.221732,0.410085589,0.45827058,0.589914441
16222,16.222732,0.409985393,0.458224058,0.590014577
16223,16.223734,0.409885705,0.458177805,0.590114236
16224,16.224733,0.409786493,0.45813179,0.590213537
16225,16.225734,0.409662724,0.458053052,0.590383172
16226,16.226738,0.409493446,0.457995743,0.590506494
16227,16.227738,0.409395128,0.457950115,0.590604842
16228,16.228744,0.409226477,0.457871854,0.590773523
16229,16.229732,0.40934068,0.457924873,0.59065932
16230,16.230733,0.409384608,0.457945257,0.590615392
16231,16.231734,0.408980876,0.457801998,0.590924025
16232,16.232734,0.408955216,0.457745969,0.591044784
16233,16.233733,0.408788025,0.457668394,0.591212034
16234,16.234735,0.408763051,0.457656771,0.591236949
16235,16.235736,0.408667564,0.457612455,0.591332436
16236,16.236728,0.408643603,0.457601339,0.591356397
16237,16.237727,0.408525229,0.457524329,0.591522336
16238,16.238755,0.408359408,0.457469463,0.591640592
16239,16.239753,0.408122271,0.457359403,0.591877699
16240,16.240729,0.40824315,0.457415491,0.591756821
16241,16.241730,0.408078134,0.457338899,0.591921806
16242,16.242729,0.408056736,0.457328975,0.591943264
16243,16.243748,0.408012569,0.457308501,0.592179358
16244,16.244735,0.407848775,0.457232445,0.592151165
16245,16.245734,0.407756776,0.457189769,0.592243254
16246,16.246737,0.407665253,0.4571473,0.592334747
16247,16.247737,0.407645971,0.45713836,0.592354059
16248,16.248736,0.40748322,0.457062811,0.59251678
16249,16.249753,0.407297969,0.456976861,0.592751801
16250,16.250730,0.407207638,0.456934929,0.592792392
16251,16.251731,0.407045424,0.456859618,0.592954516
16252,16.252730,0.407100797,0.456885338,0.592899203
16253,16.253730,0.406939179,0.456810325,0.593060851
16254,16.254730,0.406777799,0.456735432,0.593222201
16255,16.255730,0.406667262,0.456728071,0.593238056
16256,16.256733,0.406651765,0.45667693,0.593348205
16257,16.257732,0.406491369,0.456602514,0.593508661
16258,16.258733,0.406403959,0.456561923,0.593596041
16259,16.259733,0.406316936,0.456521541,0.593683064
16260,16.260745,0.406376034,0.456548989,0.593623996
16261,16.261734,0.406268239,0.456475049,0.593783259
16262,16.262733,0.406036258,0.456391275,0.593963742
16263,16.263734,0.40602392,0.456385553,0.59397608
16264,16.264733,0.405938804,0.456346065,0.594061255
16265,16.265733,0.405927032,0.456340581,0.594072938
16266,16.266736,0.405769348,0.456267387,0.594230592
16267,16.267735,0.405664235,0.456262439,0.594241321
16268,16.268736,0.405727446,0.456247956,0.594272554
16269,16.269736,0.405497134,0.456141084,0.594502926
16270,16.270753,0.405414104,0.45610255,0.594585896
16271,16.271728,0.405331552,0.456064224,0.594668508
16272,16.272729,0.405249089,0.456025958,0.594750941
16273,16.273729,0.405072749,0.45598793,0.594832838
16274,16.274729,0.405065209,0.455940604,0.594934762
16275,16.275728,0.404910028,0.455868602,0.595089972
16276,16.276732,0.404977113,0.455899715,0.595022857
16277,16.277733,0.404822707,0.455828071,0.595177293
16278,16.278733,0.404816747,0.455825299,0.595183253
16279,16.279733,0.40464291,0.455788285,0.595263004
16280,16.280734,0.404637873,0.45574227,0.595362067
16281,16.281748,0.40448454,0.455671132,0.59551549
16282,16.282736,0.404405922,0.455634654,0.595594108
16283,16.283737,0.404253125,0.455563724,0.595746875
16284,16.284737,0.40439859,0.455631226,0.595601439
16285,16.285738,0.404152721,0.455526114,0.595827878
16286,16.286729,0.404150248,0.455515981,0.595849752
16287,16.287729,0.404073626,0.455480427,0.595926404
16288,16.288730,0.403922379,0.455410212,0.596077561
16289,16.289730,0.40377143,0.455340147,0.59622854
16290,16.290730,0.403770626,0.455339789,0.596229315
16291,16.291749,0.40367645,0.455296099,0.596304774
16292,16.292737,0.403676599,0.455296159,0.596323431
16293,16.293738,0.403526962,0.45522669,0.596472979
16294,16.294738,0.403527945,0.455227166,0.596472085
16295,16.295726,0.403378963,0.455158025,0.596621037
16296,16.296730,0.403229982,0.455088884,0.596770048
16297,16.297730,0.403289318,0.455124885,0.596692443
16298,16.298731,0.40314135,0.455047727,0.596858621
16299,16.299731,0.4032197,0.455084115,0.5967803
16300,16.300743,0.402997047,0.454980791,0.597002983
16301,16.301757,0.402925432,0.454947531,0.597074628
16302,16.302750,0.402854204,0.45491448,0.597145796
16303,16.303728,0.402765483,0.454916626,0.597141147
16304,16.304727,0.402695119,0.45484066,0.59730494
16305,16.305729,0.402700752,0.454843253,0.597299218
16306,16.306733,0.402555168,0.454775691,0.597444832
16307,16.307733,0.402409822,0.454708248,0.597590208
16308,16.308734,0.402568579,0.45478192,0.597431421
16309,16.309734,0.402331054,0.454644322,0.597727895
16310,16.310732,0.402262896,0.454640061,0.597737134
16311,16.311733,0.402194917,0.4546085,0.597805083
16312,16.312809,0.402051151,0.454541802,0.597948909
16313,16.313734,0.402212709,0.454616785,0.597787321
16314,16.314735,0.402069896,0.454550475,0.597930074
16315,16.315734,0.402063102,0.454519629,0.597996593
16316,16.316738,0.401921034,0.454481393,0.598078966
16317,16.317738,0.401779056,0.4544155,0.598220944
16318,16.318738,0.401790261,0.454420716,0.598209739
16319,16.319738,0.401648939,0.454355121,0.598351061
16320,16.320738,0.401584446,0.454325169,0.598415494
16321,16.321737,0.40158096,0.454259783,0.598556578
16322,16.322738,0.40136373,0.454222769,0.598636329
16323,16.323751,0.401377231,0.454228997,0.598622739
16324,16.324727,0.40146786,0.454271078,0.59853214
16325,16.325739,0.401251674,0.454170734,0.598748326
16326,16.326730,0.401266396,0.454177588,0.598733664
16327,16.327730,0.401189119,0.454113185,0.598872364
16328,16.328729,0.401127815,0.454113275,0.598872244
16329,16.329730,0.40106678,0.454084933,0.59893322
16330,16.330730,0.401006073,0.45405674,0.598993897
16331,16.331729,0.400868714,0.453993022,0.599131286
16332,16.332729,0.400731355,0.453929275,0.599268675
16333,16.333786,0.400579423,0.453858763,0.599420607
16334,16.334736,0.400597751,0.453867257,0.599402249
16335,16.335737,0.400616437,0.453875929,0.599383593
16336,16.336728,0.400480419,0.453812808,0.59951961
16337,16.337729,0.400499851,0.453821808,0.59950012
16338,16.338728,0.400442243,0.453795075,0.599557757
16339,16.339728,0.400370717,0.453768522,0.599614978
16340,16.340728,0.400313914,0.45373553,0.599686086
16341,16.341729,0.400257379,0.453709304,0.599742651
16342,16.342727,0.400123477,0.453647137,0.599876523
16343,16.343729,0.400223255,0.453693449,0.599776745
16344,16.344749,0.400245428,0.453703731,0.599754572
16345,16.345737,0.400099248,0.453606158,0.599964857
16346,16.346729,0.399888933,0.453538299,0.600111067
16347,16.347728,0.399990559,0.453585476,0.600009501
16348,16.348730,0.399858892,0.453524351,0.600141168
16349,16.349731,0.399883479,0.453535765,0.600116551
16350,16.350731,0.399752438,0.453474939,0.600247502
16351,16.351732,0.399608314,0.453450501,0.600300312
16352,16.352942,0.399621397,0.453420103,0.600365639
16353,16.353730,0.399582505,0.453396082,0.600417495
16354,16.354762,0.399452716,0.453335822,0.600547254
16355,16.355738,0.399479866,0.453348428,0.600520074
16356,16.356730,0.399429023,0.453324854,0.600570917
16357,16.357730,0.399444491,0.453301519,0.600621343
16358,16.358731,0.399394631,0.45330888,0.600605369
16359,16.359732,0.399423361,0.453322202,0.60057658
16360,16.360732,0.399217486,0.453226686,0.600782514
16361,16.361732,0.399090141,0.453167558,0.600909829
16362,16.362732,0.399120331,0.453181565,0.600879669
16363,16.363733,0.398981541,0.453159243,0.60092783
16364,16.364735,0.399012685,0.453131616,0.600987315
16365,16.365750,0.398965478,0.453109711,0.601034522
16366,16.366729,0.398918569,0.453087956,0.601081431
16367,16.367730,0.39879325,0.453029782,0.601206779
16368,16.368731,0.398826003,0.453044981,0.601173997
16369,16.369731,0.398847729,0.453023791,0.601219714
16370,16.370732,0.398644686,0.452960819,0.601355255
16371,16.371733,0.39867869,0.452976614,0.60132134
16372,16.372733,0.398634195,0.452955961,0.601365805
16373,16.373734,0.398668945,0.452972084,0.601330996
16374,16.374734,0.398546338,0.452915192,0.601453662
16375,16.375800,0.398571014,0.452926636,0.601428986
16376,16.376727,0.398369968,0.452833325,0.601629972
16377,16.377728,0.398406625,0.452850372,0.601593435
16378,16.378728,0.39844346,0.452867448,0.60155654
16379,16.379728,0.398401707,0.452848077,0.601598322
16380,16.380728,0.398439348,0.452865541,0.601560652
16381,16.381728,0.398309112,0.452883124,0.601522744
16382,16.382728,0.398347586,0.452822953,0.601652384
16383,16.383728,0.39806968,0.452693969,0.601930261
16384,16.384728,0.397950292,0.452638566,0.602049708
16385,16.385727,0.398149163,0.452730864,0.601850867
16386,16.386746,0.398189396,0.45274955,0.601810634
16387,16.387734,0.397982359,0.452621013,0.602087498
16388,16.388734,0.398023546,0.452672541,0.601976395
16389,16.389734,0.397906333,0.452618182,0.602093697
16390,16.390734,0.397948295,0.452637643,0.602051675
16391,16.391733,0.397831619,0.452583492,0.602168381
16392,16.392734,0.397794932,0.452566445,0.602205038
16393,16.393734,0.397749543,0.452549607,0.602241397
16394,16.394733,0.397713602,0.452528715,0.602286398
16395,16.395734,0.397678107,0.452512264,0.602321923
16396,16.396773,0.397722661,0.452532917,0.602277339
16397,16.397731,0.397687882,0.452516794,0.602312148
16398,16.398732,0.39765355,0.45250085,0.60234648
16399,16.399732,0.397611141,0.452410996,0.602540016
16400,16.400731,0.397497892,0.452428609,0.602502108
16401,16.401732,0.397544622,0.452450305,0.602455378
16402,16.402732,0.39743197,0.452398002,0.60256803
16403,16.403731,0.397479445,0.452420056,0.602520585
16404,16.404732,0.397367597,0.45236814,0.602632403
16405,16.405730,0.397407949,0.452390552,0.602584183
16406,16.406734,0.397296846,0.452335298,0.602703154
16407,16.407751,0.397186041,0.452283889,0.602813959
16408,16.408729,0.397235692,0.452306926,0.602764308
16409,16.409727,0.397205591,0.452292949,0.602794409
16410,16.410729,0.397175968,0.45227918,0.602823973
16411,16.411730,0.397059321,0.45226565,0.602853239
16412,16.412730,0.397270739,0.452323198,0.602729261
16413,16.413753,0.39708221,0.452235669,0.602917731
16414,16.414728,0.397214293,0.452297002,0.602785766
16415,16.415729,0.396946311,0.452172637,0.603053689
16416,16.416734,0.397079468,0.452234417,0.602920532
16417,16.417760,0.39704591,0.452218831,0.603027642
16418,16.418751,0.396939248,0.452169329,0.603060722
16419,16.419728,0.396993458,0.452194482,0.603006482
16420,16.420728,0.396807164,0.452108026,0.603192806
16421,16.421729,0.396862209,0.452133566,0.603137732
16422,16.422729,0.396676421,0.452047378,0.603323638
16423,16.423730,0.396812856,0.452110678,0.603187084
16424,16.424730,0.396782756,0.452096701,0.603217244
16425,16.425731,0.396759063,0.452085733,0.603240967
16426,16.426735,0.396896333,0.452149421,0.603103638
16427,16.427735,0.396793216,0.452101588,0.603206813
16428,16.428826,0.396684706,0.452051193,0.603315234
16429,16.429727,0.396668136,0.452043504,0.603331864
16430,16.430729,0.396721423,0.452068239,0.603278518
16431,16.431729,0.396700203,0.452058405,0.603299797
16432,16.432729,0.396679342,0.452048719,0.603320658
16433,16.433729,0.396578312,0.45200181,0.603421688
16434,16.434730,0.396558195,0.451992482,0.603441775
16435,16.435731,0.396533489,0.451983273,0.603461623
16436,16.436735,0.396433502,0.451934636,0.603566527
16437,16.437736,0.396495283,0.451963305,0.603504717
16438,16.438736,0.396476746,0.451954693,0.603523254
16439,16.439743,0.396458626,0.451946288,0.603541374
16440,16.440731,0.396521449,0.451975435,0.603478551
16441,16.441731,0.396499813,0.451929986,0.603576481
16442,16.442731,0.396482915,0.451957554,0.603517056
16443,16.443730,0.396466374,0.451949894,0.603533626
16444,16.444731,0.396450251,0.451942384,0.603549719
16445,16.445731,0.396434546,0.451935112,0.603565454
16446,16.446734,0.396338552,0.451890558,0.603661478
16447,16.447734,0.396319866,0.451883584,0.603676498
16448,16.448732,0.396305323,0.45187512,0.603694618
16449,16.449813,0.396291196,0.451868594,0.603708804
16450,16.450738,0.396358222,0.451899678,0.603641748
16451,16.451738,0.396183252,0.451818466,0.603816748
16452,16.452738,0.396251023,0.451849937,0.603748918
16453,16.453739,0.396316111,0.451881588,0.603680789
16454,16.454738,0.396304071,0.451874554,0.603695989
16455,16.455738,0.396211505,0.451831579,0.603788495
16456,16.456729,0.396280915,0.451863796,0.603719056
16457,16.457728,0.396269947,0.451858699,0.603730023
16458,16.458730,0.396259397,0.451853812,0.603740573
16459,16.459730,0.396249205,0.451849103,0.603750825
16460,16.460743,0.396156132,0.45180589,0.603843808
16461,16.461731,0.396308333,0.451876521,0.603691638
16462,16.462730,0.396218657,0.451834917,0.603781343
16463,16.463951,0.396127164,0.451792449,0.603872836
16464,16.464738,0.396121025,0.451789588,0.603878915
16465,16.465739,0.396192193,0.451785982,0.603886783
16466,16.466731,0.396023035,0.451744139,0.603976965
16467,16.467730,0.396177858,0.451815963,0.603822112
16468,16.468730,0.396171272,0.451812923,0.603828669
16469,16.469730,0.396165133,0.451810062,0.603834867
16470,16.470748,0.396159291,0.45180735,0.603840709
16471,16.471735,0.395990729,0.451804876,0.603846073
16472,16.472735,0.396066755,0.451764405,0.603933215
16473,16.473736,0.396062225,0.451762319,0.603937805
16474,16.474736,0.39597699,0.451722741,0.60402298
16475,16.475736,0.395973176,0.451720983,0.604026794
16476,16.476727,0.395969748,0.451719373,0.604030192
16477,16.477729,0.396047801,0.451755613,0.603952169
16478,16.478730,0.396125466,0.451791644,0.603874505
16479,16.479730,0.395880193,0.451677829,0.604119778
16480,16.480731,0.396040648,0.451752305,0.603959382
16481,16.481749,0.395958155,0.451714009,0.604041874
16482,16.482737,0.396199822,0.451826155,0.603800178
16483,16.483738,0.396118343,0.451788396,0.603881598
16484,16.484739,0.396118224,0.451788306,0.603881836
16485,16.485728,0.395956486,0.451713234,0.604043484
16486,16.486730,0.395957112,0.451713532,0.604042888
16487,16.487732,0.396039128,0.45175159,0.603960872
16488,16.488733,0.396040499,0.451752216,0.603959441
16489,16.489733,0.396042734,0.45171541,0.604038775
16490,16.490734,0.396125913,0.451791883,0.603874087
16491,16.491749,0.396047592,0.451755524,0.603952408
16492,16.492737,0.396050692,0.451756954,0.603949308
16493,16.493739,0.396054029,0.451758504,0.603945971
16494,16.494727,0.396057814,0.451760262,0.603942215
16495,16.495727,0.396142811,0.451799691,0.60385716
16496,16.496731,0.395986676,0.451727241,0.604013324
16497,16.497733,0.396234334,0.451842189,0.603765666
16498,16.498732,0.396158993,0.451807231,0.603841007
16499,16.499733,0.396083862,0.451772362,0.603916168
16500,16.500734,0.396170914,0.451812744,0.603829026
16501,16.501759,0.39617914,0.451816559,0.603741825
16502,16.502754,0.396186173,0.451819837,0.603813887
16503,16.503730,0.39611274,0.451785773,0.60388732
16504,16.504731,0.396282077,0.451864362,0.603717923
16505,16.505730,0.396128714,0.451793164,0.603871286
16506,16.506733,0.396056294,0.451759547,0.603943646
16507,16.507733,0.396065265,0.451763719,0.603934765
16508,16.508732,0.39615795,0.451806724,0.60384202
16509,16.509733,0.396329224,0.451886207,0.603670716
16510,16.510731,0.396419972,0.451928347,0.603579998
16511,16.511732,0.396107614,0.451783389,0.603892386
16512,16.512761,0.396280259,0.451863497,0.603719711
16513,16.513735,0.396132767,0.451868713,0.603708506
16514,16.514736,0.396225512,0.451838106,0.603774488
16515,16.515735,0.396156847,0.451806217,0.603843153
16516,16.516739,0.396169394,0.451812029,0.603830576
16517,16.517727,0.396343976,0.451893091,0.603656054
16518,16.518727,0.396276593,0.451861799,0.603723407
16519,16.519726,0.396290302,0.451868147,0.603709638
16520,16.520728,0.396227121,0.451838821,0.603772819
16521,16.521728,0.396403253,0.451920569,0.603596747
16522,16.522744,0.396418184,0.451927513,0.603581786
16523,16.523752,0.396352977,0.451897264,0.603647053
16524,16.524728,0.396368623,0.451904505,0.603631377
16525,16.525729,0.396303982,0.451874495,0.603695989
16526,16.526732,0.396486133,0.451959044,0.603513837
16527,16.527732,0.396503061,0.451966912,0.603496969
16528,16.528732,0.396439791,0.451937556,0.603560209
16529,16.529731,0.396457553,0.451945782,0.603542447
16530,16.530732,0.396394968,0.451916724,0.603604972
16531,16.531732,0.396655053,0.452037454,0.603344977
16532,16.532732,0.396517813,0.451973766,0.603482246
16533,16.533747,0.396537185,0.451982737,0.603462815
16534,16.534733,0.39663741,0.452029258,0.60336256
16535,16.535735,0.396577001,0.452001214,0.603422999
16536,16.536738,0.396597505,0.452010721,0.603402436
16537,16.537738,0.396543115,0.452020437,0.603381574
16538,16.538738,0.396725476,0.452070117,0.603274465
16539,16.539739,0.396747172,0.45208019,0.603252769
16540,16.540738,0.396608412,0.452015817,0.603391647
16541,16.541739,0.396791816,0.452100933,0.603208184
16542,16.542728,0.396653771,0.452036858,0.603346229
16543,16.543728,0.396677107,0.452047676,0.603322923
16544,16.544751,0.39702782,0.452210426,0.60297215
16545,16.545727,0.39673084,0.45207262,0.60326916
16546,16.546731,0.396755397,0.452084005,0.603244603
16547,16.547731,0.396860659,0.452132851,0.603139281
16548,16.548731,0.396966189,0.452181846,0.603033781
16549,16.549733,0.396831214,0.452119201,0.603168786
16550,16.550733,0.396944135,0.452171624,0.603055894
16551,16.551734,0.396890342,0.452146649,0.603109598
16552,16.552734,0.397077709,0.452233613,0.60292232
16553,16.553735,0.397024781,0.452209055,0.602975249
16554,16.554750,0.396891832,0.452147335,0.603108168
16555,16.555737,0.397247583,0.452197701,0.602999747
16556,16.556729,0.397116035,0.452251375,0.602883935
16557,16.557730,0.397144884,0.452264786,0.602855146
16558,16.558730,0.39717409,0.452278316,0.60282588
16559,16.559730,0.397203743,0.452292085,0.602796197
16560,16.560731,0.397233754,0.452306032,0.602766275
16561,16.561731,0.397184074,0.452282965,0.602815926
16562,16.562732,0.397302628,0.45233798,0.602697372
16563,16.563731,0.397253901,0.45231539,0.602746129
16564,16.564758,0.397285521,0.452330053,0.602714539
16565,16.565745,0.397397459,0.452381998,0.602602541
16566,16.566736,0.397509724,0.452434093,0.602490246
16567,16.567737,0.397462606,0.452412218,0.602537394
16568,16.568736,0.397424161,0.452394396,0.602575839
16569,16.569737,0.3976174,0.452484071,0.602382541
16570,16.570738,0.397571623,0.452462822,0.602428377
16571,16.571738,0.397606075,0.452478826,0.602393925
16572,16.572738,0.397640765,0.452494919,0.602359235
16573,16.573736,0.397835016,0.452585071,0.602164984
16574,16.574737,0.397720277,0.452531815,0.602279723
16575,16.575744,0.397756279,0.452548534,0.602243721
16576,16.576735,0.397792578,0.452565372,0.602207422
16577,16.577736,0.397829235,0.452582389,0.602170765
16578,16.578735,0.397866368,0.452599615,0.602133632
16579,16.579736,0.397983313,0.452653885,0.602016687
16580,16.580736,0.397791982,0.452565104,0.602208018
16581,16.581736,0.397989511,0.452656746,0.602010489
16582,16.582735,0.398028225,0.452674747,0.601971805
16583,16.583736,0.398067236,0.452692837,0.601932764
16584,16.584736,0.398185968,0.452747941,0.601814032
16585,16.585762,0.398235798,0.452771068,0.601774216
16586,16.586745,0.398196787,0.452752948,0.601803184
16587,16.587733,0.398395777,0.452845305,0.601604223
16588,16.588734,0.398119837,0.452717245,0.601880133
16589,16.589734,0.3983199,0.452810109,0.6016801
16590,16.590734,0.398361742,0.45282954,0.601638317
16591,16.591735,0.398482919,0.452885747,0.601517081
16592,16.592734,0.398536026,0.452910393,0.601463914
16593,16.593734,0.398579061,0.452930391,0.601420939
16594,16.594734,0.398622453,0.452950537,0.601377606
16595,16.595735,0.398666114,0.452970773,0.601333857
16596,16.596744,0.398631305,0.45295462,0.601368666
16597,16.597732,0.398596942,0.452938676,0.601403117
16598,16.598732,0.398810804,0.453037918,0.601189137
16599,16.599732,0.398777276,0.453022361,0.601222694
16600,16.600732,0.398901701,0.453080118,0.601098299
16601,16.601731,0.398869097,0.453065008,0.601130962
16602,16.602732,0.399072826,0.453159541,0.600927174
16603,16.603731,0.398883671,0.453071743,0.6011163
16604,16.604731,0.399021477,0.453135699,0.600978494
16605,16.605731,0.398990542,0.453121364,0.601009488
16606,16.606734,0.399117142,0.453180104,0.600882888
16607,16.607750,0.39924401,0.453238994,0.60075599
16608,16.608739,0.399214327,0.453225225,0.600785732
16609,16.609727,0.399341941,0.453284442,0.600658059
16610,16.610727,0.39932549,0.453276813,0.600765467
16611,16.611728,0.39921844,0.453227103,0.60078156
16612,16.612730,0.399425894,0.453323394,0.600574136
16613,16.613730,0.399398208,0.453310549,0.600601792
16614,16.614731,0.399527669,0.453370631,0.600472331
16615,16.615730,0.399735332,0.453467011,0.600264668
16616,16.616734,0.399800092,0.453497052,0.600199878
16617,16.617752,0.399930179,0.453557432,0.600069821
16618,16.618730,0.399827003,0.453509539,0.600172937
16619,16.619731,0.399802029,0.453497946,0.600197911
16620,16.620731,0.399699181,0.453450233,0.600300789
16621,16.621732,0.399987131,0.453583866,0.600012898
16622,16.622733,0.399976999,0.453579187,0.600023031
16623,16.623733,0.400031537,0.45360446,0.599968433
16624,16.624734,0.400086641,0.45363006,0.599913359
16625,16.625733,0.400219589,0.453691751,0.599780381
16626,16.626963,0.400211632,0.453688055,0.599788368
16627,16.627765,0.400345385,0.453750134,0.599746227
16628,16.628752,0.40040189,0.45377636,0.59959805
16629,16.629727,0.400381267,0.453766793,0.599618793
16630,16.630729,0.400593311,0.4538652,0.59940666
16631,16.631730,0.400496185,0.453820109,0.599503815
16632,16.632730,0.40055427,0.45384708,0.59944576
16633,16.633731,0.400535166,0.453838229,0.599464893
16634,16.634730,0.400531113,0.453836322,0.59925139
16635,16.635732,0.40059039,0.453863859,0.59940964
16636,16.636736,0.400804877,0.453963399,0.599195123
16637,16.637735,0.400941879,0.454026967,0.599058092
16638,16.638751,0.40092504,0.454019129,0.59907496
16639,16.639739,0.401062816,0.454083085,0.598937154
16640,16.640727,0.401062071,0.454082757,0.598722577
16641,16.641739,0.401123524,0.454111248,0.598876417
16642,16.642728,0.401262224,0.454175621,0.598737717
16643,16.643726,0.401247621,0.454168856,0.598752379
16644,16.644728,0.401386976,0.454233527,0.598613024
16645,16.645728,0.401449949,0.454262763,0.598550022
16646,16.646731,0.401529014,0.45429945,0.598563433
16647,16.647731,0.401592851,0.454329103,0.598407209
16648,16.648731,0.401580274,0.454323232,0.598419666
16649,16.649752,0.401721299,0.454388708,0.598278701
16650,16.650728,0.401633024,0.45434773,0.598366976
16651,16.651727,0.401851267,0.454448998,0.598148704
16652,16.652728,0.40185684,0.454451591,0.598083258
16653,16.653727,0.401769817,0.454411209,0.598230183
16654,16.654728,0.402065575,0.454548478,0.597934425
16655,16.655728,0.402056038,0.454544067,0.597944021
16656,16.656731,0.402199239,0.454610497,0.597800732
16657,16.657731,0.402266741,0.454641849,0.597733259
16658,16.658730,0.402275473,0.454645902,0.597665548
16659,16.659744,0.40234378,0.454677582,0.59765619
16660,16.660731,0.402412355,0.454709411,0.597587645
16661,16.661732,0.402481318,0.454741418,0.597518682
16662,16.662732,0.40247485,0.454738438,0.597525179
16663,16.663731,0.402696222,0.454841137,0.597303748
16664,16.664732,0.402708083,0.45484668,0.597385406
16665,16.665732,0.402854234,0.45491451,0.597145796
16666,16.666735,0.402849555,0.454912335,0.597150505
16667,16.667735,0.402996302,0.454980403,0.597003639
16668,16.668734,0.402992308,0.454978585,0.597007692
16669,16.669761,0.40308243,0.455020398,0.59686017
16670,16.670753,0.40323019,0.455088973,0.59676981
16671,16.671729,0.403152019,0.455052674,0.596847951
16672,16.672728,0.403225183,0.455086648,0.596774817
16673,16.673730,0.403374135,0.45515579,0.596625865
16674,16.674730,0.403523028,0.455224872,0.596476972
16675,16.675731,0.403522134,0.455224454,0.596477866
16676,16.676735,0.403540313,0.455232918,0.596459687
16677,16.677735,0.403690457,0.455302566,0.596309483
16678,16.678735,0.403915465,0.455407023,0.596084535
16679,16.679736,0.40391624,0.455407381,0.59608376
16680,16.680779,0.403842568,0.455373198,0.596157432
16681,16.681730,0.403993964,0.455443442,0.596006036
16682,16.682730,0.404089928,0.455487996,0.595929325
16683,16.683751,0.404241651,0.455558389,0.595758319
16684,16.684739,0.40446794,0.455663413,0.59553206
16685,16.685728,0.40439707,0.455630541,0.595602989
16686,16.686732,0.404475212,0.45566681,0.595524848
16687,16.687731,0.40455386,0.455703288,0.59544611
16688,16.688732,0.404578269,0.455714613,0.595590472
16689,16.689733,0.404657602,0.455751449,0.595342398
16690,16.690733,0.404663116,0.455753982,0.595336854
16691,16.691751,0.404743284,0.455791205,0.595256746
16692,16.692728,0.404898018,0.455862999,0.595101953
16693,16.693729,0.404978752,0.45590049,0.595021248
16694,16.694729,0.405080289,0.455947608,0.594940126
16695,16.695730,0.405161798,0.455985427,0.594838142
16696,16.696734,0.405243874,0.456023514,0.594756126
16697,16.697733,0.405399799,0.456095904,0.594600201
16698,16.698734,0.40540874,0.456100047,0.59459126
16699,16.699734,0.405565351,0.456172734,0.594434619
16700,16.700735,0.405596018,0.45618695,0.594403982
16701,16.701746,0.405679733,0.456225812,0.594320297
16702,16.702733,0.405763835,0.456264853,0.594236195
16703,16.703733,0.405994833,0.456372052,0.594005167
16704,16.704732,0.405933142,0.456343412,0.594066858
16705,16.705733,0.406091452,0.456416905,0.593908548
16706,16.706736,0.406125337,0.456432641,0.593896151
16707,16.707735,0.406284183,0.456506342,0.593715787
16708,16.708736,0.406297624,0.45651257,0.593702376
16709,16.709736,0.40638423,0.456552774,0.59361577
16710,16.710736,0.406471133,0.456593096,0.593528867
16711,16.711762,0.406580299,0.45664376,0.593368888
16712,16.712748,0.406595439,0.456650794,0.593404531
16713,16.713736,0.406756252,0.456725419,0.593243718
16714,16.714736,0.406844646,0.456766427,0.593155324
16715,16.715736,0.406933546,0.456807703,0.593066454
16716,16.716739,0.407094985,0.456882656,0.592905045
16717,16.717739,0.407039642,0.456856936,0.592960298
16718,16.718739,0.407296479,0.456976146,0.592703521
16719,16.719727,0.407314658,0.45698458,0.592685342
16720,16.720727,0.407405198,0.457026601,0.592594802
16721,16.721727,0.407568187,0.457102239,0.592431784
16722,16.722742,0.407515347,0.457077742,0.592484713
16723,16.723730,0.407679141,0.457153738,0.592320919
16724,16.724732,0.407722205,0.457173735,0.592229009
16725,16.725730,0.40795809,0.457283229,0.592041969
16726,16.726734,0.408050627,0.457326144,0.591949344
16727,16.727734,0.408072203,0.457336158,0.591927767
16728,16.728734,0.408165544,0.45737949,0.591834486
16729,16.729734,0.408259273,0.457422972,0.591740727
16730,16.730733,0.408305436,0.4574444,0.591646552
16731,16.731734,0.408471495,0.457521468,0.591528535
16732,16.732760,0.408495009,0.457532376,0.591504991
16733,16.733751,0.408661306,0.457609564,0.591338694
16734,16.734726,0.40889883,0.457719803,0.59110117
16735,16.735727,0.408852756,0.457698435,0.591147304
16736,16.736731,0.409043759,0.457787067,0.591051221
16737,16.737731,0.409140408,0.457831919,0.590859652
16738,16.738732,0.409095705,0.457811177,0.590904295
16739,16.739732,0.409334511,0.457921982,0.59066546
16740,16.740759,0.409290761,0.457901716,0.590709269
16741,16.741752,0.40948388,0.458045244,0.590399861
16742,16.742728,0.409722745,0.458102167,0.5904423
16743,16.743749,0.409891486,0.458180487,0.590108514
16744,16.744737,0.409779936,0.458128721,0.590220034
16745,16.745737,0.409879148,0.458174765,0.590120792
16746,16.746729,0.409979016,0.458221108,0.590020955
16747,16.747730,0.410078943,0.45826748,0.589920998
16748,16.748731,0.410274237,0.458358109,0.589820802
16749,16.749730,0.410305262,0.458372533,0.589694738
16750,16.750732,0.410406351,0.458419442,0.589593649
16751,16.751733,0.410577297,0.458498776,0.589422703
16752,16.752733,0.410678923,0.458545953,0.589321077
16753,16.753759,0.410737097,0.458528757,0.589358091
16754,16.754750,0.410839707,0.458620548,0.589160264
16755,16.755738,0.411011815,0.458700448,0.588988185
16756,16.756729,0.411045581,0.458716124,0.588954449
16757,16.757731,0.411148995,0.458764106,0.588851035
16758,16.758731,0.411252916,0.458812326,0.588747084
16759,16.759731,0.411356986,0.458860636,0.588643014
16760,16.760732,0.41148755,0.458921224,0.588469505
16761,16.761733,0.41152361,0.458937943,0.58847636
16762,16.762733,0.411697686,0.459018767,0.588302374
16763,16.763734,0.411940277,0.45913133,0.588059664
16764,16.764746,0.41197747,0.459148586,0.58802253
16765,16.765734,0.4120152,0.45916611,0.5879848
16766,16.766739,0.412079841,0.459196091,0.587920129
16767,16.767728,0.412186742,0.459245712,0.587813199
16768,16.768726,0.412430644,0.459358901,0.587569296
16769,16.769737,0.41253826,0.459408879,0.58746177
16770,16.770738,0.412577927,0.459427267,0.587422013
16771,16.771738,0.412753969,0.459508955,0.587246001
16772,16.772738,0.41282171,0.459540427,0.587178349
16773,16.773738,0.413066179,0.459653854,0.586933792
16774,16.774738,0.413107574,0.459673077,0.586892366
16775,16.775755,0.413149446,0.459692538,0.586850584
16776,16.776733,0.413326949,0.459774911,0.586673081
16777,16.777733,0.413436979,0.459825963,0.586562991
16778,16.778732,0.413642198,0.459921211,0.586519957
16779,16.779733,0.413618505,0.459910214,0.586381495
16780,16.780733,0.413729906,0.459961921,0.586270094
16781,16.781733,0.413841397,0.460013658,0.586158633
16782,16.782733,0.414020121,0.460096598,0.585979879
16783,16.783732,0.413998425,0.460086524,0.586001515
16784,16.784732,0.414206058,0.460182905,0.58575511
16785,16.785743,0.414385766,0.460266292,0.585614204
16786,16.786734,0.4143655,0.460256904,0.58563453
16787,16.787735,0.414612174,0.460371375,0.585387826
16788,16.788734,0.414659679,0.460393429,0.585340321
16789,16.789734,0.414840072,0.460477144,0.585159898
16790,16.790734,0.414850533,0.460482001,0.585111856
16791,16.791735,0.415031642,0.460566044,0.584968328
16792,16.792750,0.415212989,0.460650206,0.584787011
16793,16.793738,0.415262401,0.460673153,0.584737599
16794,16.794739,0.415378034,0.460726798,0.584621906
16795,16.795739,0.415523231,0.460794181,0.584439933
16796,16.796747,0.415574163,0.460817844,0.584425867
16797,16.797734,0.415756643,0.460902542,0.584243417
16798,16.798735,0.416069776,0.461047858,0.583930254
16799,16.799735,0.415991157,0.46101135,0.584008813
16800,16.800735,0.416174352,0.461096376,0.583825648
16801,16.801736,0.416161716,0.461090505,0.583838284
16802,16.802734,0.41644007,0.461219698,0.583654702
16803,16.803736,0.416493654,0.461244583,0.583506346
16804,16.804737,0.416612864,0.461299896,0.583387136
16805,16.805737,0.416732192,0.461355299,0.583267868
16806,16.806798,0.416946441,0.461380661,0.583213091
16807,16.807736,0.416971862,0.461466521,0.583028197
16808,16.808738,0.417122185,0.461536258,0.582907915
16809,16.809739,0.417178243,0.461562276,0.582821727
16810,16.810728,0.417363882,0.461648434,0.582636058
16811,16.811728,0.417485148,0.461704731,0.582514882
16812,16.812729,0.417606622,0.461761087,0.582393348
16813,16.813729,0.417856365,0.461876988,0.582143605
16814,16.814730,0.417945206,0.461918235,0.582149208
16815,16.815730,0.418067813,0.461975127,0.581932127
16816,16.816732,0.418063015,0.461972922,0.581937015
16817,16.817747,0.418249905,0.462059647,0.581750095
16818,16.818736,0.418500245,0.462175846,0.581499755
16819,16.819736,0.418623984,0.462233275,0.581376076
16820,16.820737,0.418715686,0.462275833,0.581378758
16821,16.821738,0.418839872,0.462333441,0.581160128
16822,16.822738,0.418901592,0.462362111,0.581098437
16823,16.823739,0.419026554,0.462420106,0.580973506
16824,16.824728,0.419277549,0.462536603,0.580722511
16825,16.825727,0.419277579,0.462536603,0.580722451
16826,16.826731,0.419435024,0.462609679,0.580533862
16827,16.827747,0.419686317,0.462726295,0.580313683
16828,16.828734,0.419687778,0.462726951,0.580312192
16829,16.829735,0.419939578,0.462843835,0.580060422
16830,16.830736,0.419941902,0.462844908,0.580058098
16831,16.831736,0.420069575,0.462904185,0.579930484
16832,16.832737,0.420291364,0.463007092,0.579740584
16833,16.833737,0.420357317,0.463037699,0.579642653
16834,16.834737,0.420485705,0.463097274,0.579514265
16835,16.835736,0.42055276,0.463128418,0.579447269
16836,16.836727,0.420743614,0.46321699,0.579256356
16837,16.837727,0.420843601,0.463248312,0.579188824
16838,16.838744,0.421035111,0.463352293,0.578964949
16839,16.839733,0.421226382,0.463441044,0.578773618
16840,16.840732,0.421356469,0.463501424,0.57864356
16841,16.841733,0.421487033,0.463562012,0.578512967
16842,16.842732,0.421556622,0.463594288,0.578443348
16843,16.843732,0.421748638,0.463683426,0.578251362
16844,16.844732,0.421912819,0.463759631,0.578180969
16845,16.845732,0.422044694,0.463820815,0.577955365
16846,16.846735,0.422116101,0.463853955,0.577883899
16847,16.847735,0.422308892,0.463943422,0.577691078
16848,16.848749,0.422320426,0.463948786,0.577679515
16849,16.849737,0.422453433,0.464010537,0.577546597
16850,16.850743,0.422680616,0.464115947,0.577319384
16851,16.851730,0.42275393,0.464149982,0.57724607
16852,16.852731,0.423007876,0.46426785,0.576992154
16853,16.853731,0.422962189,0.464246631,0.577037811
16854,16.854730,0.423276275,0.464392394,0.576723754
16855,16.855731,0.423410743,0.4644548,0.576589286
16856,16.856735,0.423579365,0.464533061,0.576573312
16857,16.857734,0.423595905,0.46454075,0.576404095
16858,16.858759,0.423790932,0.46463123,0.576209009
16859,16.859746,0.423867464,0.464666754,0.576132476
16860,16.860734,0.424063176,0.464757621,0.575936854
16861,16.861734,0.424258709,0.464848369,0.575741351
16862,16.862734,0.424429446,0.464927584,0.575663567
16863,16.863734,0.424507618,0.464963853,0.575492382
16864,16.864733,0.424586177,0.465000331,0.575413823
16865,16.865734,0.424841046,0.465118617,0.575158954
16866,16.866737,0.424920589,0.465155542,0.575079441
16867,16.867737,0.425058752,0.465219647,0.574941278
16868,16.868738,0.425231844,0.465299964,0.574802577
16869,16.869744,0.425486863,0.465418339,0.574513137
16870,16.870732,0.425567806,0.46545592,0.574432254
16871,16.871733,0.425706953,0.465520471,0.574293017
16872,16.872733,0.425846696,0.465585321,0.574153304
16873,16.873734,0.425928771,0.465623409,0.574071169
16874,16.874733,0.426161557,0.465731442,0.57387358
16875,16.875734,0.426244527,0.465769976,0.573755503
16876,16.876739,0.426385552,0.465835422,0.573614478
16877,16.877728,0.426526695,0.465900898,0.573473275
16878,16.878728,0.426610976,0.465940028,0.573388994
16879,16.879729,0.426845133,0.466032237,0.573190391
16880,16.880756,0.427043855,0.466140956,0.572956204
16881,16.881731,0.427129149,0.466180533,0.572870851
16882,16.882732,0.427328408,0.46627298,0.572671533
16883,16.883731,0.427414507,0.466312945,0.572585464
16884,16.884733,0.427557498,0.466379315,0.572442472
16885,16.885734,0.427700996,0.466445923,0.572299004
16886,16.886737,0.427880466,0.46652922,0.572155535
16887,16.887738,0.427968144,0.466569901,0.572031856
16888,16.888738,0.428168297,0.466662794,0.571831703
16889,16.889739,0.428368747,0.466755837,0.571631312
16890,16.890783,0.428457499,0.466796994,0.571542501
16891,16.891734,0.428713441,0.466915786,0.571286559
16892,16.892736,0.428784192,0.466948628,0.571307719
16893,16.893735,0.428929538,0.467016071,0.571070433
16894,16.894737,0.429075509,0.467083812,0.570924461
16895,16.895738,0.429221541,0.467151612,0.57077843
16896,16.896729,0.429367751,0.467219472,0.570632279
16897,16.897729,0.429514587,0.46728763,0.570485473
16898,16.898730,0.429643333,0.467347354,0.570283949
16899,16.899730,0.429845184,0.467441022,0.570154786
16900,16.900730,0.429992557,0.467509419,0.570007443
16901,16.901754,0.430140465,0.467578083,0.569859505
16902,16.902729,0.430288315,0.467646688,0.569711685
16903,16.903747,0.430436403,0.467715442,0.569563627
16904,16.904735,0.430675924,0.467826575,0.569360912
16905,16.905735,0.430770934,0.467870682,0.569229066
16906,16.906738,0.430866063,0.46791482,0.569133937
16907,16.907738,0.431015372,0.46798414,0.568984628
16908,16.908738,0.431272358,0.468103379,0.568727612
16909,16.909738,0.431422114,0.468172878,0.568577886
16910,16.910738,0.431556255,0.468235135,0.568481326
16911,16.911767,0.431706548,0.468304902,0.568293452
16912,16.912730,0.431857377,0.468374908,0.568142653
16913,16.913731,0.432061076,0.468469441,0.567938924
16914,16.914730,0.432106316,0.468490452,0.567893744
16915,16.915731,0.432310462,0.468585193,0.567689538
16916,16.916734,0.432552874,0.468697697,0.567485154
16917,16.917733,0.432652116,0.468743742,0.567347884
16918,16.918733,0.432751834,0.468790025,0.567248166
16919,16.919733,0.432956845,0.468885154,0.567043126
16920,16.920733,0.433109462,0.468955994,0.566890538
16921,16.921732,0.433210254,0.469002783,0.566789746
16922,16.922747,0.433453739,0.469115764,0.566546261
16923,16.923735,0.433659047,0.469211042,0.566340923
16924,16.924735,0.433812499,0.469282269,0.566187501
16925,16.925735,0.433915108,0.469329894,0.566084862
16926,16.926738,0.434017837,0.469377577,0.565982163
16927,16.927738,0.434274733,0.469496787,0.565725207
16928,16.928738,0.43441692,0.469562769,0.565672636
16929,16.929738,0.434623033,0.469658434,0.565376937
16930,16.930738,0.434778064,0.469730377,0.565221906
16931,16.931739,0.4348827,0.469778955,0.5651173
16932,16.932751,0.435038626,0.469851345,0.564961433
16933,16.933738,0.435295254,0.469970435,0.564704776
16934,16.934738,0.435389668,0.470014244,0.564599156
16935,16.935739,0.435546339,0.470086932,0.564453602
16936,16.936730,0.435703039,0.47015968,0.564296961
16937,16.937730,0.435859889,0.470232487,0.564140141
16938,16.938731,0.436017305,0.470305532,0.563982666
16939,16.939731,0.436174661,0.470378548,0.563825309
16940,16.940731,0.436421454,0.470493078,0.563618064
16941,16.941732,0.436529756,0.470543355,0.563470244
16942,16.942733,0.436638534,0.47059384,0.563361466
16943,16.943752,0.436895669,0.470713168,0.563104331
16944,16.944730,0.437151968,0.470832139,0.562848091
16945,16.945730,0.437163919,0.470837653,0.562836051
16946,16.946734,0.437313974,0.470907301,0.562628269
16947,16.947734,0.437571079,0.471026659,0.562428951
16948,16.948735,0.437730551,0.471100658,0.562269449
16949,16.949736,0.437938452,0.471197158,0.562061608
16950,16.950737,0.43800208,0.471226662,0.56199795
16951,16.951737,0.438162327,0.471301019,0.561837673
16952,16.952738,0.438363016,0.471394181,0.561677158
16953,16.953750,0.438571662,0.471491009,0.561428368
16954,16.954738,0.438685089,0.47154367,0.56131494
16955,16.955727,0.43884629,0.471618474,0.56115371
16956,16.956731,0.439007908,0.471693456,0.560992062
16957,16.957731,0.439216882,0.471790433,0.560783088
16958,16.958732,0.439372063,0.471865565,0.560621381
16959,16.959731,0.439534545,0.471937895,0.560465455
16960,16.960732,0.439790726,0.472056776,0.560209274
16961,16.961733,0.439859509,0.472088695,0.560140491
16962,16.962905,0.44015637,0.472226471,0.5598436
16963,16.963756,0.440232277,0.472261697,0.559767723
16964,16.964746,0.440389872,0.472334832,0.559651136
16965,16.965734,0.440553427,0.472410738,0.559446573
16966,16.966736,0.440763652,0.472508311,0.559236348
16967,16.967736,0.440835476,0.47254166,0.559164524
16968,16.968736,0.441091567,0.472660482,0.558908403
16969,16.969737,0.441210449,0.472715676,0.558789551
16970,16.970736,0.441416323,0.472811222,0.558624923
16971,16.971736,0.441581368,0.472887814,0.558418632
16972,16.972736,0.441746533,0.472964466,0.558253467
16973,16.973736,0.442002147,0.473083079,0.557997823
16974,16.974744,0.442032516,0.473097205,0.557967484
16975,16.975731,0.442198455,0.473174214,0.557801545
16976,16.976735,0.44245103,0.473291427,0.557635427
16977,16.977734,0.442661941,0.473389298,0.557337999
16978,16.978735,0.442784011,0.473445952,0.557215989
16979,16.979734,0.442995101,0.473543942,0.557004929
16980,16.980735,0.443117559,0.473600775,0.556882441
16981,16.981734,0.443284988,0.47367847,0.556715012
16982,16.982734,0.443494201,0.473775566,0.556547761
16983,16.983734,0.443661779,0.47385335,0.556338251
16984,16.984734,0.443785727,0.473910868,0.556214333
16985,16.985745,0.443997741,0.474009275,0.556002259
16986,16.986737,0.444165915,0.474087298,0.555834055
16987,16.987737,0.444377899,0.474185705,0.555622101
16988,16.988738,0.444631666,0.474303454,0.555539727
16989,16.989737,0.444671482,0.474321961,0.555328548
16990,16.990737,0.44492653,0.474440336,0.5550735
16991,16.991737,0.44505319,0.474499106,0.55494684
16992,16.992737,0.445222646,0.474577755,0.554777384
16993,16.993737,0.445392251,0.474656463,0.554607749
16994,16.994737,0.44560501,0.474755198,0.554437518
16995,16.995767,0.445732892,0.474814564,0.554267168
16996,16.996733,0.445903212,0.47489357,0.554096758
16997,16.997734,0.446116179,0.474992424,0.553883791
16998,16.998732,0.446245074,0.475052267,0.553754985
16999,16.999733,0.446499467,0.475170314,0.553500533
17000,17.000733,0.446713626,0.475211263,0.553412378
17001,17.001734,0.446843475,0.475329965,0.553156495
17002,17.002734,0.4470976,0.475447893,0.552902341
17003,17.003734,0.447186857,0.475489318,0.552813113
17004,17.004735,0.447359145,0.475569308,0.552640915
17005,17.005736,0.447572082,0.475668132,0.552427948
17006,17.006742,0.447706044,0.4757303,0.5522964
17007,17.007730,0.447919607,0.475829393,0.552080393
17008,17.008731,0.448092431,0.475909621,0.551907599
17009,17.009733,0.448265672,0.475989997,0.551734328
17010,17.010733,0.448478937,0.476089001,0.551521063
17011,17.011734,0.448692024,0.476187885,0.551307976
17012,17.012733,0.448908985,0.47626847,0.551134408
17013,17.013735,0.449042827,0.476350695,0.550957203
17014,17.014735,0.449256152,0.476449698,0.550743818
17015,17.015736,0.449390978,0.476512283,0.550609052
17016,17.016746,0.449486494,0.476556599,0.550513506
17017,17.017733,0.449739456,0.47667399,0.550260484
17018,17.018735,0.449918985,0.476757318,0.550124824
17019,17.019736,0.450094253,0.476838648,0.549905717
17020,17.020737,0.450308025,0.47693786,0.549691975
17021,17.021738,0.450444609,0.47700125,0.549555361
17022,17.022804,0.450664341,0.477082878,0.549379647
17023,17.023730,0.450796038,0.477164358,0.549203932
17024,17.024731,0.451054037,0.477228224,0.549066365
17025,17.025732,0.451154232,0.477330595,0.548845768
17026,17.026736,0.451368481,0.477430046,0.548631549
17027,17.027751,0.451582611,0.477529436,0.548417449
17028,17.028740,0.451721787,0.477593988,0.548278153
17029,17.029728,0.451861113,0.477658689,0.548138916
17030,17.030726,0.452119857,0.477758348,0.547924161
17031,17.031726,0.45229736,0.477861106,0.54770261
17032,17.032738,0.452511638,0.477960587,0.547488391
17033,17.033739,0.452689171,0.47804296,0.547310829
17034,17.034739,0.452830344,0.478108466,0.547169626
17035,17.035726,0.452971607,0.478174061,0.547028422
17036,17.036730,0.453230858,0.47827369,0.546813726
17037,17.037754,0.453445375,0.478393912,0.546554565
17038,17.038728,0.45362401,0.478476822,0.54637599
17039,17.039729,0.453766495,0.478542954,0.546233475
17040,17.040727,0.453945547,0.478626072,0.546054482
17041,17.041729,0.45412451,0.478709102,0.54587549
17042,17.042728,0.454383999,0.478808701,0.545660853
17043,17.043728,0.454492688,0.478879988,0.545507312
17044,17.044729,0.454707593,0.478979707,0.545292377
17045,17.045728,0.454887211,0.479063064,0.545112729
17046,17.046732,0.455067396,0.479146719,0.544932604
17047,17.047732,0.455247343,0.479230225,0.544752657
17048,17.048744,0.455472589,0.479334772,0.544537485
17049,17.049733,0.455687732,0.479434609,0.544312298
17050,17.050731,0.455834061,0.479502499,0.544165909
17051,17.051732,0.45598042,0.479570419,0.54401952
17052,17.052733,0.456195533,0.479670256,0.543804407
17053,17.053733,0.45637691,0.479754448,0.54362309
17054,17.054733,0.456569672,0.47983855,0.543441892
17055,17.055732,0.456852049,0.479974955,0.543147922
17056,17.056735,0.456966698,0.480028182,0.543033302
17057,17.057736,0.457148373,0.480112493,0.542851627
17058,17.058744,0.457330137,0.480196863,0.542669892
17059,17.059732,0.457512498,0.480281472,0.542487502
17060,17.060732,0.457773209,0.48038131,0.542272449
17061,17.061732,0.45795539,0.480487019,0.54204458
17062,17.062732,0.458138108,0.480571836,0.541861892
17063,17.063732,0.458255619,0.480626345,0.541744351
17064,17.064732,0.458471149,0.480726391,0.541528881
17065,17.065732,0.458654433,0.480811477,0.541345596
17066,17.066736,0.458851337,0.480896443,0.541162491
17067,17.067736,0.459130377,0.481032342,0.540869653
17068,17.068763,0.459282279,0.481102854,0.540717721
17069,17.069747,0.459434122,0.481173307,0.540565908
17070,17.070736,0.459649324,0.481273204,0.540350735
17071,17.071737,0.459802091,0.481344074,0.540197849
17072,17.072738,0.460063338,0.48146534,0.540045083
17073,17.073738,0.460216463,0.481536388,0.539783537
17074,17.074726,0.460401237,0.481622159,0.539598823
17075,17.075727,0.460585713,0.481707782,0.539414346
17076,17.076731,0.460739791,0.481779277,0.539260209
17077,17.077747,0.46095556,0.481879413,0.53904444
17078,17.078736,0.461186826,0.481965274,0.538859546
17079,17.079744,0.461401999,0.482086599,0.538598001
17080,17.080732,0.46158734,0.482172608,0.538412631
17081,17.081733,0.461743236,0.482244968,0.538256764
17082,17.082733,0.461928785,0.482331067,0.538071156
17083,17.083734,0.462114871,0.482417464,0.537885189
17084,17.084734,0.462347209,0.482503712,0.537699282
17085,17.085735,0.462504029,0.482598066,0.537495971
17086,17.086739,0.462748468,0.482711524,0.537251592
17087,17.087728,0.462934881,0.48279801,0.537065089
17088,17.088728,0.463121176,0.482884496,0.536878884
17089,17.089729,0.463307917,0.482971162,0.536692142
17090,17.090751,0.463512897,0.483066291,0.536477149
17091,17.091740,0.463727921,0.483166069,0.536272109
17092,17.092728,0.463858932,0.483226866,0.536141098
17093,17.093728,0.464102119,0.483339727,0.535897851
17094,17.094729,0.464261442,0.483413696,0.535738587
17095,17.095729,0.464449197,0.483500808,0.535550833
17096,17.096731,0.464656383,0.483587921,0.535363078
17097,17.097731,0.464871615,0.483696878,0.535128415
17098,17.098730,0.465086609,0.483796656,0.534913421
17099,17.099730,0.46524772,0.4838714,0.53475225
17100,17.100744,0.465462685,0.483971179,0.534537315
17101,17.101732,0.465650648,0.48405841,0.534349322
17102,17.102733,0.465886414,0.48414591,0.534160793
17103,17.103731,0.466074735,0.484255224,0.533925235
17104,17.104732,0.466263175,0.484342664,0.533736765
17105,17.105731,0.466426015,0.484418243,0.533573925
17106,17.106734,0.466588885,0.484493852,0.533411145
17107,17.107734,0.466804266,0.484593809,0.533195734
17108,17.108734,0.467066318,0.484681576,0.533006668
17109,17.109734,0.467255563,0.484803259,0.532744467
17110,17.110760,0.467419446,0.484879315,0.532580554
17111,17.111749,0.467634529,0.484979153,0.532365501
17112,17.112737,0.467823982,0.48506704,0.532175958
17113,17.113736,0.467989028,0.485143661,0.532010972
17114,17.114738,0.468251139,0.485220283,0.531845927
17115,17.115737,0.468441039,0.48535344,0.53155899
17116,17.116729,0.468582422,0.485419035,0.531417549
17117,17.117728,0.468821436,0.485529989,0.531178594
17118,17.118729,0.468963325,0.485595822,0.531036675
17119,17.119729,0.46920234,0.485706776,0.53079772
17120,17.120729,0.46944049,0.485772938,0.530654967
17121,17.121742,0.469631016,0.485905707,0.530368984
17122,17.122729,0.4698219,0.485994279,0.53017807
17123,17.123730,0.470013082,0.486083031,0.529986978
17124,17.124730,0.470157444,0.486150026,0.529842556
17125,17.125730,0.470371842,0.486249536,0.529628217
17126,17.126733,0.470611453,0.486327797,0.529459417
17127,17.127733,0.470825553,0.48646009,0.529174447
17128,17.128733,0.471016914,0.486548901,0.528983057
17129,17.129733,0.47118634,0.486627549,0.52881372
17130,17.130733,0.471378088,0.486716539,0.528621972
17131,17.131758,0.471570283,0.486805737,0.528429747
17132,17.132752,0.471810251,0.486917078,0.52823776
17133,17.133727,0.472024113,0.48701635,0.527975917
17134,17.134746,0.47219485,0.487095594,0.52780515
17135,17.135734,0.472408623,0.487194806,0.527591407
17136,17.136738,0.472600847,0.487284005,0.527399123
17137,17.137737,0.47277233,0.487363607,0.5272277
17138,17.138739,0.473012984,0.487462789,0.527013838
17139,17.139740,0.473226905,0.487574548,0.526773036
17140,17.140729,0.473419517,0.487663954,0.526580453
17141,17.141728,0.4736332,0.487763137,0.52636683
17142,17.142745,0.473825842,0.487852514,0.526174128
17143,17.143733,0.473957926,0.487913847,0.526042104
17144,17.144734,0.474220127,0.488013059,0.525828242
17145,17.145734,0.474433333,0.488134474,0.525566638
17146,17.146738,0.474567205,0.488196611,0.525432825
17147,17.147738,0.474800676,0.488304943,0.525199294
17148,17.148739,0.475013733,0.488403827,0.524986267
17149,17.149728,0.475188315,0.488484859,0.524811685
17150,17.150727,0.475430638,0.488583714,0.524598777
17151,17.151728,0.475624532,0.488687307,0.524375498
17152,17.152730,0.47579959,0.488768548,0.524200439
17153,17.153746,0.476031572,0.488876224,0.523968458
17154,17.154735,0.476207227,0.488957733,0.523792803
17155,17.155735,0.476419866,0.489056438,0.523580194
17156,17.156737,0.476644456,0.489146709,0.523385644
17157,17.157739,0.476839274,0.489251077,0.523160756
17158,17.158740,0.477015913,0.489333034,0.522984087
17159,17.159728,0.477193266,0.489415348,0.522806704
17160,17.160728,0.477441013,0.489530355,0.522559047
17161,17.161728,0.477635592,0.489620626,0.522364378
17162,17.162728,0.477862239,0.489703149,0.522186518
17163,17.163792,0.478057206,0.489816308,0.521942794
17164,17.164735,0.478252232,0.489906818,0.521747768
17165,17.165734,0.478464514,0.490005344,0.521535456
17166,17.166738,0.478659511,0.490095824,0.52134043
17167,17.167739,0.478838116,0.490178734,0.521161854
17168,17.168738,0.479082823,0.490277171,0.520949841
17169,17.169738,0.479278564,0.490383148,0.520721436
17170,17.170738,0.479490042,0.490481287,0.520509958
17171,17.171738,0.479669631,0.490564644,0.520330369
17172,17.172738,0.479881376,0.490662903,0.520118594
17173,17.173738,0.480061382,0.490746439,0.519938588
17174,17.174745,0.480306268,0.490860105,0.519727409
17175,17.175732,0.480487376,0.490944147,0.519512594
17176,17.176736,0.480728567,0.491056114,0.519271493
17177,17.177736,0.480894625,0.491133153,0.519105375
17178,17.178737,0.481105834,0.491231203,0.518894196
17179,17.179736,0.481287271,0.491315395,0.518712699
17180,17.180736,0.481532753,0.491406649,0.518516064
17181,17.181737,0.481757879,0.491533786,0.518242061
17182,17.182737,0.481925875,0.491611779,0.518074155
17183,17.183737,0.482136637,0.49170959,0.517863393
17184,17.184802,0.482319295,0.491794378,0.517680764
17185,17.185733,0.48251605,0.491885662,0.51748395
17186,17.186737,0.48277539,0.492006034,0.51722461
17187,17.187746,0.482959151,0.492091328,0.517040849
17188,17.188735,0.483155966,0.492182672,0.516844034
17189,17.189733,0.483365744,0.492280006,0.516634226
17190,17.190734,0.483550131,0.492365569,0.516449809
17191,17.191734,0.483747184,0.492457032,0.516252816
17192,17.192734,0.48399353,0.492554277,0.516043365
17193,17.193734,0.48419109,0.492663056,0.51580888
17194,17.194733,0.484376132,0.492748946,0.515623868
17195,17.195743,0.484585524,0.492846131,0.515414476
17196,17.196736,0.484795034,0.492943347,0.515204966
17197,17.197737,0.484980583,0.493029445,0.515019357
17198,17.198737,0.485238969,0.493121296,0.514821649
17199,17.199736,0.485436589,0.493241102,0.514563441
17200,17.200738,0.485611647,0.493322343,0.514388382
17201,17.201739,0.485831678,0.493424445,0.514168262
17202,17.202728,0.486029178,0.493516117,0.513970852
17203,17.203728,0.486237824,0.493612945,0.513762176
17204,17.204729,0.486453146,0.493689865,0.513596475
17205,17.205823,0.486661464,0.493809551,0.513338506
17206,17.206732,0.486859769,0.49390161,0.513140261
17207,17.207733,0.487067759,0.49399814,0.512932301
17208,17.208732,0.487246066,0.494080871,0.512753904
17209,17.209734,0.487463713,0.494181901,0.512536287
17210,17.210735,0.487701654,0.494269282,0.512347937
17211,17.211736,0.48789072,0.494380057,0.51210928
17212,17.212737,0.488088965,0.494472057,0.511910975
17213,17.213738,0.488305569,0.49457258,0.511694431
17214,17.214738,0.488504022,0.494664699,0.511496007
17215,17.215739,0.488702118,0.494756639,0.511297882
17216,17.216753,0.488950133,0.494871736,0.51110816
17217,17.217728,0.489148349,0.494963735,0.510851622
17218,17.218730,0.489347011,0.495055944,0.510653019
17219,17.219730,0.48953715,0.495144188,0.51046288
17220,17.220731,0.489735693,0.495236307,0.510264277
17221,17.221731,0.489926785,0.495324999,0.510073245
17222,17.222731,0.490190506,0.495420754,0.509866893
17223,17.223732,0.490381479,0.495536029,0.509618521
17224,17.224733,0.490580559,0.495628417,0.509419441
17225,17.225733,0.490779191,0.495720625,0.509220839
17226,17.226737,0.490985304,0.495816261,0.509014726
17227,17.227747,0.491177052,0.49590528,0.508822978
17228,17.228735,0.491425544,0.496000618,0.508617461
17229,17.229735,0.491624415,0.496112883,0.508375585
17230,17.230735,0.491823643,0.49620533,0.508176327
17231,17.231735,0.492028713,0.496300519,0.507971287
17232,17.232733,0.492233783,0.496395707,0.507766247
17233,17.233734,0.4924151,0.496479839,0.507584929
17234,17.234734,0.492669791,0.496574908,0.507380009
17235,17.235734,0.492863297,0.496687859,0.507136762
17236,17.236737,0.493068218,0.496782929,0.506931722
17237,17.237793,0.493277758,0.496880203,0.506722271
17238,17.238733,0.493466377,0.496967733,0.506533623
17239,17.239753,0.493665904,0.497060359,0.506334126
17240,17.240729,0.493860126,0.497150481,0.506139874
17241,17.241728,0.494114012,0.497268319,0.505886018
17242,17.242729,0.494318008,0.497362971,0.505681992
17243,17.243730,0.494512737,0.497453362,0.505487263
17244,17.244730,0.494707853,0.497543901,0.505292177
17245,17.245730,0.494915545,0.497640282,0.505084395
17246,17.246731,0.495160669,0.497730941,0.504889131
17247,17.247733,0.495363772,0.497848332,0.504636228
17248,17.248746,0.495556027,0.49793756,0.504444003
17249,17.249734,0.495759189,0.498031825,0.504240811
17250,17.250735,0.495961636,0.498125792,0.504038393
17251,17.251734,0.496157885,0.498216867,0.503842115
17252,17.252735,0.496413141,0.498309582,0.50364238
17253,17.253735,0.496606916,0.498425245,0.503393054
17254,17.254735,0.496809125,0.498519093,0.503190815
17255,17.255735,0.497006088,0.498610526,0.502993941
17256,17.256738,0.497205406,0.498703033,0.502794564
17257,17.257738,0.497407228,0.498796701,0.502592802
17258,17.258815,0.497656494,0.498912364,0.502343476
17259,17.259728,0.497854084,0.499004066,0.502145886
17260,17.260728,0.498055488,0.499097556,0.501944542
17261,17.261729,0.498253316,0.499189347,0.501746655
17262,17.262730,0.498453975,0.499282479,0.501546025
17263,17.263730,0.498653501,0.499375075,0.501346469
17264,17.264731,0.498853207,0.49946776,0.501146734
17265,17.265730,0.499101788,0.499583155,0.500898242
17266,17.266735,0.499300748,0.499675483,0.500699222
17267,17.267735,0.499501169,0.499768496,0.500498831
17268,17.268736,0.499700934,0.499861211,0.500299096
17269,17.269745,0.49990049,0.499953806,0.50009948
17270,17.270732,0.500149727,0.500046313,0.499900192
17271,17.271734,0.500348806,0.500161886,0.499651194
17272,17.272735,0.50054878,0.500254691,0.49945122
17273,17.273735,0.500748694,0.500347495,0.499251306
17274,17.274736,0.500946701,0.500439346,0.499053299
17275,17.275737,0.501147151,0.500532389,0.498852849
17276,17.276729,0.501345396,0.500624418,0.498654604
17277,17.277729,0.501595855,0.500740647,0.498404175
17278,17.278730,0.501795113,0.500833094,0.498204857
17279,17.279820,0.501996398,0.500926554,0.498003632
17280,17.280726,0.502195835,0.501019061,0.497804135
17281,17.281728,0.502393782,0.501110971,0.497606218
17282,17.282728,0.5025931,0.501203477,0.49740693
17283,17.283729,0.502844453,0.501320124,0.497155517
17284,17.284728,0.503041506,0.501411557,0.496958464
17285,17.285730,0.503241122,0.501504242,0.496758908
17286,17.286734,0.503443003,0.501597881,0.496556997
17287,17.287734,0.503639936,0.501689315,0.496360064
17288,17.288735,0.503889024,0.501780391,0.496163845
17289,17.289736,0.504088163,0.501897335,0.495911837
17290,17.290754,0.504287779,0.501989961,0.495712221
17291,17.291728,0.504486918,0.502082407,0.495513111
17292,17.292729,0.504689753,0.502176523,0.495310277
17293,17.293727,0.504885316,0.502267301,0.495114684
17294,17.294728,0.505084813,0.502359867,0.494915158
17295,17.295728,0.505337954,0.502477348,0.494662046
17296,17.296731,0.505532861,0.502567828,0.494467169
17297,17.297731,0.505736709,0.50266242,0.494263262
17298,17.298731,0.505935907,0.502754867,0.494064093
17299,17.299743,0.506130278,0.502845049,0.493869722
17300,17.300806,0.506389499,0.502965391,0.493610531
17301,17.301735,0.506588638,0.503057778,0.493411362
17302,17.302735,0.506777287,0.503145337,0.493222684
17303,17.303735,0.50697118,0.50323534,0.493028849
17304,17.304734,0.507175505,0.503330171,0.492824525
17305,17.305735,0.507380426,0.503425241,0.492619574
17306,17.306738,0.507617354,0.503517628,0.492420584
17307,17.307738,0.507828236,0.503633082,0.492171764
17308,17.308739,0.508020937,0.503722548,0.491979063
17309,17.309737,0.508226097,0.503817737,0.491773933
17310,17.310738,0.508418739,0.503907144,0.491581261
17311,17.311749,0.508624196,0.504002512,0.491375834
17312,17.312728,0.508823335,0.504094899,0.491176665
17313,17.313727,0.509064794,0.504207015,0.490935236
17314,17.314728,0.509263337,0.504299164,0.490736693
17315,17.315728,0.509469628,0.504394889,0.490530372
17316,17.316731,0.509668231,0.504487038,0.490331799
17317,17.317731,0.509866834,0.504579246,0.490133196
17318,17.318730,0.510057926,0.504667878,0.489942074
17319,17.319731,0.510314047,0.504786789,0.489685953
17320,17.320731,0.510520756,0.504882693,0.489479244
17321,17.321857,0.510752678,0.504967272,0.489296973
17322,17.322738,0.510909736,0.505063236,0.489090234
17323,17.323739,0.511108518,0.505155504,0.488891482
17324,17.324738,0.511356235,0.50524348,0.48870182
17325,17.325739,0.511545897,0.505358458,0.488454103
17326,17.326730,0.511753142,0.505454659,0.488246828
17327,17.327729,0.511942446,0.505542517,0.488057524
17328,17.328730,0.51214987,0.505638778,0.4878501
17329,17.329731,0.5123384,0.505726278,0.4876616
17330,17.330731,0.51254642,0.505822778,0.48745355
17331,17.331732,0.512783945,0.505933046,0.487216026
17332,17.332751,0.513002038,0.506034255,0.486997962
17333,17.333729,0.51319015,0.506121576,0.48680982
17334,17.334729,0.513388038,0.506213427,0.486611962
17335,17.335730,0.513585865,0.506305218,0.486414164
17336,17.336733,0.513783991,0.506397188,0.486216009
17337,17.337732,0.514020264,0.506506801,0.485979706
17338,17.338734,0.514228821,0.506603599,0.485771179
17339,17.339735,0.514404118,0.506684959,0.485595882
17340,17.340735,0.514624536,0.5067873,0.485375494
17341,17.341736,0.514822006,0.506878912,0.485178024
17342,17.342762,0.515068829,0.506993473,0.484980583
17343,17.343754,0.515254676,0.50707972,0.484745324
17344,17.344729,0.515451849,0.507171214,0.484548151
17345,17.345730,0.515661061,0.50726831,0.484338939
17346,17.346734,0.515871048,0.507365763,0.484128952
17347,17.347733,0.516055703,0.507451475,0.483944267
17348,17.348734,0.516253233,0.507543147,0.483746797
17349,17.349734,0.516499579,0.507657468,0.483500421
17350,17.350735,0.516696453,0.507748842,0.483303517
17351,17.351754,0.516893327,0.507840216,0.483106673
17352,17.352730,0.517103791,0.507937908,0.482896179
17353,17.353745,0.517314196,0.508035541,0.482685775
17354,17.354734,0.517484307,0.508114517,0.482515693
17355,17.355735,0.517716169,0.508222103,0.482283831
17356,17.356739,0.517912924,0.508313417,0.482087076
17357,17.357727,0.518123329,0.50841105,0.481876671
17358,17.358739,0.518291652,0.508489192,0.481708378
17359,17.359739,0.518501997,0.508586824,0.481498003
17360,17.360738,0.518776476,0.508684576,0.481287301
17361,17.361739,0.51895839,0.508798599,0.48104158
17362,17.362738,0.519154549,0.508889675,0.480845451
17363,17.363738,0.519350529,0.508980632,0.480649471
17364,17.364747,0.519531667,0.509064674,0.480468333
17365,17.365735,0.519758165,0.509169817,0.480241835
17366,17.366738,0.52000314,0.509246528,0.480076492
17367,17.367738,0.520168006,0.509360015,0.479831994
17368,17.368738,0.52036351,0.509450734,0.47963649
17369,17.369738,0.520607531,0.509563982,0.479392499
17370,17.370738,0.520770609,0.50963968,0.479229391
17371,17.371737,0.520950139,0.509723008,0.479049891
17372,17.372738,0.52119416,0.509821177,0.478838235
17373,17.373739,0.521405995,0.509934545,0.478593975
17374,17.374752,0.521618366,0.510033131,0.478381664
17375,17.375727,0.521796644,0.510115862,0.478203386
17376,17.376731,0.521991611,0.510206342,0.478008389
17377,17.377731,0.52216965,0.510288954,0.477830321
17378,17.378731,0.522381783,0.510387421,0.477618217
17379,17.379731,0.52264291,0.510508597,0.47735706
17380,17.380730,0.522802591,0.510582745,0.477197438
17381,17.381730,0.522997022,0.510672987,0.477003008
17382,17.382730,0.52322787,0.510780096,0.47677213
17383,17.383730,0.52342242,0.510870397,0.47657758
17384,17.384730,0.523647189,0.510974705,0.476401508
17385,17.385747,0.523823261,0.511056423,0.476176769
17386,17.386738,0.524017334,0.511146486,0.475982666
17387,17.387738,0.524211287,0.511236489,0.475788713
17388,17.388739,0.524424076,0.511335254,0.475575954
17389,17.389738,0.524618268,0.511425376,0.475381702
17390,17.390739,0.524841189,0.511515319,0.475187957
17391,17.391738,0.525015235,0.511609614,0.474984735
17392,17.392739,0.52524817,0.511717737,0.47475186
17393,17.393739,0.525441647,0.511807501,0.474558383
17394,17.394726,0.525635004,0.511897266,0.474364996
17395,17.395746,0.525848746,0.511996448,0.474151224
17396,17.396737,0.525981367,0.51205802,0.474018663
17397,17.397739,0.526263297,0.512188852,0.473736703
17398,17.398728,0.526477218,0.512288094,0.473522782
17399,17.399727,0.526649475,0.512368083,0.473350525
17400,17.400728,0.526842594,0.512457669,0.473157376
17401,17.401729,0.527014256,0.51253736,0.472985744
17402,17.402729,0.527206898,0.512626767,0.472793132
17403,17.403730,0.527447343,0.512738347,0.472579539
17404,17.404748,0.527639568,0.512827575,0.472360462
17405,17.405737,0.527853668,0.512926936,0.472146332
17406,17.406751,0.528045833,0.513016105,0.471954167
17407,17.407728,0.528215885,0.513095021,0.471784115
17408,17.408727,0.528430164,0.513194501,0.471569866
17409,17.409729,0.528692305,0.513316154,0.471400261
17410,17.410729,0.528839588,0.513384521,0.471160412
17411,17.411729,0.529053628,0.513483822,0.470946372
17412,17.412730,0.529245079,0.513572693,0.470754892
17413,17.413729,0.529459834,0.513672352,0.470540196
17414,17.414731,0.529628158,0.513750494,0.470371872
17415,17.415732,0.529890418,0.513872206,0.470109582
17416,17.416763,0.530035198,0.513939381,0.469964772
17417,17.417737,0.530273199,0.514049828,0.469726801
17418,17.418739,0.530416727,0.514116406,0.469583213
17419,17.419726,0.530631125,0.514215946,0.469368905
17420,17.420727,0.530798078,0.514293432,0.469201922
17421,17.421728,0.531036019,0.51440388,0.469035745
17422,17.422729,0.531226158,0.514492095,0.468773812
17423,17.423728,0.531441033,0.514591813,0.468558937
17424,17.424728,0.531631231,0.514680088,0.468368769
17425,17.425727,0.531796753,0.514756918,0.468203247
17426,17.426731,0.531986415,0.514844954,0.468013585
17427,17.427749,0.532248616,0.514966607,0.467751354
17428,17.428738,0.532438517,0.515054762,0.467561394
17429,17.429737,0.532628,0.515142739,0.46737203
17430,17.430737,0.532791793,0.515218735,0.467208177
17431,17.431737,0.533007026,0.515318632,0.466992974
17432,17.432738,0.533170223,0.51539433,0.466829717
17433,17.433736,0.533432364,0.515515983,0.466567606
17434,17.434737,0.533621609,0.51560384,0.466378391
17435,17.435737,0.533783972,0.515679181,0.466216028
17436,17.436729,0.533972323,0.515766621,0.466027677
17437,17.437807,0.534234881,0.515888453,0.465865523
17438,17.438731,0.534349144,0.515941501,0.465650827
17439,17.439732,0.534584403,0.516050696,0.465415597
17440,17.440732,0.534799695,0.516150594,0.465200275
17441,17.441732,0.534960389,0.516225159,0.465039611
17442,17.442731,0.535175443,0.516324997,0.464824587
17443,17.443732,0.535363495,0.516412258,0.464636534
17444,17.444732,0.535551071,0.516499281,0.464448899
17445,17.445732,0.535785377,0.516608059,0.464214623
17446,17.446734,0.5359447,0.516682029,0.46405533
17447,17.447733,0.536132038,0.516768932,0.463867962
17448,17.448750,0.536318779,0.516855597,0.463681221
17449,17.449738,0.536505878,0.516942441,0.463494152
17450,17.450738,0.536720991,0.517042279,0.463279009
17451,17.451738,0.536954224,0.517150521,0.463045776
17452,17.452738,0.537140906,0.517237127,0.462859064
17453,17.453738,0.537298203,0.517310143,0.462701797
17454,17.454738,0.537513316,0.51740998,0.462486655
17455,17.455738,0.537641048,0.517469287,0.462358952
17456,17.456728,0.537856042,0.517569065,0.462143958
17457,17.457729,0.538117707,0.51769048,0.461958438
17458,17.458796,0.538273752,0.517762899,0.461726189
17459,17.459751,0.538429141,0.517835021,0.461570859
17460,17.460729,0.538674414,0.517948866,0.461325616
17461,17.461728,0.538829207,0.518020689,0.461170763
17462,17.462730,0.539044797,0.518120766,0.460955232
17463,17.463730,0.53921479,0.518199682,0.460800946
17464,17.464730,0.53946048,0.518313706,0.46053955
17465,17.465731,0.539583683,0.518370867,0.460416347
17466,17.466733,0.539829671,0.51848501,0.460170329
17467,17.467734,0.539982677,0.518555999,0.460017294
17468,17.468735,0.540244341,0.518677473,0.459801733
17469,17.469751,0.540428221,0.518762827,0.459571809
17470,17.470727,0.540643513,0.518862724,0.459356487
17471,17.471728,0.540764093,0.518918693,0.459235936
17472,17.472729,0.540979266,0.519018531,0.459020764
17473,17.473729,0.541162848,0.519103765,0.458837152
17474,17.474730,0.54137814,0.519203663,0.45862183
17475,17.475729,0.54154247,0.519279957,0.45847106
17476,17.476734,0.541725099,0.519364655,0.458274871
17477,17.477735,0.541973233,0.519479811,0.458026737
17478,17.478736,0.542090178,0.519534111,0.457909763
17479,17.479750,0.542338252,0.519649267,0.457661748
17480,17.480739,0.5424878,0.519718647,0.4575122
17481,17.481727,0.542682111,0.519808829,0.457330227
17482,17.482728,0.542863786,0.519893169,0.457136214
17483,17.483729,0.543079078,0.519993067,0.456920892
17484,17.484729,0.543226957,0.520061731,0.456773102
17485,17.485729,0.543475807,0.520177186,0.456524193
17486,17.486734,0.543623507,0.520245731,0.456376523
17487,17.487735,0.543849766,0.520350754,0.456150264
17488,17.488735,0.544030547,0.520434618,0.455969453
17489,17.489735,0.54424566,0.520534515,0.455754399
17490,17.490745,0.544426262,0.52061832,0.455573738
17491,17.491733,0.544537425,0.520669878,0.455462575
17492,17.492733,0.544717371,0.520753384,0.455282599
17493,17.493733,0.544977665,0.520874202,0.455102414
17494,17.494733,0.545157373,0.520957589,0.454842627
17495,17.495732,0.545301676,0.521024585,0.454698324
17496,17.496736,0.545481026,0.521107793,0.454518974
17497,17.497736,0.545660079,0.521190882,0.454339862
17498,17.498736,0.545875132,0.52129072,0.454124868
17499,17.499736,0.546062946,0.521377861,0.453937024
17500,17.500787,0.546277583,0.52147752,0.453722447
17501,17.501738,0.546419978,0.521543622,0.453580052
17502,17.502739,0.546598554,0.521626472,0.453401446
17503,17.503738,0.546740174,0.521692216,0.453259826
17504,17.504739,0.54699105,0.521808624,0.45300892
17505,17.505737,0.547250211,0.521928906,0.452749759
17506,17.506728,0.547354281,0.521977186,0.452645749
17507,17.507728,0.547531724,0.52205956,0.452468336
17508,17.508729,0.547709167,0.522141874,0.452290803
17509,17.509728,0.547886133,0.522224009,0.452113867
17510,17.510728,0.548100352,0.52232343,0.451899618
17511,17.511745,0.548321366,0.522426009,0.451678634
17512,17.512734,0.548497915,0.522507966,0.451502085
17513,17.513734,0.548636734,0.522572398,0.451363295
17514,17.514733,0.548850834,0.522671759,0.451149166
17515,17.515734,0.54898864,0.522735715,0.45101136
17516,17.516747,0.549208164,0.522817254,0.450835675
17517,17.517735,0.549345374,0.522901297,0.450654626
17518,17.518736,0.549597919,0.523018479,0.450402051
17519,17.519734,0.549773216,0.52309984,0.450226814
17520,17.520736,0.549948215,0.523181021,0.450051755
17521,17.521749,0.550084054,0.523244083,0.449915916
17522,17.522737,0.550258696,0.523325145,0.449741304
17523,17.523738,0.550476789,0.523426354,0.44952324
17524,17.524737,0.550690651,0.523525596,0.449309319
17525,17.525739,0.550825179,0.523588061,0.449174851
17526,17.526730,0.551038623,0.523687124,0.448961407
17527,17.527731,0.551172495,0.523749232,0.448827505
17528,17.528730,0.551386178,0.523848414,0.448613852
17529,17.529732,0.551643133,0.523967624,0.448440462
17530,17.530732,0.551775932,0.524029255,0.448224038
17531,17.531733,0.551908374,0.524090767,0.448091596
17532,17.532752,0.55216217,0.524208546,0.44783783
17533,17.533728,0.552253723,0.524251044,0.447746307
17534,17.534729,0.552466691,0.524349868,0.447533309
17535,17.535729,0.552681863,0.524449766,0.447361201
17536,17.536732,0.552853763,0.524529517,0.447146237
17537,17.537733,0.552984536,0.524590194,0.447015435
17538,17.538732,0.553114355,0.524650455,0.446885675
17539,17.539734,0.553410292,0.524787784,0.446589708
17540,17.540734,0.553539813,0.524847925,0.446460217
17541,17.541735,0.553753436,0.524947047,0.446247458
17542,17.542756,0.553882122,0.525006771,0.446117848
17543,17.543731,0.55401051,0.525066376,0.445989519
17544,17.544733,0.554307461,0.525204182,0.445692539
17545,17.545733,0.55452019,0.525302887,0.44547981
17546,17.546737,0.554562569,0.525322556,0.445437431
17547,17.547737,0.5548172,0.525440753,0.445267916
17548,17.548736,0.554944098,0.525499642,0.445055872
17549,17.549738,0.555156112,0.525598049,0.444843888
17550,17.550739,0.555325031,0.525676429,0.444674879
17551,17.551739,0.555537105,0.525774837,0.444462866
17552,17.552727,0.555662751,0.525833189,0.444337249
17553,17.553752,0.555916667,0.525951028,0.444083333
17554,17.554739,0.5560413,0.526008844,0.4439587
17555,17.555739,0.556253314,0.526107252,0.443746686
17556,17.556730,0.556289494,0.52612406,0.443710506
17557,17.557729,0.556544721,0.526242495,0.443455279
17558,17.558730,0.556711972,0.5263201,0.443287998
17559,17.559729,0.556832373,0.526376009,0.443120599
17560,17.560730,0.557132602,0.526515365,0.442867428
17561,17.561728,0.557254672,0.526571989,0.442745358
17562,17.562730,0.557465792,0.526669979,0.442534208
17563,17.563785,0.557587564,0.526726484,0.442412406
17564,17.564735,0.557708621,0.526782632,0.442291349
17565,17.565735,0.557870686,0.526857853,0.442035526
17566,17.566738,0.558081031,0.526955485,0.44191891
17567,17.567737,0.558200955,0.527011156,0.441799045
17568,17.568738,0.558411539,0.527108908,0.441588461
17569,17.569738,0.55866766,0.527227759,0.44133234
17570,17.570738,0.558786631,0.527282953,0.441213369
17571,17.571739,0.558946311,0.527357101,0.441053748
17572,17.572737,0.559156299,0.527454555,0.440843731
17573,17.573739,0.559366465,0.527552068,0.440633535
17574,17.574747,0.55943799,0.527585268,0.44056201
17575,17.575735,0.559554994,0.527639568,0.440444976
17576,17.576738,0.559764624,0.527736902,0.440235436
17577,17.577746,0.560014904,0.527853012,0.439985126
17578,17.578734,0.560177743,0.527928591,0.439822286
17579,17.579734,0.560340583,0.528004169,0.439659417
17580,17.580734,0.560550034,0.528101385,0.439449996
17581,17.581733,0.560712278,0.528176665,0.439287722
17582,17.582734,0.560732305,0.528185964,0.439267695
17583,17.583734,0.561029375,0.528323829,0.439011097
17584,17.584752,0.561190546,0.528398633,0.438809454
17585,17.585739,0.561304271,0.528451383,0.438695729
17586,17.586730,0.561512947,0.528548241,0.438487053
17587,17.587730,0.561625659,0.528600574,0.438374341
17588,17.588730,0.561882317,0.528719664,0.438117683
17589,17.589731,0.562034488,0.528790295,0.437956959
17590,17.590730,0.562194765,0.528864682,0.437805235
17591,17.591731,0.562354505,0.52893883,0.437645495
17592,17.592732,0.562513947,0.529012799,0.437486053
17593,17.593732,0.562673271,0.529086769,0.437326729
17594,17.594757,0.56287241,0.529160678,0.437167376
17595,17.595753,0.563031137,0.529252827,0.436968833
17596,17.596733,0.563238919,0.529349267,0.436761051
17597,17.597733,0.563397348,0.52942282,0.436602652
17598,17.598734,0.56340766,0.529427588,0.4365924
17599,17.599734,0.563614666,0.529523671,0.436385363
17600,17.600734,0.563871622,0.52964294,0.436128378
17601,17.601735,0.564018667,0.529711187,0.436070561
17602,17.602736,0.564075887,0.529737711,0.435924113
17603,17.603736,0.564282477,0.529833615,0.435717523
17604,17.604737,0.564489067,0.529929459,0.435510904
17605,17.605745,0.564595461,0.529978871,0.435404539
17606,17.606735,0.564801812,0.530074596,0.435198128
17607,17.607737,0.564996719,0.530165076,0.435143292
17608,17.608737,0.565203071,0.530260861,0.434796929
17609,17.609738,0.565307915,0.530309498,0.434692085
17610,17.610737,0.565463006,0.530381501,0.434536994
17611,17.611739,0.565566838,0.530429661,0.434433162
17612,17.612727,0.565721333,0.530501366,0.434278697
17613,17.613728,0.565965474,0.530614674,0.43412447
17614,17.614728,0.566016972,0.530638576,0.433982998
17615,17.615729,0.566273451,0.530757606,0.433726549
17616,17.616751,0.56642735,0.530829012,0.43357265
17617,17.617740,0.566528857,0.53087616,0.433471143
17618,17.618729,0.566733718,0.530971229,0.433266222
17619,17.619729,0.56692481,0.531059921,0.433113456
17620,17.620728,0.567025125,0.531106472,0.432974875
17621,17.621727,0.567282379,0.53122586,0.432717621
17622,17.622727,0.567329586,0.531247795,0.432670444
17623,17.623726,0.567533731,0.531342506,0.432466239
17624,17.624727,0.567685306,0.53141284,0.432314694
17625,17.625739,0.56787473,0.531500757,0.43211022
17626,17.626852,0.56791991,0.531521738,0.43208006
17627,17.627729,0.568229616,0.531665444,0.431770355
17628,17.628744,0.568380237,0.531735361,0.431619763
17629,17.629731,0.568477154,0.531780362,0.431522816
17630,17.630732,0.568574071,0.531825304,0.431425929
17631,17.631731,0.568760872,0.531912029,0.431222737
17632,17.632732,0.568964124,0.532006383,0.431035906
17633,17.633730,0.569167137,0.532100558,0.430832833
17634,17.634731,0.569262147,0.532144666,0.430737823
17635,17.635731,0.569356799,0.532188594,0.430643171
17636,17.636735,0.569505394,0.532257557,0.430494606
17637,17.637747,0.569799066,0.532393873,0.430200934
17638,17.638736,0.569892526,0.532437265,0.430107504
17639,17.639735,0.569985449,0.532480359,0.430014521
17640,17.640735,0.570187569,0.532574177,0.429812431
17641,17.641735,0.570225239,0.532591641,0.429774761
17642,17.642735,0.570426464,0.532685041,0.429573506
17643,17.643734,0.570664585,0.532795548,0.429372102
17644,17.644735,0.570865989,0.532889009,0.429134041
17645,17.645735,0.570901752,0.532905638,0.429098248
17646,17.646739,0.571047366,0.53297323,0.428952664
17647,17.647804,0.571284533,0.533040643,0.428807288
17648,17.648732,0.571337759,0.533107996,0.42866227
17649,17.649733,0.57157439,0.533217788,0.428517491
17650,17.650732,0.5717749,0.533310831,0.4282251
17651,17.651732,0.571807325,0.533325911,0.428192675
17652,17.652733,0.572119892,0.533470929,0.427880079
17653,17.653732,0.57220757,0.533511639,0.42779246
17654,17.654732,0.572238564,0.533526003,0.427761406
17655,17.655732,0.572361112,0.533582926,0.427618057
17656,17.656736,0.572560489,0.533675432,0.427439511
17657,17.657737,0.572646499,0.533715367,0.427353501
17658,17.658743,0.572901964,0.533833921,0.427098036
17659,17.659730,0.572987258,0.533873498,0.427012742
17660,17.660731,0.573243201,0.53399229,0.426756799
17661,17.661731,0.573363125,0.534047961,0.426729351
17662,17.662731,0.573561728,0.53414011,0.426438302
17663,17.663732,0.573530674,0.534125686,0.426469296
17664,17.664733,0.573671401,0.534191012,0.426328599
17665,17.665733,0.573926568,0.534309447,0.426073432
17666,17.666737,0.574066699,0.534374475,0.425933301
17667,17.667738,0.574183762,0.534428835,0.425735652
17668,17.668738,0.574323237,0.534493566,0.425676793
17669,17.669746,0.574462593,0.534558177,0.425537378
17670,17.670734,0.574775994,0.534703672,0.425224006
17671,17.671735,0.574798107,0.534713924,0.425201833
17672,17.672734,0.574878573,0.534751296,0.425121456
17673,17.673736,0.575051129,0.534831345,0.424925029
17674,17.674736,0.575130343,0.534868121,0.424869686
17675,17.675737,0.575443566,0.535013497,0.424556464
17676,17.676728,0.575580955,0.535077274,0.424419075
17677,17.677728,0.575600445,0.535086274,0.424399555
17678,17.678729,0.57567811,0.535122335,0.42432189
17679,17.679768,0.576025546,0.535283566,0.423974454
17680,17.680736,0.576102614,0.535319328,0.423897356
17681,17.681738,0.576238394,0.53538239,0.423761636
17682,17.682737,0.57631439,0.535417616,0.42368558
17683,17.683739,0.576568782,0.535535693,0.423431247
17684,17.684727,0.576644301,0.535570741,0.423355699
17685,17.685726,0.576812625,0.535648882,0.423221022
17686,17.686751,0.576946795,0.53571111,0.423053205
17687,17.687737,0.577080905,0.535773396,0.422919154
17688,17.688738,0.577275038,0.535863459,0.422724962
17689,17.689738,0.577348232,0.535897434,0.422651738
17690,17.690743,0.577481389,0.535959244,0.422518611
17691,17.691730,0.577587128,0.536008298,0.422446132
17692,17.692731,0.577780008,0.536097825,0.422219962
17693,17.693731,0.577912509,0.536159337,0.422087491
17694,17.694731,0.577983797,0.536192417,0.422016203
17695,17.695730,0.578237116,0.536309958,0.421762884
17696,17.696734,0.578307569,0.53634268,0.421692431
17697,17.697734,0.578471422,0.536418676,0.421622366
17698,17.698734,0.578602135,0.536479354,0.421397835
17699,17.699734,0.578732848,0.536540031,0.421267182
17700,17.700735,0.578862906,0.536600411,0.421137094
17701,17.701744,0.578931332,0.53663218,0.421068668
17702,17.702732,0.579060614,0.536692142,0.420939326
17703,17.703731,0.579160571,0.536738575,0.420809925
17704,17.704732,0.579474926,0.536884427,0.420525044
17705,17.705731,0.579417884,0.536857963,0.420582086
17706,17.706735,0.579669893,0.536974907,0.420330077
17707,17.707735,0.579735756,0.537005484,0.420264214
17708,17.708735,0.579925895,0.537093759,0.420074105
17709,17.709735,0.580085218,0.537167668,0.419946671
17710,17.710733,0.580149949,0.537197709,0.419850051
17711,17.711773,0.580339074,0.537285447,0.419660866
17712,17.712737,0.58040297,0.53731513,0.41959703
17713,17.713738,0.580654562,0.537431896,0.419345438
17714,17.714738,0.5806548,0.537432015,0.41934517
17715,17.715739,0.580811918,0.537504911,0.419156522
17716,17.716729,0.58100003,0.537592232,0.41899994
17717,17.717730,0.581125021,0.537650228,0.418874979
17718,17.718730,0.581249535,0.537708044,0.418750465
17719,17.719729,0.581437528,0.537795305,0.418562472
17720,17.720730,0.581498086,0.537823379,0.418501884
17721,17.721731,0.581525683,0.537836194,0.418378204
17722,17.722745,0.581712425,0.537922859,0.418287575
17723,17.723733,0.581708193,0.537920892,0.418291807
17724,17.724735,0.581830859,0.537977815,0.418169141
17725,17.725735,0.582080603,0.538093746,0.417919397
17726,17.726739,0.582266688,0.538180113,0.417733312
17727,17.727740,0.582418919,0.538250744,0.417483002
17728,17.728727,0.582476199,0.538277328,0.417523801
17729,17.729728,0.582661569,0.538363397,0.417338461
17730,17.730730,0.582718194,0.538389623,0.417281777
17731,17.731730,0.582838655,0.538445532,0.417161375
17732,17.732795,0.5831182,0.538575292,0.4168818
17733,17.733734,0.583108485,0.538570762,0.416921496
17734,17.734734,0.583292723,0.538656294,0.416707277
17735,17.735735,0.583477199,0.538741887,0.416522771
17736,17.736739,0.583596289,0.53879714,0.416403681
17737,17.737728,0.583714962,0.538852274,0.416285068
17738,17.738728,0.58376807,0.538876891,0.41623193
17739,17.739729,0.58391577,0.538931727,0.416113734
17740,17.740730,0.583967984,0.538969696,0.416032016
17741,17.741731,0.584085226,0.539024055,0.415914744
17742,17.742745,0.584071279,0.539017618,0.415928692
17743,17.743748,0.584384382,0.539162934,0.415615618
17744,17.744736,0.584369361,0.53915596,0.415630609
17745,17.745738,0.584580004,0.539253712,0.415448785
17746,17.746729,0.584695816,0.539307475,0.415304214
17747,17.747730,0.584811091,0.53936094,0.415188909
17748,17.748729,0.58499217,0.539444983,0.41500783
17749,17.749731,0.58510685,0.53949821,0.41489315
17750,17.750731,0.585155129,0.539520621,0.414844841
17751,17.751731,0.585364163,0.539604366,0.414664418
17752,17.752730,0.58541137,0.539639592,0.41458869
17753,17.753808,0.58532536,0.539599657,0.41467464
17754,17.754731,0.585637629,0.539744556,0.414362371
17755,17.755732,0.58575052,0.539796948,0.41424948
17756,17.756735,0.585862875,0.539849102,0.414137125
17757,17.757735,0.586002946,0.539914131,0.414091885
17758,17.758734,0.58618176,0.539997101,0.41381827
17759,17.759735,0.586293101,0.540048778,0.413706899
17760,17.760735,0.586404443,0.540100455,0.413595557
17761,17.761735,0.586515188,0.540151834,0.413484782
17762,17.762735,0.586558282,0.540171862,0.413441747
17763,17.763734,0.586628437,0.540204406,0.413196594
17764,17.764749,0.586872995,0.540317893,0.413126975
17765,17.765736,0.586915016,0.540337384,0.413084954
17766,17.766728,0.587024033,0.540387988,0.412975967
17767,17.767727,0.587200582,0.540469944,0.412799448
17768,17.768727,0.587241054,0.54048872,0.412758946
17769,17.769727,0.587444246,0.540538967,0.412650645
17770,17.770728,0.58755213,0.540633082,0.41244787
17771,17.771726,0.587659538,0.540682912,0.412340432
17772,17.772728,0.5876984,0.540700972,0.4123016
17773,17.773728,0.587873459,0.540782213,0.412126541
17774,17.774755,0.587979853,0.540831566,0.412020087
17775,17.775746,0.588181198,0.540925026,0.411982507
17776,17.776737,0.588286996,0.54097414,0.411713004
17777,17.777736,0.588255167,0.540959358,0.411744833
17778,17.778737,0.588291407,0.540976167,0.411708593
17779,17.779737,0.588464797,0.541056633,0.411535203
17780,17.780737,0.588569283,0.541105151,0.411430717
17781,17.781737,0.588768363,0.541197538,0.411257654
17782,17.782736,0.588871956,0.54124558,0.411127985
17783,17.783737,0.58897537,0.541293621,0.41102466
17784,17.784738,0.589009047,0.541309237,0.410990953
17785,17.785844,0.589137316,0.541368783,0.410862714
17786,17.786735,0.589214146,0.541404426,0.410785854
17787,17.787736,0.589480877,0.541528225,0.410614252
17788,17.788737,0.589582622,0.541575432,0.410417378
17789,17.789738,0.589544415,0.54155767,0.410455555
17790,17.790738,0.589785039,0.541669369,0.410214931
17791,17.791726,0.589815974,0.541683733,0.410184085
17792,17.792738,0.589846253,0.5416978,0.410153747
17793,17.793727,0.590041161,0.541744113,0.410053909
17794,17.794728,0.59014076,0.541834474,0.40985924
17795,17.795727,0.590239942,0.541880488,0.409760058
17796,17.796767,0.590339065,0.541926503,0.409660965
17797,17.797731,0.590367258,0.541939616,0.409632742
17798,17.798732,0.59053582,0.542017817,0.409464151
17799,17.799732,0.590517163,0.542030513,0.409436822
17800,17.800733,0.590755939,0.54211998,0.40924412
17801,17.801732,0.590782285,0.542132199,0.409217685
17802,17.802733,0.590949833,0.542209983,0.409050167
17803,17.803733,0.591046333,0.542254746,0.408953667
17804,17.804734,0.591142476,0.54229939,0.408857584
17805,17.805735,0.591191232,0.54232198,0.40876168
17806,17.806767,0.591357589,0.542399168,0.408642381
17807,17.807736,0.591452837,0.542443395,0.408547163
17808,17.808737,0.591476262,0.542454243,0.408523679
17809,17.809737,0.591570556,0.542498052,0.408429444
17810,17.810738,0.591664553,0.542541683,0.408335477
17811,17.811737,0.591781735,0.542596042,0.408170283
17812,17.812739,0.591874957,0.542639315,0.408125043
17813,17.813727,0.592039466,0.542715669,0.407960564
17814,17.814727,0.592131972,0.542758584,0.407867998
17815,17.815728,0.592296183,0.542834818,0.407703847
17816,17.816732,0.592388272,0.542877555,0.407611698
17817,17.817747,0.59243077,0.542897284,0.407592088
17818,17.818737,0.592522025,0.542939603,0.407477975
17819,17.819738,0.592612803,0.542981744,0.407387137
17820,17.820738,0.592631161,0.542990267,0.407368839
17821,17.821738,0.592865765,0.543099165,0.407134265
17822,17.822738,0.592883408,0.543107331,0.407116592
17823,17.823738,0.592995167,0.543159246,0.407027185
17824,17.824738,0.593084157,0.543200493,0.406915843
17825,17.825737,0.593172789,0.54324162,0.406827211
17826,17.826729,0.59333396,0.543316424,0.40666604
17827,17.827729,0.59327668,0.54328984,0.40672332
17828,17.828750,0.59329164,0.543296814,0.406708419
17829,17.829739,0.593545973,0.543414831,0.40654856
17830,17.830737,0.59356004,0.543421388,0.40643999
17831,17.831738,0.593719602,0.543495417,0.406280428
17832,17.832739,0.59380573,0.543535411,0.406194299
17833,17.833726,0.593891561,0.543575227,0.406108439
17834,17.834727,0.593903959,0.543580949,0.406096011
17835,17.835727,0.594010234,0.543654442,0.405937791
17836,17.836731,0.594168186,0.543703616,0.405831814
17837,17.837731,0.594179273,0.543708742,0.405820727
17838,17.838843,0.59435761,0.543747783,0.405736625
17839,17.839730,0.594420373,0.54382062,0.405579567
17840,17.840731,0.594577432,0.543893576,0.405422628
17841,17.841730,0.594681144,0.543966353,0.405265778
17842,17.842731,0.594690084,0.543945789,0.405309916
17843,17.843729,0.594698489,0.543949723,0.405301511
17844,17.844731,0.594780266,0.543987691,0.405219734
17845,17.845731,0.594935596,0.544059753,0.405064374
17846,17.846734,0.595016718,0.544097424,0.404983312
17847,17.847734,0.595117807,0.544100642,0.404976308
17848,17.848734,0.595198154,0.544181585,0.404801786
17849,17.849747,0.595130026,0.544149995,0.404869974
17850,17.850750,0.595209539,0.54418689,0.404790461
17851,17.851728,0.595362902,0.544258058,0.404637098
17852,17.852729,0.595516086,0.544329166,0.404483914
17853,17.853729,0.595540106,0.544331193,0.404479563
17854,17.854729,0.595841944,0.544480383,0.404158026
17855,17.855730,0.595845044,0.544481814,0.404154927
17856,17.856734,0.595847905,0.544483185,0.404152125
17857,17.857734,0.595925152,0.544519007,0.404074848
17858,17.858733,0.595927119,0.544519901,0.404072851
17859,17.859813,0.59609735,0.544598937,0.40390268
17860,17.860738,0.596173227,0.544634163,0.403826773
17861,17.861727,0.596248806,0.544669211,0.403751194
17862,17.862727,0.596324146,0.544704199,0.403675824
17863,17.863729,0.596324027,0.544704139,0.403676003
17864,17.864729,0.596473575,0.544773579,0.403526455
17865,17.865730,0.596416116,0.544842899,0.403376967
17866,17.866733,0.596564829,0.544815898,0.403435171
17867,17.867734,0.596788824,0.544919848,0.403211206
17868,17.868733,0.596711218,0.544883847,0.403288782
17869,17.869734,0.596859217,0.544952512,0.403140783
17870,17.870752,0.597006977,0.545021057,0.402992964
17871,17.871729,0.596945882,0.5449844,0.403072089
17872,17.872729,0.597092927,0.545060992,0.402907073
17873,17.873731,0.597164154,0.545094013,0.402835846
17874,17.874731,0.597234964,0.545126915,0.402765065
17875,17.875732,0.597305357,0.545159578,0.402694643
17876,17.876735,0.597375512,0.545192122,0.402624428
17877,17.877736,0.597386658,0.545224428,0.40255475
17878,17.878736,0.597456038,0.545229495,0.402543992
17879,17.879737,0.597524941,0.545261502,0.402475119
17880,17.880752,0.597669363,0.545328498,0.402330637
17881,17.881729,0.597585559,0.545289636,0.402414471
17882,17.882729,0.597805381,0.545391679,0.402194679
17883,17.883728,0.597737432,0.545387626,0.402203172
17884,17.884729,0.597880602,0.545426548,0.402119428
17885,17.885728,0.598023355,0.545492768,0.401976585
17886,17.886732,0.598013401,0.545488179,0.401986599
17887,17.887731,0.59823215,0.545589685,0.40176785
17888,17.888731,0.598068535,0.545513749,0.401931435
17889,17.889731,0.598302782,0.545650482,0.401636899
17890,17.890731,0.59829098,0.545616984,0.40170902
17891,17.891754,0.598431885,0.545682371,0.401568085
17892,17.892730,0.598419368,0.545676589,0.401580602
17893,17.893730,0.598559618,0.545741677,0.401440352
17894,17.894730,0.598623037,0.545771122,0.401376963
17895,17.895730,0.598701596,0.545800269,0.401314139
17896,17.896732,0.598687232,0.545800924,0.401312768
17897,17.897733,0.59882617,0.545865357,0.4011738
17898,17.898733,0.598888099,0.545894146,0.401111931
17899,17.899733,0.598949492,0.545922637,0.401050538
17900,17.900733,0.599010408,0.54595089,0.400989592
17901,17.901774,0.599009156,0.545950294,0.400990814
17902,17.902731,0.599146545,0.546014071,0.400853425
17903,17.903732,0.5991292,0.546006024,0.40087077
17904,17.904750,0.599265873,0.546069443,0.400734156
17905,17.905738,0.599324942,0.546096861,0.400675058
17906,17.906728,0.599383771,0.54612416,0.400616199
17907,17.907729,0.599534273,0.54615128,0.400557816
17908,17.908729,0.599592268,0.546220899,0.400407702
17909,17.909729,0.599494755,0.546175659,0.400505245
17910,17.910727,0.599629402,0.546238184,0.400370598
17911,17.911729,0.59960866,0.546228528,0.40039134
17912,17.912747,0.59974277,0.546290755,0.40025723
17913,17.913734,0.599735141,0.546316743,0.400201142
17914,17.914734,0.599868417,0.546349049,0.400131524
17915,17.915734,0.599846005,0.546338677,0.400153995
17916,17.916736,0.599900723,0.546364069,0.400099248
17917,17.917737,0.600033224,0.546425581,0.399966806
17918,17.918738,0.600009441,0.546414554,0.399990559
17919,17.919738,0.600154519,0.546439469,0.399936795
17920,17.920726,0.600129843,0.546470404,0.399870098
17921,17.921727,0.600338936,0.54656744,0.399661064
17922,17.922728,0.600313485,0.546555638,0.399686515
17923,17.923748,0.600365639,0.546579838,0.399634302
17924,17.924737,0.600495815,0.546640277,0.399504215
17925,17.925737,0.600481808,0.54659152,0.399609208
17926,17.926728,0.600454628,0.546621144,0.399545372
17927,17.927729,0.600505173,0.546644628,0.399494857
17928,17.928730,0.60071224,0.546740711,0.39928776
17929,17.929729,0.600762188,0.546763897,0.399237812
17930,17.930730,0.600890458,0.546823442,0.399109572
17931,17.931731,0.600716233,0.546736896,0.399295986
17932,17.932732,0.60084343,0.546801627,0.3991566
17933,17.933772,0.600970387,0.546860516,0.399029613
17934,17.934737,0.600939691,0.546846271,0.399060309
17935,17.935737,0.601065934,0.546904862,0.398934066
17936,17.936730,0.601034403,0.546890259,0.398965597
17937,17.937730,0.601093054,0.546912014,0.398918629
17938,17.938731,0.601139426,0.546938956,0.398860574
17939,17.939730,0.601185381,0.546960294,0.398814619
17940,17.940732,0.601309955,0.547018111,0.398690045
17941,17.941733,0.601276219,0.547002435,0.398723751
17942,17.942733,0.60132122,0.547023356,0.39867878
17943,17.943733,0.601455688,0.547043979,0.398634315
17944,17.944785,0.601341963,0.547032952,0.398658037
17945,17.945736,0.60146451,0.547089815,0.39853546
17946,17.946727,0.601507783,0.547109902,0.398492217
17947,17.947727,0.601550758,0.547129869,0.398449242
17948,17.948726,0.601593316,0.547149599,0.398406655
17949,17.949726,0.601725161,0.547205925,0.398285329
17950,17.950739,0.60168767,0.547193408,0.39831233
17951,17.951739,0.601649821,0.547175825,0.398350179
17952,17.952728,0.601849258,0.547268391,0.398150682
17953,17.953726,0.601889908,0.547287285,0.398110092
17954,17.954728,0.601850748,0.547269106,0.398149252
17955,17.955749,0.601900458,0.547292173,0.39818874
17956,17.956727,0.60201931,0.547347307,0.39798069
17957,17.957727,0.601978779,0.547328532,0.398021221
17958,17.958727,0.602096975,0.547383368,0.397903025
17959,17.959727,0.602055728,0.547364235,0.397944272
17960,17.960740,0.602093577,0.547381759,0.397906423
17961,17.961740,0.602060854,0.547399163,0.397868991
17962,17.962728,0.602177382,0.547420681,0.397822589
17963,17.963745,0.602134407,0.547400713,0.397865564
17964,17.964733,0.602250338,0.547454536,0.397749722
17965,17.965798,0.60228616,0.547471166,0.39771381
17966,17.966733,0.602401495,0.547524691,0.397598535
17967,17.967734,0.602285862,0.547503948,0.397643179
17968,17.968732,0.602400184,0.547524095,0.397599816
17969,17.969733,0.602354765,0.547502995,0.397645175
17970,17.970733,0.602468371,0.547555685,0.397531569
17971,17.971733,0.602501929,0.547571301,0.397498071
17972,17.972733,0.602455199,0.547549605,0.397544801
17973,17.973732,0.602496088,0.547564864,0.397511959
17974,17.974733,0.602608263,0.547620654,0.397391707
17975,17.975733,0.602640212,0.547635496,0.397359818
17976,17.976749,0.602591872,0.547613084,0.397408158
17977,17.977737,0.602702916,0.547664583,0.397297084
17978,17.978736,0.602733731,0.547678888,0.397266269
17979,17.979737,0.60269171,0.54765588,0.39731586
17980,17.980737,0.602801621,0.547710419,0.397198379
17981,17.981737,0.602751136,0.547686994,0.397248894
17982,17.982737,0.602860272,0.547737598,0.397139728
17983,17.983737,0.602969408,0.547788262,0.397030622
17984,17.984739,0.602917552,0.547764182,0.397082448
17985,17.985739,0.602872431,0.547777176,0.397054374
17986,17.986731,0.602980077,0.54779321,0.397019923
17987,17.987749,0.603087544,0.547843099,0.396912485
17988,17.988738,0.602953851,0.54778105,0.397046149
17989,17.989739,0.603060544,0.547830582,0.396939486
17990,17.990728,0.603086531,0.547842622,0.396913469
17991,17.991727,0.603118658,0.547854543,0.396887779
17992,17.992729,0.603224218,0.547906518,0.396775782
17993,17.993729,0.603008151,0.547806263,0.396991879
17994,17.994729,0.603112698,0.547854781,0.396887302
17995,17.995730,0.603136718,0.547865927,0.396863282
17996,17.996734,0.603321195,0.547951519,0.396678805
17997,17.997798,0.603269815,0.547927678,0.396730185
17998,17.998736,0.603212237,0.547900975,0.396787763
17999,17.999738,0.603154421,0.547874093,0.396845549
18000,18.000738,0.603337109,0.54795891,0.396662891
18001,18.001739,0.603278399,0.547931671,0.396721661
18002,18.002727,0.603299558,0.547941506,0.396700442
18003,18.003727,0.603486717,0.547951221,0.39667955
18004,18.004728,0.603507161,0.548037887,0.396492898
18005,18.005729,0.603366196,0.547972441,0.396633863
18006,18.006731,0.603385746,0.547981501,0.396614254
18007,18.007733,0.603405118,0.547990501,0.396594912
18008,18.008743,0.603424013,0.547999263,0.396576017
18009,18.009731,0.603608251,0.54808265,0.39639625
18010,18.010732,0.603545666,0.548055708,0.396454334
18011,18.011731,0.603482664,0.548026443,0.396517307
18012,18.012733,0.603580594,0.548071921,0.396419406
18013,18.013754,0.603597462,0.548079729,0.396402538
18014,18.014729,0.603614032,0.548087418,0.396385968
18015,18.015727,0.603711009,0.54813242,0.396288991
18016,18.016731,0.603649795,0.548104048,0.396350205
18017,18.017731,0.603665113,0.548111141,0.396334916
18018,18.018731,0.603679895,0.548117995,0.396320045
18019,18.019754,0.603694499,0.54812479,0.396305501
18020,18.020729,0.603708625,0.548131347,0.396291375
18021,18.021730,0.603725672,0.548100233,0.396358371
18022,18.022731,0.603658319,0.548107982,0.396341622
18023,18.023730,0.603832781,0.548188925,0.396167159
18024,18.024731,0.603764415,0.548157215,0.396235526
18025,18.025729,0.603776515,0.548162818,0.396223426
18026,18.026733,0.603788316,0.548168302,0.396211654
18027,18.027733,0.603802443,0.548173547,0.396200299
18028,18.028733,0.603732526,0.548142433,0.396267503
18029,18.029772,0.603823781,0.548184752,0.396176189
18030,18.030731,0.603914917,0.548227072,0.396085083
18031,18.031733,0.603762865,0.5481565,0.396237075
18032,18.032732,0.603853047,0.548198342,0.396146953
18033,18.033732,0.603864253,0.548165023,0.396218777
18034,18.034732,0.603872716,0.548207521,0.396127313
18035,18.035731,0.603880823,0.548211277,0.396119177
18036,18.036735,0.603807688,0.548177302,0.396192312
18037,18.037736,0.603815019,0.548180699,0.396184951
18038,18.038735,0.603902876,0.548221469,0.396097094
18039,18.039736,0.603830159,0.548262119,0.396009535
18040,18.040750,0.603917122,0.548228085,0.396082848
18041,18.041737,0.603922844,0.548230767,0.396077126
18042,18.042738,0.603847325,0.54819572,0.396152675
18043,18.043738,0.603933156,0.548235536,0.396066844
18044,18.044739,0.603937745,0.548237681,0.396062255
18045,18.045737,0.603942931,0.548202097,0.396138996
18046,18.046729,0.603946567,0.548241735,0.396053374
18047,18.047729,0.603869021,0.548205793,0.396130979
18048,18.048729,0.604033828,0.548282266,0.395966172
18049,18.049728,0.603955448,0.548245907,0.396044612
18050,18.050729,0.603957534,0.548246861,0.396042436
18051,18.051749,0.604040742,0.548285484,0.395959526
18052,18.052738,0.603880167,0.548210919,0.396119803
18053,18.053738,0.603961945,0.548248887,0.396037996
18054,18.054739,0.603962481,0.548249125,0.396037459
18055,18.055739,0.603881776,0.548211694,0.396118224
18056,18.056731,0.603962421,0.548249125,0.396037519
18057,18.057731,0.603880763,0.548211336,0.396119028
18058,18.058732,0.603960633,0.548248291,0.396039397
18059,18.059731,0.603797495,0.548172593,0.396202564
18060,18.060733,0.603876352,0.54820919,0.396123648
18061,18.061773,0.60395503,0.548245668,0.39604494
18062,18.062734,0.603952408,0.548244476,0.396047562
18063,18.063735,0.60386765,0.548280716,0.395969599
18064,18.064734,0.603945076,0.548241079,0.396054894
18065,18.065736,0.603941262,0.548239291,0.396058708
18066,18.066740,0.60393703,0.548237324,0.39606297
18067,18.067754,0.603932381,0.548235178,0.396067619
18068,18.068729,0.603927314,0.548232794,0.396072626
18069,18.069731,0.603920639,0.54823035,0.396077991
18070,18.070732,0.603833914,0.548189461,0.396166086
18071,18.071732,0.603908479,0.548224092,0.396091521
18072,18.072754,0.603821039,0.54818356,0.39617902
18073,18.073729,0.60389483,0.548217773,0.39610517
18074,18.074731,0.603887439,0.548214316,0.396112561
18075,18.075731,0.603877664,0.54821068,0.396120369
18076,18.076735,0.603788555,0.548168421,0.396211445
18077,18.077735,0.603860736,0.548201919,0.396139264
18078,18.078734,0.603851616,0.548197687,0.396148354
18079,18.079735,0.603842199,0.548193336,0.396157801
18080,18.080735,0.6037516,0.548151255,0.39624837
18081,18.081734,0.603738904,0.548184037,0.396177709
18082,18.082735,0.603808939,0.548177898,0.396191061
18083,18.083751,0.603798032,0.548172832,0.396201968
18084,18.084739,0.603705823,0.548130035,0.396294177
18085,18.085740,0.603694022,0.548124552,0.396305978
18086,18.086731,0.603681862,0.548118949,0.396318167
18087,18.087729,0.603830874,0.54818809,0.396169126
18088,18.088730,0.603733778,0.548143029,0.396266222
18089,18.089731,0.603559017,0.548061907,0.396440983
18090,18.090731,0.603706539,0.548130393,0.396293461
18091,18.091731,0.603692412,0.548123837,0.396307647
18092,18.092730,0.603677809,0.548117042,0.396322221
18093,18.093770,0.603497803,0.548033476,0.396502137
18094,18.094737,0.603724301,0.548138618,0.396275699
18095,18.095738,0.603627682,0.548093796,0.396372318
18096,18.096729,0.603530884,0.548048854,0.396469146
18097,18.097728,0.603594899,0.548078537,0.396405101
18098,18.098728,0.603658676,0.54810816,0.396341324
18099,18.099728,0.603641331,0.548100114,0.396358669
18100,18.100729,0.603619099,0.548089802,0.396380901
18101,18.101728,0.603520215,0.548043907,0.396479815
18102,18.102729,0.603501618,0.548035264,0.396498382
18103,18.103729,0.603482604,0.548026443,0.396517336
18104,18.104744,0.603624701,0.548092365,0.396375269
18105,18.105731,0.603363037,0.547970951,0.396636963
18106,18.106735,0.603499055,0.548034072,0.396500975
18107,18.107734,0.603397846,0.547987103,0.396602154
18108,18.108735,0.603296399,0.547940016,0.396703571
18109,18.109734,0.603275061,0.547930121,0.396724939
18110,18.110735,0.603333771,0.547957361,0.396666229
18111,18.111735,0.603386581,0.547947109,0.396688342
18112,18.112734,0.603203118,0.547896743,0.396796882
18113,18.113734,0.60318017,0.547886074,0.39681989
18114,18.114761,0.603317678,0.54794991,0.396682322
18115,18.115754,0.603052914,0.547827005,0.396947056
18116,18.116733,0.603269815,0.547927678,0.396730214
18117,18.117734,0.603078425,0.547878981,0.396835148
18118,18.118735,0.603214145,0.547901869,0.396785885
18119,18.119735,0.60294807,0.547778368,0.39705196
18120,18.120736,0.603002429,0.547803581,0.396997571
18121,18.121735,0.60305649,0.547828674,0.39694348
18122,18.122737,0.603030086,0.547816455,0.396969944
18123,18.123737,0.602916241,0.547729611,0.397156954
18124,18.124738,0.602889001,0.54775095,0.397110999
18125,18.125843,0.603021562,0.547812462,0.396978378
18126,18.126900,0.602826059,0.547721744,0.397173941
18127,18.127738,0.60280472,0.547711849,0.397195309
18128,18.128739,0.602855921,0.547735572,0.397144079
18129,18.129728,0.602826715,0.547722042,0.397173285
18130,18.130728,0.60278964,0.547704816,0.39721033
18131,18.131729,0.602679551,0.547653735,0.397320449
18132,18.132730,0.602649093,0.547639608,0.397350907
18133,18.133730,0.602778316,0.547699571,0.397221684
18134,18.134731,0.602587104,0.547610819,0.397412866
18135,18.135730,0.602555513,0.547596216,0.397444516
18136,18.136744,0.602595389,0.547614694,0.397404641
18137,18.137732,0.602642894,0.547636747,0.397357166
18138,18.138733,0.602530062,0.547584355,0.397469908
18139,18.139733,0.602417111,0.547531962,0.397582889
18140,18.140732,0.602383494,0.547516346,0.397616446
18141,18.141735,0.602341115,0.54750061,0.39765045
18142,18.142735,0.602227092,0.547443748,0.397772908
18143,18.143735,0.602351606,0.547501564,0.397648454
18144,18.144735,0.602316439,0.547485232,0.39768362
18145,18.145733,0.602280796,0.547468662,0.397719175
18146,18.146775,0.602395356,0.547451973,0.397755206
18147,18.147728,0.602128983,0.54739821,0.397871017
18148,18.148729,0.6021626,0.547413826,0.3978374
18149,18.149728,0.602125466,0.5473966,0.397874564
18150,18.150729,0.602008462,0.5473423,0.397991568
18151,18.151729,0.602049947,0.547361553,0.397949994
18152,18.152729,0.602091193,0.547380686,0.397908807
18153,18.153729,0.601972997,0.54732585,0.398027003
18154,18.154729,0.601924181,0.5473032,0.398075849
18155,18.155729,0.601805329,0.547248006,0.398194671
18156,18.156733,0.601765513,0.547229528,0.398234516
18157,18.157746,0.601804376,0.547247589,0.398195624
18158,18.158735,0.60168457,0.547191978,0.39831543
18159,18.159733,0.601643622,0.547172964,0.398356378
18160,18.160734,0.601750195,0.547222435,0.398249775
18161,18.161734,0.601629138,0.547166228,0.398370802
18162,18.162734,0.601666093,0.547183394,0.398333907
18163,18.163734,0.601544321,0.547126889,0.398455679
18164,18.164733,0.60142231,0.547070265,0.39857769
18165,18.165734,0.601378977,0.547050118,0.398620963
18166,18.166737,0.601403236,0.547061384,0.398596734
18167,18.167801,0.601280093,0.547004223,0.398719847
18168,18.168728,0.601235628,0.5469836,0.398764342
18169,18.169730,0.601190686,0.546962738,0.398809254
18170,18.170730,0.601224244,0.546978354,0.398775756
18171,18.171730,0.601178467,0.546957076,0.398821503
18172,18.172730,0.601199627,0.54696691,0.398800373
18173,18.173729,0.601152956,0.546945214,0.398846984
18174,18.174730,0.601027369,0.546886921,0.398972571
18175,18.175731,0.600980163,0.546865046,0.399019808
18176,18.176733,0.60085398,0.546806455,0.399145961
18177,18.177749,0.600951016,0.546784163,0.399194002
18178,18.178798,0.600823879,0.546792507,0.399176091
18179,18.179737,0.600775063,0.546769857,0.399224937
18180,18.180739,0.60072583,0.546747029,0.39927417
18181,18.181740,0.600676179,0.546723962,0.399323821
18182,18.182729,0.60070473,0.546737254,0.3992953
18183,18.183729,0.600419521,0.546604872,0.399580479
18184,18.184730,0.600434244,0.546611667,0.399565697
18185,18.185730,0.600539625,0.546660602,0.399460375
18186,18.186733,0.600331604,0.546564043,0.399668396
18187,18.187734,0.600357831,0.546576202,0.39964214
18188,18.188734,0.600305498,0.546551943,0.399694502
18189,18.189748,0.600239635,0.546563745,0.399669021
18190,18.190737,0.600108564,0.546460509,0.399891376
18191,18.191737,0.600055158,0.546435773,0.399944842
18192,18.192738,0.600001395,0.546410799,0.399998605
18193,18.193739,0.599947155,0.546385646,0.400052845
18194,18.194739,0.599814892,0.546324253,0.400185049
18195,18.195740,0.599823892,0.546334863,0.40016228
18196,18.196732,0.599846244,0.546338797,0.400153756
18197,18.197731,0.599790394,0.546312869,0.400209606
18198,18.198732,0.599656641,0.54625082,0.400343359
18199,18.199748,0.599677742,0.546260595,0.400322258
18200,18.200735,0.599543393,0.546198249,0.400456607
18201,18.201737,0.599486113,0.546171665,0.400513887
18202,18.202737,0.599491477,0.546174169,0.400508523
18203,18.203737,0.599511027,0.546183228,0.400489002
18204,18.204738,0.599297643,0.546084166,0.400702357
18205,18.205739,0.599393547,0.54612869,0.400606453
18206,18.206731,0.599179804,0.546029508,0.400820196
18207,18.207730,0.599120319,0.546001911,0.400879711
18208,18.208731,0.599122405,0.546002865,0.400877535
18209,18.209732,0.598985016,0.545939088,0.401014954
18210,18.210746,0.599001408,0.545946717,0.400998592
18211,18.211734,0.599017501,0.545954227,0.400982559
18212,18.212733,0.598878801,0.545889795,0.401121199
18213,18.213734,0.59866327,0.545789778,0.40133673
18214,18.214734,0.598739147,0.545825005,0.401260853
18215,18.215734,0.598676503,0.545795918,0.401323467
18216,18.216736,0.598613501,0.545766711,0.401386529
18217,18.217735,0.598550081,0.545737267,0.401449949
18218,18.218736,0.598563075,0.545743287,0.401436925
18219,18.219737,0.598345637,0.545642376,0.401654333
18220,18.220746,0.598341644,0.545640528,0.401658356
18221,18.221734,0.598200262,0.545574903,0.401799738
18222,18.222734,0.59828788,0.545615554,0.40171209
18223,18.223734,0.598222256,0.545585096,0.401777744
18224,18.224734,0.598003507,0.545483589,0.401996553
18225,18.225734,0.597937047,0.545452714,0.402062953
18226,18.226738,0.59785378,0.54541409,0.402146161
18227,18.227737,0.597786665,0.545382977,0.402213365
18228,18.228737,0.597795248,0.54538691,0.402204752
18229,18.229737,0.597651362,0.545320153,0.402348667
18230,18.230737,0.597735167,0.545359015,0.402264804
18231,18.231747,0.597497284,0.545256615,0.40248543
18232,18.232735,0.597504199,0.545251846,0.402495772
18233,18.233734,0.597358882,0.545184374,0.402641058
18234,18.234744,0.597213507,0.545116961,0.402786463
18235,18.235732,0.597294867,0.545154691,0.402705133
18236,18.236735,0.597224414,0.545122027,0.402775615
18237,18.237735,0.597153425,0.545089066,0.402846575
18238,18.238736,0.596988797,0.545012653,0.403011233
18239,18.239735,0.597144008,0.545084715,0.402855992
18240,18.240735,0.596845329,0.544946074,0.403154671
18241,18.241753,0.596848249,0.544947386,0.403151721
18242,18.242727,0.596850991,0.544948697,0.403149009
18243,18.243728,0.596627295,0.544844866,0.403372705
18244,18.244728,0.596610606,0.544837117,0.403370917
18245,18.245728,0.596536577,0.544802785,0.403463423
18246,18.246732,0.596462429,0.544768333,0.403537542
18247,18.247733,0.596387804,0.544733763,0.403612256
18248,18.248733,0.596312821,0.544698954,0.403687179
18249,18.249734,0.59623754,0.544664025,0.40376249
18250,18.250733,0.596142828,0.544620037,0.403857142
18251,18.251734,0.595992029,0.544550061,0.404007941
18252,18.252746,0.595915496,0.544514537,0.404084474
18253,18.253736,0.595838785,0.544478953,0.404161245
18254,18.254736,0.595761776,0.54444319,0.404238224
18255,18.255736,0.595833421,0.544476449,0.404166549
18256,18.256728,0.595587015,0.544362068,0.404319167
18257,18.257728,0.595582962,0.544360161,0.404416978
18258,18.258729,0.595504403,0.544323742,0.404495656
18259,18.259728,0.595499694,0.544321537,0.404500276
18260,18.260730,0.595271826,0.544215798,0.404728174
18261,18.261731,0.595192134,0.544178843,0.404807925
18262,18.262752,0.595166087,0.544166744,0.404833913
18263,18.263729,0.59515959,0.544163704,0.40484041
18264,18.264730,0.594930708,0.544057488,0.405069321
18265,18.265731,0.594923377,0.544054091,0.405076563
18266,18.266735,0.594768107,0.543982029,0.405231893
18267,18.267735,0.594759881,0.543978214,0.405240119
18268,18.268736,0.594657063,0.543930531,0.405342966
18269,18.269737,0.594500721,0.543857932,0.405499279
18270,18.270736,0.594491363,0.543853581,0.405508637
18271,18.271737,0.594334483,0.543780804,0.405665517
18272,18.272764,0.594250739,0.543741941,0.405749291
18273,18.273749,0.59421891,0.543736935,0.40575996
18274,18.274739,0.59413445,0.54368794,0.40586555
18275,18.275737,0.594049633,0.543648601,0.405950367
18276,18.276728,0.593818188,0.543541193,0.406181842
18277,18.277728,0.593878746,0.543569267,0.406121254
18278,18.278727,0.593792737,0.543529391,0.406207293
18279,18.279728,0.593633533,0.543455482,0.406366467
18280,18.280728,0.59352535,0.543405294,0.406452924
18281,18.281728,0.593438447,0.543364942,0.406561583
18282,18.282729,0.59349668,0.543391943,0.40650332
18283,18.283754,0.593335986,0.543317378,0.406664014
18284,18.284729,0.59324795,0.543276548,0.40675208
18285,18.285730,0.593232214,0.543269217,0.406767815
18286,18.286732,0.593048632,0.543184042,0.406951398
18287,18.287733,0.592887163,0.543109059,0.407112837
18288,18.288731,0.592869818,0.543101013,0.407130182
18289,18.289732,0.592779994,0.543059349,0.407220006
18290,18.290732,0.592617691,0.542984009,0.407382309
18291,18.291732,0.59252727,0.542942047,0.40747273
18292,18.292757,0.592485547,0.542922676,0.407514453
18293,18.293780,0.59232229,0.542846918,0.40767768
18294,18.294748,0.592230678,0.54280442,0.407769352
18295,18.295736,0.592138767,0.542761743,0.407861233
18296,18.296738,0.59204644,0.542718887,0.407953501
18297,18.297739,0.592097282,0.542742491,0.407902688
18298,18.298738,0.59190923,0.54265523,0.40809077
18299,18.299738,0.59181565,0.542611778,0.40818435
18300,18.300738,0.591721952,0.542568326,0.408278108
18301,18.301738,0.591627836,0.542524636,0.408372104
18302,18.302738,0.591604769,0.542513907,0.408395201
18303,18.303738,0.591438532,0.542436779,0.408561498
18304,18.304791,0.591319501,0.542381525,0.408680499
18305,18.305728,0.591082156,0.542271376,0.408917844
18306,18.306732,0.591057241,0.542259812,0.408942729
18307,18.307730,0.590960979,0.542215168,0.40903905
18308,18.308731,0.590864599,0.542170405,0.409135401
18309,18.309731,0.590767622,0.542125404,0.409232348
18310,18.310732,0.59071672,0.542101741,0.409258872
18311,18.311732,0.590548635,0.542023778,0.409451365
18312,18.312732,0.590310156,0.541913092,0.409689814
18313,18.313733,0.590352654,0.541932821,0.409647405
18314,18.314734,0.590394557,0.541952252,0.409605443
18315,18.315747,0.59013021,0.541873693,0.40977478
18316,18.316726,0.590171337,0.54184866,0.409803808
18317,18.317727,0.590001345,0.541769743,0.409998655
18318,18.318728,0.58990109,0.541723251,0.41009891
18319,18.319729,0.589730918,0.541644275,0.410269082
18320,18.320729,0.589630306,0.541597545,0.410369694
18321,18.321729,0.589599073,0.541583061,0.410400897
18322,18.322730,0.589402735,0.541491985,0.410641581
18323,18.323731,0.58937043,0.541476965,0.41062957
18324,18.324732,0.589198709,0.541397274,0.410801291
18325,18.325748,0.589165747,0.541381955,0.410834253
18326,18.326726,0.588993669,0.541302085,0.411006272
18327,18.327728,0.588890672,0.541254282,0.411109269
18328,18.328728,0.588761568,0.541194379,0.411212802
18329,18.329729,0.58872664,0.541178167,0.41127333
18330,18.330729,0.588553607,0.541097879,0.411446452
18331,18.331729,0.58844918,0.541049421,0.41155082
18332,18.332731,0.588413239,0.541032732,0.411586732
18333,18.333731,0.588239253,0.540951967,0.411760747
18334,18.334732,0.587970555,0.540827274,0.411866099
18335,18.335732,0.588138938,0.540905416,0.411861092
18336,18.336750,0.587827265,0.540760756,0.412172705
18337,18.337738,0.587857664,0.540774882,0.412142366
18338,18.338727,0.587750614,0.540725172,0.412249357
18339,18.339728,0.587575316,0.540643871,0.412424713
18340,18.340727,0.587508857,0.540612996,0.41253227
18341,18.341728,0.587401032,0.540562987,0.412598997
18342,18.342739,0.58729279,0.540512741,0.41270718
18343,18.343754,0.58718431,0.540462375,0.41281569
18344,18.344749,0.587007523,0.540380359,0.412992507
18345,18.345737,0.586966217,0.540361166,0.413033843
18346,18.346793,0.586829185,0.540297568,0.413170815
18347,18.347731,0.586719394,0.540246606,0.413280606
18348,18.348731,0.586676657,0.540226758,0.413323313
18349,18.349731,0.586431205,0.540112853,0.413568795
18350,18.350730,0.586454988,0.54012394,0.413545072
18351,18.351731,0.586276472,0.540041029,0.413723528
18352,18.352731,0.586204171,0.540007472,0.413834929
18353,18.353730,0.585958302,0.539893389,0.414041728
18354,18.354730,0.585979879,0.539903402,0.414020121
18355,18.355729,0.585733414,0.539789021,0.414266527
18356,18.356733,0.585754216,0.539798677,0.414245814
18357,18.357746,0.585612595,0.539684236,0.414492279
18358,18.358734,0.585365951,0.539618492,0.414605618
18359,18.359734,0.585318565,0.539596498,0.414681435
18360,18.360733,0.585204184,0.53954339,0.414795786
18361,18.361734,0.585156143,0.539521098,0.414843887
18362,18.362734,0.584908903,0.539406359,0.415091097
18363,18.363733,0.584926128,0.539414346,0.415073931
18364,18.364734,0.584715366,0.539316535,0.415255696
18365,18.365733,0.584599555,0.539262772,0.415400445
18366,18.366736,0.584483445,0.539208889,0.415516526
18367,18.367775,0.584235847,0.539093971,0.415764153
18368,18.368734,0.584184587,0.539070189,0.415815413
18369,18.369734,0.584067583,0.539015889,0.415932387
18370,18.370733,0.583921075,0.53894794,0.415984422
18371,18.371734,0.583803236,0.538893223,0.416196793
18372,18.372734,0.583750427,0.538868725,0.416249573
18373,18.373734,0.583632052,0.53881377,0.416367948
18374,18.374732,0.583578527,0.538788915,0.416421473
18375,18.375734,0.583394229,0.538703382,0.416605771
18376,18.376737,0.583245039,0.538634121,0.416754931
18377,18.377738,0.583255112,0.53863883,0.416744888
18378,18.378744,0.582940876,0.538492978,0.417059124
18379,18.379731,0.582820475,0.538437128,0.417179525
18380,18.380734,0.582764387,0.538411081,0.417235583
18381,18.381734,0.582579195,0.538325131,0.417420775
18382,18.382735,0.58242768,0.538254797,0.417477667
18383,18.383735,0.582306266,0.538198471,0.417693734
18384,18.384734,0.582248211,0.53817153,0.417751759
18385,18.385736,0.582062006,0.538085103,0.417937964
18386,18.386740,0.58206743,0.538087606,0.41793254
18387,18.387728,0.581817031,0.537971437,0.418182999
18388,18.388754,0.581599772,0.537870586,0.418400258
18389,18.389744,0.581603348,0.537872255,0.418396652
18390,18.390732,0.581416011,0.537785292,0.418583989
18391,18.391733,0.581355333,0.537757158,0.418644667
18392,18.392734,0.581167758,0.537670076,0.418832242
18393,18.393734,0.580980241,0.537583053,0.419019759
18394,18.394734,0.580950081,0.537569046,0.419081837
18395,18.395734,0.580824554,0.537510812,0.419175476
18396,18.396739,0.580636144,0.537423372,0.419363886
18397,18.397728,0.580447733,0.537335932,0.419552296
18398,18.398728,0.580384195,0.537306428,0.419615805
18399,18.399889,0.580226064,0.537233055,0.419773936
18400,18.400740,0.580099046,0.537174106,0.419900954
18401,18.401729,0.580034316,0.537144065,0.419965684
18402,18.402730,0.579844415,0.53705591,0.420155585
18403,18.403745,0.579716742,0.536996663,0.420283258
18404,18.404733,0.579650819,0.536966085,0.420349181
18405,18.405734,0.579460561,0.536877751,0.420539439
18406,18.406737,0.579485357,0.536889255,0.420606464
18407,18.407736,0.579294026,0.536800504,0.420705974
18408,18.408734,0.579102993,0.536711812,0.420897007
18409,18.409735,0.578973413,0.536651671,0.421026558
18410,18.410748,0.578843296,0.536591291,0.421156704
18411,18.411737,0.578651905,0.536502481,0.421348155
18412,18.412737,0.578488827,0.536426783,0.421417296
18413,18.413736,0.578358054,0.536366105,0.421641916
18414,18.414737,0.578227103,0.536305308,0.421772897
18415,18.415738,0.578217328,0.536300778,0.421782702
18416,18.416729,0.578024685,0.536211371,0.421975315
18417,18.417729,0.577831984,0.536121964,0.422168076
18418,18.418729,0.577727079,0.536073267,0.422239691
18419,18.419729,0.57747376,0.535955667,0.422526181
18420,18.420855,0.57740128,0.53592205,0.42259869
18421,18.421732,0.577328146,0.535888135,0.422671884
18422,18.422731,0.577134669,0.535798311,0.422865331
18423,18.423732,0.577000976,0.535736263,0.422999024
18424,18.424732,0.57689327,0.535686314,0.423073083
18425,18.425732,0.576758862,0.535623908,0.423241079
18426,18.426735,0.576623976,0.535561323,0.423376054
18427,18.427733,0.576488972,0.535498619,0.423510998
18428,18.428735,0.576353729,0.535435915,0.423646301
18429,18.429735,0.576277614,0.535400569,0.423722386
18430,18.430735,0.576048076,0.535294056,0.42391789
18431,18.431748,0.575911939,0.535230875,0.424088091
18432,18.432735,0.575834394,0.535194874,0.424165606
18433,18.433736,0.575638652,0.535104036,0.424361378
18434,18.434736,0.575501621,0.535040438,0.424498379
18435,18.435735,0.575364351,0.534976721,0.424635649
18436,18.436739,0.575192392,0.53489691,0.424832046
18437,18.437737,0.575054169,0.534832776,0.424945831
18438,18.438738,0.574916005,0.534768641,0.425083995
18439,18.439738,0.574777484,0.534704328,0.425222456
18440,18.440738,0.574638844,0.534640014,0.425361156
18441,18.441773,0.574407041,0.534532428,0.425500423
18442,18.442735,0.574267566,0.534467697,0.425581753
18443,18.443737,0.574070394,0.534376204,0.425929636
18444,18.444737,0.574103594,0.534391582,0.425896406
18445,18.445738,0.573963046,0.534326375,0.426036954
18446,18.446728,0.573707581,0.534207821,0.426292419
18447,18.447729,0.573566973,0.534142554,0.426432997
18448,18.448729,0.573390722,0.534060717,0.426516891
18449,18.449730,0.573306262,0.534021556,0.426693708
18450,18.450731,0.573107779,0.533929408,0.426892191
18451,18.451731,0.572966039,0.533863664,0.427033991
18452,18.452754,0.572767377,0.533771455,0.427232623
18453,18.453730,0.572794735,0.533784151,0.427205265
18454,18.454730,0.572446823,0.533622682,0.427461088
18455,18.455729,0.572416663,0.533608675,0.427583337
18456,18.456753,0.572217107,0.533516049,0.427782834
18457,18.457729,0.572129905,0.533475637,0.427870154
18458,18.458730,0.571985781,0.533408701,0.428014219
18459,18.459730,0.571730018,0.533290029,0.428269982
18460,18.460730,0.571717083,0.533284009,0.428246737
18461,18.461731,0.571516573,0.533190966,0.428483427
18462,18.462784,0.571371675,0.533123732,0.428628355
18463,18.463728,0.571226239,0.5330562,0.428773761
18464,18.464729,0.571080923,0.532988787,0.428919107
18465,18.465729,0.570879698,0.532895386,0.429120302
18466,18.466733,0.570642292,0.532785177,0.42921105
18467,18.467733,0.570496202,0.532717407,0.429503798
18468,18.468734,0.570404649,0.532674909,0.429595351
18469,18.469734,0.570312381,0.532632113,0.429687619
18470,18.470734,0.570165396,0.532563865,0.429834634
18471,18.471735,0.569963515,0.532470167,0.430036485
18472,18.472735,0.569779038,0.532384574,0.430129558
18473,18.473773,0.569631279,0.532315969,0.430368692
18474,18.474736,0.569537044,0.532272279,0.430462986
18475,18.475735,0.569388628,0.532203376,0.430611342
18476,18.476739,0.569239974,0.532134414,0.430760056
18477,18.477727,0.569144905,0.532090247,0.430855095
18478,18.478727,0.568904221,0.531978548,0.431058437
18479,18.479727,0.568754673,0.531909108,0.431245267
18480,18.480727,0.568551421,0.531814814,0.431448579
18481,18.481740,0.568401515,0.531745255,0.431598514
18482,18.482740,0.568251371,0.531675577,0.431748629
18483,18.483728,0.568153977,0.531630337,0.431845993
18484,18.484744,0.567965508,0.531542897,0.432034522
18485,18.485732,0.567708611,0.531423688,0.432291418
18486,18.486735,0.567662776,0.531402409,0.432337224
18487,18.487735,0.567511201,0.531332076,0.432488799
18488,18.488735,0.5674119,0.531286001,0.43258813
18489,18.489734,0.567154706,0.531166613,0.432845294
18490,18.490735,0.566912174,0.53105402,0.432945341
18491,18.491735,0.566863835,0.531031609,0.433136165
18492,18.492735,0.566762984,0.530984819,0.433237046
18493,18.493735,0.566557527,0.530889452,0.433442473
18494,18.494799,0.566262543,0.530842304,0.43354404
18495,18.495731,0.566198826,0.530722976,0.433801174
18496,18.496735,0.56605792,0.530657589,0.433903486
18497,18.497735,0.565903783,0.530586064,0.434096217
18498,18.498735,0.565852046,0.530562043,0.434148014
18499,18.499734,0.565645814,0.530466318,0.434354126
18500,18.500735,0.565439522,0.530370593,0.434560478
18501,18.501734,0.565284431,0.530298591,0.434715569
18502,18.502735,0.565039515,0.530184984,0.434870899
18503,18.503735,0.564934433,0.530136168,0.435065538
18504,18.504734,0.564778626,0.530063868,0.435221404
18505,18.505750,0.564622164,0.529991269,0.435377866
18506,18.506727,0.564415574,0.529895365,0.435584426
18507,18.507729,0.564259112,0.529822767,0.435740918
18508,18.508745,0.564112902,0.529754877,0.435887069
18509,18.509733,0.563955486,0.529681861,0.436044514
18510,18.510734,0.563649416,0.529539824,0.436350614
18511,18.511734,0.563640296,0.529535532,0.436359674
18512,18.512735,0.563482404,0.529462278,0.436517566
18513,18.513734,0.563324392,0.529388964,0.436675608
18514,18.514736,0.563077211,0.529274225,0.436932206
18515,18.515736,0.562918723,0.529200673,0.437081277
18516,18.516745,0.562808633,0.529149592,0.437191367
18517,18.517734,0.562600791,0.529053152,0.437399238
18518,18.518734,0.562490225,0.529001832,0.437509805
18519,18.519736,0.562330663,0.528927743,0.437669337
18520,18.520736,0.562033892,0.528789997,0.437829435
18521,18.521737,0.562018871,0.528783083,0.437981188
18522,18.522738,0.561810195,0.528686225,0.438189805
18523,18.523737,0.561601758,0.528589487,0.438398242
18524,18.524739,0.561488688,0.528536975,0.438511312
18525,18.525727,0.561327696,0.528462291,0.438672304
18526,18.526812,0.561078668,0.528346717,0.438921332
18527,18.527738,0.56091702,0.528271675,0.43908298
18528,18.528727,0.560755372,0.528196633,0.439244598
18529,18.529740,0.560593605,0.528121591,0.439406395
18530,18.530728,0.560478687,0.528068244,0.439521313
18531,18.531727,0.560222268,0.527949274,0.439777762
18532,18.532729,0.560112655,0.527898371,0.439846545
18533,18.533730,0.559949815,0.527822793,0.440050185
18534,18.534730,0.559786737,0.527747095,0.440213263
18535,18.535731,0.559623063,0.527671158,0.440376908
18536,18.536735,0.559459567,0.527595282,0.440540433
18537,18.537752,0.559342027,0.527540743,0.440657973
18538,18.538739,0.559090734,0.527424097,0.440868169
18539,18.539739,0.558880627,0.527326584,0.441119313
18540,18.540728,0.558761775,0.52727145,0.441238254
18541,18.541727,0.558597088,0.527194977,0.441402882
18542,18.542728,0.558386564,0.527097285,0.441613406
18543,18.543728,0.558357894,0.527083993,0.441642135
18544,18.544728,0.557924867,0.52692312,0.441988707
18545,18.545728,0.557849646,0.526848137,0.442150384
18546,18.546730,0.557728529,0.52679193,0.442271501
18547,18.547769,0.55756253,0.526714861,0.44243747
18548,18.548735,0.557351649,0.526616991,0.442648381
18549,18.549736,0.557229817,0.526560426,0.442770153
18550,18.550736,0.556977034,0.526443124,0.442937106
18551,18.551736,0.556854248,0.526386142,0.443145782
18552,18.552735,0.556687057,0.526308537,0.443312913
18553,18.553735,0.556519806,0.526230931,0.443480194
18554,18.554735,0.556308389,0.526132822,0.443691611
18555,18.555736,0.556184173,0.526075184,0.443815798
18556,18.556739,0.555930614,0.525957465,0.444027334
18557,18.557738,0.555762291,0.525879383,0.444237739
18558,18.558743,0.555680633,0.525841475,0.444319367
18559,18.559796,0.555382431,0.525703073,0.444617569
18560,18.560734,0.555213869,0.525624871,0.444786131
18561,18.561733,0.555130482,0.525586128,0.444869488
18562,18.562734,0.554918885,0.525487959,0.44499594
18563,18.563733,0.554706812,0.525389493,0.445293188
18564,18.564734,0.554622293,0.525350273,0.445377707
18565,18.565734,0.554409921,0.525251746,0.445590138
18566,18.566736,0.554197252,0.525153041,0.445802748
18567,18.567737,0.554069161,0.525093555,0.445930839
18568,18.568737,0.553855956,0.524994612,0.446101308
18569,18.569754,0.553601742,0.524876654,0.446398258
18570,18.570730,0.553514302,0.524836063,0.446485698
18571,18.571730,0.553384423,0.524775803,0.446615577
18572,18.572731,0.553088844,0.524638653,0.446911216
18573,18.573731,0.55304116,0.52461648,0.44695887
18574,18.574732,0.552744031,0.524478614,0.447212964
18575,18.575731,0.55261308,0.524417818,0.447386891
18576,18.576736,0.552400231,0.524319053,0.447599798
18577,18.577736,0.552268386,0.524257839,0.447731674
18578,18.578737,0.552095771,0.52417773,0.447904199
18579,18.579802,0.551879764,0.524077475,0.448120236
18580,18.580739,0.551706791,0.523997188,0.448249876
18581,18.581739,0.551493168,0.523898065,0.448506773
18582,18.582739,0.551320016,0.523817718,0.448679984
18583,18.583729,0.551186383,0.52375567,0.448813587
18584,18.584728,0.551052511,0.523693562,0.448947489
18585,18.585730,0.550798953,0.523575902,0.449201077
18586,18.586733,0.550620735,0.523493171,0.449375033
18587,18.587733,0.550368011,0.523375869,0.449632019
18588,18.588734,0.55027169,0.523331165,0.44972831
18589,18.589735,0.550058007,0.523231983,0.449941993
18590,18.590875,0.54987824,0.523148537,0.450121731
18591,18.591740,0.549747109,0.52308774,0.45025292
18592,18.592728,0.549450457,0.522988319,0.45046711
18593,18.593729,0.54935205,0.522904396,0.45064795
18594,18.594729,0.549214661,0.522840619,0.450785339
18595,18.595729,0.549038768,0.522758961,0.450961262
18596,18.596734,0.548824191,0.522659421,0.451175839
18597,18.597734,0.548648,0.522577643,0.451352
18598,18.598735,0.548427403,0.522475243,0.45156613
18599,18.599734,0.548250794,0.522393286,0.451749206
18600,18.600736,0.548074007,0.522311211,0.451925993
18601,18.601754,0.547933996,0.522246242,0.452066004
18602,18.602730,0.547645271,0.52211225,0.452354699
18603,18.603728,0.547542274,0.522064447,0.452457726
18604,18.604729,0.547283232,0.521964848,0.452672273
18605,18.605729,0.54710573,0.521861851,0.45289427
18606,18.606732,0.546927989,0.521779358,0.453072011
18607,18.607732,0.546822548,0.521730423,0.453177422
18608,18.608733,0.546571612,0.521613955,0.453428388
18609,18.609732,0.546429515,0.521548033,0.453570485
18610,18.610732,0.546206176,0.521465123,0.45374912
18611,18.611784,0.546027422,0.521361411,0.453972608
18612,18.612728,0.545883894,0.521294773,0.454116136
18613,18.613728,0.545633435,0.521178544,0.454366565
18614,18.614728,0.545525134,0.521128297,0.454474866
18615,18.615728,0.545239449,0.520995736,0.454760611
18616,18.616731,0.545085669,0.520945072,0.454869747
18617,18.617731,0.544870436,0.520824432,0.455129504
18618,18.618743,0.544725418,0.520757139,0.455274552
18619,18.619731,0.544545293,0.520673513,0.455454677
18620,18.620731,0.544433892,0.520621836,0.455566078
18621,18.621731,0.544184208,0.520505965,0.455815822
18622,18.622751,0.543958306,0.52040112,0.456041723
18623,18.623729,0.543777108,0.520317018,0.456222862
18624,18.624729,0.543596089,0.520233035,0.456403911
18625,18.625729,0.543414891,0.520148933,0.456585109
18626,18.626732,0.543199897,0.520049155,0.456800103
18627,18.627732,0.54305172,0.519980371,0.45694828
18628,18.628732,0.542824566,0.519880593,0.457163274
18629,18.629732,0.542642653,0.51979053,0.457357347
18630,18.630732,0.542460322,0.519705892,0.457539648
18631,18.631732,0.542278171,0.519621372,0.457721829
18632,18.632757,0.542063057,0.519521534,0.457936943
18633,18.633749,0.541880369,0.519436777,0.458119661
18634,18.634737,0.541684568,0.51934588,0.458269626
18635,18.635737,0.541469336,0.519245982,0.458530694
18636,18.636729,0.541318238,0.519175828,0.458681732
18637,18.637728,0.541135132,0.519090891,0.458864868
18638,18.638729,0.540951908,0.519005835,0.459048092
18639,18.639729,0.540768087,0.518920541,0.459231883
18640,18.640730,0.540506959,0.51880604,0.459478617
18641,18.641730,0.540323377,0.51871413,0.459676623
18642,18.642730,0.540170491,0.5186432,0.459829509
18643,18.643894,0.53987813,0.518507481,0.46012187
18644,18.644732,0.539802194,0.518472254,0.460197777
18645,18.645733,0.539586663,0.518372238,0.460413337
18646,18.646736,0.539356112,0.518265247,0.460597694
18647,18.647735,0.539202034,0.518193722,0.460797936
18648,18.648737,0.538986504,0.518093705,0.461013466
18649,18.649738,0.53883189,0.518021941,0.46116811
18650,18.650738,0.538586736,0.517908156,0.461413264
18651,18.651726,0.538431406,0.517836094,0.461568594
18652,18.652727,0.538199365,0.517749965,0.461754143
18653,18.653728,0.538043559,0.517656088,0.461956471
18654,18.654744,0.53785789,0.5175699,0.46214214
18655,18.655734,0.537700951,0.517497063,0.462299049
18656,18.656737,0.537456453,0.517383575,0.462543547
18657,18.657737,0.537299454,0.517310739,0.462700516
18658,18.658739,0.537095129,0.517215908,0.462887138
18659,18.659740,0.536851108,0.517102659,0.463148922
18660,18.660729,0.536664665,0.517016113,0.463335335
18661,18.661729,0.536534548,0.516955733,0.463465452
18662,18.662729,0.536319256,0.516855836,0.463680774
18663,18.663730,0.536103785,0.516755819,0.463896215
18664,18.664768,0.535925865,0.516673267,0.464074135
18665,18.665732,0.535682797,0.516560435,0.464317203
18666,18.666735,0.535495341,0.516473413,0.464504629
18667,18.667736,0.535307646,0.51638633,0.464692324
18668,18.668737,0.535147488,0.516312003,0.464852512
18669,18.669736,0.534932494,0.516212225,0.465067536
18670,18.670736,0.534751296,0.516128123,0.465228587
18671,18.671735,0.534563124,0.516040802,0.465436906
18672,18.672736,0.534321249,0.515928566,0.465678781
18673,18.673736,0.534106076,0.515828669,0.465893894
18674,18.674736,0.533944368,0.515753627,0.466055632
18675,18.675774,0.533708692,0.515678227,0.466218203
18676,18.676744,0.533545852,0.515568674,0.466433018
18677,18.677732,0.533330977,0.515468955,0.466669023
18678,18.678732,0.533219695,0.515417337,0.466780305
18679,18.679732,0.532927155,0.515281558,0.467072845
18680,18.680731,0.532763541,0.515205622,0.467236459
18681,18.681732,0.53259933,0.515129387,0.46740064
18682,18.682732,0.532337189,0.515029788,0.467615336
18683,18.683732,0.532172799,0.51493144,0.467827201
18684,18.684732,0.531983018,0.514843345,0.468016952
18685,18.685731,0.531743348,0.514732122,0.468256623
18686,18.686751,0.531627476,0.514678359,0.468372554
18687,18.687739,0.531436861,0.514589906,0.468563139
18688,18.688739,0.531150162,0.514456809,0.468753546
18689,18.689739,0.531008303,0.514391005,0.468991697
18690,18.690739,0.53081733,0.514302373,0.4691827
18691,18.691738,0.530578852,0.514191687,0.469421118
18692,18.692738,0.530388355,0.514103293,0.469611675
18693,18.693738,0.530220807,0.514025509,0.469779164
18694,18.694738,0.529981852,0.513914645,0.469970286
18695,18.695736,0.529790759,0.513825953,0.470209241
18696,18.696793,0.529599667,0.513737261,0.470400363
18697,18.697734,0.52938509,0.513637662,0.47061494
18698,18.698735,0.529216528,0.513559401,0.470783442
18699,18.699734,0.529047728,0.513481081,0.470952243
18700,18.700734,0.52878511,0.51337111,0.47118935
18701,18.701734,0.528593361,0.513270199,0.471406639
18702,18.702734,0.528401554,0.51318121,0.471598476
18703,18.703735,0.528209209,0.513091922,0.471790791
18704,18.704736,0.528017163,0.513002813,0.471982837
18705,18.705736,0.52782464,0.512913465,0.47217536
18706,18.706740,0.527562797,0.512791932,0.472367644
18707,18.707747,0.527391851,0.512712598,0.472608149
18708,18.708735,0.527156711,0.512603462,0.472843289
18709,18.709735,0.526985109,0.51252383,0.473014861
18710,18.710737,0.526813507,0.512444198,0.473186582
18711,18.711738,0.526620686,0.512354732,0.473379314
18712,18.712738,0.526399732,0.512252152,0.473572582
18713,18.713739,0.526206553,0.512162507,0.473793477
18714,18.714727,0.525993049,0.512063444,0.474006981
18715,18.715728,0.52581954,0.511982918,0.47418046
18716,18.716731,0.525586247,0.511874616,0.474413753
18717,18.717757,0.52539295,0.511784911,0.474607021
18718,18.718747,0.525170505,0.511681676,0.474820286
18719,18.719735,0.524957478,0.511582792,0.475042522
18720,18.720737,0.524763882,0.511492968,0.475236118
18721,18.721738,0.524550796,0.511394083,0.475449234
18722,18.722738,0.524376154,0.511313021,0.475623846
18723,18.723739,0.524220049,0.511240542,0.475779951
18724,18.724727,0.523958147,0.511132896,0.476011932
18725,18.725728,0.523726881,0.51101172,0.476273179
18726,18.726731,0.523569584,0.510938704,0.476430446
18727,18.727732,0.523374856,0.510848284,0.476625144
18728,18.728833,0.523131728,0.510735512,0.476819605
18729,18.729734,0.522968054,0.510659516,0.477031976
18730,18.730735,0.522724867,0.510577321,0.477209032
18731,18.731736,0.522512376,0.510448039,0.477487594
18732,18.732737,0.52233541,0.510365903,0.47766462
18733,18.733736,0.52215755,0.510283351,0.47784245
18734,18.734737,0.521962583,0.510192871,0.478037387
18735,18.735737,0.521767557,0.510102332,0.478232414
18736,18.736728,0.521523237,0.510011673,0.478427917
18737,18.737727,0.521311402,0.509890676,0.478688598
18738,18.738729,0.521132708,0.509807706,0.478867292
18739,18.739752,0.520937026,0.509716928,0.479063004
18740,18.740727,0.520725131,0.50961858,0.479274869
18741,18.741739,0.520545781,0.509535313,0.479454219
18742,18.742739,0.520301223,0.509437203,0.479665637
18743,18.743737,0.520105124,0.509330809,0.479894847
18744,18.744739,0.519909382,0.509239972,0.480090618
18745,18.745739,0.519713581,0.509149134,0.480286449
18746,18.746731,0.519517303,0.509057999,0.480482697
18747,18.747730,0.519306302,0.508960068,0.480693698
18748,18.748730,0.519076169,0.508882999,0.480859846
18749,18.749845,0.518879652,0.508762062,0.481120348
18750,18.750736,0.518683493,0.508671045,0.481316507
18751,18.751737,0.518487215,0.508579969,0.481512815
18752,18.752735,0.51829046,0.508488655,0.48170954
18753,18.753736,0.51810813,0.508404016,0.48189187
18754,18.754736,0.517820597,0.508299649,0.482116759
18755,18.755737,0.517651439,0.508192062,0.482348561
18756,18.756727,0.517454565,0.508100688,0.482545406
18757,18.757728,0.51727134,0.508015633,0.48272863
18758,18.758728,0.517047524,0.507911801,0.482952505
18759,18.759728,0.516864002,0.507826626,0.483135998
18760,18.760761,0.516604841,0.507706344,0.483395159
18761,18.761736,0.516420901,0.50762099,0.483579129
18762,18.762736,0.516210854,0.507523477,0.483789146
18763,18.763736,0.516026378,0.507437885,0.483973622
18764,18.764737,0.515828907,0.507346213,0.484171093
18765,18.765736,0.515643895,0.507260382,0.484356105
18766,18.766727,0.515373111,0.507157624,0.484577566
18767,18.767727,0.515187383,0.507048488,0.484812617
18768,18.768740,0.514978349,0.506951451,0.485021651
18769,18.769728,0.514804125,0.506870627,0.485195905
18770,18.770727,0.514583349,0.506768167,0.485416651
18771,18.771754,0.51440841,0.506686985,0.48559162
18772,18.772731,0.514149904,0.506590009,0.485800594
18773,18.773731,0.513941348,0.506470203,0.486058682
18774,18.774732,0.513754129,0.5063833,0.486245871
18775,18.775732,0.513556361,0.506291509,0.486443639
18776,18.776734,0.513368607,0.506204367,0.486631364
18777,18.777736,0.51317054,0.506112456,0.48682946
18778,18.778736,0.512922943,0.506011188,0.487047672
18779,18.779737,0.512704611,0.505896211,0.487295359
18780,18.780750,0.512506783,0.50580442,0.487493217
18781,18.781764,0.512308896,0.505712569,0.487691104
18782,18.782728,0.512119949,0.50562489,0.487880021
18783,18.783729,0.511912525,0.505528629,0.488087475
18784,18.784729,0.511673987,0.505445182,0.488267213
18785,18.785729,0.511475325,0.505325735,0.488524675
18786,18.786733,0.51127708,0.505233705,0.48872295
18787,18.787735,0.511069894,0.505137563,0.488930076
18788,18.788735,0.510880232,0.505049527,0.489119768
18789,18.789736,0.510681391,0.504957259,0.489318609
18790,18.790736,0.510433257,0.504861355,0.489525169
18791,18.791736,0.510234714,0.504749954,0.489765257
18792,18.792744,0.510028005,0.50465399,0.489971966
18793,18.793731,0.50983721,0.504565477,0.49016279
18794,18.794733,0.509631217,0.504469872,0.490368813
18795,18.795732,0.509439647,0.504380941,0.490560353
18796,18.796737,0.50917691,0.504282057,0.49077341
18797,18.797737,0.508985519,0.504170179,0.491014481
18798,18.798738,0.508793354,0.504081011,0.491206646
18799,18.799738,0.508594573,0.503988743,0.491405427
18800,18.800737,0.508402288,0.503899515,0.491597712
18801,18.801737,0.508196533,0.503804028,0.491803497
18802,18.802738,0.507947564,0.503688455,0.492052436
18803,18.803752,0.507748663,0.503596187,0.492251366
18804,18.804728,0.507549644,0.503503799,0.492450327
18805,18.805729,0.507350326,0.503411293,0.492649645
18806,18.806733,0.507151365,0.503318965,0.492848605
18807,18.807732,0.506951928,0.503226399,0.493048042
18808,18.808732,0.506697774,0.503134012,0.493247092
18809,18.809730,0.506503999,0.503018498,0.493496001
18810,18.810732,0.50630945,0.502928257,0.49369061
18811,18.811731,0.506105304,0.502833486,0.493894666
18812,18.812732,0.505906224,0.502741098,0.494093776
18813,18.813745,0.505706668,0.502648473,0.494293332
18814,18.814737,0.505461812,0.502555966,0.494492561
18815,18.815737,0.505258381,0.502440393,0.494741589
18816,18.816740,0.505058706,0.502347767,0.494941294
18817,18.817728,0.504859447,0.502255261,0.495140523
18818,18.818726,0.504659951,0.502162695,0.495340049
18819,18.819728,0.504464209,0.502071857,0.495535791
18820,18.820740,0.50420779,0.501976013,0.495742291
18821,18.821728,0.504008591,0.50186038,0.495991379
18822,18.822728,0.503809512,0.501767993,0.496190488
18823,18.823727,0.503615558,0.50167799,0.496384472
18824,18.824750,0.503416002,0.501585364,0.496583998
18825,18.825738,0.503211021,0.501490235,0.496788979
18826,18.826728,0.503016591,0.501399994,0.496983409
18827,18.827729,0.50276053,0.501281142,0.497239441
18828,18.828728,0.502565026,0.501190424,0.497434974
18829,18.829729,0.502367437,0.501098752,0.497632563
18830,18.830728,0.502164423,0.501004517,0.497835547
18831,18.831728,0.501966298,0.500912547,0.498033702
18832,18.832728,0.50176549,0.500819385,0.49823451
18833,18.833728,0.501515985,0.500703573,0.498484015
18834,18.834792,0.501317739,0.500611544,0.498682261
18835,18.835732,0.501117826,0.500518799,0.498882174
18836,18.836736,0.500916302,0.500425279,0.499083698
18837,18.837737,0.500718951,0.500333667,0.499281049
18838,18.838738,0.500468731,0.500240743,0.49948135
18839,18.839746,0.500269413,0.500125051,0.499730587
18840,18.840734,0.500070095,0.500032544,0.499929935
18841,18.841734,0.49987036,0.499939829,0.50012964
18842,18.842735,0.499671131,0.499847382,0.500328839
18843,18.843734,0.499471009,0.499754488,0.500528991
18844,18.844736,0.499222785,0.499661893,0.500728488
18845,18.845748,0.499022841,0.499546498,0.500977159
18846,18.846728,0.498823136,0.499453813,0.501176834
18847,18.847728,0.498623818,0.499361306,0.501376212
18848,18.848730,0.498424381,0.49926877,0.501575649
18849,18.849731,0.498226434,0.49917689,0.501773536
18850,18.850731,0.497973859,0.499083549,0.501974583
18851,18.851732,0.497776151,0.498967916,0.502223849
18852,18.852731,0.497573107,0.498873681,0.502426922
18853,18.853733,0.49737516,0.4987818,0.50262481
18854,18.854733,0.497177929,0.498690277,0.502822042
18855,18.855734,0.496973574,0.498595446,0.503026426
18856,18.856743,0.496726662,0.498502851,0.503225923
18857,18.857731,0.496524572,0.498387039,0.503475428
18858,18.858733,0.496330351,0.498296916,0.503669679
18859,18.859734,0.496131152,0.49820447,0.503868878
18860,18.860734,0.495928794,0.498110533,0.504071176
18861,18.861735,0.495732397,0.498019397,0.504267573
18862,18.862734,0.495479852,0.497923732,0.504473686
18863,18.863736,0.49528423,0.497811407,0.504715741
18864,18.864736,0.495081156,0.497717142,0.504918814
18865,18.865737,0.494881511,0.497624516,0.505118489
18866,18.866804,0.494690537,0.497535884,0.505309463
18867,18.867729,0.494478762,0.497437596,0.505521297
18868,18.868730,0.494224966,0.497344851,0.505720973
18869,18.869730,0.494043648,0.497235626,0.505956292
18870,18.870730,0.493840069,0.497141182,0.506159961
18871,18.871729,0.493640691,0.497048646,0.506359339
18872,18.872730,0.49344179,0.496956319,0.50655818
18873,18.873730,0.49323231,0.496859103,0.50676769
18874,18.874730,0.493048966,0.496773988,0.506950974
18875,18.875730,0.492789239,0.496653467,0.507210732
18876,18.876732,0.492590278,0.49656114,0.507409751
18877,18.877751,0.492390871,0.496468574,0.507609069
18878,18.878739,0.49219808,0.496379137,0.50780195
18879,18.879739,0.491999209,0.496286809,0.508000791
18880,18.880726,0.491787314,0.496188492,0.508212686
18881,18.881727,0.491545051,0.496076047,0.508454978
18882,18.882739,0.49134624,0.495983779,0.50865376
18883,18.883728,0.491154373,0.49589473,0.508845627
18884,18.884728,0.49094829,0.495799094,0.509051681
18885,18.885727,0.490749598,0.495706886,0.509250402
18886,18.886731,0.490493745,0.495611072,0.509456873
18887,18.887824,0.490309715,0.49550274,0.509690344
18888,18.888736,0.490103573,0.495407045,0.509896398
18889,18.889737,0.489896744,0.495311052,0.510103226
18890,18.890737,0.489706099,0.495222569,0.510293901
18891,18.891744,0.489515752,0.495134234,0.510484219
18892,18.892732,0.48925066,0.495034307,0.51069957
18893,18.893731,0.489069164,0.494926989,0.510930896
18894,18.894732,0.488862246,0.494830936,0.511137724
18895,18.895730,0.488672674,0.49474296,0.511327326
18896,18.896734,0.48846516,0.494646668,0.51153487
18897,18.897734,0.488276094,0.49455893,0.511723936
18898,18.898749,0.488037765,0.494448304,0.511931241
18899,18.899737,0.487820596,0.494347513,0.512179375
18900,18.900738,0.487632155,0.494260073,0.512367845
18901,18.901738,0.487434238,0.494168222,0.512565792
18902,18.902739,0.487236083,0.494076252,0.512763917
18903,18.903727,0.487038225,0.493984401,0.512961745
18904,18.904727,0.486819625,0.493882984,0.513180435
18905,18.905729,0.486582428,0.493772864,0.513417542
18906,18.906732,0.48639524,0.493685991,0.513604701
18907,18.907733,0.486186534,0.493589133,0.513813436
18908,18.908790,0.485988826,0.493497372,0.514011145
18909,18.909728,0.485791206,0.49340567,0.514208794
18910,18.910730,0.485593498,0.493313909,0.514406502
18911,18.911730,0.485346049,0.49319908,0.514653921
18912,18.912731,0.485160172,0.493112803,0.514839828
18913,18.913731,0.484962881,0.49302125,0.515037119
18914,18.914730,0.484765321,0.492929578,0.515234709
18915,18.915732,0.484544098,0.492826879,0.515455902
18916,18.916736,0.484333903,0.492746592,0.515628934
18917,18.917736,0.484099537,0.492620558,0.515900433
18918,18.918737,0.483914882,0.492534876,0.516085148
18919,18.919751,0.483730495,0.492449284,0.516269505
18920,18.920727,0.483507544,0.49234581,0.516492426
18921,18.921728,0.483310461,0.492254347,0.516689539
18922,18.922729,0.483139366,0.492174953,0.516860664
18923,18.923730,0.482880086,0.492054611,0.517119884
18924,18.924730,0.48268339,0.491963327,0.51731658
18925,18.925731,0.482500374,0.49187842,0.517499685
18926,18.926735,0.482303768,0.491787136,0.517696202
18927,18.927735,0.482106984,0.491695821,0.517893016
18928,18.928736,0.481847405,0.491604716,0.518089294
18929,18.929817,0.481650621,0.491484046,0.518349409
18930,18.930730,0.481454313,0.49139291,0.518545687
18931,18.931729,0.481272608,0.4913086,0.518727422
18932,18.932729,0.481061459,0.49121058,0.518938541
18933,18.933728,0.480880231,0.491126478,0.51911974
18934,18.934729,0.48069939,0.491042554,0.51930058
18935,18.935729,0.480439097,0.490921766,0.519560933
18936,18.936732,0.480228007,0.490823776,0.519771993
18937,18.937732,0.480016649,0.490725696,0.519983351
18938,18.938731,0.479836106,0.490641922,0.520163894
18939,18.939732,0.479640454,0.490551114,0.520359576
18940,18.940745,0.479379803,0.490460306,0.520555139
18941,18.941733,0.479216427,0.4903543,0.520783544
18942,18.942733,0.478988081,0.490248322,0.521011889
18943,18.943732,0.478825599,0.490172923,0.521174371
18944,18.944732,0.478613794,0.490074605,0.521386147
18945,18.945733,0.478418261,0.489983886,0.521581769
18946,18.946735,0.478157312,0.489901185,0.521759868
18947,18.947735,0.477962106,0.489772171,0.522037864
18948,18.948734,0.477784038,0.489689559,0.522216022
18949,18.949735,0.47758922,0.489599109,0.52241075
18950,18.950773,0.477412045,0.489516884,0.522587955
18951,18.951748,0.47723487,0.489434659,0.5227651
18952,18.952736,0.476973981,0.489336193,0.522977233
18953,18.953735,0.47677967,0.489223421,0.52322036
18954,18.954736,0.47658506,0.48913309,0.523414969
18955,18.955736,0.47637251,0.489034444,0.52362746
18956,18.956728,0.476196438,0.488952726,0.523803592
18957,18.957727,0.475984007,0.48885414,0.524016023
18958,18.958728,0.475789547,0.488763899,0.524210453
18959,18.959727,0.475585133,0.488669038,0.524414897
18960,18.960728,0.475314349,0.488543332,0.524685621
18961,18.961805,0.475178391,0.48848027,0.524821639
18962,18.962729,0.474984884,0.488390446,0.525015116
18963,18.963730,0.47477144,0.488291383,0.52522856
18964,18.964730,0.474597752,0.488210768,0.525402248
18965,18.965730,0.474376142,0.48810792,0.525623858
18966,18.966733,0.474142551,0.487999499,0.525857449
18967,18.967733,0.473969638,0.487919271,0.526030362
18968,18.968735,0.473735839,0.487810761,0.526264191
18969,18.969736,0.473583549,0.487740099,0.526416481
18970,18.970736,0.47336325,0.487640977,0.526629925
18971,18.971737,0.473149925,0.487538844,0.526850104
18972,18.972743,0.472957045,0.487449318,0.527042985
18973,18.973731,0.472743273,0.487350106,0.527256727
18974,18.974732,0.472593486,0.487280607,0.527406514
18975,18.975733,0.47240147,0.487191498,0.52759856
18976,18.976736,0.472117722,0.487072021,0.527855873
18977,18.977736,0.471947432,0.486980766,0.528052568
18978,18.978737,0.471733153,0.486881316,0.528266847
18979,18.979738,0.471541256,0.486792237,0.528458714
18980,18.980739,0.4713718,0.486713618,0.52862823
18981,18.981726,0.471179813,0.486624479,0.528820157
18982,18.982798,0.470917791,0.486502916,0.529082239
18983,18.983736,0.470726311,0.486414045,0.529273689
18984,18.984738,0.470557511,0.486335695,0.529442489
18985,18.985738,0.470366418,0.486247003,0.529633582
18986,18.986729,0.470175445,0.486158371,0.529824555
18987,18.987730,0.469960779,0.486058742,0.530039191
18988,18.988731,0.46979326,0.485980988,0.53020668
18989,18.989731,0.469531149,0.485859364,0.530468881
18990,18.990732,0.469340414,0.485770822,0.530659556
18991,18.991731,0.469125479,0.485671103,0.53087455
18992,18.992733,0.468959093,0.485593855,0.531040907
18993,18.993746,0.468768775,0.485505551,0.531231284
18994,18.994735,0.46857816,0.485417068,0.531421781
18995,18.995736,0.468365103,0.485318184,0.531634867
18996,18.996739,0.468125731,0.485207111,0.531874299
18997,18.997738,0.467985243,0.485141903,0.532014728
18998,18.998738,0.467770666,0.485042334,0.532229364
18999,18.999738,0.467580676,0.484954149,0.532419324
19000,19.000738,0.467343718,0.484877974,0.532583475
19001,19.001736,0.467128813,0.48474443,0.532871187
19002,19.002940,0.466917813,0.484646499,0.533082187
19003,19.003802,0.466749877,0.484568566,0.533250093
19004,19.004728,0.466534644,0.484468669,0.533465326
19005,19.005728,0.466397852,0.48440519,0.533602118
19006,19.006731,0.466208786,0.484317422,0.533791184
19007,19.007731,0.465973079,0.484208047,0.534026921
19008,19.008730,0.465837479,0.484145135,0.534162521
19009,19.009731,0.465595931,0.484033018,0.534404039
19010,19.010730,0.465407759,0.483945668,0.534592211
19011,19.011730,0.46527341,0.483883321,0.53472656
19012,19.012730,0.465031445,0.483771056,0.534968615
19013,19.013731,0.464769155,0.483649313,0.535230875
19014,19.014743,0.464636087,0.483587533,0.535363853
19015,19.015731,0.464393258,0.483474851,0.535606742
19016,19.016734,0.464233547,0.483400732,0.535766423
19017,19.017735,0.464046389,0.483313859,0.535953581
19018,19.018734,0.463886946,0.483239889,0.536113083
19019,19.019735,0.463596702,0.483105183,0.536403298
19020,19.020734,0.463438213,0.483031601,0.536561728
19021,19.021734,0.463279784,0.482958078,0.536720216
19022,19.022734,0.463064611,0.482858211,0.536935329
19023,19.023734,0.462820023,0.482744724,0.537180007
19024,19.024844,0.462645024,0.482663482,0.537354946
19025,19.025732,0.462488145,0.482590705,0.537511885
19026,19.026736,0.462272584,0.482490659,0.537727416
19027,19.027735,0.462086797,0.482404411,0.537913203
19028,19.028736,0.461930782,0.482332021,0.538069248
19029,19.029736,0.461744994,0.482245803,0.538255036
19030,19.030735,0.46149984,0.482132018,0.53850019
19031,19.031736,0.461267889,0.482024372,0.538732111
19032,19.032736,0.461143225,0.481966496,0.538856745
19033,19.033737,0.460897177,0.481852323,0.539102852
19034,19.034737,0.460712254,0.481766492,0.539287746
19035,19.035749,0.460619569,0.481723487,0.539380431
19036,19.036728,0.460373342,0.481609195,0.539626658
19037,19.037728,0.460142851,0.481502235,0.539811015
19038,19.038728,0.459989816,0.481431216,0.540010214
19039,19.039729,0.459742993,0.481316656,0.540256977
19040,19.040730,0.459590435,0.481245875,0.540409565
19041,19.041730,0.459406734,0.481160611,0.540593266
19042,19.042731,0.459254503,0.48108995,0.540745497
19043,19.043730,0.459025353,0.480983615,0.540974677
19044,19.044732,0.458842307,0.480898649,0.541157722
19045,19.045759,0.458626777,0.480798602,0.541373193
19046,19.046737,0.458476067,0.480728656,0.541523874
19047,19.047739,0.458260924,0.480628818,0.541739047
19048,19.048739,0.458110899,0.4805592,0.541889071
19049,19.049727,0.457882583,0.480453223,0.542104542
19050,19.050728,0.457667559,0.480353445,0.54233247
19051,19.051729,0.457518131,0.480284095,0.54248184
19052,19.052729,0.457303047,0.480184257,0.542696953
19053,19.053730,0.457087845,0.480084389,0.542912126
19054,19.054730,0.456972778,0.480031013,0.543027282
19055,19.055731,0.456746042,0.479925781,0.543254018
19056,19.056744,0.456564903,0.479841709,0.543435097
19057,19.057732,0.456383556,0.479757547,0.543616474
19058,19.058732,0.456168592,0.479657769,0.543831408
19059,19.059733,0.456022024,0.479589731,0.543977916
19060,19.060734,0.455806792,0.479489863,0.544193208
19061,19.061734,0.455546439,0.479369015,0.544453502
19062,19.062733,0.455435395,0.479317516,0.544564664
19063,19.063732,0.455255449,0.47923398,0.544744551
19064,19.064732,0.455040276,0.479134113,0.544959724
19065,19.065732,0.454930633,0.47908324,0.545069396
19066,19.066774,0.454671204,0.478962839,0.545328796
19067,19.067727,0.454491556,0.478879452,0.545463562
19068,19.068729,0.45427689,0.478779823,0.545723081
19069,19.069728,0.45413354,0.478713304,0.545866489
19070,19.070728,0.453918606,0.478613555,0.546081424
19071,19.071728,0.453739852,0.478530586,0.546260118
19072,19.072728,0.453560948,0.478447556,0.546439052
19073,19.073728,0.453374207,0.478360921,0.546653748
19074,19.074729,0.453196168,0.478278279,0.546803832
19075,19.075729,0.452908397,0.478144735,0.547091663
19076,19.076732,0.452840239,0.478113085,0.547159791
19077,19.077747,0.452625811,0.478013545,0.547374129
19078,19.078735,0.452448279,0.477931172,0.547551751
19079,19.079735,0.452263445,0.477845401,0.547736585
19080,19.080735,0.452049106,0.47774592,0.547950864
19081,19.081736,0.451909631,0.47768119,0.548090398
19082,19.082734,0.451695085,0.47758159,0.548304856
19083,19.083735,0.451518536,0.477499664,0.548481464
19084,19.084736,0.451342165,0.477417827,0.548657835
19085,19.085735,0.451121598,0.477315456,0.548878431
19086,19.086738,0.450983793,0.4772515,0.549016178
19087,19.087801,0.450693041,0.477116585,0.549306989
19088,19.088727,0.450555354,0.477052659,0.549444675
19089,19.089728,0.450457066,0.477007061,0.549542964
19090,19.090728,0.450243145,0.47690776,0.549756825
19091,19.091727,0.449984998,0.476787955,0.549971163
19092,19.092728,0.449810028,0.476706743,0.550189972
19093,19.093728,0.449713528,0.47666195,0.550286412
19094,19.094728,0.449499875,0.476562798,0.550500095
19095,19.095729,0.449364692,0.476500094,0.550635338
19096,19.096731,0.449111551,0.476382613,0.550888479
19097,19.097733,0.448973447,0.476318479,0.551026523
19098,19.098745,0.448759675,0.476219267,0.551240265
19099,19.099732,0.448546141,0.476120174,0.551453829
19100,19.100734,0.448452741,0.476076841,0.551547289
19101,19.101733,0.448199272,0.475959212,0.551800787
19102,19.102735,0.448066652,0.47589764,0.551933348
19103,19.103736,0.447890908,0.475816071,0.552109063
19104,19.104736,0.44771859,0.475736111,0.552281439
19105,19.105737,0.447464675,0.475618273,0.552535295
19106,19.106728,0.447374165,0.475576282,0.552625895
19107,19.107728,0.447202384,0.475496531,0.552797616
19108,19.108755,0.447029114,0.475436032,0.552927971
19109,19.109744,0.446774989,0.475298166,0.553224981
19110,19.110732,0.446561784,0.475199223,0.553438187
19111,19.111733,0.446432322,0.475139141,0.553567648
19112,19.112734,0.446261436,0.475059837,0.553738534
19113,19.113734,0.44609043,0.474980474,0.55390954
19114,19.114735,0.445877284,0.47488156,0.554080009
19115,19.115754,0.445664763,0.474782914,0.554335177
19116,19.116734,0.445579082,0.474743187,0.554420948
19117,19.117734,0.445366979,0.47464475,0.554633081
19118,19.118735,0.44515425,0.474545985,0.554845691
19119,19.119744,0.44502762,0.474487245,0.55497241
19120,19.120732,0.444901258,0.474428594,0.555098772
19121,19.121734,0.444646716,0.474310458,0.555353284
19122,19.122734,0.444477975,0.474232137,0.555521965
19123,19.123735,0.444265962,0.47413373,0.555734038
19124,19.124736,0.4440974,0.474055499,0.5559026
19125,19.125735,0.443972468,0.473997533,0.556027532
19126,19.126739,0.443804532,0.4739196,0.556195498
19127,19.127740,0.443594784,0.473822236,0.556405187
19128,19.128739,0.443471313,0.473764926,0.556528628
19129,19.129739,0.443215489,0.473646224,0.556784511
19130,19.130743,0.443048298,0.473568618,0.556951702
19131,19.131731,0.442970246,0.473532408,0.557029784
19132,19.132731,0.442758918,0.473434299,0.557241023
19133,19.133731,0.442595541,0.473358482,0.557407498
19134,19.134730,0.442429483,0.473281413,0.557570457
19135,19.135731,0.442218781,0.473183662,0.557781279
19136,19.136734,0.442052662,0.473106533,0.557947278
19137,19.137734,0.441932321,0.473050684,0.55806762
19138,19.138734,0.441767216,0.472974062,0.558232784
19139,19.139733,0.441515416,0.472857207,0.558484614
19140,19.140773,0.441350549,0.472780704,0.55864948
19141,19.141736,0.441185534,0.472704113,0.558814466
19142,19.142737,0.441021174,0.472627819,0.558978796
19143,19.143737,0.440810919,0.472530246,0.559189081
19144,19.144738,0.440692782,0.472475439,0.559307277
19145,19.145737,0.44048804,0.4723804,0.55951196
19146,19.146728,0.440324575,0.472304523,0.559675395
19147,19.147728,0.440161079,0.472228646,0.559838891
19148,19.148727,0.440044761,0.472174674,0.559955239
19149,19.149728,0.43983525,0.472077429,0.56016475
19150,19.150729,0.439766169,0.472045392,0.560233831
19151,19.151749,0.43942225,0.471885771,0.56057775
19152,19.152728,0.439260006,0.47181046,0.560739994
19153,19.153728,0.439098001,0.471735269,0.56090194
19154,19.154728,0.439078391,0.471726179,0.560921609
19155,19.155728,0.438774645,0.471585214,0.561225355
19156,19.156731,0.438708484,0.471554488,0.561291456
19157,19.157732,0.438459545,0.471438974,0.561548054
19158,19.158730,0.43825081,0.471342117,0.56174922
19159,19.159732,0.438138455,0.471289963,0.561861575
19160,19.160731,0.43802619,0.471237868,0.56197387
19161,19.161757,0.43786636,0.47116369,0.56213367
19162,19.162746,0.437618226,0.471066922,0.562342107
19163,19.163734,0.437409729,0.470951766,0.562501609
19164,19.164735,0.437299192,0.470900446,0.562700808
19165,19.165736,0.437189162,0.470849395,0.562810838
19166,19.166728,0.436981142,0.470752835,0.563018858
19167,19.167727,0.43677336,0.470656425,0.56322664
19168,19.168729,0.436664283,0.470605791,0.563335717
19169,19.169730,0.436466634,0.470514059,0.563493788
19170,19.170730,0.436308503,0.470440686,0.563691497
19171,19.171745,0.43625018,0.470413595,0.56374979
19172,19.172757,0.435943663,0.470271349,0.564056337
19173,19.173733,0.435836464,0.470221609,0.564163566
19174,19.174734,0.435679317,0.470148683,0.564320683
19175,19.175734,0.435533732,0.470081091,0.564527512
19176,19.176738,0.435276836,0.469961882,0.564723194
19177,19.177739,0.435221583,0.469936252,0.564778447
19178,19.178727,0.435015023,0.469840378,0.564984977
19179,19.179727,0.434808671,0.469744593,0.565191269
19180,19.180728,0.434754938,0.469719648,0.565245032
19181,19.181729,0.434509903,0.469605953,0.565451324
19182,19.182729,0.43425265,0.469486535,0.565747321
19183,19.183747,0.434251726,0.469486117,0.565748274
19184,19.184734,0.434097469,0.469414532,0.565902531
19185,19.185735,0.433891743,0.469319046,0.566108227
19186,19.186739,0.433789492,0.4692716,0.566210508
19187,19.187727,0.433545828,0.4691585,0.566415787
19188,19.188739,0.433392525,0.469087362,0.566607475
19189,19.189728,0.433291435,0.469040453,0.566708565
19190,19.190729,0.433086425,0.468945324,0.566913605
19191,19.191728,0.432829201,0.468825936,0.567170799
19192,19.192730,0.432781547,0.468803823,0.567218482
19193,19.193756,0.432591379,0.468715549,0.567408562
19194,19.194749,0.432439446,0.468645036,0.567560554
19195,19.195738,0.432340592,0.46859917,0.567659438
19196,19.196728,0.432136625,0.468504488,0.567863345
19197,19.197730,0.431985319,0.468434274,0.568014681
19198,19.198729,0.431887686,0.468388975,0.568112314
19199,19.199729,0.431699604,0.468301654,0.568315864
19200,19.200729,0.431496263,0.4682073,0.568503737
19201,19.201729,0.431346059,0.468137592,0.568653941
19202,19.202729,0.431142658,0.468043208,0.568857372
19203,19.203729,0.431100488,0.468023628,0.568899512
19204,19.204769,0.430967867,0.467962086,0.568941236
19205,19.205732,0.43076542,0.467868119,0.569305539
19206,19.206735,0.430508494,0.46774888,0.569491506
19207,19.207735,0.430360049,0.467679977,0.569639921
19208,19.208736,0.430266172,0.467636406,0.569733799
19209,19.209735,0.430063576,0.46754238,0.569936395
19210,19.210736,0.430025041,0.467524499,0.569974959
19211,19.211734,0.429841012,0.467439115,0.570231497
19212,19.212736,0.429639101,0.467345387,0.570360899
19213,19.213735,0.429437399,0.467251778,0.570562601
19214,19.214735,0.429400921,0.46723485,0.570599079
19215,19.215748,0.4292548,0.46716705,0.57074523
19216,19.216738,0.428998172,0.46704793,0.571001768
19217,19.217739,0.428926647,0.46701473,0.571073353
19218,19.218739,0.428670287,0.466895759,0.571329713
19219,19.219728,0.428580761,0.466854215,0.571419239
19220,19.220727,0.428547204,0.466838658,0.571452796
19221,19.221728,0.428235143,0.466693819,0.571764886
19222,19.222727,0.428202689,0.466678768,0.571797311
19223,19.223728,0.427966714,0.466569245,0.571941197
19224,19.224728,0.427822679,0.466502398,0.572177351
19225,19.225754,0.427622944,0.466409683,0.572377026
19226,19.226750,0.427592516,0.466395587,0.572407544
19227,19.227738,0.427393228,0.46630308,0.572606742
19228,19.228739,0.427193582,0.466210425,0.572806418
19229,19.229752,0.42712903,0.466180474,0.57287097
19230,19.230727,0.426873356,0.466061831,0.573126674
19231,19.231729,0.426788181,0.466022253,0.573211789
19232,19.232730,0.426646709,0.465956628,0.573353291
19233,19.233730,0.426619679,0.465944082,0.573380351
19234,19.234730,0.426364303,0.465825558,0.573635697
19235,19.235731,0.426245868,0.465770572,0.573833823
19236,19.236800,0.425990373,0.465651989,0.574009597
19237,19.237740,0.425965309,0.465640366,0.574034691
19238,19.238729,0.425825655,0.465575576,0.574174345
19239,19.239729,0.425570369,0.465457082,0.574429631
19240,19.240730,0.425431043,0.465392411,0.574568927
19241,19.241731,0.425315082,0.465338618,0.574592054
19242,19.242731,0.425176531,0.465274304,0.574823499
19243,19.243732,0.425038159,0.46521011,0.574961901
19244,19.244731,0.424899995,0.465145975,0.575100005
19245,19.245732,0.424820483,0.46510908,0.575179517
19246,19.246736,0.424683064,0.465045273,0.575316906
19247,19.247848,0.424452901,0.464938492,0.575547159
19248,19.248737,0.42443338,0.464929402,0.57556659
19249,19.249738,0.424120218,0.464784086,0.575879812
19250,19.250737,0.424042612,0.464748055,0.575957417
19251,19.251738,0.423847228,0.464657366,0.576152742
19252,19.252739,0.423830062,0.464649409,0.576169968
19253,19.253726,0.423601121,0.464543164,0.576365054
19254,19.254727,0.423465937,0.4644804,0.576534033
19255,19.255729,0.423390746,0.464445531,0.576609254
19256,19.256732,0.423196226,0.46435523,0.576803744
19257,19.257733,0.423061937,0.464292914,0.576938033
19258,19.258745,0.423047811,0.464286387,0.576952219
19259,19.259732,0.422760725,0.464153141,0.577266216
19260,19.260732,0.422627062,0.464091092,0.577372909
19261,19.261732,0.422433585,0.464001298,0.577566385
19262,19.262732,0.422481924,0.464023739,0.577518046
19263,19.263731,0.422167778,0.463877946,0.577832222
19264,19.264731,0.422096163,0.463844717,0.577903867
19265,19.265731,0.421931058,0.463768095,0.578035891
19266,19.266734,0.421860307,0.463735223,0.578139663
19267,19.267735,0.421668202,0.463646084,0.578331828
19268,19.268828,0.421475768,0.463556796,0.578524292
19269,19.269728,0.42140618,0.463524491,0.57859385
19270,19.270729,0.421214402,0.463435471,0.578785598
19271,19.271729,0.421113014,0.463388413,0.578793287
19272,19.272730,0.421044469,0.463356614,0.578955531
19273,19.273729,0.420791864,0.463239372,0.579208136
19274,19.274729,0.420786023,0.46323666,0.579213977
19275,19.275729,0.42071867,0.463205427,0.57928139
19276,19.276732,0.420528471,0.463117152,0.579471588
19277,19.277732,0.420368135,0.463042706,0.579661727
19278,19.278732,0.420178235,0.462954611,0.579821825
19279,19.279748,0.420050263,0.462895215,0.579949737
19280,19.280736,0.419922858,0.462836087,0.580077171
19281,19.281735,0.419858128,0.462806046,0.580141902
19282,19.282736,0.419731468,0.462747246,0.580268562
19283,19.283735,0.419510782,0.462644845,0.580457807
19284,19.284736,0.41938442,0.462586194,0.58061564
19285,19.285735,0.419195682,0.462498605,0.580804348
19286,19.286738,0.419133097,0.462469548,0.580866933
19287,19.287853,0.419039637,0.462426156,0.580960333
19288,19.288729,0.418882728,0.462353349,0.581117272
19289,19.289836,0.418790221,0.462310404,0.581209779
19290,19.290736,0.418666035,0.462252766,0.581333935
19291,19.291737,0.418605328,0.462224603,0.581394672
19292,19.292737,0.418418467,0.462137878,0.581581593
19293,19.293736,0.418422133,0.462139577,0.581577837
19294,19.294737,0.418172002,0.462023497,0.581827998
19295,19.295738,0.418018639,0.461952299,0.581950665
19296,19.296728,0.417896301,0.461895525,0.58210367
19297,19.297730,0.417710304,0.461809218,0.582289696
19298,19.298730,0.417716742,0.461812228,0.582283318
19299,19.299731,0.417466819,0.461696208,0.582533181
19300,19.300745,0.417345703,0.46164,0.582654297
19301,19.301734,0.417259037,0.461599797,0.582710743
19302,19.302734,0.417009503,0.461483985,0.582990527
19303,19.303735,0.416953743,0.461458117,0.583046317
19304,19.304735,0.416898608,0.461432517,0.583101392
19305,19.305736,0.41677916,0.461377084,0.58322084
19306,19.306739,0.416594863,0.461291522,0.583405077
19307,19.307727,0.416511178,0.461252689,0.583523989
19308,19.308728,0.416457802,0.461227924,0.583542168
19309,19.309729,0.416144133,0.461082369,0.583855867
19310,19.310755,0.41615659,0.461088151,0.58384347
19311,19.311730,0.41603896,0.461033553,0.58396101
19312,19.312731,0.415790677,0.460918337,0.584209383
19313,19.313732,0.415644228,0.460850328,0.584326446
19314,19.314732,0.41565904,0.460857213,0.58434093
19315,19.315733,0.415608257,0.460833669,0.584391773
19316,19.316737,0.415294856,0.460688204,0.584705114
19317,19.317737,0.415245146,0.460665137,0.584754884
19318,19.318738,0.415063381,0.460580766,0.584936619
19319,19.319738,0.415051818,0.460575402,0.585051775
19320,19.320739,0.414804727,0.460460752,0.585195303
19321,19.321751,0.414823055,0.460469246,0.585176945
19322,19.322740,0.414575905,0.460354537,0.585424066
19323,19.323728,0.414595246,0.460363507,0.585404754
19324,19.324728,0.414481938,0.460310936,0.585518122
19325,19.325726,0.414340466,0.460245281,0.585631311
19326,19.326730,0.414027095,0.460099816,0.585972905
19327,19.327730,0.413981557,0.460078716,0.586018443
19328,19.328730,0.413869411,0.460026652,0.586130619
19329,19.329729,0.413958728,0.460068107,0.586041272
19330,19.330729,0.413713068,0.459954083,0.586286902
19331,19.331744,0.413641453,0.459920883,0.586398065
19332,19.332731,0.413396031,0.459806979,0.586603999
19333,19.333732,0.413352877,0.459786952,0.586647153
19334,19.334732,0.413444996,0.459829688,0.586555004
19335,19.335731,0.413200647,0.45971626,0.586799324
19336,19.336735,0.412955642,0.459602594,0.587044358
19337,19.337735,0.412819117,0.459539205,0.587085724
19338,19.338735,0.412913978,0.459583253,0.587086082
19339,19.339750,0.412737846,0.459501505,0.587262154
19340,19.340727,0.412561536,0.459419668,0.587438464
19341,19.341739,0.412385583,0.459338009,0.587614417
19342,19.342743,0.412346423,0.45931983,0.587653577
19343,19.343732,0.412212551,0.459257722,0.587760687
19344,19.344730,0.412037224,0.459176332,0.587962747
19345,19.345731,0.412067592,0.459190428,0.587932348
19346,19.346734,0.411961675,0.459141254,0.588038325
19347,19.347734,0.411856055,0.459092259,0.588143945
19348,19.348734,0.411750734,0.459043384,0.588249326
19349,19.349735,0.411619276,0.458982348,0.588354468
19350,19.350734,0.411514789,0.45893389,0.588485241
19351,19.351734,0.411341488,0.458853424,0.588658512
19352,19.352776,0.411306351,0.458837152,0.588693678
19353,19.353739,0.411133528,0.458756924,0.588866472
19354,19.354726,0.411030203,0.458709002,0.588969827
19355,19.355738,0.410901397,0.458649218,0.589073062
19356,19.356730,0.410729021,0.458569169,0.589270949
19357,19.357730,0.410696328,0.458554029,0.589303732
19358,19.358730,0.410663813,0.458538949,0.589336216
19359,19.359730,0.410492569,0.458459467,0.589507461
19360,19.360731,0.410391092,0.458412379,0.589608967
19361,19.361731,0.410334647,0.458386183,0.589709878
19362,19.362732,0.410094261,0.458274603,0.589905739
19363,19.363751,0.410064101,0.458260626,0.589935958
19364,19.364727,0.409963936,0.458214104,0.590036035
19365,19.365728,0.409934521,0.458200485,0.590065539
19366,19.366732,0.40969485,0.458089232,0.590305209
19367,19.367732,0.409571081,0.458031774,0.590263605
19368,19.368733,0.409613192,0.458051324,0.590386808
19369,19.369733,0.40944466,0.457973123,0.59055537
19370,19.370734,0.409346849,0.457927734,0.590653121
19371,19.371734,0.409319818,0.457915187,0.590680242
19372,19.372735,0.409081161,0.457804412,0.590918839
19373,19.373775,0.409101784,0.457814008,0.590898275
19374,19.374736,0.409005374,0.457769245,0.590994656
19375,19.375738,0.408838451,0.457691789,0.591161549
19376,19.376729,0.408742547,0.457647264,0.591257453
19377,19.377729,0.40864712,0.457602978,0.59135282
19378,19.378729,0.40855208,0.45755887,0.59144789
19379,19.379730,0.408433646,0.457547903,0.591471553
19380,19.380730,0.408481717,0.457526207,0.591518283
19381,19.381731,0.408245176,0.457416415,0.591754794
19382,19.382731,0.408223093,0.457406193,0.591776907
19383,19.383731,0.408129632,0.457362801,0.591870308
19384,19.384743,0.408036828,0.457319736,0.591963172
19385,19.385732,0.407849431,0.457232773,0.592055738
19386,19.386736,0.407757103,0.457189918,0.592242837
19387,19.387736,0.407737076,0.457180619,0.592262924
19388,19.388736,0.407501638,0.457071364,0.592498302
19389,19.389737,0.407410443,0.457029045,0.592589617
19390,19.390744,0.407463729,0.457053781,0.59253633
19391,19.391731,0.407278448,0.456967771,0.592554808
19392,19.392730,0.407188356,0.456925958,0.592811584
19393,19.393731,0.407170951,0.456917882,0.592828989
19394,19.394757,0.407081455,0.456876338,0.592918515
19395,19.395748,0.406920075,0.456801444,0.593079925
19396,19.396728,0.406686097,0.456692874,0.593313932
19397,19.397727,0.406793594,0.456719309,0.59325695
19398,19.398728,0.406705588,0.456701905,0.593294382
19399,19.399728,0.406545371,0.456627548,0.593454599
19400,19.400728,0.406530917,0.456620842,0.593469024
19401,19.401727,0.406371057,0.456546664,0.593628943
19402,19.402728,0.406284541,0.456506491,0.593715429
19403,19.403728,0.406103671,0.456466466,0.593801618
19404,19.404729,0.40616408,0.456450582,0.59383589
19405,19.405794,0.406005591,0.456377029,0.593994379
19406,19.406734,0.405847192,0.456303537,0.594152808
19407,19.407734,0.405835629,0.456298172,0.594164371
19408,19.408735,0.405824631,0.456293046,0.594175339
19409,19.409735,0.405572712,0.456176162,0.594332755
19410,19.410735,0.405636191,0.456205606,0.594363809
19411,19.411735,0.405405611,0.456098586,0.594594359
19412,19.412734,0.405396342,0.456094295,0.594603658
19413,19.413734,0.405313849,0.456055999,0.594686151
19414,19.414734,0.405157626,0.45598352,0.594842434
19415,19.415734,0.405129135,0.455970287,0.594850361
19416,19.416746,0.404973716,0.455898136,0.595026255
19417,19.417734,0.404966593,0.455894858,0.595033467
19418,19.418734,0.404885858,0.455857396,0.595114172
19419,19.419734,0.404731274,0.455785632,0.595268726
19420,19.420734,0.404725462,0.45578295,0.595274568
19421,19.421733,0.4047001,0.455771178,0.595428586
19422,19.422733,0.404472113,0.45566535,0.595527887
19423,19.423734,0.404467642,0.455663294,0.595532417
19424,19.424734,0.404314518,0.455592215,0.595685482
19425,19.425735,0.404236346,0.455555916,0.595763624
19426,19.426898,0.404213548,0.455545366,0.595786452
19427,19.427737,0.404210746,0.455544055,0.595769942
19428,19.428739,0.404059172,0.455473691,0.595940769
19429,19.429739,0.404057115,0.455472767,0.595942914
19430,19.430727,0.403906047,0.455402642,0.596093953
19431,19.431728,0.403904974,0.455402136,0.596095026
19432,19.432729,0.403754413,0.455332279,0.596245646
19433,19.433729,0.403660268,0.455297261,0.596320987
19434,19.434729,0.403585523,0.455253899,0.596414506
19435,19.435729,0.403586119,0.455254167,0.596413851
19436,19.436733,0.403436929,0.455184937,0.596563101
19437,19.437752,0.403363019,0.455150634,0.596637011
19438,19.438740,0.403289616,0.45511654,0.596710324
19439,19.439729,0.403198391,0.455047667,0.596858799
19440,19.440729,0.403125852,0.455040574,0.596874177
19441,19.441749,0.403128892,0.455041975,0.596871138
19442,19.442738,0.402981579,0.454973578,0.597018361
19443,19.443739,0.402985632,0.454975486,0.597014368
19444,19.444726,0.402838886,0.454907387,0.597161174
19445,19.445728,0.402750343,0.454874486,0.597231984
19446,19.446732,0.402755737,0.454868764,0.597244203
19447,19.447732,0.402685791,0.454836309,0.597314179
19448,19.448749,0.402540207,0.454768747,0.597459793
19449,19.449738,0.40239495,0.454701334,0.59760505
19450,19.450739,0.402402043,0.454704612,0.597597897
19451,19.451739,0.402392417,0.454700172,0.597590685
19452,19.452727,0.402172118,0.45459792,0.597827911
19453,19.453728,0.402180433,0.454601794,0.597819626
19454,19.454727,0.402189225,0.454605877,0.597810805
19455,19.455728,0.401969671,0.454503983,0.598030388
19456,19.456731,0.402055502,0.454543799,0.597944498
19457,19.457731,0.401972711,0.454548419,0.597934484
19458,19.458906,0.401906967,0.454474866,0.598093033
19459,19.459730,0.401765049,0.454409003,0.598235011
19460,19.460732,0.401699781,0.454378694,0.598300159
19461,19.461733,0.401711583,0.454384178,0.598288417
19462,19.462733,0.40164724,0.454354346,0.59835279
19463,19.463733,0.401643693,0.454324543,0.598416865
19464,19.464732,0.401426941,0.454252094,0.598573089
19465,19.465732,0.40136373,0.454222739,0.59863627
19466,19.466736,0.401223958,0.454157889,0.598776102
19467,19.467736,0.401315153,0.454200208,0.598684907
19468,19.468737,0.401099145,0.454099953,0.598900914
19469,19.469746,0.401098996,0.454099894,0.598962665
19470,19.470734,0.401037514,0.454071343,0.598962486
19471,19.471734,0.400976598,0.45404309,0.599023402
19472,19.472734,0.401070118,0.454086483,0.598929882
19473,19.473734,0.400932968,0.454022825,0.599067092
19474,19.474733,0.40071851,0.453923315,0.59928149
19475,19.475734,0.400798827,0.453895688,0.599341035
19476,19.476738,0.400816977,0.453969002,0.599183023
19477,19.477738,0.400681049,0.45390591,0.599318922
19478,19.478738,0.400545448,0.453842998,0.599454582
19479,19.479802,0.400550485,0.453852028,0.599435091
19480,19.480739,0.40050745,0.453825355,0.59949255
19481,19.481740,0.400358498,0.453756213,0.599627197
19482,19.482728,0.400301605,0.453729808,0.599698365
19483,19.483728,0.400245309,0.453703701,0.599754691
19484,19.484728,0.400111467,0.453641564,0.599888504
19485,19.485728,0.40013361,0.453651845,0.59986639
19486,19.486731,0.400078237,0.453626156,0.599921763
19487,19.487731,0.400009722,0.453636825,0.599898815
19488,19.488730,0.400033087,0.453605175,0.599966884
19489,19.489731,0.40005675,0.453616172,0.59994328
19490,19.490747,0.399847388,0.453519017,0.600152612
19491,19.491739,0.399794012,0.453494251,0.600206017
19492,19.492726,0.399741083,0.453469664,0.600258887
19493,19.493728,0.399597108,0.453408927,0.600389719
19494,19.494729,0.399701297,0.453451216,0.600298703
19495,19.495755,0.399727583,0.453463405,0.600272417
19496,19.496744,0.399676293,0.453439593,0.600323677
19497,19.497734,0.399468929,0.453343391,0.600531101
19498,19.498733,0.399496526,0.453356177,0.600503445
19499,19.499734,0.399355412,0.453296483,0.600632071
19500,19.500862,0.399383962,0.453303933,0.600616038
19501,19.501734,0.39933449,0.453280985,0.600665569
19502,19.502736,0.399128467,0.45318538,0.600871563
19503,19.503735,0.399158299,0.453199208,0.600841641
19504,19.504736,0.399031252,0.453140229,0.600968719
19505,19.505736,0.398971319,0.453154504,0.600938082
19506,19.506729,0.398923814,0.4530904,0.601076245
19507,19.507728,0.398955405,0.453105032,0.601044595
19508,19.508730,0.398908526,0.453083277,0.601091444
19509,19.509730,0.398783267,0.453025132,0.601216674
19510,19.510730,0.398816168,0.453040421,0.601183832
19511,19.511746,0.39868024,0.452977329,0.601229489
19512,19.512733,0.398713976,0.452992976,0.601285994
19513,19.513735,0.398669064,0.452972174,0.601330996
19514,19.514735,0.398545682,0.452914894,0.601454318
19515,19.515736,0.398580611,0.452931106,0.60141933
19516,19.516726,0.398536861,0.452910781,0.601463139
19517,19.517728,0.398561805,0.452963978,0.601348519
19518,19.518729,0.398597926,0.452939123,0.601402044
19519,19.519729,0.398239046,0.452772588,0.601760983
19520,19.520729,0.398355365,0.45282656,0.601644635
19521,19.521728,0.398392767,0.452843904,0.601607203
19522,19.522747,0.398272336,0.452788025,0.601727664
19523,19.523735,0.39830032,0.452768981,0.601768672
19524,19.524735,0.398259819,0.452782214,0.601740181
19525,19.525735,0.39814049,0.452726841,0.60185951
19526,19.526738,0.398100764,0.452708393,0.601899207
19527,19.527738,0.398061395,0.452690125,0.601938605
19528,19.528738,0.398101687,0.452708811,0.601898253
19529,19.529739,0.397894621,0.452612728,0.602095783
19530,19.530739,0.39801544,0.452668816,0.60198462
19531,19.531739,0.39797765,0.452651262,0.602022409
19532,19.532803,0.397860736,0.452597022,0.602139294
19533,19.533730,0.397823721,0.452579826,0.602176309
19534,19.534731,0.397707462,0.452525884,0.602292538
19535,19.535731,0.397741765,0.452545971,0.602249205
19536,19.536733,0.397944421,0.452635854,0.602055609
19537,19.537734,0.397750199,0.452545702,0.602249742
19538,19.538735,0.397555739,0.452455461,0.602444291
19539,19.539734,0.397680461,0.452513337,0.602319539
19540,19.540735,0.397646219,0.452497452,0.602353752
19541,19.541734,0.397683561,0.452481747,0.602387607
19542,19.542735,0.39741087,0.452388227,0.60258913
19543,19.543749,0.397537529,0.452446997,0.602462411
19544,19.544737,0.397424996,0.452394783,0.602575004
19545,19.545738,0.397312641,0.452342629,0.602687359
19546,19.546728,0.397280723,0.452327818,0.602719307
19547,19.547729,0.397321343,0.452350289,0.602670908
19548,19.548729,0.39737013,0.452369303,0.60262984
19549,19.549729,0.397259563,0.452318013,0.602740467
19550,19.550728,0.397229224,0.452303916,0.602770746
19551,19.551754,0.397279263,0.452327162,0.602720797
19552,19.552743,0.397089541,0.452239096,0.602910459
19553,19.553758,0.397133261,0.452259392,0.602866769
19554,19.554744,0.397024274,0.452208787,0.602975726
19555,19.555732,0.39707619,0.452232897,0.60292381
19556,19.556737,0.397048205,0.452219903,0.602951765
19557,19.557738,0.397020698,0.452207148,0.602979302
19558,19.558738,0.397073656,0.452231705,0.602926314
19559,19.559739,0.397040248,0.452219307,0.602953196
19560,19.560726,0.396933615,0.452166736,0.603066444
19561,19.561739,0.39682734,0.452117413,0.60317266
19562,19.562728,0.396962374,0.452180088,0.603037655
19563,19.563728,0.396776497,0.45209381,0.603223503
19564,19.564798,0.39682591,0.452116758,0.60317415
19565,19.565736,0.396881878,0.452108264,0.603192329
19566,19.566729,0.396616518,0.452019542,0.603383422
19567,19.567729,0.396834314,0.452120632,0.603165686
19568,19.568730,0.396730781,0.452072591,0.603269219
19569,19.569729,0.396627426,0.452024639,0.603372574
19570,19.570731,0.396685541,0.45205161,0.603314519
19571,19.571731,0.396658003,0.45207864,0.603256106
19572,19.572732,0.396636426,0.452028781,0.603363514
19573,19.573732,0.396534652,0.451981544,0.603465319
19574,19.574732,0.396674782,0.452046603,0.603325188
19575,19.575751,0.396734744,0.452074409,0.603265226
19576,19.576730,0.396553874,0.451990485,0.603446126
19577,19.577730,0.396529377,0.452018708,0.60338527
19578,19.578731,0.39659062,0.452007532,0.60340935
19579,19.579731,0.396571815,0.4519988,0.603428125
19580,19.580732,0.396472871,0.451952875,0.603527069
19581,19.581732,0.396454751,0.45194447,0.603545189
19582,19.582733,0.396437109,0.451936305,0.603562891
19583,19.583733,0.396496147,0.451928288,0.603580236
19584,19.584733,0.396317959,0.451880991,0.603682041
19585,19.585860,0.396382272,0.451910853,0.603617728
19586,19.586731,0.396446884,0.451940835,0.603553116
19587,19.587731,0.396350533,0.451896131,0.603649497
19588,19.588730,0.396415949,0.45192647,0.603584051
19589,19.589731,0.396316707,0.451882094,0.603679657
19590,19.590731,0.396302283,0.45187372,0.603697717
19591,19.591731,0.39636898,0.451904684,0.60363102
19592,19.592731,0.396355271,0.451898307,0.603644729
19593,19.593730,0.396180391,0.451817155,0.603819609
19594,19.594730,0.396329075,0.451886177,0.603670955
19595,19.595730,0.396232784,0.451805353,0.603845119
19596,19.596789,0.396301478,0.451873362,0.603698552
19597,19.597727,0.396209061,0.451830447,0.603790939
19598,19.598729,0.396197826,0.451825261,0.603802204
19599,19.599729,0.396186888,0.451820165,0.603813112
19600,19.600729,0.396257162,0.451852798,0.603742838
19601,19.601729,0.396082848,0.451735407,0.60399574
19602,19.602728,0.396154135,0.451804966,0.603845835
19603,19.603729,0.396063924,0.451763093,0.603936076
19604,19.604729,0.39621678,0.451834023,0.60378319
19605,19.605729,0.396208316,0.451830119,0.603791714
19606,19.606732,0.396119297,0.451788813,0.603880703
19607,19.607743,0.396190554,0.451821864,0.603888392
19608,19.608731,0.395940363,0.451705754,0.604059637
19609,19.609731,0.396176428,0.451815307,0.603823543
19610,19.610731,0.396169931,0.451812297,0.603830099
19611,19.611750,0.396001995,0.451734364,0.603998065
19612,19.612739,0.396077245,0.451769292,0.603922784
19613,19.613737,0.3960706,0.45180434,0.603847146
19614,19.614739,0.39622736,0.45183894,0.603772581
19615,19.615739,0.396061271,0.451761872,0.603938699
19616,19.616730,0.396138042,0.451797485,0.603861928
19617,19.617824,0.396133482,0.451795399,0.603865623
19618,19.618736,0.396211803,0.451831728,0.603788197
19619,19.619737,0.395965546,0.451717734,0.604033768
19620,19.620737,0.396044075,0.451753885,0.603955865
19621,19.621738,0.39604193,0.451752871,0.603958011
19622,19.622738,0.396121144,0.451789647,0.603878856
19623,19.623738,0.396038979,0.45175153,0.603961051
19624,19.624739,0.396038026,0.451751083,0.603961945
19625,19.625728,0.39603734,0.451788366,0.603881598
19626,19.626730,0.396118224,0.451788306,0.603881776
19627,19.627732,0.396037608,0.451750875,0.603962362
19628,19.628742,0.396038353,0.451751232,0.603961706
19629,19.629731,0.396039367,0.451751709,0.603960633
19630,19.630732,0.396040857,0.451752394,0.603959143
19631,19.631731,0.396204859,0.45179078,0.603876412
19632,19.632732,0.396126449,0.451792121,0.603873551
19633,19.633733,0.395967215,0.451718211,0.604032755
19634,19.634733,0.396051377,0.451757282,0.603948593
19635,19.635735,0.396135688,0.451796412,0.603864312
19636,19.636738,0.395977646,0.451723039,0.604022324
19637,19.637738,0.39598307,0.451800168,0.603856206
19638,19.638828,0.396149576,0.45180285,0.603850424
19639,19.639729,0.396154672,0.451805234,0.603845358
19640,19.640730,0.396160126,0.451807737,0.603839874
19641,19.641730,0.396246761,0.45184797,0.603753269
19642,19.642731,0.396091431,0.451775879,0.603908598
19643,19.643731,0.39618063,0.451816469,0.603821099
19644,19.644732,0.396268487,0.451858044,0.603731513
19645,19.645732,0.396114439,0.451786548,0.603885531
19646,19.646735,0.396041274,0.451752603,0.603958726
19647,19.647736,0.396211326,0.45183152,0.603788674
19648,19.648737,0.396058202,0.451760441,0.603941798
19649,19.649744,0.396231353,0.451840818,0.603851795
19650,19.650733,0.396079093,0.451770127,0.603920877
19651,19.651733,0.396250725,0.451849788,0.603749275
19652,19.652733,0.396261036,0.451854587,0.603739023
19653,19.653732,0.396190822,0.451822013,0.603809237
19654,19.654732,0.396201879,0.451827139,0.603798151
19655,19.655730,0.396216184,0.451869905,0.603705943
19656,19.656734,0.396147132,0.451801717,0.603852868
19657,19.657734,0.396240354,0.45184499,0.603759646
19658,19.658734,0.396333754,0.451888323,0.603666306
19659,19.659807,0.396266073,0.451856911,0.603733897
19660,19.660734,0.396279484,0.45186314,0.603720546
19661,19.661735,0.396215975,0.451869547,0.603706717
19662,19.662735,0.396391749,0.451915264,0.603608251
19663,19.663735,0.396325737,0.451884627,0.603674293
19664,19.664735,0.396340758,0.451891571,0.603659213
19665,19.665750,0.39643696,0.451936245,0.60356307
19666,19.666729,0.396452785,0.451943576,0.603547215
19667,19.667729,0.39647302,0.451951057,0.603531063
19668,19.668729,0.39632836,0.451885819,0.60367161
19669,19.669728,0.396264583,0.451856226,0.603735447
19670,19.670753,0.396443576,0.451939285,0.603556395
19671,19.671730,0.396541983,0.451984972,0.603458047
19672,19.672729,0.396479577,0.451956004,0.603520453
19673,19.673730,0.396583378,0.452001989,0.603421271
19674,19.674729,0.396521926,0.451975644,0.603478074
19675,19.675730,0.396541357,0.451984674,0.603458643
19676,19.676733,0.396561205,0.451993883,0.603438795
19677,19.677733,0.396661878,0.452040613,0.603338122
19678,19.678733,0.396601975,0.452012807,0.603398025
19679,19.679732,0.396628201,0.452059865,0.603296638
19680,19.680841,0.396649718,0.45203498,0.603350282
19681,19.681729,0.396671534,0.452045113,0.603328526
19682,19.682729,0.396854401,0.45212996,0.603145599
19683,19.683730,0.396716297,0.452065855,0.603283703
19684,19.684729,0.396739274,0.452076554,0.603260756
19685,19.685729,0.39676851,0.452124625,0.603157043
19686,19.686733,0.396792352,0.452101171,0.603207648
19687,19.687733,0.39689678,0.45214963,0.60310328
19688,19.688734,0.396921337,0.452161014,0.603078663
19689,19.689733,0.396785676,0.452098072,0.603214324
19690,19.690735,0.396891415,0.452147126,0.603108585
19691,19.691747,0.397003829,0.45219931,0.602922559
19692,19.692736,0.39686951,0.452136993,0.603130519
19693,19.693736,0.396896094,0.452149302,0.603103876
19694,19.694736,0.397083521,0.452236295,0.602916479
19695,19.695737,0.39719075,0.452286065,0.602809191
19696,19.696729,0.397138536,0.452261835,0.602861464
19697,19.697729,0.39732644,0.452349037,0.602673531
19698,19.698729,0.397282243,0.452328533,0.602717757
19699,19.699730,0.397070915,0.452230453,0.602929115
19700,19.700731,0.397180378,0.452281237,0.602819562
19701,19.701796,0.397130013,0.452257872,0.602869987
19702,19.702734,0.397240222,0.452309012,0.602759719
19703,19.703734,0.397278398,0.452323139,0.602729321
19704,19.704735,0.397309422,0.452341139,0.602690578
19705,19.705737,0.397420555,0.452392697,0.602579415
19706,19.706728,0.397531986,0.452444434,0.602468014
19707,19.707728,0.397404402,0.452385217,0.602595627
19708,19.708729,0.397436887,0.452400297,0.602563143
19709,19.709730,0.397637427,0.45245257,0.60245049
19710,19.710730,0.397511244,0.452434808,0.602488756
19711,19.711731,0.397624701,0.452487469,0.602375329
19712,19.712748,0.397579044,0.452466249,0.602420926
19713,19.713737,0.397613525,0.452482283,0.602386475
19714,19.714738,0.397727847,0.452535331,0.602272153
19715,19.715739,0.397771895,0.452514708,0.602316558
19716,19.716890,0.397727996,0.452535391,0.602271974
19717,19.717727,0.397843599,0.452589065,0.60215646
19718,19.718728,0.397800386,0.452568978,0.602199554
19719,19.719727,0.397837281,0.452586114,0.602162719
19720,19.720728,0.397953868,0.452640206,0.602046072
19721,19.721728,0.397911906,0.452620745,0.602088094
19722,19.722761,0.397959322,0.452642739,0.602040648
19723,19.723736,0.39807719,0.452697456,0.60192281
19724,19.724737,0.39803654,0.452678591,0.60196346
19725,19.725737,0.397996247,0.452659905,0.602003813
19726,19.726727,0.397956312,0.452641368,0.602043748
19727,19.727728,0.398075759,0.4526968,0.601924241
19728,19.728728,0.398205549,0.452757031,0.601794481
19729,19.729728,0.398325443,0.452812672,0.601674557
19730,19.730728,0.398287386,0.452795029,0.601712644
19731,19.731727,0.398328871,0.452814281,0.601671159
19732,19.732728,0.398291528,0.452796936,0.601708531
19733,19.733755,0.398502648,0.452894926,0.601508021
19734,19.734730,0.398702919,0.45298788,0.60129714
19735,19.735730,0.398667246,0.452971309,0.601332784
19736,19.736733,0.398631781,0.452954859,0.601368248
19737,19.737732,0.398675561,0.452975154,0.601324439
19738,19.738733,0.398640901,0.45295909,0.601359129
19739,19.739732,0.398854226,0.452943116,0.601393521
19740,19.740733,0.398741692,0.45300585,0.601258278
19741,19.741732,0.398944497,0.453099966,0.601055503
19742,19.742733,0.398911715,0.453084767,0.601088285
19743,19.743753,0.398957849,0.453106165,0.601042151
19744,19.744728,0.398925632,0.453091204,0.601074338
19745,19.745729,0.398972541,0.45311299,0.601027489
19746,19.746731,0.399110198,0.453176886,0.600889802
19747,19.747732,0.399236381,0.453235447,0.600763619
19748,19.748732,0.399127573,0.453184962,0.600872457
19749,19.749732,0.399176002,0.453207433,0.600823998
19750,19.750732,0.399224937,0.453230143,0.600775063
19751,19.751731,0.399117053,0.453180075,0.600883007
19752,19.752732,0.399492741,0.453354418,0.600507259
19753,19.753732,0.399386197,0.453304976,0.600613832
19754,19.754753,0.399436712,0.453328401,0.600563228
19755,19.755729,0.399487495,0.453351974,0.600512505
19756,19.756733,0.399616838,0.453411996,0.600383162
19757,19.757735,0.399759382,0.453435957,0.600331604
19758,19.758735,0.399577022,0.453393549,0.600423038
19759,19.759736,0.399707645,0.453454137,0.600292325
19760,19.760736,0.399838418,0.453514844,0.600161552
19761,19.761736,0.39996925,0.453575581,0.60003078
19762,19.762737,0.399866998,0.453528106,0.600133002
19763,19.763738,0.399934381,0.453589261,0.600001335
19764,19.764793,0.399988651,0.453584552,0.600011349
19765,19.765730,0.400121093,0.453646034,0.599878907
19766,19.766735,0.400020599,0.453599393,0.599979401
19767,19.767736,0.400153846,0.453661233,0.599846125
19768,19.768736,0.400209606,0.453687131,0.599790394
19769,19.769737,0.400357425,0.453749269,0.599656582
19770,19.770737,0.400336564,0.453746051,0.599663496
19771,19.771737,0.400393486,0.453772455,0.599606514
19772,19.772738,0.400450826,0.453799069,0.599549174
19773,19.773738,0.400508583,0.453825861,0.599491358
19774,19.774726,0.400566727,0.453852862,0.599433243
19775,19.775780,0.400717169,0.453922689,0.599282861
19776,19.776754,0.400621355,0.453878224,0.599378705
19777,19.777729,0.400835276,0.453977495,0.599164724
19778,19.778730,0.400817722,0.453969359,0.599182308
19779,19.779729,0.400954783,0.454032958,0.599045217
19780,19.780731,0.401015073,0.454060942,0.598984897
19781,19.781732,0.40107584,0.454089135,0.59892416
19782,19.782731,0.401075244,0.454088867,0.598924756
19783,19.783731,0.401213765,0.45415315,0.598786235
19784,19.784730,0.401198804,0.454146206,0.598801136
19785,19.785763,0.401261091,0.454175115,0.598738909
19786,19.786739,0.401323706,0.454204172,0.598676324
19787,19.787740,0.401402593,0.454233438,0.598613262
19788,19.788728,0.401466131,0.454270273,0.598533869
19789,19.789728,0.401453197,0.454264283,0.598546863
19790,19.790728,0.401670665,0.454365194,0.598329306
19791,19.791728,0.401658624,0.454359591,0.598341346
19792,19.792728,0.401876479,0.45446074,0.59812355
19793,19.793727,0.401865304,0.454455525,0.598134696
19794,19.794728,0.401947349,0.454493612,0.598052621
19795,19.795729,0.401860774,0.454453439,0.598139286
19796,19.796748,0.401927203,0.454484254,0.598072767
19797,19.797736,0.402222633,0.454621345,0.597777307
19798,19.798736,0.401984811,0.454510987,0.598015189
19799,19.799735,0.402374178,0.454648554,0.597718716
19800,19.800736,0.402213871,0.454617292,0.597786069
19801,19.801736,0.402358443,0.454684377,0.597641528
19802,19.802735,0.402503043,0.454751492,0.597496927
19803,19.803735,0.402647853,0.454818726,0.597352147
19804,19.804735,0.402565658,0.454780549,0.597434282
19805,19.805736,0.402804404,0.454812974,0.597364545
19806,19.806855,0.402723223,0.454853714,0.597276807
19807,19.807734,0.402793944,0.454886526,0.597206056
19808,19.808735,0.402864814,0.454919398,0.597135186
19809,19.809734,0.402860463,0.454917371,0.597139537
19810,19.810735,0.403083384,0.455020845,0.596916676
19811,19.811734,0.403079838,0.455019206,0.596920192
19812,19.812735,0.403094918,0.455026209,0.596905112
19813,19.813733,0.403167725,0.455059975,0.596832275
19814,19.814735,0.403391689,0.455163926,0.596608281
19815,19.815735,0.40338999,0.455163151,0.59661001
19816,19.816738,0.40346396,0.455197453,0.59653604
19817,19.817747,0.403481662,0.455231905,0.596461892
19818,19.818734,0.403631449,0.455275178,0.596368551
19819,19.819737,0.40370658,0.455310076,0.596293449
19820,19.820737,0.40378198,0.455345064,0.59621799
19821,19.821738,0.403932542,0.455414951,0.596067488
19822,19.822738,0.403859049,0.455380827,0.596140981
19823,19.823738,0.404029578,0.455416322,0.596064448
19824,19.824739,0.404031754,0.455460966,0.595968246
19825,19.825728,0.404183716,0.455531508,0.595816255
19826,19.826926,0.404355347,0.455611169,0.595644593
19827,19.827727,0.40441379,0.455638289,0.59558624
19828,19.828748,0.404343128,0.455605507,0.595656872
19829,19.829737,0.404664516,0.455676615,0.595503569
19830,19.830737,0.404520929,0.455688,0.595479071
19831,19.831738,0.404822946,0.45582819,0.595177054
19832,19.832739,0.404754549,0.455796421,0.595245421
19833,19.833738,0.404908776,0.455868006,0.595091224
19834,19.834740,0.404915333,0.455871046,0.595084667
19835,19.835728,0.405143917,0.455977142,0.594856024
19836,19.836732,0.405097723,0.455955684,0.594902277
19837,19.837732,0.405179322,0.455993563,0.594820619
19838,19.838784,0.405261487,0.45603168,0.594738483
19839,19.839734,0.40534386,0.456069946,0.594656169
19840,19.840735,0.405426502,0.456108302,0.594573498
19841,19.841735,0.405583143,0.45618096,0.594416797
19842,19.842735,0.405613959,0.456195295,0.594386041
19843,19.843736,0.405697703,0.456234157,0.594302297
19844,19.844737,0.405781925,0.456273258,0.594218075
19845,19.845738,0.405866563,0.456312537,0.594133496
19846,19.846729,0.405878097,0.456317872,0.594121933
19847,19.847730,0.406109691,0.456425369,0.593890309
19848,19.848730,0.40607059,0.456407219,0.59392941
19849,19.849744,0.406229705,0.45648104,0.593770266
19850,19.850732,0.406243145,0.456487298,0.593756795
19851,19.851730,0.406475723,0.456595242,0.593524277
19852,19.852732,0.406489849,0.456601799,0.593510151
19853,19.853731,0.406577349,0.456642389,0.593422651
19854,19.854732,0.406759679,0.456727028,0.593240321
19855,19.855731,0.406629771,0.456666738,0.593370259
19856,19.856733,0.406863809,0.456775337,0.593136191
19857,19.857734,0.406952649,0.456816584,0.59304738
19858,19.858735,0.407041728,0.45685792,0.592958212
19859,19.859760,0.407225996,0.456943452,0.592941105
19860,19.860735,0.407316029,0.456985235,0.592684031
19861,19.861734,0.407334089,0.45699361,0.592665911
19862,19.862735,0.407352507,0.457002133,0.592647433
19863,19.863736,0.407587707,0.457111299,0.592412293
19864,19.864735,0.407750696,0.457186937,0.592249274
19865,19.865736,0.40769875,0.457162827,0.59230125
19866,19.866739,0.407741994,0.457182914,0.592257977
19867,19.867739,0.407906264,0.457259148,0.592093706
19868,19.868739,0.407927275,0.457268894,0.592072725
19869,19.869728,0.40809226,0.457345486,0.59190774
19870,19.870748,0.408185661,0.457388818,0.591814399
19871,19.871736,0.408279419,0.45743233,0.591720581
19872,19.872737,0.408397257,0.457487017,0.591602683
19873,19.873737,0.408420444,0.457497776,0.591579556
19874,19.874737,0.408586621,0.457574904,0.591413379
19875,19.875737,0.408752859,0.457652062,0.591247141
19876,19.876728,0.408777475,0.457663476,0.591222525
19877,19.877728,0.408873349,0.457707971,0.59112668
19878,19.878728,0.409135163,0.457829475,0.5910303
19879,19.879727,0.4090904,0.457808703,0.5909096
19880,19.880793,0.409187496,0.457853764,0.590812504
19881,19.881731,0.4092848,0.457898915,0.59071517
19882,19.882731,0.409382403,0.457944244,0.590617657
19883,19.883732,0.409550846,0.458022416,0.590449154
19884,19.884733,0.40967384,0.458079457,0.59032613
19885,19.885949,0.409656584,0.45807147,0.590343416
19886,19.886728,0.409871459,0.458171219,0.590128601
19887,19.887729,0.40997082,0.458217293,0.59002912
19888,19.888729,0.410000414,0.458231032,0.589999557
19889,19.889729,0.41010046,0.458277464,0.58989954
19890,19.890731,0.410085946,0.458270729,0.589914024
19891,19.891745,0.410326958,0.458382607,0.589673042
19892,19.892734,0.410497785,0.458461881,0.589502215
19893,19.893735,0.410529494,0.458476603,0.589470506
19894,19.894736,0.410631359,0.45852387,0.589368641
19895,19.895735,0.410594404,0.458506733,0.589405596
19896,19.896739,0.410861731,0.45863077,0.58913821
19897,19.897727,0.411033899,0.4587107,0.588966131
19898,19.898727,0.410998434,0.45869422,0.589001536
19899,19.899728,0.411171436,0.458774507,0.588828564
19900,19.900730,0.411275238,0.458822697,0.588724732
19901,19.901797,0.411405444,0.458883137,0.588594556
19902,19.902735,0.41151002,0.458931684,0.588490009
19903,19.903736,0.411615103,0.458980441,0.588384926
19904,19.904735,0.411720335,0.459029287,0.588279724
19905,19.905737,0.411757082,0.459046304,0.588242888
19906,19.906728,0.411863208,0.459095567,0.588136792
19907,19.907729,0.411969483,0.45914489,0.588030517
19908,19.908728,0.412239552,0.459270239,0.587855518
19909,19.909730,0.412346423,0.45931986,0.587653637
19910,19.910731,0.412385494,0.45933795,0.587614477
19911,19.911731,0.412493259,0.459387958,0.587506711
19912,19.912750,0.412669122,0.459469587,0.587330818
19913,19.913726,0.412709355,0.459488273,0.587290645
19914,19.914737,0.412912905,0.459582746,0.587087095
19915,19.915738,0.413021922,0.459633321,0.586978018
19916,19.916728,0.412995636,0.459621131,0.587004364
19917,19.917729,0.413105309,0.459672034,0.586894751
19918,19.918728,0.41328305,0.459754527,0.58671695
19919,19.919728,0.413460582,0.4598369,0.586539388
19920,19.920728,0.41346404,0.45983851,0.586563706
19921,19.921729,0.413575083,0.459890068,0.586424947
19922,19.922805,0.413686574,0.459941804,0.586313367
19923,19.923729,0.413865387,0.460024774,0.586134553
19924,19.924730,0.414044112,0.460107744,0.585955918
19925,19.925730,0.414022565,0.46009773,0.585977435
19926,19.926733,0.414297193,0.460225195,0.585702777
19927,19.927733,0.414343357,0.460246623,0.585656643
19928,19.928732,0.414589584,0.460360885,0.585410416
19929,19.929732,0.414570093,0.460351825,0.585429907
19930,19.930732,0.414750546,0.460435599,0.585249424
19931,19.931732,0.4148646,0.460488528,0.5851354
19932,19.932733,0.41494149,0.460524231,0.58515352
19933,19.933747,0.415122598,0.460608244,0.584877372
19934,19.934735,0.415237665,0.46066168,0.584762335
19935,19.935734,0.415353119,0.460715234,0.584646881
19936,19.936737,0.415402979,0.460738391,0.584597051
19937,19.937737,0.415585041,0.46082288,0.584414959
19938,19.938737,0.415664941,0.460859954,0.584335029
19939,19.939738,0.415847272,0.460944593,0.584152758
19940,19.940738,0.415899038,0.460968614,0.584100962
19941,19.941738,0.416081727,0.461053401,0.583918273
19942,19.942738,0.416199625,0.461108118,0.583800375
19943,19.943775,0.416282058,0.461146384,0.583718002
19944,19.944754,0.416465521,0.4612315,0.58353442
19945,19.945729,0.416454375,0.461226344,0.583545685
19946,19.946733,0.416638464,0.461311758,0.583361506
19947,19.947732,0.416757882,0.46136722,0.583242178
19948,19.948733,0.416877389,0.461422652,0.583122551
19949,19.949732,0.416997612,0.461478442,0.583002329
19950,19.950733,0.417212576,0.46157822,0.582817554
19951,19.951733,0.417333066,0.461634129,0.582666874
19952,19.952733,0.417389959,0.461660564,0.582610071
19953,19.953734,0.417511225,0.461716831,0.582488775
19954,19.954755,0.417632788,0.461773247,0.582367241
19955,19.955730,0.417754889,0.461829931,0.582245171
19956,19.956735,0.418035269,0.461960047,0.582123041
19957,19.957734,0.417966485,0.461928129,0.582033515
19958,19.958735,0.418344021,0.462103337,0.581655979
19959,19.959735,0.418212682,0.462042391,0.581787348
19960,19.960736,0.418463618,0.462158859,0.581536412
19961,19.961737,0.41846028,0.462157279,0.58153975
19962,19.962736,0.418552101,0.462199897,0.581447899
19963,19.963737,0.418803394,0.462316513,0.581196606
19964,19.964764,0.418928355,0.462374508,0.581071615
19965,19.965749,0.419116408,0.462461799,0.580883622
19966,19.966728,0.419178724,0.462490708,0.580821276
19967,19.967729,0.419367343,0.462578237,0.580632627
19968,19.968730,0.419587404,0.462680399,0.580506802
19969,19.969730,0.419588357,0.462680817,0.580411613
19970,19.970731,0.419777453,0.462768584,0.580222547
19971,19.971731,0.419842124,0.462798625,0.580157936
19972,19.972732,0.419969231,0.462857604,0.580030799
19973,19.973732,0.420096874,0.462916821,0.579903066
19974,19.974733,0.420256764,0.462991029,0.579713225
19975,19.975795,0.420446813,0.463079244,0.579553187
19976,19.976735,0.420389563,0.46305266,0.579610407
19977,19.977738,0.420642287,0.463169962,0.579357743
19978,19.978738,0.420894533,0.463287026,0.579105437
19979,19.979738,0.420900881,0.463289976,0.579099119
19980,19.980738,0.421062917,0.463365167,0.578937054
19981,19.981737,0.421131462,0.463396996,0.578868568
19982,19.982738,0.421261817,0.463457465,0.578738153
19983,19.983738,0.421453953,0.463546634,0.578546047
19984,19.984738,0.42164579,0.463635683,0.57835418
19985,19.985738,0.421809703,0.463711739,0.578223169
19986,19.986749,0.421941072,0.463772714,0.578058898
19987,19.987737,0.422072858,0.463833898,0.577927172
19988,19.988737,0.422144473,0.463867128,0.577855468
19989,19.989737,0.422276855,0.46392858,0.577723145
19990,19.990737,0.422409445,0.463990092,0.577590525
19991,19.991737,0.422663093,0.464107811,0.577336907
19992,19.992737,0.422769427,0.464157164,0.577230573
19993,19.993737,0.422842801,0.464191228,0.577157199
19994,19.994737,0.422976673,0.464253336,0.577023268
19995,19.995736,0.423111022,0.464315712,0.576888978
19996,19.996836,0.423279077,0.464393705,0.576720953
19997,19.997958,0.423354179,0.464428544,0.576645792
19998,19.998734,0.423549145,0.464519024,0.576544285
19999,19.999735,0.423624992,0.46455422,0.576374948
20000,20.000734,0.423760742,0.464617252,0.576239288
20001,20.001735,0.423955977,0.464707851,0.576043963
20002,20.002734,0.42415148,0.46479857,0.57584852
20003,20.003735,0.424287945,0.4648619,0.575712025
20004,20.004735,0.424400002,0.464913905,0.57569325
20005,20.005734,0.424478263,0.464950234,0.575521708
20006,20.006737,0.424615741,0.46501404,0.575384259
20007,20.007753,0.424753755,0.465078115,0.575246274
20008,20.008731,0.424950242,0.465169281,0.575049758
20009,20.009730,0.425146639,0.465260416,0.574853301
20010,20.010730,0.425261587,0.465313792,0.574831128
20011,20.011730,0.425400645,0.465378314,0.574599326
20012,20.012731,0.425597668,0.465469748,0.574402273
20013,20.013731,0.425737202,0.465534538,0.574262857
20014,20.014731,0.425876677,0.465599239,0.574123263
20015,20.015732,0.425958902,0.465637416,0.574041128
20016,20.016736,0.426134169,0.465718746,0.573843479
20017,20.017774,0.426274657,0.465783954,0.573725343
20018,20.018737,0.426415771,0.465849459,0.573584259
20019,20.019736,0.426556915,0.465914965,0.573443115
20020,20.020738,0.426641375,0.465954125,0.573358595
20021,20.021739,0.42689696,0.466072768,0.573103011
20022,20.022727,0.427074313,0.466155082,0.573018074
20023,20.023727,0.427102923,0.466168344,0.572897077
20024,20.024728,0.427245736,0.466234624,0.572754264
20025,20.025729,0.427445173,0.46632719,0.572554827
20026,20.026732,0.427588195,0.46639356,0.572411835
20027,20.027733,0.427675426,0.466434062,0.572324574
20028,20.028744,0.42796737,0.466569543,0.57203269
20029,20.029732,0.428111106,0.46663624,0.571888864
20030,20.030733,0.428311169,0.466729075,0.571688771
20031,20.031733,0.428288132,0.466718405,0.571711898
20032,20.032734,0.428544253,0.466837287,0.571455777
20033,20.033733,0.428689331,0.46690461,0.571310699
20034,20.034734,0.428870827,0.466988862,0.571165562
20035,20.035735,0.428960741,0.467030555,0.5710392
20036,20.036727,0.429106832,0.467098355,0.570893168
20037,20.037727,0.429197729,0.467140555,0.570802271
20038,20.038754,0.429289043,0.467182934,0.570710897
20039,20.039744,0.429546058,0.467302233,0.570454001
20040,20.040733,0.4297297,0.467387438,0.570361912
20041,20.041734,0.429876775,0.467455685,0.570123196
20042,20.042735,0.430078954,0.467549533,0.569921017
20043,20.043734,0.430117756,0.467567563,0.569882274
20044,20.044735,0.430374235,0.467686564,0.569625735
20045,20.045734,0.430522621,0.467755437,0.569477379
20046,20.046737,0.430600137,0.467791408,0.569383085
20047,20.047737,0.430802912,0.467885524,0.569197059
20048,20.048736,0.430951923,0.467954665,0.569048047
20049,20.049757,0.431101501,0.468024105,0.568898499
20050,20.050731,0.43125093,0.468093455,0.56874907
20051,20.051732,0.431400865,0.468163043,0.568599164
20052,20.052753,0.431535214,0.46822539,0.568464756
20053,20.053728,0.431738853,0.468319893,0.568261147
20054,20.054729,0.431889772,0.468389928,0.568110228
20055,20.055729,0.432040572,0.468459904,0.567959428
20056,20.056732,0.43219167,0.468530059,0.56780839
20057,20.057731,0.432395935,0.46862486,0.567604125
20058,20.058732,0.432585388,0.468712777,0.567505181
20059,20.059732,0.432737172,0.46878323,0.567262888
20060,20.060750,0.432889163,0.468853742,0.567110837
20061,20.061739,0.432885021,0.468851835,0.567114949
20062,20.062738,0.43319428,0.468995363,0.56680572
20063,20.063739,0.433243155,0.469018042,0.566756845
20064,20.064739,0.433486938,0.469131202,0.566513121
20065,20.065727,0.433692038,0.46922639,0.566308022
20066,20.066729,0.43379426,0.469273806,0.56620574
20067,20.067731,0.433999598,0.469369113,0.566000402
20068,20.068731,0.434050947,0.469392955,0.565949082
20069,20.069731,0.43425703,0.469488591,0.56574297
20070,20.070838,0.434450507,0.469578356,0.565549433
20071,20.071739,0.434554398,0.469626576,0.565445542
20072,20.072738,0.43476063,0.469722301,0.56523937
20073,20.073739,0.434967011,0.469818085,0.565033019
20074,20.074727,0.435173035,0.469913691,0.564826965
20075,20.075726,0.435278326,0.469962567,0.564721644
20076,20.076730,0.435473502,0.470053166,0.564615607
20077,20.077730,0.435579956,0.470102549,0.564419985
20078,20.078730,0.435786724,0.470198512,0.564213276
20079,20.079730,0.435943484,0.47027126,0.564056516
20080,20.080729,0.436001211,0.470298052,0.563998759
20081,20.081747,0.436258107,0.470417291,0.563741922
20082,20.082735,0.436405778,0.470485806,0.56363374
20083,20.083736,0.436613023,0.470581979,0.563386917
20084,20.084737,0.436672539,0.470609605,0.563327432
20085,20.085737,0.436880589,0.470706165,0.563119411
20086,20.086729,0.437088192,0.470802546,0.562911808
20087,20.087729,0.437149107,0.470830798,0.562850893
20088,20.088730,0.437348247,0.470923215,0.562593758
20089,20.089730,0.437556654,0.471019953,0.562443376
20090,20.090730,0.437716275,0.471094012,0.562283695
20091,20.091784,0.437924445,0.471190631,0.562075555
20092,20.092739,0.438084722,0.471265018,0.561915278
20093,20.093728,0.438196748,0.471316993,0.561803222
20094,20.094729,0.438397527,0.471410185,0.561690688
20095,20.095729,0.438558668,0.471484989,0.561441362
20096,20.096733,0.43871969,0.471559733,0.56128037
20097,20.097734,0.438833505,0.471612543,0.561166525
20098,20.098734,0.439090073,0.471731603,0.560909927
20099,20.099735,0.439204395,0.471784651,0.560795605
20100,20.100734,0.439359933,0.471856833,0.560586214
20101,20.101736,0.439616412,0.471975863,0.560383558
20102,20.102750,0.439778686,0.472051173,0.560221255
20103,20.103738,0.439894497,0.472104937,0.560105503
20104,20.104726,0.440010905,0.472158968,0.559989095
20105,20.105727,0.440220743,0.472256362,0.559779286
20106,20.106732,0.440471351,0.472372651,0.559569538
20107,20.107732,0.440635115,0.472448647,0.559364855
20108,20.108733,0.440798789,0.472524613,0.559201181
20109,20.109732,0.440962732,0.472600698,0.559037268
20110,20.110733,0.441080987,0.472655594,0.558919013
20111,20.111732,0.441199958,0.472710818,0.558800042
20112,20.112860,0.441451728,0.472827643,0.558548212
20113,20.113754,0.441616833,0.472904265,0.558383167
20114,20.114729,0.441781998,0.472980917,0.558218002
20115,20.115730,0.441947699,0.473057836,0.558052301
20116,20.116734,0.44206813,0.473113716,0.55793184
20117,20.117733,0.442324042,0.473232508,0.557675958
20118,20.118733,0.442531437,0.473328739,0.557510138
20119,20.119732,0.442653328,0.473385334,0.557346702
20120,20.120733,0.442864299,0.473483235,0.557135701
20121,20.121733,0.443030924,0.473560572,0.556969106
20122,20.122733,0.443197995,0.473638088,0.556801975
20123,20.123746,0.443364978,0.473715574,0.556634963
20124,20.124733,0.443486124,0.473771811,0.556467831
20125,20.125734,0.443653852,0.473849654,0.556346118
20126,20.126737,0.443865895,0.473948091,0.556134164
20127,20.127737,0.444033861,0.474026024,0.555966139
20128,20.128737,0.444245756,0.474124342,0.555754185
20129,20.129736,0.44441402,0.474202454,0.55558598
20130,20.130737,0.444668174,0.474320412,0.555374026
20131,20.131738,0.44479385,0.474378735,0.55520612
20132,20.132737,0.4449628,0.474457145,0.5550372
20133,20.133763,0.445089579,0.474516004,0.554910481
20134,20.134751,0.445259035,0.474594623,0.554740965
20135,20.135739,0.445428729,0.47467339,0.554571271
20136,20.136729,0.445726037,0.474811375,0.55435878
20137,20.137730,0.445853829,0.474870682,0.554146171
20138,20.138729,0.445981979,0.474930137,0.554018021
20139,20.139729,0.446194738,0.475028872,0.553805232
20140,20.140729,0.446281791,0.475069284,0.553718209
20141,20.141729,0.44649449,0.47516799,0.55350548
20142,20.142728,0.446708918,0.475267529,0.553333998
20143,20.143729,0.446880281,0.475347042,0.553119659
20144,20.144778,0.447052032,0.475426763,0.552947938
20145,20.145729,0.447183043,0.47548759,0.552816987
20146,20.146733,0.447437018,0.475605428,0.552562952
20147,20.147734,0.447527379,0.47564736,0.552472591
20148,20.148733,0.447824448,0.475785255,0.552218378
20149,20.149734,0.447997272,0.475865453,0.552002728
20150,20.150735,0.448129475,0.475926816,0.551870525
20151,20.151735,0.448302805,0.476007253,0.551697195
20152,20.152736,0.448435783,0.476068974,0.551564217
20153,20.153735,0.448689282,0.476186603,0.551310658
20154,20.154736,0.448866725,0.476268977,0.551136971
20155,20.155748,0.449040532,0.476349622,0.550959468
20156,20.156728,0.449214518,0.476430386,0.550785542
20157,20.157728,0.449349582,0.476493061,0.550650418
20158,20.158729,0.449563265,0.476592243,0.550436735
20159,20.159729,0.449738026,0.476673335,0.550261974
20160,20.160730,0.449917495,0.476756632,0.550086915
20161,20.161730,0.450131834,0.476856112,0.549868166
20162,20.162730,0.450345606,0.476955324,0.549654424
20163,20.163731,0.450482249,0.477018744,0.549517751
20164,20.164732,0.450696498,0.477118164,0.549303532
20165,20.165752,0.450872004,0.477199614,0.549127996
20166,20.166731,0.451015502,0.477266192,0.549028277
20167,20.167732,0.451230109,0.477365822,0.548769891
20168,20.168742,0.451368481,0.477430046,0.548631549
20169,20.169732,0.451583147,0.477529645,0.548416853
20170,20.170732,0.451759756,0.477611631,0.548240244
20171,20.171733,0.451973915,0.477711022,0.548026085
20172,20.172733,0.452158213,0.477796555,0.547886133
20173,20.173734,0.452335387,0.477878779,0.547664583
20174,20.174734,0.452512801,0.477961123,0.547487259
20175,20.175735,0.452653676,0.478026509,0.547346354
20176,20.176749,0.452831805,0.478109151,0.547168136
20177,20.177736,0.453083009,0.478225768,0.546917021
20178,20.178737,0.453378081,0.478362709,0.546811581
20179,20.179737,0.453520119,0.478428602,0.546479881
20180,20.180737,0.453626215,0.478477865,0.546373785
20181,20.181737,0.453840792,0.478577435,0.546159208
20182,20.182737,0.453983963,0.478643864,0.546015978
20183,20.183737,0.454234213,0.478760034,0.545765817
20184,20.184737,0.45438695,0.478830904,0.545657575
20185,20.185737,0.454602003,0.478930712,0.545397997
20186,20.186765,0.454781413,0.479013979,0.545218587
20187,20.187739,0.4549959,0.479113519,0.54500407
20188,20.188728,0.45510599,0.47916463,0.54489404
20189,20.189728,0.455286026,0.479248196,0.544714034
20190,20.190727,0.45554626,0.479348034,0.544498861
20191,20.191728,0.455691993,0.479436606,0.544308066
20192,20.192729,0.455838442,0.479504555,0.544161558
20193,20.193728,0.456019312,0.479588479,0.543980658
20194,20.194729,0.456200719,0.4796727,0.543799281
20195,20.195727,0.456415832,0.479772508,0.543584168
20196,20.196731,0.456676185,0.479893357,0.54340297
20197,20.197767,0.456823826,0.479961872,0.543176174
20198,20.198730,0.457072556,0.480077296,0.542927444
20199,20.199730,0.457220703,0.48014605,0.542779267
20200,20.200729,0.457402766,0.48023054,0.542597175
20201,20.201730,"nan","nan","nan"
20202,20.202730,"nan","nan","nan"
20203,20.203730,"nan","nan","nan"
20204,20.204730,"nan","nan","nan"
20205,20.205729,"nan","nan","nan"
20206,20.206733,"nan","nan","nan"
20207,20.207733,"nan","nan","nan"
20208,20.208744,"nan","nan","nan"
20209,20.209732,"nan","nan","nan"
20210,20.210731,"nan","nan","nan"
20211,20.211732,"nan","nan","nan"
20212,20.212733,"nan","nan","nan"
20213,20.213734,"nan","nan","nan"
20214,20.214734,"nan","nan","nan"
20215,20.215734,"nan","nan","nan"
20216,20.216738,"nan","nan","nan"
20217,20.217738,"nan","nan","nan"
20218,20.218827,"nan","nan","nan"
20219,20.219728,"nan","nan","nan"
20220,20.220730,"nan","nan","nan"
20221,20.221731,"nan","nan","nan"
20222,20.222731,"nan","nan","nan"
20223,20.223732,"nan","nan","nan"
20224,20.224750,"nan","nan","nan"
20225,20.225739,"nan","nan","nan"
20226,20.226730,"nan","nan","nan"
20227,20.227731,"nan","nan","nan"
20228,20.228732,"nan","nan","nan"
20229,20.229745,"nan","nan","nan"
20230,20.230733,"nan","nan","nan"
20231,20.231733,"nan","nan","nan"
20232,20.232734,"nan","nan","nan"
20233,20.233734,"nan","nan","nan"
20234,20.234734,"nan","nan","nan"
20235,20.235735,"nan","nan","nan"
20236,20.236740,"nan","nan","nan"
20237,20.237728,"nan","nan","nan"
20238,20.238728,"nan","nan","nan"
20239,20.239756,"nan","nan","nan"
20240,20.240751,"nan","nan","nan"
20241,20.241740,"nan","nan","nan"
20242,20.242739,"nan","nan","nan"
20243,20.243739,"nan","nan","nan"
20244,20.244727,"nan","nan","nan"
20245,20.245727,"nan","nan","nan"
20246,20.246730,"nan","nan","nan"
20247,20.247731,"nan","nan","nan"
20248,20.248730,"nan","nan","nan"
20249,20.249730,"nan","nan","nan"
20250,20.250782,"nan","nan","nan"
20251,20.251733,"nan","nan","nan"
20252,20.252733,"nan","nan","nan"
20253,20.253732,"nan","nan","nan"
20254,20.254733,"nan","nan","nan"
20255,20.255732,"nan","nan","nan"
20256,20.256735,"nan","nan","nan"
20257,20.257735,"nan","nan","nan"
20258,20.258734,"nan","nan","nan"
20259,20.259735,"nan","nan","nan"
20260,20.260735,"nan","nan","nan"
20261,20.261744,"nan","nan","nan"
20262,20.262731,"nan","nan","nan"
20263,20.263731,"nan","nan","nan"
20264,20.264731,"nan","nan","nan"
20265,20.265731,"nan","nan","nan"
20266,20.266734,"nan","nan","nan"
20267,20.267732,"nan","nan","nan"
20268,20.268734,"nan","nan","nan"
20269,20.269734,"nan","nan","nan"
20270,20.270734,"nan","nan","nan"
20271,20.271774,"nan","nan","nan"
20272,20.272735,"nan","nan","nan"
20273,20.273736,"nan","nan","nan"
20274,20.274737,"nan","nan","nan"
20275,20.275737,"nan","nan","nan"
20276,20.276727,"nan","nan","nan"
20277,20.277729,"nan","nan","nan"
20278,20.278730,"nan","nan","nan"
20279,20.279730,"nan","nan","nan"
20280,20.280731,"nan","nan","nan"
20281,20.281730,"nan","nan","nan"
20282,20.282748,"nan","nan","nan"
20283,20.283753,"nan","nan","nan"
20284,20.284729,"nan","nan","nan"
20285,20.285730,"nan","nan","nan"
20286,20.286732,"nan","nan","nan"
20287,20.287734,"nan","nan","nan"
20288,20.288734,"nan","nan","nan"
20289,20.289735,"nan","nan","nan"
20290,20.290736,"nan","nan","nan"
20291,20.291737,"nan","nan","nan"
20292,20.292756,"nan","nan","nan"
20293,20.293731,"nan","nan","nan"
20294,20.294732,"nan","nan","nan"
20295,20.295733,"nan","nan","nan"
20296,20.296736,"nan","nan","nan"
20297,20.297737,"nan","nan","nan"
20298,20.298738,"nan","nan","nan"
20299,20.299738,"nan","nan","nan"
20300,20.300726,"nan","nan","nan"
20301,20.301727,"nan","nan","nan"
20302,20.302728,"nan","nan","nan"
20303,20.303749,"nan","nan","nan"
20304,20.304738,"nan","nan","nan"
20305,20.305739,"nan","nan","nan"
20306,20.306730,"nan","nan","nan"
20307,20.307729,"nan","nan","nan"
20308,20.308729,"nan","nan","nan"
20309,20.309729,"nan","nan","nan"
20310,20.310728,"nan","nan","nan"
20311,20.311728,"nan","nan","nan"
20312,20.312729,"nan","nan","nan"
20313,20.313746,"nan","nan","nan"
20314,20.314734,"nan","nan","nan"
20315,20.315733,"nan","nan","nan"
20316,20.316737,"nan","nan","nan"
20317,20.317737,"nan","nan","nan"
20318,20.318737,"nan","nan","nan"
20319,20.319737,"nan","nan","nan"
20320,20.320736,"nan","nan","nan"
20321,20.321737,"nan","nan","nan"
20322,20.322737,"nan","nan","nan"
20323,20.323763,"nan","nan","nan"
20324,20.324751,"nan","nan","nan"
20325,20.325727,"nan","nan","nan"
20326,20.326730,"nan","nan","nan"
20327,20.327731,"nan","nan","nan"
20328,20.328731,"nan","nan","nan"
20329,20.329730,"nan","nan","nan"
20330,20.330731,"nan","nan","nan"
20331,20.331731,"nan","nan","nan"
20332,20.332731,"nan","nan","nan"
20333,20.333731,"nan","nan","nan"
20334,20.334746,"nan","nan","nan"
20335,20.335733,"nan","nan","nan"
20336,20.336737,"nan","nan","nan"
20337,20.337736,"nan","nan","nan"
20338,20.338737,"nan","nan","nan"
20339,20.339735,"nan","nan","nan"
20340,20.340737,"nan","nan","nan"
20341,20.341747,"nan","nan","nan"
20342,20.342736,"nan","nan","nan"
20343,20.343736,"nan","nan","nan"
20344,20.344761,"nan","nan","nan"
20345,20.345750,"nan","nan","nan"
20346,20.346729,"nan","nan","nan"
20347,20.347729,"nan","nan","nan"
20348,20.348729,"nan","nan","nan"
20349,20.349731,"nan","nan","nan"
20350,20.350731,"nan","nan","nan"
20351,20.351732,"nan","nan","nan"
20352,20.352732,"nan","nan","nan"
20353,20.353731,"nan","nan","nan"
20354,20.354734,"nan","nan","nan"
20355,20.355763,"nan","nan","nan"
20356,20.356730,"nan","nan","nan"
20357,20.357731,"nan","nan","nan"
20358,20.358730,"nan","nan","nan"
20359,20.359732,"nan","nan","nan"
20360,20.360732,"nan","nan","nan"
20361,20.361733,"nan","nan","nan"
20362,20.362733,"nan","nan","nan"
20363,20.363733,"nan","nan","nan"
20364,20.364733,"nan","nan","nan"
20365,20.365734,"nan","nan","nan"
20366,20.366746,"nan","nan","nan"
20367,20.367735,"nan","nan","nan"
20368,20.368735,"nan","nan","nan"
20369,20.369736,"nan","nan","nan"
20370,20.370736,"nan","nan","nan"
20371,20.371737,"nan","nan","nan"
20372,20.372737,"nan","nan","nan"
20373,20.373736,"nan","nan","nan"
20374,20.374735,"nan","nan","nan"
20375,20.375735,"nan","nan","nan"
20376,20.376751,"nan","nan","nan"
20377,20.377728,"nan","nan","nan"
20378,20.378729,"nan","nan","nan"
20379,20.379729,"nan","nan","nan"
20380,20.380730,"nan","nan","nan"
20381,20.381728,"nan","nan","nan"
20382,20.382729,"nan","nan","nan"
20383,20.383730,"nan","nan","nan"
20384,20.384730,"nan","nan","nan"
20385,20.385730,"nan","nan","nan"
20386,20.386733,"nan","nan","nan"
20387,20.387744,"nan","nan","nan"
20388,20.388732,"nan","nan","nan"
20389,20.389732,"nan","nan","nan"
20390,20.390732,"nan","nan","nan"
20391,20.391731,"nan","nan","nan"
20392,20.392732,"nan","nan","nan"
20393,20.393732,"nan","nan","nan"
20394,20.394732,"nan","nan","nan"
20395,20.395732,"nan","nan","nan"
20396,20.396736,"nan","nan","nan"
20397,20.397808,"nan","nan","nan"
20398,20.398750,"nan","nan","nan"
20399,20.399737,"nan","nan","nan"
20400,20.400738,"nan","nan","nan"
20401,20.401738,"nan","nan","nan"
20402,20.402737,"nan","nan","nan"
20403,20.403737,"nan","nan","nan"
20404,20.404737,"nan","nan","nan"
20405,20.405737,"nan","nan","nan"
20406,20.406728,"nan","nan","nan"
20407,20.407728,"nan","nan","nan"
20408,20.408745,"nan","nan","nan"
20409,20.409734,"nan","nan","nan"
20410,20.410734,"nan","nan","nan"
20411,20.411734,"nan","nan","nan"
20412,20.412735,"nan","nan","nan"
20413,20.413735,"nan","nan","nan"
20414,20.414736,"nan","nan","nan"
20415,20.415737,"nan","nan","nan"
20416,20.416728,"nan","nan","nan"
20417,20.417729,"nan","nan","nan"
20418,20.418745,"nan","nan","nan"
20419,20.419733,"nan","nan","nan"
20420,20.420734,"nan","nan","nan"
20421,20.421735,"nan","nan","nan"
20422,20.422736,"nan","nan","nan"
20423,20.423736,"nan","nan","nan"
20424,20.424737,"nan","nan","nan"
20425,20.425738,"nan","nan","nan"
20426,20.426729,"nan","nan","nan"
20427,20.427730,"nan","nan","nan"
20428,20.428731,"nan","nan","nan"
20429,20.429747,"nan","nan","nan"
20430,20.430735,"nan","nan","nan"
20431,20.431736,"nan","nan","nan"
20432,20.432738,"nan","nan","nan"
20433,20.433738,"nan","nan","nan"
20434,20.434739,"nan","nan","nan"
20435,20.435727,"nan","nan","nan"
20436,20.436732,"nan","nan","nan"
20437,20.437732,"nan","nan","nan"
20438,20.438732,"nan","nan","nan"
20439,20.439813,"nan","nan","nan"
20440,20.440737,"nan","nan","nan"
20441,20.441738,"nan","nan","nan"
20442,20.442738,"nan","nan","nan"
20443,20.443738,"nan","nan","nan"
20444,20.444738,"nan","nan","nan"
20445,20.445738,"nan","nan","nan"
20446,20.446728,"nan","nan","nan"
20447,20.447729,"nan","nan","nan"
20448,20.448727,"nan","nan","nan"
20449,20.449728,"nan","nan","nan"
20450,20.450748,"nan","nan","nan"
20451,20.451736,"nan","nan","nan"
20452,20.452736,"nan","nan","nan"
20453,20.453736,"nan","nan","nan"
20454,20.454735,"nan","nan","nan"
20455,20.455736,"nan","nan","nan"
20456,20.456747,"nan","nan","nan"
20457,20.457735,"nan","nan","nan"
20458,20.458735,"nan","nan","nan"
20459,20.459734,"nan","nan","nan"
20460,20.460767,"nan","nan","nan"
20461,20.461729,"nan","nan","nan"
20462,20.462730,"nan","nan","nan"
20463,20.463729,"nan","nan","nan"
20464,20.464729,"nan","nan","nan"
20465,20.465729,"nan","nan","nan"
20466,20.466733,"nan","nan","nan"
20467,20.467732,"nan","nan","nan"
20468,20.468732,"nan","nan","nan"
20469,20.469732,"nan","nan","nan"
20470,20.470732,"nan","nan","nan"
20471,20.471750,"nan","nan","nan"
20472,20.472739,"nan","nan","nan"
20473,20.473739,"nan","nan","nan"
20474,20.474739,"nan","nan","nan"
20475,20.475727,"nan","nan","nan"
20476,20.476731,"nan","nan","nan"
20477,20.477730,"nan","nan","nan"
20478,20.478732,"nan","nan","nan"
20479,20.479733,"nan","nan","nan"
20480,20.480733,"nan","nan","nan"
20481,20.481751,"nan","nan","nan"
20482,20.482739,"nan","nan","nan"
20483,20.483728,"nan","nan","nan"
20484,20.484728,"nan","nan","nan"
20485,20.485729,"nan","nan","nan"
20486,20.486733,"nan","nan","nan"
20487,20.487732,"nan","nan","nan"
20488,20.488734,"nan","nan","nan"
20489,20.489735,"nan","nan","nan"
20490,20.490735,"nan","nan","nan"
20491,20.491736,"nan","nan","nan"
20492,20.492752,"nan","nan","nan"
20493,20.493729,"nan","nan","nan"
20494,20.494729,"nan","nan","nan"
20495,20.495730,"nan","nan","nan"
20496,20.496733,"nan","nan","nan"
20497,20.497733,"nan","nan","nan"
20498,20.498734,"nan","nan","nan"
20499,20.499734,"nan","nan","nan"
20500,20.500735,"nan","nan","nan"
20501,20.501736,"nan","nan","nan"
20502,20.502751,"nan","nan","nan"
20503,20.503738,"nan","nan","nan"
20504,20.504738,"nan","nan","nan"
20505,20.505737,"nan","nan","nan"
20506,20.506728,"nan","nan","nan"
20507,20.507728,"nan","nan","nan"
20508,20.508729,"nan","nan","nan"
20509,20.509729,"nan","nan","nan"
20510,20.510728,"nan","nan","nan"
20511,20.511729,"nan","nan","nan"
20512,20.512729,"nan","nan","nan"
20513,20.513745,"nan","nan","nan"
20514,20.514732,"nan","nan","nan"
20515,20.515733,"nan","nan","nan"
20516,20.516735,"nan","nan","nan"
20517,20.517736,"nan","nan","nan"
20518,20.518735,"nan","nan","nan"
20519,20.519735,"nan","nan","nan"
20520,20.520735,"nan","nan","nan"
20521,20.521734,"nan","nan","nan"
20522,20.522735,"nan","nan","nan"
20523,20.523747,"nan","nan","nan"
20524,20.524735,"nan","nan","nan"
20525,20.525735,"nan","nan","nan"
20526,20.526737,"nan","nan","nan"
20527,20.527738,"nan","nan","nan"
20528,20.528738,"nan","nan","nan"
20529,20.529738,"nan","nan","nan"
20530,20.530738,"nan","nan","nan"
20531,20.531738,"nan","nan","nan"
20532,20.532738,"nan","nan","nan"
20533,20.533738,"nan","nan","nan"
20534,20.534743,"nan","nan","nan"
20535,20.535730,"nan","nan","nan"
20536,20.536733,"nan","nan","nan"
20537,20.537733,"nan","nan","nan"
20538,20.538733,"nan","nan","nan"
20539,20.539734,"nan","nan","nan"
20540,20.540734,"nan","nan","nan"
20541,20.541735,"nan","nan","nan"
20542,20.542735,"nan","nan","nan"
20543,20.543736,"nan","nan","nan"
20544,20.544750,"nan","nan","nan"
20545,20.545737,"nan","nan","nan"
20546,20.546730,"nan","nan","nan"
20547,20.547731,"nan","nan","nan"
20548,20.548732,"nan","nan","nan"
20549,20.549731,"nan","nan","nan"
20550,20.550733,"nan","nan","nan"
20551,20.551733,"nan","nan","nan"
20552,20.552734,"nan","nan","nan"
20553,20.553734,"nan","nan","nan"
20554,20.554734,"nan","nan","nan"
20555,20.555745,"nan","nan","nan"
20556,20.556737,"nan","nan","nan"
20557,20.557737,"nan","nan","nan"
20558,20.558738,"nan","nan","nan"
20559,20.559737,"nan","nan","nan"
20560,20.560739,"nan","nan","nan"
20561,20.561740,"nan","nan","nan"
20562,20.562729,"nan","nan","nan"
20563,20.563728,"nan","nan","nan"
20564,20.564730,"nan","nan","nan"
20565,20.565824,"nan","nan","nan"
20566,20.566730,"nan","nan","nan"
20567,20.567731,"nan","nan","nan"
20568,20.568730,"nan","nan","nan"
20569,20.569731,"nan","nan","nan"
20570,20.570730,"nan","nan","nan"
20571,20.571730,"nan","nan","nan"
20572,20.572730,"nan","nan","nan"
20573,20.573729,"nan","nan","nan"
20574,20.574729,"nan","nan","nan"
20575,20.575730,"nan","nan","nan"
20576,20.576745,"nan","nan","nan"
20577,20.577733,"nan","nan","nan"
20578,20.578732,"nan","nan","nan"
20579,20.579732,"nan","nan","nan"
20580,20.580732,"nan","nan","nan"
20581,20.581732,"nan","nan","nan"
20582,20.582732,"nan","nan","nan"
20583,20.583731,"nan","nan","nan"
20584,20.584732,"nan","nan","nan"
20585,20.585731,"nan","nan","nan"
20586,20.586735,"nan","nan","nan"
20587,20.587754,"nan","nan","nan"
20588,20.588730,"nan","nan","nan"
20589,20.589730,"nan","nan","nan"
20590,20.590729,"nan","nan","nan"
20591,20.591729,"nan","nan","nan"
20592,20.592729,"nan","nan","nan"
20593,20.593729,"nan","nan","nan"
20594,20.594729,"nan","nan","nan"
20595,20.595729,"nan","nan","nan"
20596,20.596733,"nan","nan","nan"
20597,20.597759,"nan","nan","nan"
20598,20.598734,"nan","nan","nan"
20599,20.599735,"nan","nan","nan"
20600,20.600735,"nan","nan","nan"
20601,20.601736,"nan","nan","nan"
20602,20.602734,"nan","nan","nan"
20603,20.603736,"nan","nan","nan"
20604,20.604736,"nan","nan","nan"
20605,20.605737,"nan","nan","nan"
20606,20.606727,"nan","nan","nan"
20607,20.607729,"nan","nan","nan"
20608,20.608749,"nan","nan","nan"
20609,20.609737,"nan","nan","nan"
20610,20.610737,"nan","nan","nan"
20611,20.611738,"nan","nan","nan"
20612,20.612737,"nan","nan","nan"
20613,20.613739,"nan","nan","nan"
20614,20.614727,"nan","nan","nan"
20615,20.615727,"nan","nan","nan"
20616,20.616750,"nan","nan","nan"
20617,20.617738,"nan","nan","nan"
20618,20.618755,"nan","nan","nan"
20619,20.619730,"nan","nan","nan"
20620,20.620732,"nan","nan","nan"
20621,20.621731,"nan","nan","nan"
20622,20.622732,"nan","nan","nan"
20623,20.623733,"nan","nan","nan"
20624,20.624733,"nan","nan","nan"
20625,20.625734,"nan","nan","nan"
20626,20.626736,"nan","nan","nan"
20627,20.627738,"nan","nan","nan"
20628,20.628739,"nan","nan","nan"
20629,20.629749,"nan","nan","nan"
20630,20.630739,"nan","nan","nan"
20631,20.631737,"nan","nan","nan"
20632,20.632739,"nan","nan","nan"
20633,20.633727,"nan","nan","nan"
20634,20.634728,"nan","nan","nan"
20635,20.635727,"nan","nan","nan"
20636,20.636730,"nan","nan","nan"
20637,20.637730,"nan","nan","nan"
20638,20.638730,"nan","nan","nan"
20639,20.639772,"nan","nan","nan"
20640,20.640733,"nan","nan","nan"
20641,20.641735,"nan","nan","nan"
20642,20.642735,"nan","nan","nan"
20643,20.643735,"nan","nan","nan"
20644,20.644735,"nan","nan","nan"
20645,20.645734,"nan","nan","nan"
20646,20.646738,"nan","nan","nan"
20647,20.647739,"nan","nan","nan"
20648,20.648738,"nan","nan","nan"
20649,20.649739,"nan","nan","nan"
20650,20.650752,"nan","nan","nan"
20651,20.651727,"nan","nan","nan"
20652,20.652727,"nan","nan","nan"
20653,20.653728,"nan","nan","nan"
20654,20.654727,"nan","nan","nan"
20655,20.655728,"nan","nan","nan"
20656,20.656731,"nan","nan","nan"
20657,20.657731,"nan","nan","nan"
20658,20.658731,"nan","nan","nan"
20659,20.659730,"nan","nan","nan"
20660,20.660751,"nan","nan","nan"
20661,20.661738,"nan","nan","nan"
20662,20.662738,"nan","nan","nan"
20663,20.663738,"nan","nan","nan"
20664,20.664739,"nan","nan","nan"
20665,20.665738,"nan","nan","nan"
20666,20.666728,"nan","nan","nan"
20667,20.667728,"nan","nan","nan"
20668,20.668728,"nan","nan","nan"
20669,20.669729,"nan","nan","nan"
20670,20.670730,"nan","nan","nan"
20671,20.671754,"nan","nan","nan"
20672,20.672730,"nan","nan","nan"
20673,20.673729,"nan","nan","nan"
20674,20.674731,"nan","nan","nan"
20675,20.675732,"nan","nan","nan"
20676,20.676847,"nan","nan","nan"
20677,20.677735,"nan","nan","nan"
20678,20.678737,"nan","nan","nan"
20679,20.679736,"nan","nan","nan"
20680,20.680737,"nan","nan","nan"
20681,20.681781,"nan","nan","nan"
20682,20.682732,"nan","nan","nan"
20683,20.683732,"nan","nan","nan"
20684,20.684734,"nan","nan","nan"
20685,20.685735,"nan","nan","nan"
20686,20.686738,"nan","nan","nan"
20687,20.687739,"nan","nan","nan"
20688,20.688739,"nan","nan","nan"
20689,20.689739,"nan","nan","nan"
20690,20.690727,"nan","nan","nan"
20691,20.691728,"nan","nan","nan"
20692,20.692742,"nan","nan","nan"
20693,20.693730,"nan","nan","nan"
20694,20.694731,"nan","nan","nan"
20695,20.695732,"nan","nan","nan"
20696,20.696735,"nan","nan","nan"
20697,20.697736,"nan","nan","nan"
20698,20.698735,"nan","nan","nan"
20699,20.699736,"nan","nan","nan"
20700,20.700735,"nan","nan","nan"
20701,20.701735,"nan","nan","nan"
20702,20.702750,"nan","nan","nan"
20703,20.703737,"nan","nan","nan"
20704,20.704738,"nan","nan","nan"
20705,20.705738,"nan","nan","nan"
20706,20.706727,"nan","nan","nan"
20707,20.707728,"nan","nan","nan"
20708,20.708729,"nan","nan","nan"
20709,20.709729,"nan","nan","nan"
20710,20.710729,"nan","nan","nan"
20711,20.711728,"nan","nan","nan"
20712,20.712729,"nan","nan","nan"
20713,20.713743,"nan","nan","nan"
20714,20.714732,"nan","nan","nan"
20715,20.715732,"nan","nan","nan"
20716,20.716736,"nan","nan","nan"
20717,20.717735,"nan","nan","nan"
20718,20.718736,"nan","nan","nan"
20719,20.719735,"nan","nan","nan"
20720,20.720735,"nan","nan","nan"
20721,20.721735,"nan","nan","nan"
20722,20.722735,"nan","nan","nan"
20723,20.723789,"nan","nan","nan"
20724,20.724739,"nan","nan","nan"
20725,20.725726,"nan","nan","nan"
20726,20.726730,"nan","nan","nan"
20727,20.727730,"nan","nan","nan"
20728,20.728730,"nan","nan","nan"
20729,20.729951,"nan","nan","nan"
20730,20.730739,"nan","nan","nan"
20731,20.731727,"nan","nan","nan"
20732,20.732739,"nan","nan","nan"
20733,20.733727,"nan","nan","nan"
20734,20.734748,"nan","nan","nan"
20735,20.735737,"nan","nan","nan"
20736,20.736728,"nan","nan","nan"
20737,20.737729,"nan","nan","nan"
20738,20.738729,"nan","nan","nan"
20739,20.739730,"nan","nan","nan"
20740,20.740730,"nan","nan","nan"
20741,20.741731,"nan","nan","nan"
20742,20.742732,"nan","nan","nan"
20743,20.743733,"nan","nan","nan"
20744,20.744821,"nan","nan","nan"
20745,20.745733,"nan","nan","nan"
20746,20.746738,"nan","nan","nan"
20747,20.747740,"nan","nan","nan"
20748,20.748729,"nan","nan","nan"
20749,20.749728,"nan","nan","nan"
20750,20.750729,"nan","nan","nan"
20751,20.751730,"nan","nan","nan"
20752,20.752731,"nan","nan","nan"
20753,20.753731,"nan","nan","nan"
20754,20.754732,"nan","nan","nan"
20755,20.755752,"nan","nan","nan"
20756,20.756732,"nan","nan","nan"
20757,20.757732,"nan","nan","nan"
20758,20.758733,"nan","nan","nan"
20759,20.759734,"nan","nan","nan"
20760,20.760734,"nan","nan","nan"
20761,20.761734,"nan","nan","nan"
20762,20.762735,"nan","nan","nan"
20763,20.763735,"nan","nan","nan"
20764,20.764736,"nan","nan","nan"
20765,20.765762,"nan","nan","nan"
20766,20.766733,"nan","nan","nan"
20767,20.767733,"nan","nan","nan"
20768,20.768733,"nan","nan","nan"
20769,20.769732,"nan","nan","nan"
20770,20.770733,"nan","nan","nan"
20771,20.771733,"nan","nan","nan"
20772,20.772733,"nan","nan","nan"
20773,20.773733,"nan","nan","nan"
20774,20.774732,"nan","nan","nan"
20775,20.775733,"nan","nan","nan"
20776,20.776747,"nan","nan","nan"
20777,20.777734,"nan","nan","nan"
20778,20.778735,"nan","nan","nan"
20779,20.779734,"nan","nan","nan"
20780,20.780735,"nan","nan","nan"
20781,20.781734,"nan","nan","nan"
20782,20.782734,"nan","nan","nan"
20783,20.783734,"nan","nan","nan"
20784,20.784734,"nan","nan","nan"
20785,20.785734,"nan","nan","nan"
20786,20.786737,"nan","nan","nan"
20787,20.787749,"nan","nan","nan"
20788,20.788747,"nan","nan","nan"
20789,20.789735,"nan","nan","nan"
20790,20.790735,"nan","nan","nan"
20791,20.791735,"nan","nan","nan"
20792,20.792735,"nan","nan","nan"
20793,20.793734,"nan","nan","nan"
20794,20.794734,"nan","nan","nan"
20795,20.795734,"nan","nan","nan"
20796,20.796737,"nan","nan","nan"
20797,20.797777,"nan","nan","nan"
20798,20.798729,"nan","nan","nan"
20799,20.799730,"nan","nan","nan"
20800,20.800730,"nan","nan","nan"
20801,20.801730,"nan","nan","nan"
20802,20.802729,"nan","nan","nan"
20803,20.803731,"nan","nan","nan"
20804,20.804732,"nan","nan","nan"
20805,20.805733,"nan","nan","nan"
20806,20.806736,"nan","nan","nan"
20807,20.807737,"nan","nan","nan"
20808,20.808750,"nan","nan","nan"
20809,20.809738,"nan","nan","nan"
20810,20.810739,"nan","nan","nan"
20811,20.811726,"nan","nan","nan"
20812,20.812728,"nan","nan","nan"
20813,20.813728,"nan","nan","nan"
20814,20.814729,"nan","nan","nan"
20815,20.815730,"nan","nan","nan"
20816,20.816733,"nan","nan","nan"
20817,20.817733,"nan","nan","nan"
20818,20.818760,"nan","nan","nan"
20819,20.819753,"nan","nan","nan"
20820,20.820730,"nan","nan","nan"
20821,20.821729,"nan","nan","nan"
20822,20.822730,"nan","nan","nan"
20823,20.823731,"nan","nan","nan"
20824,20.824732,"nan","nan","nan"
20825,20.825732,"nan","nan","nan"
20826,20.826736,"nan","nan","nan"
20827,20.827736,"nan","nan","nan"
20828,20.828737,"nan","nan","nan"
20829,20.829869,"nan","nan","nan"
20830,20.830733,"nan","nan","nan"
20831,20.831732,"nan","nan","nan"
20832,20.832732,"nan","nan","nan"
20833,20.833732,"nan","nan","nan"
20834,20.834732,"nan","nan","nan"
20835,20.835732,"nan","nan","nan"
20836,20.836733,"nan","nan","nan"
20837,20.837735,"nan","nan","nan"
20838,20.838735,"nan","nan","nan"
20839,20.839735,"nan","nan","nan"
20840,20.840744,"nan","nan","nan"
20841,20.841732,"nan","nan","nan"
20842,20.842732,"nan","nan","nan"
20843,20.843732,"nan","nan","nan"
20844,20.844733,"nan","nan","nan"
20845,20.845731,"nan","nan","nan"
20846,20.846735,"nan","nan","nan"
20847,20.847736,"nan","nan","nan"
20848,20.848745,"nan","nan","nan"
20849,20.849734,"nan","nan","nan"
20850,20.850823,"nan","nan","nan"
20851,20.851728,"nan","nan","nan"
20852,20.852729,"nan","nan","nan"
20853,20.853729,"nan","nan","nan"
20854,20.854729,"nan","nan","nan"
20855,20.855728,"nan","nan","nan"
20856,20.856732,"nan","nan","nan"
20857,20.857731,"nan","nan","nan"
20858,20.858732,"nan","nan","nan"
20859,20.859731,"nan","nan","nan"
20860,20.860731,"nan","nan","nan"
20861,20.861755,"nan","nan","nan"
20862,20.862729,"nan","nan","nan"
20863,20.863730,"nan","nan","nan"
20864,20.864728,"nan","nan","nan"
20865,20.865730,"nan","nan","nan"
20866,20.866733,"nan","nan","nan"
20867,20.867734,"nan","nan","nan"
20868,20.868734,"nan","nan","nan"
20869,20.869735,"nan","nan","nan"
20870,20.870735,"nan","nan","nan"
20871,20.871736,"nan","nan","nan"
20872,20.872743,"nan","nan","nan"
20873,20.873732,"nan","nan","nan"
20874,20.874731,"nan","nan","nan"
20875,20.875734,"nan","nan","nan"
20876,20.876737,"nan","nan","nan"
20877,20.877738,"nan","nan","nan"
20878,20.878739,"nan","nan","nan"
20879,20.879727,"nan","nan","nan"
20880,20.880739,"nan","nan","nan"
20881,20.881728,"nan","nan","nan"
20882,20.882858,"nan","nan","nan"
20883,20.883734,"nan","nan","nan"
20884,20.884734,"nan","nan","nan"
20885,20.885736,"nan","nan","nan"
20886,20.886740,"nan","nan","nan"
20887,20.887728,"nan","nan","nan"
20888,20.888728,"nan","nan","nan"
20889,20.889729,"nan","nan","nan"
20890,20.890730,"nan","nan","nan"
20891,20.891730,"nan","nan","nan"
20892,20.892731,"nan","nan","nan"
20893,20.893751,"nan","nan","nan"
20894,20.894728,"nan","nan","nan"
20895,20.895728,"nan","nan","nan"
20896,20.896732,"nan","nan","nan"
20897,20.897732,"nan","nan","nan"
20898,20.898730,"nan","nan","nan"
20899,20.899730,"nan","nan","nan"
20900,20.900730,"nan","nan","nan"
20901,20.901730,"nan","nan","nan"
20902,20.902755,"nan","nan","nan"
20903,20.903803,"nan","nan","nan"
20904,20.904731,"nan","nan","nan"
20905,20.905731,"nan","nan","nan"
20906,20.906734,"nan","nan","nan"
20907,20.907734,"nan","nan","nan"
20908,20.908733,"nan","nan","nan"
20909,20.909734,"nan","nan","nan"
20910,20.910733,"nan","nan","nan"
20911,20.911733,"nan","nan","nan"
20912,20.912732,"nan","nan","nan"
20913,20.913733,"nan","nan","nan"
20914,20.914752,"nan","nan","nan"
20915,20.915739,"nan","nan","nan"
20916,20.916731,"nan","nan","nan"
20917,20.917730,"nan","nan","nan"
20918,20.918730,"nan","nan","nan"
20919,20.919730,"nan","nan","nan"
20920,20.920730,"nan","nan","nan"
20921,20.921730,"nan","nan","nan"
20922,20.922729,"nan","nan","nan"
20923,20.923729,"nan","nan","nan"
20924,20.924756,"nan","nan","nan"
20925,20.925749,"nan","nan","nan"
20926,20.926727,"nan","nan","nan"
20927,20.927728,"nan","nan","nan"
20928,20.928728,"nan","nan","nan"
20929,20.929728,"nan","nan","nan"
20930,20.930728,"nan","nan","nan"
20931,20.931727,"nan","nan","nan"
20932,20.932729,"nan","nan","nan"
20933,20.933729,"nan","nan","nan"
20934,20.934730,"nan","nan","nan"
20935,20.935836,"nan","nan","nan"
20936,20.936727,"nan","nan","nan"
20937,20.937729,"nan","nan","nan"
20938,20.938729,"nan","nan","nan"
20939,20.939730,"nan","nan","nan"
20940,20.940730,"nan","nan","nan"
20941,20.941730,"nan","nan","nan"
20942,20.942731,"nan","nan","nan"
20943,20.943732,"nan","nan","nan"
20944,20.944732,"nan","nan","nan"
20945,20.945733,"nan","nan","nan"
20946,20.946746,"nan","nan","nan"
20947,20.947735,"nan","nan","nan"
20948,20.948736,"nan","nan","nan"
20949,20.949736,"nan","nan","nan"
20950,20.950737,"nan","nan","nan"
20951,20.951736,"nan","nan","nan"
20952,20.952738,"nan","nan","nan"
20953,20.953739,"nan","nan","nan"
20954,20.954739,"nan","nan","nan"
20955,20.955727,"nan","nan","nan"
20956,20.956796,"nan","nan","nan"
20957,20.957748,"nan","nan","nan"
20958,20.958736,"nan","nan","nan"
20959,20.959737,"nan","nan","nan"
20960,20.960737,"nan","nan","nan"
20961,20.961737,"nan","nan","nan"
20962,20.962737,"nan","nan","nan"
20963,20.963737,"nan","nan","nan"
20964,20.964737,"nan","nan","nan"
20965,20.965737,"nan","nan","nan"
20966,20.966739,"nan","nan","nan"
20967,20.967746,"nan","nan","nan"
20968,20.968734,"nan","nan","nan"
20969,20.969735,"nan","nan","nan"
20970,20.970734,"nan","nan","nan"
20971,20.971735,"nan","nan","nan"
20972,20.972735,"nan","nan","nan"
20973,20.973735,"nan","nan","nan"
20974,20.974735,"nan","nan","nan"
20975,20.975734,"nan","nan","nan"
20976,20.976738,"nan","nan","nan"
20977,20.977739,"nan","nan","nan"
20978,20.978744,"nan","nan","nan"
20979,20.979731,"nan","nan","nan"
20980,20.980732,"nan","nan","nan"
20981,20.981732,"nan","nan","nan"
20982,20.982732,"nan","nan","nan"
20983,20.983732,"nan","nan","nan"
20984,20.984731,"nan","nan","nan"
20985,20.985732,"nan","nan","nan"
20986,20.986735,"nan","nan","nan"
20987,20.987735,"nan","nan","nan"
20988,20.988843,"nan","nan","nan"
20989,20.989730,"nan","nan","nan"
20990,20.990731,"nan","nan","nan"
20991,20.991731,"nan","nan","nan"
20992,20.992731,"nan","nan","nan"
20993,20.993730,"nan","nan","nan"
20994,20.994731,"nan","nan","nan"
20995,20.995731,"nan","nan","nan"
20996,20.996735,"nan","nan","nan"
20997,20.997735,"nan","nan","nan"
20998,20.998735,"nan","nan","nan"
20999,20.999743,"nan","nan","nan"
21000,21.000731,"nan","nan","nan"
21001,21.001731,"nan","nan","nan"
21002,21.002732,"nan","nan","nan"
21003,21.003731,"nan","nan","nan"
21004,21.004733,"nan","nan","nan"
21005,21.005734,"nan","nan","nan"
21006,21.006738,"nan","nan","nan"
21007,21.007738,"nan","nan","nan"
21008,21.008749,"nan","nan","nan"
21009,21.009781,"nan","nan","nan"
21010,21.010730,"nan","nan","nan"
21011,21.011732,"nan","nan","nan"
21012,21.012732,"nan","nan","nan"
21013,21.013732,"nan","nan","nan"
21014,21.014733,"nan","nan","nan"
21015,21.015734,"nan","nan","nan"
21016,21.016737,"nan","nan","nan"
21017,21.017738,"nan","nan","nan"
21018,21.018737,"nan","nan","nan"
21019,21.019739,"nan","nan","nan"
21020,21.020743,"nan","nan","nan"
21021,21.021732,"nan","nan","nan"
21022,21.022732,"nan","nan","nan"
21023,21.023733,"nan","nan","nan"
21024,21.024734,"nan","nan","nan"
21025,21.025735,"nan","nan","nan"
21026,21.026738,"nan","nan","nan"
21027,21.027739,"nan","nan","nan"
21028,21.028737,"nan","nan","nan"
21029,21.029738,"nan","nan","nan"
21030,21.030765,"nan","nan","nan"
21031,21.031732,"nan","nan","nan"
21032,21.032732,"nan","nan","nan"
21033,21.033732,"nan","nan","nan"
21034,21.034732,"nan","nan","nan"
21035,21.035732,"nan","nan","nan"
21036,21.036735,"nan","nan","nan"
21037,21.037734,"nan","nan","nan"
21038,21.038736,"nan","nan","nan"
21039,21.039735,"nan","nan","nan"
21040,21.040735,"nan","nan","nan"
21041,21.041761,"nan","nan","nan"
21042,21.042736,"nan","nan","nan"
21043,21.043737,"nan","nan","nan"
21044,21.044738,"nan","nan","nan"
21045,21.045738,"nan","nan","nan"
21046,21.046727,"nan","nan","nan"
21047,21.047728,"nan","nan","nan"
21048,21.048728,"nan","nan","nan"
21049,21.049728,"nan","nan","nan"
21050,21.050727,"nan","nan","nan"
21051,21.051728,"nan","nan","nan"
21052,21.052745,"nan","nan","nan"
21053,21.053733,"nan","nan","nan"
21054,21.054733,"nan","nan","nan"
21055,21.055733,"nan","nan","nan"
21056,21.056734,"nan","nan","nan"
21057,21.057735,"nan","nan","nan"
21058,21.058735,"nan","nan","nan"
21059,21.059735,"nan","nan","nan"
21060,21.060735,"nan","nan","nan"
21061,21.061734,"nan","nan","nan"
21062,21.062749,"nan","nan","nan"
21063,21.063737,"nan","nan","nan"
21064,21.064738,"nan","nan","nan"
21065,21.065738,"nan","nan","nan"
21066,21.066730,"nan","nan","nan"
21067,21.067730,"nan","nan","nan"
21068,21.068751,"nan","nan","nan"
21069,21.069729,"nan","nan","nan"
21070,21.070728,"nan","nan","nan"
21071,21.071730,"nan","nan","nan"
21072,21.072755,"nan","nan","nan"
21073,21.073747,"nan","nan","nan"
21074,21.074736,"nan","nan","nan"
21075,21.075735,"nan","nan","nan"
21076,21.076739,"nan","nan","nan"
21077,21.077728,"nan","nan","nan"
21078,21.078729,"nan","nan","nan"
21079,21.079728,"nan","nan","nan"
21080,21.080730,"nan","nan","nan"
21081,21.081730,"nan","nan","nan"
21082,21.082731,"nan","nan","nan"
21083,21.083789,"nan","nan","nan"
21084,21.084727,"nan","nan","nan"
21085,21.085728,"nan","nan","nan"
21086,21.086732,"nan","nan","nan"
21087,21.087733,"nan","nan","nan"
21088,21.088733,"nan","nan","nan"
21089,21.089733,"nan","nan","nan"
21090,21.090734,"nan","nan","nan"
21091,21.091735,"nan","nan","nan"
21092,21.092735,"nan","nan","nan"
21093,21.093736,"nan","nan","nan"
21094,21.094749,"nan","nan","nan"
21095,21.095736,"nan","nan","nan"
21096,21.096739,"nan","nan","nan"
21097,21.097728,"nan","nan","nan"
21098,21.098726,"nan","nan","nan"
21099,21.099728,"nan","nan","nan"
21100,21.100728,"nan","nan","nan"
21101,21.101728,"nan","nan","nan"
21102,21.102728,"nan","nan","nan"
21103,21.103727,"nan","nan","nan"
21104,21.104769,"nan","nan","nan"
21105,21.105737,"nan","nan","nan"
21106,21.106729,"nan","nan","nan"
21107,21.107729,"nan","nan","nan"
21108,21.108728,"nan","nan","nan"
21109,21.109729,"nan","nan","nan"
21110,21.110728,"nan","nan","nan"
21111,21.111728,"nan","nan","nan"
21112,21.112729,"nan","nan","nan"
21113,21.113728,"nan","nan","nan"
21114,21.114728,"nan","nan","nan"
21115,21.115747,"nan","nan","nan"
21116,21.116729,"nan","nan","nan"
21117,21.117730,"nan","nan","nan"
21118,21.118752,"nan","nan","nan"
21119,21.119739,"nan","nan","nan"
21120,21.120727,"nan","nan","nan"
21121,21.121727,"nan","nan","nan"
21122,21.122727,"nan","nan","nan"
21123,21.123728,"nan","nan","nan"
21124,21.124728,"nan","nan","nan"
21125,21.125753,"nan","nan","nan"
21126,21.126753,"nan","nan","nan"
21127,21.127729,"nan","nan","nan"
21128,21.128730,"nan","nan","nan"
21129,21.129730,"nan","nan","nan"
21130,21.130731,"nan","nan","nan"
21131,21.131732,"nan","nan","nan"
21132,21.132731,"nan","nan","nan"
21133,21.133733,"nan","nan","nan"
21134,21.134733,"nan","nan","nan"
21135,21.135734,"nan","nan","nan"
21136,21.136752,"nan","nan","nan"
21137,21.137728,"nan","nan","nan"
21138,21.138729,"nan","nan","nan"
21139,21.139729,"nan","nan","nan"
21140,21.140730,"nan","nan","nan"
21141,21.141731,"nan","nan","nan"
21142,21.142731,"nan","nan","nan"
21143,21.143731,"nan","nan","nan"
21144,21.144732,"nan","nan","nan"
21145,21.145732,"nan","nan","nan"
21146,21.146760,"nan","nan","nan"
21147,21.147754,"nan","nan","nan"
21148,21.148731,"nan","nan","nan"
21149,21.149731,"nan","nan","nan"
21150,21.150732,"nan","nan","nan"
21151,21.151730,"nan","nan","nan"
21152,21.152732,"nan","nan","nan"
21153,21.153733,"nan","nan","nan"
21154,21.154733,"nan","nan","nan"
21155,21.155734,"nan","nan","nan"
21156,21.156738,"nan","nan","nan"
21157,21.157829,"nan","nan","nan"
21158,21.158730,"nan","nan","nan"
21159,21.159730,"nan","nan","nan"
21160,21.160728,"nan","nan","nan"
21161,21.161729,"nan","nan","nan"
21162,21.162729,"nan","nan","nan"
21163,21.163729,"nan","nan","nan"
21164,21.164729,"nan","nan","nan"
21165,21.165728,"nan","nan","nan"
21166,21.166732,"nan","nan","nan"
21167,21.167732,"nan","nan","nan"
21168,21.168745,"nan","nan","nan"
21169,21.169733,"nan","nan","nan"
21170,21.170733,"nan","nan","nan"
21171,21.171747,"nan","nan","nan"
21172,21.172735,"nan","nan","nan"
21173,21.173735,"nan","nan","nan"
21174,21.174735,"nan","nan","nan"
21175,21.175735,"nan","nan","nan"
21176,21.176737,"nan","nan","nan"
21177,21.177738,"nan","nan","nan"
21178,21.178750,"nan","nan","nan"
21179,21.179737,"nan","nan","nan"
21180,21.180738,"nan","nan","nan"
21181,21.181737,"nan","nan","nan"
21182,21.182738,"nan","nan","nan"
21183,21.183737,"nan","nan","nan"
21184,21.184738,"nan","nan","nan"
21185,21.185738,"nan","nan","nan"
21186,21.186729,"nan","nan","nan"
21187,21.187729,"nan","nan","nan"
21188,21.188729,"nan","nan","nan"
21189,21.189744,"nan","nan","nan"
21190,21.190732,"nan","nan","nan"
21191,21.191732,"nan","nan","nan"
21192,21.192732,"nan","nan","nan"
21193,21.193731,"nan","nan","nan"
21194,21.194731,"nan","nan","nan"
21195,21.195732,"nan","nan","nan"
21196,21.196736,"nan","nan","nan"
21197,21.197736,"nan","nan","nan"
21198,21.198737,"nan","nan","nan"
21199,21.199745,"nan","nan","nan"
21200,21.200732,"nan","nan","nan"
21201,21.201734,"nan","nan","nan"
21202,21.202734,"nan","nan","nan"
21203,21.203735,"nan","nan","nan"
21204,21.204734,"nan","nan","nan"
21205,21.205736,"nan","nan","nan"
21206,21.206739,"nan","nan","nan"
21207,21.207728,"nan","nan","nan"
21208,21.208727,"nan","nan","nan"
21209,21.209729,"nan","nan","nan"
21210,21.210743,"nan","nan","nan"
21211,21.211733,"nan","nan","nan"
21212,21.212733,"nan","nan","nan"
21213,21.213734,"nan","nan","nan"
21214,21.214733,"nan","nan","nan"
21215,21.215734,"nan","nan","nan"
21216,21.216738,"nan","nan","nan"
21217,21.217739,"nan","nan","nan"
21218,21.218739,"nan","nan","nan"
21219,21.219727,"nan","nan","nan"
21220,21.220793,"nan","nan","nan"
21221,21.221731,"nan","nan","nan"
21222,21.222732,"nan","nan","nan"
21223,21.223731,"nan","nan","nan"
21224,21.224733,"nan","nan","nan"
21225,21.225732,"nan","nan","nan"
21226,21.226735,"nan","nan","nan"
21227,21.227735,"nan","nan","nan"
21228,21.228734,"nan","nan","nan"
21229,21.229752,"nan","nan","nan"
21230,21.230727,"nan","nan","nan"
21231,21.231751,"nan","nan","nan"
21232,21.232739,"nan","nan","nan"
21233,21.233727,"nan","nan","nan"
21234,21.234739,"nan","nan","nan"
21235,21.235739,"nan","nan","nan"
21236,21.236731,"nan","nan","nan"
21237,21.237729,"nan","nan","nan"
21238,21.238730,"nan","nan","nan"
21239,21.239730,"nan","nan","nan"
21240,21.240730,"nan","nan","nan"
21241,21.241755,"nan","nan","nan"
21242,21.242746,"nan","nan","nan"
21243,21.243734,"nan","nan","nan"
21244,21.244734,"nan","nan","nan"
21245,21.245735,"nan","nan","nan"
21246,21.246738,"nan","nan","nan"
21247,21.247738,"nan","nan","nan"
21248,21.248737,"nan","nan","nan"
21249,21.249738,"nan","nan","nan"
21250,21.250737,"nan","nan","nan"
21251,21.251738,"nan","nan","nan"
21252,21.252745,"nan","nan","nan"
21253,21.253732,"nan","nan","nan"
21254,21.254733,"nan","nan","nan"
21255,21.255733,"nan","nan","nan"
21256,21.256736,"nan","nan","nan"
21257,21.257735,"nan","nan","nan"
21258,21.258737,"nan","nan","nan"
21259,21.259737,"nan","nan","nan"
21260,21.260737,"nan","nan","nan"
21261,21.261738,"nan","nan","nan"
21262,21.262764,"nan","nan","nan"
21263,21.263751,"nan","nan","nan"
21264,21.264739,"nan","nan","nan"
21265,21.265727,"nan","nan","nan"
21266,21.266731,"nan","nan","nan"
21267,21.267733,"nan","nan","nan"
21268,21.268734,"nan","nan","nan"
21269,21.269734,"nan","nan","nan"
21270,21.270735,"nan","nan","nan"
21271,21.271734,"nan","nan","nan"
21272,21.272736,"nan","nan","nan"
21273,21.273817,"nan","nan","nan"
21274,21.274731,"nan","nan","nan"
21275,21.275732,"nan","nan","nan"
21276,21.276735,"nan","nan","nan"
21277,21.277736,"nan","nan","nan"
21278,21.278737,"nan","nan","nan"
21279,21.279737,"nan","nan","nan"
21280,21.280738,"nan","nan","nan"
21281,21.281726,"nan","nan","nan"
21282,21.282739,"nan","nan","nan"
21283,21.283728,"nan","nan","nan"
21284,21.284752,"nan","nan","nan"
21285,21.285750,"nan","nan","nan"
21286,21.286730,"nan","nan","nan"
21287,21.287730,"nan","nan","nan"
21288,21.288730,"nan","nan","nan"
21289,21.289731,"nan","nan","nan"
21290,21.290730,"nan","nan","nan"
21291,21.291729,"nan","nan","nan"
21292,21.292729,"nan","nan","nan"
21293,21.293729,"nan","nan","nan"
21294,21.294781,"nan","nan","nan"
21295,21.295728,"nan","nan","nan"
21296,21.296732,"nan","nan","nan"
21297,21.297732,"nan","nan","nan"
21298,21.298732,"nan","nan","nan"
21299,21.299730,"nan","nan","nan"
21300,21.300732,"nan","nan","nan"
21301,21.301732,"nan","nan","nan"
21302,21.302732,"nan","nan","nan"
21303,21.303732,"nan","nan","nan"
21304,21.304730,"nan","nan","nan"
21305,21.305744,"nan","nan","nan"
21306,21.306734,"nan","nan","nan"
21307,21.307734,"nan","nan","nan"
21308,21.308734,"nan","nan","nan"
21309,21.309733,"nan","nan","nan"
21310,21.310734,"nan","nan","nan"
21311,21.311735,"nan","nan","nan"
21312,21.312734,"nan","nan","nan"
21313,21.313735,"nan","nan","nan"
21314,21.314733,"nan","nan","nan"
21315,21.315734,"nan","nan","nan"
21316,21.316744,"nan","nan","nan"
21317,21.317732,"nan","nan","nan"
21318,21.318732,"nan","nan","nan"
21319,21.319732,"nan","nan","nan"
21320,21.320732,"nan","nan","nan"
21321,21.321732,"nan","nan","nan"
21322,21.322732,"nan","nan","nan"
21323,21.323731,"nan","nan","nan"
21324,21.324732,"nan","nan","nan"
21325,21.325733,"nan","nan","nan"
21326,21.326809,"nan","nan","nan"
21327,21.327735,"nan","nan","nan"
21328,21.328736,"nan","nan","nan"
21329,21.329736,"nan","nan","nan"
21330,21.330737,"nan","nan","nan"
21331,21.331737,"nan","nan","nan"
21332,21.332738,"nan","nan","nan"
21333,21.333738,"nan","nan","nan"
21334,21.334738,"nan","nan","nan"
21335,21.335739,"nan","nan","nan"
21336,21.336730,"nan","nan","nan"
21337,21.337745,"nan","nan","nan"
21338,21.338733,"nan","nan","nan"
21339,21.339735,"nan","nan","nan"
21340,21.340736,"nan","nan","nan"
21341,21.341736,"nan","nan","nan"
21342,21.342737,"nan","nan","nan"
21343,21.343748,"nan","nan","nan"
21344,21.344736,"nan","nan","nan"
21345,21.345737,"nan","nan","nan"
21346,21.346729,"nan","nan","nan"
21347,21.347745,"nan","nan","nan"
21348,21.348733,"nan","nan","nan"
21349,21.349734,"nan","nan","nan"
21350,21.350734,"nan","nan","nan"
21351,21.351735,"nan","nan","nan"
21352,21.352736,"nan","nan","nan"
21353,21.353736,"nan","nan","nan"
21354,21.354737,"nan","nan","nan"
21355,21.355737,"nan","nan","nan"
21356,21.356726,"nan","nan","nan"
21357,21.357727,"nan","nan","nan"
21358,21.358754,"nan","nan","nan"
21359,21.359729,"nan","nan","nan"
21360,21.360728,"nan","nan","nan"
21361,21.361727,"nan","nan","nan"
21362,21.362728,"nan","nan","nan"
21363,21.363728,"nan","nan","nan"
21364,21.364728,"nan","nan","nan"
21365,21.365729,"nan","nan","nan"
21366,21.366731,"nan","nan","nan"
21367,21.367732,"nan","nan","nan"
21368,21.368752,"nan","nan","nan"
21369,21.369740,"nan","nan","nan"
21370,21.370728,"nan","nan","nan"
21371,21.371728,"nan","nan","nan"
21372,21.372728,"nan","nan","nan"
21373,21.373728,"nan","nan","nan"
21374,21.374729,"nan","nan","nan"
21375,21.375729,"nan","nan","nan"
21376,21.376732,"nan","nan","nan"
21377,21.377732,"nan","nan","nan"
21378,21.378732,"nan","nan","nan"
21379,21.379745,"nan","nan","nan"
21380,21.380734,"nan","nan","nan"
21381,21.381733,"nan","nan","nan"
21382,21.382734,"nan","nan","nan"
21383,21.383734,"nan","nan","nan"
21384,21.384735,"nan","nan","nan"
21385,21.385734,"nan","nan","nan"
21386,21.386736,"nan","nan","nan"
21387,21.387737,"nan","nan","nan"
21388,21.388738,"nan","nan","nan"
21389,21.389748,"nan","nan","nan"
21390,21.390737,"nan","nan","nan"
21391,21.391737,"nan","nan","nan"
21392,21.392738,"nan","nan","nan"
21393,21.393740,"nan","nan","nan"
21394,21.394728,"nan","nan","nan"
21395,21.395745,"nan","nan","nan"
21396,21.396737,"nan","nan","nan"
21397,21.397737,"nan","nan","nan"
21398,21.398738,"nan","nan","nan"
21399,21.399739,"nan","nan","nan"
21400,21.400749,"nan","nan","nan"
21401,21.401738,"nan","nan","nan"
21402,21.402739,"nan","nan","nan"
21403,21.403728,"nan","nan","nan"
21404,21.404727,"nan","nan","nan"
21405,21.405729,"nan","nan","nan"
21406,21.406733,"nan","nan","nan"
21407,21.407733,"nan","nan","nan"
21408,21.408734,"nan","nan","nan"
21409,21.409734,"nan","nan","nan"
21410,21.410750,"nan","nan","nan"
21411,21.411738,"nan","nan","nan"
21412,21.412739,"nan","nan","nan"
21413,21.413728,"nan","nan","nan"
21414,21.414728,"nan","nan","nan"
21415,21.415729,"nan","nan","nan"
21416,21.416733,"nan","nan","nan"
21417,21.417733,"nan","nan","nan"
21418,21.418734,"nan","nan","nan"
21419,21.419733,"nan","nan","nan"
21420,21.420735,"nan","nan","nan"
21421,21.421746,"nan","nan","nan"
21422,21.422735,"nan","nan","nan"
21423,21.423735,"nan","nan","nan"
21424,21.424734,"nan","nan","nan"
21425,21.425734,"nan","nan","nan"
21426,21.426738,"nan","nan","nan"
21427,21.427738,"nan","nan","nan"
21428,21.428738,"nan","nan","nan"
21429,21.429737,"nan","nan","nan"
21430,21.430738,"nan","nan","nan"
21431,21.431792,"nan","nan","nan"
21432,21.432729,"nan","nan","nan"
21433,21.433729,"nan","nan","nan"
21434,21.434730,"nan","nan","nan"
21435,21.435730,"nan","nan","nan"
21436,21.436733,"nan","nan","nan"
21437,21.437734,"nan","nan","nan"
21438,21.438732,"nan","nan","nan"
21439,21.439733,"nan","nan","nan"
21440,21.440733,"nan","nan","nan"
21441,21.441733,"nan","nan","nan"
21442,21.442752,"nan","nan","nan"
21443,21.443728,"nan","nan","nan"
21444,21.444740,"nan","nan","nan"
21445,21.445728,"nan","nan","nan"
21446,21.446731,"nan","nan","nan"
21447,21.447731,"nan","nan","nan"
21448,21.448731,"nan","nan","nan"
21449,21.449731,"nan","nan","nan"
21450,21.450731,"nan","nan","nan"
21451,21.451732,"nan","nan","nan"
21452,21.452745,"nan","nan","nan"
21453,21.453732,"nan","nan","nan"
21454,21.454743,"nan","nan","nan"
21455,21.455732,"nan","nan","nan"
21456,21.456735,"nan","nan","nan"
21457,21.457736,"nan","nan","nan"
21458,21.458735,"nan","nan","nan"
21459,21.459736,"nan","nan","nan"
21460,21.460737,"nan","nan","nan"
21461,21.461737,"nan","nan","nan"
21462,21.462738,"nan","nan","nan"
21463,21.463755,"nan","nan","nan"
21464,21.464730,"nan","nan","nan"
21465,21.465731,"nan","nan","nan"
21466,21.466734,"nan","nan","nan"
21467,21.467733,"nan","nan","nan"
21468,21.468735,"nan","nan","nan"
21469,21.469736,"nan","nan","nan"
21470,21.470736,"nan","nan","nan"
21471,21.471737,"nan","nan","nan"
21472,21.472737,"nan","nan","nan"
21473,21.473764,"nan","nan","nan"
21474,21.474740,"nan","nan","nan"
21475,21.475729,"nan","nan","nan"
21476,21.476731,"nan","nan","nan"
21477,21.477733,"nan","nan","nan"
21478,21.478734,"nan","nan","nan"
21479,21.479734,"nan","nan","nan"
21480,21.480735,"nan","nan","nan"
21481,21.481736,"nan","nan","nan"
21482,21.482735,"nan","nan","nan"
21483,21.483736,"nan","nan","nan"
21484,21.484753,"nan","nan","nan"
21485,21.485731,"nan","nan","nan"
21486,21.486733,"nan","nan","nan"
21487,21.487733,"nan","nan","nan"
21488,21.488732,"nan","nan","nan"
21489,21.489732,"nan","nan","nan"
21490,21.490732,"nan","nan","nan"
21491,21.491732,"nan","nan","nan"
21492,21.492732,"nan","nan","nan"
21493,21.493732,"nan","nan","nan"
21494,21.494783,"nan","nan","nan"
21495,21.495734,"nan","nan","nan"
21496,21.496737,"nan","nan","nan"
21497,21.497737,"nan","nan","nan"
21498,21.498738,"nan","nan","nan"
21499,21.499738,"nan","nan","nan"
21500,21.500738,"nan","nan","nan"
21501,21.501737,"nan","nan","nan"
21502,21.502738,"nan","nan","nan"
21503,21.503738,"nan","nan","nan"
21504,21.504738,"nan","nan","nan"
21505,21.505771,"nan","nan","nan"
21506,21.506746,"nan","nan","nan"
21507,21.507734,"nan","nan","nan"
21508,21.508734,"nan","nan","nan"
21509,21.509734,"nan","nan","nan"
21510,21.510733,"nan","nan","nan"
21511,21.511734,"nan","nan","nan"
21512,21.512734,"nan","nan","nan"
21513,21.513734,"nan","nan","nan"
21514,21.514734,"nan","nan","nan"
21515,21.515733,"nan","nan","nan"
21516,21.516747,"nan","nan","nan"
21517,21.517734,"nan","nan","nan"
21518,21.518734,"nan","nan","nan"
21519,21.519734,"nan","nan","nan"
21520,21.520733,"nan","nan","nan"
21521,21.521734,"nan","nan","nan"
21522,21.522734,"nan","nan","nan"
21523,21.523735,"nan","nan","nan"
21524,21.524735,"nan","nan","nan"
21525,21.525736,"nan","nan","nan"
21526,21.526747,"nan","nan","nan"
21527,21.527736,"nan","nan","nan"
21528,21.528738,"nan","nan","nan"
21529,21.529738,"nan","nan","nan"
21530,21.530738,"nan","nan","nan"
21531,21.531739,"nan","nan","nan"
21532,21.532728,"nan","nan","nan"
21533,21.533727,"nan","nan","nan"
21534,21.534729,"nan","nan","nan"
21535,21.535729,"nan","nan","nan"
21536,21.536733,"nan","nan","nan"
21537,21.537746,"nan","nan","nan"
21538,21.538735,"nan","nan","nan"
21539,21.539735,"nan","nan","nan"
21540,21.540737,"nan","nan","nan"
21541,21.541738,"nan","nan","nan"
21542,21.542739,"nan","nan","nan"
21543,21.543726,"nan","nan","nan"
21544,21.544727,"nan","nan","nan"
21545,21.545728,"nan","nan","nan"
21546,21.546732,"nan","nan","nan"
21547,21.547771,"nan","nan","nan"
21548,21.548729,"nan","nan","nan"
21549,21.549730,"nan","nan","nan"
21550,21.550730,"nan","nan","nan"
21551,21.551730,"nan","nan","nan"
21552,21.552730,"nan","nan","nan"
21553,21.553729,"nan","nan","nan"
21554,21.554729,"nan","nan","nan"
21555,21.555729,"nan","nan","nan"
21556,21.556732,"nan","nan","nan"
21557,21.557732,"nan","nan","nan"
21558,21.558751,"nan","nan","nan"
21559,21.559738,"nan","nan","nan"
21560,21.560739,"nan","nan","nan"
21561,21.561747,"nan","nan","nan"
21562,21.562735,"nan","nan","nan"
21563,21.563734,"nan","nan","nan"
21564,21.564735,"nan","nan","nan"
21565,21.565735,"nan","nan","nan"
21566,21.566738,"nan","nan","nan"
21567,21.567738,"nan","nan","nan"
21568,21.568737,"nan","nan","nan"
21569,21.569745,"nan","nan","nan"
21570,21.570734,"nan","nan","nan"
21571,21.571734,"nan","nan","nan"
21572,21.572733,"nan","nan","nan"
21573,21.573733,"nan","nan","nan"
21574,21.574734,"nan","nan","nan"
21575,21.575733,"nan","nan","nan"
21576,21.576736,"nan","nan","nan"
21577,21.577734,"nan","nan","nan"
21578,21.578736,"nan","nan","nan"
21579,21.579852,"nan","nan","nan"
21580,21.580729,"nan","nan","nan"
21581,21.581729,"nan","nan","nan"
21582,21.582730,"nan","nan","nan"
21583,21.583730,"nan","nan","nan"
21584,21.584729,"nan","nan","nan"
21585,21.585730,"nan","nan","nan"
21586,21.586732,"nan","nan","nan"
21587,21.587733,"nan","nan","nan"
21588,21.588734,"nan","nan","nan"
21589,21.589735,"nan","nan","nan"
21590,21.590746,"nan","nan","nan"
21591,21.591736,"nan","nan","nan"
21592,21.592735,"nan","nan","nan"
21593,21.593736,"nan","nan","nan"
21594,21.594737,"nan","nan","nan"
21595,21.595738,"nan","nan","nan"
21596,21.596728,"nan","nan","nan"
21597,21.597729,"nan","nan","nan"
21598,21.598729,"nan","nan","nan"
21599,21.599730,"nan","nan","nan"
21600,21.600795,"nan","nan","nan"
21601,21.601737,"nan","nan","nan"
21602,21.602739,"nan","nan","nan"
21603,21.603740,"nan","nan","nan"
21604,21.604729,"nan","nan","nan"
21605,21.605728,"nan","nan","nan"
21606,21.606733,"nan","nan","nan"
21607,21.607734,"nan","nan","nan"
21608,21.608734,"nan","nan","nan"
21609,21.609735,"nan","nan","nan"
21610,21.610736,"nan","nan","nan"
21611,21.611751,"nan","nan","nan"
21612,21.612738,"nan","nan","nan"
21613,21.613727,"nan","nan","nan"
21614,21.614749,"nan","nan","nan"
21615,21.615738,"nan","nan","nan"
21616,21.616728,"nan","nan","nan"
21617,21.617729,"nan","nan","nan"
21618,21.618728,"nan","nan","nan"
21619,21.619727,"nan","nan","nan"
21620,21.620728,"nan","nan","nan"
21621,21.621754,"nan","nan","nan"
21622,21.622755,"nan","nan","nan"
21623,21.623730,"nan","nan","nan"
21624,21.624729,"nan","nan","nan"
21625,21.625730,"nan","nan","nan"
21626,21.626733,"nan","nan","nan"
21627,21.627733,"nan","nan","nan"
21628,21.628733,"nan","nan","nan"
21629,21.629732,"nan","nan","nan"
21630,21.630733,"nan","nan","nan"
21631,21.631733,"nan","nan","nan"
21632,21.632821,"nan","nan","nan"
21633,21.633735,"nan","nan","nan"
21634,21.634736,"nan","nan","nan"
21635,21.635735,"nan","nan","nan"
21636,21.636739,"nan","nan","nan"
21637,21.637739,"nan","nan","nan"
21638,21.638739,"nan","nan","nan"
21639,21.639738,"nan","nan","nan"
21640,21.640738,"nan","nan","nan"
21641,21.641738,"nan","nan","nan"
21642,21.642738,"nan","nan","nan"
21643,21.643753,"nan","nan","nan"
21644,21.644729,"nan","nan","nan"
21645,21.645729,"nan","nan","nan"
21646,21.646732,"nan","nan","nan"
21647,21.647732,"nan","nan","nan"
21648,21.648733,"nan","nan","nan"
21649,21.649732,"nan","nan","nan"
21650,21.650733,"nan","nan","nan"
21651,21.651732,"nan","nan","nan"
21652,21.652733,"nan","nan","nan"
21653,21.653797,"nan","nan","nan"
21654,21.654730,"nan","nan","nan"
21655,21.655731,"nan","nan","nan"
21656,21.656734,"nan","nan","nan"
21657,21.657735,"nan","nan","nan"
21658,21.658734,"nan","nan","nan"
21659,21.659736,"nan","nan","nan"
21660,21.660737,"nan","nan","nan"
21661,21.661738,"nan","nan","nan"
21662,21.662738,"nan","nan","nan"
21663,21.663739,"nan","nan","nan"
21664,21.664743,"nan","nan","nan"
21665,21.665748,"nan","nan","nan"
21666,21.666729,"nan","nan","nan"
21667,21.667728,"nan","nan","nan"
21668,21.668730,"nan","nan","nan"
21669,21.669730,"nan","nan","nan"
21670,21.670731,"nan","nan","nan"
21671,21.671731,"nan","nan","nan"
21672,21.672731,"nan","nan","nan"
21673,21.673732,"nan","nan","nan"
21674,21.674733,"nan","nan","nan"
21675,21.675744,"nan","nan","nan"
21676,21.676736,"nan","nan","nan"
21677,21.677736,"nan","nan","nan"
21678,21.678736,"nan","nan","nan"
21679,21.679737,"nan","nan","nan"
21680,21.680737,"nan","nan","nan"
21681,21.681738,"nan","nan","nan"
21682,21.682739,"nan","nan","nan"
21683,21.683738,"nan","nan","nan"
21684,21.684738,"nan","nan","nan"
21685,21.685744,"nan","nan","nan"
21686,21.686735,"nan","nan","nan"
21687,21.687734,"nan","nan","nan"
21688,21.688735,"nan","nan","nan"
21689,21.689735,"nan","nan","nan"
21690,21.690735,"nan","nan","nan"
21691,21.691735,"nan","nan","nan"
21692,21.692734,"nan","nan","nan"
21693,21.693735,"nan","nan","nan"
21694,21.694734,"nan","nan","nan"
21695,21.695735,"nan","nan","nan"
21696,21.696751,"nan","nan","nan"
21697,21.697727,"nan","nan","nan"
21698,21.698740,"nan","nan","nan"
21699,21.699728,"nan","nan","nan"
21700,21.700727,"nan","nan","nan"
21701,21.701728,"nan","nan","nan"
21702,21.702728,"nan","nan","nan"
21703,21.703728,"nan","nan","nan"
21704,21.704728,"nan","nan","nan"
21705,21.705727,"nan","nan","nan"
21706,21.706747,"nan","nan","nan"
21707,21.707734,"nan","nan","nan"
21708,21.708735,"nan","nan","nan"
21709,21.709735,"nan","nan","nan"
21710,21.710735,"nan","nan","nan"
21711,21.711733,"nan","nan","nan"
21712,21.712734,"nan","nan","nan"
21713,21.713734,"nan","nan","nan"
21714,21.714734,"nan","nan","nan"
21715,21.715734,"nan","nan","nan"
21716,21.716737,"nan","nan","nan"
21717,21.717746,"nan","nan","nan"
21718,21.718736,"nan","nan","nan"
21719,21.719736,"nan","nan","nan"
21720,21.720737,"nan","nan","nan"
21721,21.721737,"nan","nan","nan"
21722,21.722738,"nan","nan","nan"
21723,21.723922,"nan","nan","nan"
21724,21.724735,"nan","nan","nan"
21725,21.725737,"nan","nan","nan"
21726,21.726740,"nan","nan","nan"
21727,21.727756,"nan","nan","nan"
21728,21.728731,"nan","nan","nan"
21729,21.729732,"nan","nan","nan"
21730,21.730731,"nan","nan","nan"
21731,21.731732,"nan","nan","nan"
21732,21.732733,"nan","nan","nan"
21733,21.733733,"nan","nan","nan"
21734,21.734733,"nan","nan","nan"
21735,21.735733,"nan","nan","nan"
21736,21.736737,"nan","nan","nan"
21737,21.737764,"nan","nan","nan"
21738,21.738746,"nan","nan","nan"
21739,21.739735,"nan","nan","nan"
21740,21.740735,"nan","nan","nan"
21741,21.741736,"nan","nan","nan"
21742,21.742736,"nan","nan","nan"
21743,21.743737,"nan","nan","nan"
21744,21.744738,"nan","nan","nan"
21745,21.745738,"nan","nan","nan"
21746,21.746729,"nan","nan","nan"
21747,21.747730,"nan","nan","nan"
21748,21.748752,"nan","nan","nan"
21749,21.749726,"nan","nan","nan"
21750,21.750739,"nan","nan","nan"
21751,21.751739,"nan","nan","nan"
21752,21.752739,"nan","nan","nan"
21753,21.753739,"nan","nan","nan"
21754,21.754739,"nan","nan","nan"
21755,21.755739,"nan","nan","nan"
21756,21.756729,"nan","nan","nan"
21757,21.757729,"nan","nan","nan"
21758,21.758729,"nan","nan","nan"
21759,21.759748,"nan","nan","nan"
21760,21.760736,"nan","nan","nan"
21761,21.761735,"nan","nan","nan"
21762,21.762735,"nan","nan","nan"
21763,21.763735,"nan","nan","nan"
21764,21.764735,"nan","nan","nan"
21765,21.765736,"nan","nan","nan"
21766,21.766739,"nan","nan","nan"
21767,21.767739,"nan","nan","nan"
21768,21.768739,"nan","nan","nan"
21769,21.769776,"nan","nan","nan"
21770,21.770728,"nan","nan","nan"
21771,21.771728,"nan","nan","nan"
21772,21.772727,"nan","nan","nan"
21773,21.773728,"nan","nan","nan"
21774,21.774728,"nan","nan","nan"
21775,21.775728,"nan","nan","nan"
21776,21.776749,"nan","nan","nan"
21777,21.777738,"nan","nan","nan"
21778,21.778736,"nan","nan","nan"
21779,21.779738,"nan","nan","nan"
21780,21.780754,"nan","nan","nan"
21781,21.781730,"nan","nan","nan"
21782,21.782729,"nan","nan","nan"
21783,21.783729,"nan","nan","nan"
21784,21.784730,"nan","nan","nan"
21785,21.785731,"nan","nan","nan"
21786,21.786734,"nan","nan","nan"
21787,21.787733,"nan","nan","nan"
21788,21.788735,"nan","nan","nan"
21789,21.789735,"nan","nan","nan"
21790,21.790775,"nan","nan","nan"
21791,21.791726,"nan","nan","nan"
21792,21.792728,"nan","nan","nan"
21793,21.793729,"nan","nan","nan"
21794,21.794730,"nan","nan","nan"
21795,21.795730,"nan","nan","nan"
21796,21.796734,"nan","nan","nan"
21797,21.797734,"nan","nan","nan"
21798,21.798736,"nan","nan","nan"
21799,21.799736,"nan","nan","nan"
21800,21.800737,"nan","nan","nan"
21801,21.801745,"nan","nan","nan"
21802,21.802732,"nan","nan","nan"
21803,21.803734,"nan","nan","nan"
21804,21.804734,"nan","nan","nan"
21805,21.805735,"nan","nan","nan"
21806,21.806739,"nan","nan","nan"
21807,21.807727,"nan","nan","nan"
21808,21.808727,"nan","nan","nan"
21809,21.809728,"nan","nan","nan"
21810,21.810729,"nan","nan","nan"
21811,21.811756,"nan","nan","nan"
21812,21.812744,"nan","nan","nan"
21813,21.813732,"nan","nan","nan"
21814,21.814732,"nan","nan","nan"
21815,21.815731,"nan","nan","nan"
21816,21.816733,"nan","nan","nan"
21817,21.817734,"nan","nan","nan"
21818,21.818733,"nan","nan","nan"
21819,21.819733,"nan","nan","nan"
21820,21.820733,"nan","nan","nan"
21821,21.821733,"nan","nan","nan"
21822,21.822754,"nan","nan","nan"
21823,21.823728,"nan","nan","nan"
21824,21.824729,"nan","nan","nan"
21825,21.825728,"nan","nan","nan"
21826,21.826732,"nan","nan","nan"
21827,21.827732,"nan","nan","nan"
21828,21.828732,"nan","nan","nan"
21829,21.829733,"nan","nan","nan"
21830,21.830732,"nan","nan","nan"
21831,21.831732,"nan","nan","nan"
21832,21.832773,"nan","nan","nan"
21833,21.833753,"nan","nan","nan"
21834,21.834728,"nan","nan","nan"
21835,21.835729,"nan","nan","nan"
21836,21.836732,"nan","nan","nan"
21837,21.837732,"nan","nan","nan"
21838,21.838732,"nan","nan","nan"
21839,21.839732,"nan","nan","nan"
21840,21.840732,"nan","nan","nan"
21841,21.841732,"nan","nan","nan"
21842,21.842732,"nan","nan","nan"
21843,21.843752,"nan","nan","nan"
21844,21.844727,"nan","nan","nan"
21845,21.845728,"nan","nan","nan"
21846,21.846732,"nan","nan","nan"
21847,21.847732,"nan","nan","nan"
21848,21.848732,"nan","nan","nan"
21849,21.849731,"nan","nan","nan"
21850,21.850732,"nan","nan","nan"
21851,21.851733,"nan","nan","nan"
21852,21.852734,"nan","nan","nan"
21853,21.853734,"nan","nan","nan"
21854,21.854748,"nan","nan","nan"
21855,21.855737,"nan","nan","nan"
21856,21.856728,"nan","nan","nan"
21857,21.857728,"nan","nan","nan"
21858,21.858727,"nan","nan","nan"
21859,21.859729,"nan","nan","nan"
21860,21.860730,"nan","nan","nan"
21861,21.861731,"nan","nan","nan"
21862,21.862731,"nan","nan","nan"
21863,21.863731,"nan","nan","nan"
21864,21.864750,"nan","nan","nan"
21865,21.865738,"nan","nan","nan"
21866,21.866729,"nan","nan","nan"
21867,21.867730,"nan","nan","nan"
21868,21.868730,"nan","nan","nan"
21869,21.869731,"nan","nan","nan"
21870,21.870731,"nan","nan","nan"
21871,21.871732,"nan","nan","nan"
21872,21.872733,"nan","nan","nan"
21873,21.873732,"nan","nan","nan"
21874,21.874734,"nan","nan","nan"
21875,21.875746,"nan","nan","nan"
21876,21.876739,"nan","nan","nan"
21877,21.877727,"nan","nan","nan"
21878,21.878729,"nan","nan","nan"
21879,21.879729,"nan","nan","nan"
21880,21.880728,"nan","nan","nan"
21881,21.881728,"nan","nan","nan"
21882,21.882727,"nan","nan","nan"
21883,21.883728,"nan","nan","nan"
21884,21.884749,"nan","nan","nan"
21885,21.885749,"nan","nan","nan"
21886,21.886728,"nan","nan","nan"
21887,21.887728,"nan","nan","nan"
21888,21.888729,"nan","nan","nan"
21889,21.889729,"nan","nan","nan"
21890,21.890729,"nan","nan","nan"
21891,21.891729,"nan","nan","nan"
21892,21.892728,"nan","nan","nan"
21893,21.893729,"nan","nan","nan"
21894,21.894729,"nan","nan","nan"
21895,21.895729,"nan","nan","nan"
21896,21.896754,"nan","nan","nan"
21897,21.897730,"nan","nan","nan"
21898,21.898730,"nan","nan","nan"
21899,21.899730,"nan","nan","nan"
21900,21.900730,"nan","nan","nan"
21901,21.901729,"nan","nan","nan"
21902,21.902730,"nan","nan","nan"
21903,21.903730,"nan","nan","nan"
21904,21.904730,"nan","nan","nan"
21905,21.905730,"nan","nan","nan"
21906,21.906754,"nan","nan","nan"
21907,21.907729,"nan","nan","nan"
21908,21.908730,"nan","nan","nan"
21909,21.909730,"nan","nan","nan"
21910,21.910731,"nan","nan","nan"
21911,21.911729,"nan","nan","nan"
21912,21.912731,"nan","nan","nan"
21913,21.913730,"nan","nan","nan"
21914,21.914731,"nan","nan","nan"
21915,21.915731,"nan","nan","nan"
21916,21.916734,"nan","nan","nan"
21917,21.917752,"nan","nan","nan"
21918,21.918727,"nan","nan","nan"
21919,21.919728,"nan","nan","nan"
21920,21.920727,"nan","nan","nan"
21921,21.921729,"nan","nan","nan"
21922,21.922730,"nan","nan","nan"
21923,21.923730,"nan","nan","nan"
21924,21.924731,"nan","nan","nan"
21925,21.925732,"nan","nan","nan"
21926,21.926734,"nan","nan","nan"
21927,21.927754,"nan","nan","nan"
21928,21.928729,"nan","nan","nan"
21929,21.929730,"nan","nan","nan"
21930,21.930729,"nan","nan","nan"
21931,21.931731,"nan","nan","nan"
21932,21.932732,"nan","nan","nan"
21933,21.933733,"nan","nan","nan"
21934,21.934733,"nan","nan","nan"
21935,21.935733,"nan","nan","nan"
21936,21.936737,"nan","nan","nan"
21937,21.937738,"nan","nan","nan"
21938,21.938747,"nan","nan","nan"
21939,21.939736,"nan","nan","nan"
21940,21.940747,"nan","nan","nan"
21941,21.941735,"nan","nan","nan"
21942,21.942736,"nan","nan","nan"
21943,21.943736,"nan","nan","nan"
21944,21.944737,"nan","nan","nan"
21945,21.945736,"nan","nan","nan"
21946,21.946739,"nan","nan","nan"
21947,21.947739,"nan","nan","nan"
21948,21.948746,"nan","nan","nan"
21949,21.949734,"nan","nan","nan"
21950,21.950734,"nan","nan","nan"
21951,21.951734,"nan","nan","nan"
21952,21.952734,"nan","nan","nan"
21953,21.953733,"nan","nan","nan"
21954,21.954734,"nan","nan","nan"
21955,21.955733,"nan","nan","nan"
21956,21.956737,"nan","nan","nan"
21957,21.957736,"nan","nan","nan"
21958,21.958761,"nan","nan","nan"
21959,21.959751,"nan","nan","nan"
21960,21.960727,"nan","nan","nan"
21961,21.961740,"nan","nan","nan"
21962,21.962728,"nan","nan","nan"
21963,21.963727,"nan","nan","nan"
21964,21.964728,"nan","nan","nan"
21965,21.965729,"nan","nan","nan"
21966,21.966731,"nan","nan","nan"
21967,21.967731,"nan","nan","nan"
21968,21.968731,"nan","nan","nan"
21969,21.969814,"nan","nan","nan"
21970,21.970738,"nan","nan","nan"
21971,21.971739,"nan","nan","nan"
21972,21.972727,"nan","nan","nan"
21973,21.973727,"nan","nan","nan"
21974,21.974727,"nan","nan","nan"
21975,21.975727,"nan","nan","nan"
21976,21.976730,"nan","nan","nan"
21977,21.977730,"nan","nan","nan"
21978,21.978729,"nan","nan","nan"
21979,21.979730,"nan","nan","nan"
21980,21.980746,"nan","nan","nan"
21981,21.981736,"nan","nan","nan"
21982,21.982736,"nan","nan","nan"
21983,21.983737,"nan","nan","nan"
21984,21.984737,"nan","nan","nan"
21985,21.985738,"nan","nan","nan"
21986,21.986729,"nan","nan","nan"
21987,21.987731,"nan","nan","nan"
21988,21.988730,"nan","nan","nan"
21989,21.989731,"nan","nan","nan"
21990,21.990781,"nan","nan","nan"
21991,21.991732,"nan","nan","nan"
21992,21.992837,"nan","nan","nan"
21993,21.993736,"nan","nan","nan"
21994,21.994738,"nan","nan","nan"
21995,21.995738,"nan","nan","nan"
21996,21.996731,"nan","nan","nan"
21997,21.997729,"nan","nan","nan"
21998,21.998731,"nan","nan","nan"
21999,21.999732,"nan","nan","nan"
22000,22.000732,"nan","nan","nan"
22001,22.001743,"nan","nan","nan"
22002,22.002731,"nan","nan","nan"
22003,22.003732,"nan","nan","nan"
22004,22.004733,"nan","nan","nan"
22005,22.005734,"nan","nan","nan"
22006,22.006737,"nan","nan","nan"
22007,22.007737,"nan","nan","nan"
22008,22.008738,"nan","nan","nan"
22009,22.009738,"nan","nan","nan"
22010,22.010739,"nan","nan","nan"
22011,22.011752,"nan","nan","nan"
22012,22.012727,"nan","nan","nan"
22013,22.013739,"nan","nan","nan"
22014,22.014740,"nan","nan","nan"
22015,22.015728,"nan","nan","nan"
22016,22.016729,"nan","nan","nan"
22017,22.017731,"nan","nan","nan"
22018,22.018731,"nan","nan","nan"
22019,22.019731,"nan","nan","nan"
22020,22.020731,"nan","nan","nan"
22021,22.021730,"nan","nan","nan"
22022,22.022743,"nan","nan","nan"
22023,22.023731,"nan","nan","nan"
22024,22.024731,"nan","nan","nan"
22025,22.025731,"nan","nan","nan"
22026,22.026732,"nan","nan","nan"
22027,22.027734,"nan","nan","nan"
22028,22.028734,"nan","nan","nan"
22029,22.029734,"nan","nan","nan"
22030,22.030734,"nan","nan","nan"
22031,22.031733,"nan","nan","nan"
22032,22.032747,"nan","nan","nan"
22033,22.033734,"nan","nan","nan"
22034,22.034734,"nan","nan","nan"
22035,22.035734,"nan","nan","nan"
22036,22.036736,"nan","nan","nan"
22037,22.037737,"nan","nan","nan"
22038,22.038738,"nan","nan","nan"
22039,22.039738,"nan","nan","nan"
22040,22.040738,"nan","nan","nan"
22041,22.041736,"nan","nan","nan"
22042,22.042738,"nan","nan","nan"
22043,22.043750,"nan","nan","nan"
22044,22.044728,"nan","nan","nan"
22045,22.045743,"nan","nan","nan"
22046,22.046734,"nan","nan","nan"
22047,22.047735,"nan","nan","nan"
22048,22.048735,"nan","nan","nan"
22049,22.049736,"nan","nan","nan"
22050,22.050737,"nan","nan","nan"
22051,22.051737,"nan","nan","nan"
22052,22.052738,"nan","nan","nan"
22053,22.053778,"nan","nan","nan"
22054,22.054728,"nan","nan","nan"
22055,22.055730,"nan","nan","nan"
22056,22.056734,"nan","nan","nan"
22057,22.057734,"nan","nan","nan"
22058,22.058735,"nan","nan","nan"
22059,22.059735,"nan","nan","nan"
22060,22.060735,"nan","nan","nan"
22061,22.061737,"nan","nan","nan"
22062,22.062738,"nan","nan","nan"
22063,22.063739,"nan","nan","nan"
22064,22.064750,"nan","nan","nan"
22065,22.065727,"nan","nan","nan"
22066,22.066731,"nan","nan","nan"
22067,22.067731,"nan","nan","nan"
22068,22.068732,"nan","nan","nan"
22069,22.069731,"nan","nan","nan"
22070,22.070733,"nan","nan","nan"
22071,22.071734,"nan","nan","nan"
22072,22.072733,"nan","nan","nan"
22073,22.073734,"nan","nan","nan"
22074,22.074774,"nan","nan","nan"
22075,22.075735,"nan","nan","nan"
22076,22.076739,"nan","nan","nan"
22077,22.077738,"nan","nan","nan"
22078,22.078739,"nan","nan","nan"
22079,22.079737,"nan","nan","nan"
22080,22.080738,"nan","nan","nan"
22081,22.081738,"nan","nan","nan"
22082,22.082738,"nan","nan","nan"
22083,22.083738,"nan","nan","nan"
22084,22.084726,"nan","nan","nan"
22085,22.085745,"nan","nan","nan"
22086,22.086736,"nan","nan","nan"
22087,22.087737,"nan","nan","nan"
22088,22.088737,"nan","nan","nan"
22089,22.089736,"nan","nan","nan"
22090,22.090736,"nan","nan","nan"
22091,22.091736,"nan","nan","nan"
22092,22.092737,"nan","nan","nan"
22093,22.093737,"nan","nan","nan"
22094,22.094736,"nan","nan","nan"
22095,22.095850,"nan","nan","nan"
22096,22.096731,"nan","nan","nan"
22097,22.097731,"nan","nan","nan"
22098,22.098730,"nan","nan","nan"
22099,22.099731,"nan","nan","nan"
22100,22.100731,"nan","nan","nan"
22101,22.101731,"nan","nan","nan"
22102,22.102730,"nan","nan","nan"
22103,22.103745,"nan","nan","nan"
22104,22.104733,"nan","nan","nan"
22105,22.105732,"nan","nan","nan"
22106,22.106751,"nan","nan","nan"
22107,22.107729,"nan","nan","nan"
22108,22.108730,"nan","nan","nan"
22109,22.109729,"nan","nan","nan"
22110,22.110730,"nan","nan","nan"
22111,22.111730,"nan","nan","nan"
22112,22.112729,"nan","nan","nan"
22113,22.113730,"nan","nan","nan"
22114,22.114730,"nan","nan","nan"
22115,22.115731,"nan","nan","nan"
22116,22.116875,"nan","nan","nan"
22117,22.117733,"nan","nan","nan"
22118,22.118735,"nan","nan","nan"
22119,22.119735,"nan","nan","nan"
22120,22.120736,"nan","nan","nan"
22121,22.121736,"nan","nan","nan"
22122,22.122736,"nan","nan","nan"
22123,22.123737,"nan","nan","nan"
22124,22.124738,"nan","nan","nan"
22125,22.125739,"nan","nan","nan"
22126,22.126729,"nan","nan","nan"
22127,22.127743,"nan","nan","nan"
22128,22.128731,"nan","nan","nan"
22129,22.129732,"nan","nan","nan"
22130,22.130732,"nan","nan","nan"
22131,22.131732,"nan","nan","nan"
22132,22.132733,"nan","nan","nan"
22133,22.133734,"nan","nan","nan"
22134,22.134734,"nan","nan","nan"
22135,22.135735,"nan","nan","nan"
22136,22.136739,"nan","nan","nan"
22137,22.137765,"nan","nan","nan"
22138,22.138747,"nan","nan","nan"
22139,22.139736,"nan","nan","nan"
22140,22.140737,"nan","nan","nan"
22141,22.141738,"nan","nan","nan"
22142,22.142737,"nan","nan","nan"
22143,22.143737,"nan","nan","nan"
22144,22.144737,"nan","nan","nan"
22145,22.145737,"nan","nan","nan"
22146,22.146727,"nan","nan","nan"
22147,22.147740,"nan","nan","nan"
22148,22.148752,"nan","nan","nan"
22149,22.149729,"nan","nan","nan"
22150,22.150729,"nan","nan","nan"
22151,22.151730,"nan","nan","nan"
22152,22.152730,"nan","nan","nan"
22153,22.153730,"nan","nan","nan"
22154,22.154730,"nan","nan","nan"
22155,22.155729,"nan","nan","nan"
22156,22.156733,"nan","nan","nan"
22157,22.157733,"nan","nan","nan"
22158,22.158732,"nan","nan","nan"
22159,22.159749,"nan","nan","nan"
22160,22.160762,"nan","nan","nan"
22161,22.161755,"nan","nan","nan"
22162,22.162730,"nan","nan","nan"
22163,22.163730,"nan","nan","nan"
22164,22.164729,"nan","nan","nan"
22165,22.165730,"nan","nan","nan"
22166,22.166733,"nan","nan","nan"
22167,22.167733,"nan","nan","nan"
22168,22.168733,"nan","nan","nan"
22169,22.169745,"nan","nan","nan"
22170,22.170732,"nan","nan","nan"
22171,22.171733,"nan","nan","nan"
22172,22.172732,"nan","nan","nan"
22173,22.173733,"nan","nan","nan"
22174,22.174731,"nan","nan","nan"
22175,22.175733,"nan","nan","nan"
22176,22.176735,"nan","nan","nan"
22177,22.177736,"nan","nan","nan"
22178,22.178737,"nan","nan","nan"
22179,22.179737,"nan","nan","nan"
22180,22.180744,"nan","nan","nan"
22181,22.181732,"nan","nan","nan"
22182,22.182732,"nan","nan","nan"
22183,22.183733,"nan","nan","nan"
22184,22.184732,"nan","nan","nan"
22185,22.185733,"nan","nan","nan"
22186,22.186737,"nan","nan","nan"
22187,22.187738,"nan","nan","nan"
22188,22.188739,"nan","nan","nan"
22189,22.189727,"nan","nan","nan"
22190,22.190755,"nan","nan","nan"
22191,22.191730,"nan","nan","nan"
22192,22.192731,"nan","nan","nan"
22193,22.193730,"nan","nan","nan"
22194,22.194732,"nan","nan","nan"
22195,22.195733,"nan","nan","nan"
22196,22.196737,"nan","nan","nan"
22197,22.197737,"nan","nan","nan"
22198,22.198738,"nan","nan","nan"
22199,22.199737,"nan","nan","nan"
22200,22.200765,"nan","nan","nan"
22201,22.201743,"nan","nan","nan"
22202,22.202732,"nan","nan","nan"
22203,22.203731,"nan","nan","nan"
22204,22.204733,"nan","nan","nan"
22205,22.205734,"nan","nan","nan"
22206,22.206737,"nan","nan","nan"
22207,22.207737,"nan","nan","nan"
22208,22.208736,"nan","nan","nan"
22209,22.209737,"nan","nan","nan"
22210,22.210737,"nan","nan","nan"
22211,22.211753,"nan","nan","nan"
22212,22.212728,"nan","nan","nan"
22213,22.213730,"nan","nan","nan"
22214,22.214730,"nan","nan","nan"
22215,22.215730,"nan","nan","nan"
22216,22.216732,"nan","nan","nan"
22217,22.217742,"nan","nan","nan"
22218,22.218729,"nan","nan","nan"
22219,22.219729,"nan","nan","nan"
22220,22.220729,"nan","nan","nan"
22221,22.221730,"nan","nan","nan"
22222,22.222742,"nan","nan","nan"
22223,22.223730,"nan","nan","nan"
22224,22.224733,"nan","nan","nan"
22225,22.225733,"nan","nan","nan"
22226,22.226735,"nan","nan","nan"
22227,22.227734,"nan","nan","nan"
22228,22.228735,"nan","nan","nan"
22229,22.229736,"nan","nan","nan"
22230,22.230735,"nan","nan","nan"
22231,22.231736,"nan","nan","nan"
22232,22.232800,"nan","nan","nan"
22233,22.233739,"nan","nan","nan"
22234,22.234728,"nan","nan","nan"
22235,22.235728,"nan","nan","nan"
22236,22.236730,"nan","nan","nan"
22237,22.237731,"nan","nan","nan"
22238,22.238731,"nan","nan","nan"
22239,22.239731,"nan","nan","nan"
22240,22.240731,"nan","nan","nan"
22241,22.241730,"nan","nan","nan"
22242,22.242731,"nan","nan","nan"
22243,22.243755,"nan","nan","nan"
22244,22.244731,"nan","nan","nan"
22245,22.245732,"nan","nan","nan"
22246,22.246734,"nan","nan","nan"
22247,22.247736,"nan","nan","nan"
22248,22.248736,"nan","nan","nan"
22249,22.249737,"nan","nan","nan"
22250,22.250738,"nan","nan","nan"
22251,22.251739,"nan","nan","nan"
22252,22.252739,"nan","nan","nan"
22253,22.253753,"nan","nan","nan"
22254,22.254744,"nan","nan","nan"
22255,22.255734,"nan","nan","nan"
22256,22.256736,"nan","nan","nan"
22257,22.257737,"nan","nan","nan"
22258,22.258738,"nan","nan","nan"
22259,22.259738,"nan","nan","nan"
22260,22.260739,"nan","nan","nan"
22261,22.261727,"nan","nan","nan"
22262,22.262728,"nan","nan","nan"
22263,22.263729,"nan","nan","nan"
22264,22.264764,"nan","nan","nan"
22265,22.265739,"nan","nan","nan"
22266,22.266730,"nan","nan","nan"
22267,22.267731,"nan","nan","nan"
22268,22.268732,"nan","nan","nan"
22269,22.269733,"nan","nan","nan"
22270,22.270732,"nan","nan","nan"
22271,22.271733,"nan","nan","nan"
22272,22.272734,"nan","nan","nan"
22273,22.273733,"nan","nan","nan"
22274,22.274733,"nan","nan","nan"
22275,22.275749,"nan","nan","nan"
22276,22.276743,"nan","nan","nan"
22277,22.277731,"nan","nan","nan"
22278,22.278732,"nan","nan","nan"
22279,22.279731,"nan","nan","nan"
22280,22.280732,"nan","nan","nan"
22281,22.281732,"nan","nan","nan"
22282,22.282732,"nan","nan","nan"
22283,22.283732,"nan","nan","nan"
22284,22.284731,"nan","nan","nan"
22285,22.285745,"nan","nan","nan"
22286,22.286736,"nan","nan","nan"
22287,22.287736,"nan","nan","nan"
22288,22.288736,"nan","nan","nan"
22289,22.289737,"nan","nan","nan"
22290,22.290736,"nan","nan","nan"
22291,22.291736,"nan","nan","nan"
22292,22.292736,"nan","nan","nan"
22293,22.293737,"nan","nan","nan"
22294,22.294735,"nan","nan","nan"
22295,22.295736,"nan","nan","nan"
22296,22.296743,"nan","nan","nan"
22297,22.297731,"nan","nan","nan"
22298,22.298730,"nan","nan","nan"
22299,22.299731,"nan","nan","nan"
22300,22.300731,"nan","nan","nan"
22301,22.301732,"nan","nan","nan"
22302,22.302731,"nan","nan","nan"
22303,22.303730,"nan","nan","nan"
22304,22.304731,"nan","nan","nan"
22305,22.305731,"nan","nan","nan"
22306,22.306751,"nan","nan","nan"
22307,22.307738,"nan","nan","nan"
22308,22.308727,"nan","nan","nan"
22309,22.309728,"nan","nan","nan"
22310,22.310729,"nan","nan","nan"
22311,22.311729,"nan","nan","nan"
22312,22.312730,"nan","nan","nan"
22313,22.313730,"nan","nan","nan"
22314,22.314731,"nan","nan","nan"
22315,22.315731,"nan","nan","nan"
22316,22.316735,"nan","nan","nan"
22317,22.317751,"nan","nan","nan"
22318,22.318728,"nan","nan","nan"
22319,22.319729,"nan","nan","nan"
22320,22.320729,"nan","nan","nan"
22321,22.321729,"nan","nan","nan"
22322,22.322729,"nan","nan","nan"
22323,22.323730,"nan","nan","nan"
22324,22.324731,"nan","nan","nan"
22325,22.325732,"nan","nan","nan"
22326,22.326735,"nan","nan","nan"
22327,22.327750,"nan","nan","nan"
22328,22.328738,"nan","nan","nan"
22329,22.329740,"nan","nan","nan"
22330,22.330728,"nan","nan","nan"
22331,22.331728,"nan","nan","nan"
22332,22.332729,"nan","nan","nan"
22333,22.333730,"nan","nan","nan"
22334,22.334730,"nan","nan","nan"
22335,22.335731,"nan","nan","nan"
22336,22.336761,"nan","nan","nan"
22337,22.337739,"nan","nan","nan"
22338,22.338755,"nan","nan","nan"
22339,22.339729,"nan","nan","nan"
22340,22.340729,"nan","nan","nan"
22341,22.341728,"nan","nan","nan"
22342,22.342729,"nan","nan","nan"
22343,22.343729,"nan","nan","nan"
22344,22.344729,"nan","nan","nan"
22345,22.345729,"nan","nan","nan"
22346,22.346731,"nan","nan","nan"
22347,22.347732,"nan","nan","nan"
22348,22.348753,"nan","nan","nan"
22349,22.349728,"nan","nan","nan"
22350,22.350729,"nan","nan","nan"
22351,22.351728,"nan","nan","nan"
22352,22.352728,"nan","nan","nan"
22353,22.353728,"nan","nan","nan"
22354,22.354729,"nan","nan","nan"
22355,22.355727,"nan","nan","nan"
22356,22.356731,"nan","nan","nan"
22357,22.357732,"nan","nan","nan"
22358,22.358757,"nan","nan","nan"
22359,22.359749,"nan","nan","nan"
22360,22.360737,"nan","nan","nan"
22361,22.361736,"nan","nan","nan"
22362,22.362738,"nan","nan","nan"
22363,22.363738,"nan","nan","nan"
22364,22.364738,"nan","nan","nan"
22365,22.365738,"nan","nan","nan"
22366,22.366729,"nan","nan","nan"
22367,22.367728,"nan","nan","nan"
22368,22.368729,"nan","nan","nan"
22369,22.369746,"nan","nan","nan"
22370,22.370732,"nan","nan","nan"
22371,22.371734,"nan","nan","nan"
22372,22.372734,"nan","nan","nan"
22373,22.373734,"nan","nan","nan"
22374,22.374735,"nan","nan","nan"
22375,22.375734,"nan","nan","nan"
22376,22.376738,"nan","nan","nan"
22377,22.377727,"nan","nan","nan"
22378,22.378728,"nan","nan","nan"
22379,22.379727,"nan","nan","nan"
22380,22.380750,"nan","nan","nan"
22381,22.381738,"nan","nan","nan"
22382,22.382739,"nan","nan","nan"
22383,22.383728,"nan","nan","nan"
22384,22.384728,"nan","nan","nan"
22385,22.385730,"nan","nan","nan"
22386,22.386733,"nan","nan","nan"
22387,22.387734,"nan","nan","nan"
22388,22.388734,"nan","nan","nan"
22389,22.389735,"nan","nan","nan"
22390,22.390747,"nan","nan","nan"
22391,22.391734,"nan","nan","nan"
22392,22.392735,"nan","nan","nan"
22393,22.393761,"nan","nan","nan"
22394,22.394754,"nan","nan","nan"
22395,22.395730,"nan","nan","nan"
22396,22.396734,"nan","nan","nan"
22397,22.397735,"nan","nan","nan"
22398,22.398736,"nan","nan","nan"
22399,22.399735,"nan","nan","nan"
22400,22.400736,"nan","nan","nan"
22401,22.401743,"nan","nan","nan"
22402,22.402732,"nan","nan","nan"
22403,22.403732,"nan","nan","nan"
22404,22.404731,"nan","nan","nan"
22405,22.405731,"nan","nan","nan"
22406,22.406734,"nan","nan","nan"
22407,22.407733,"nan","nan","nan"
22408,22.408733,"nan","nan","nan"
22409,22.409733,"nan","nan","nan"
22410,22.410733,"nan","nan","nan"
22411,22.411820,"nan","nan","nan"
22412,22.412734,"nan","nan","nan"
22413,22.413735,"nan","nan","nan"
22414,22.414734,"nan","nan","nan"
22415,22.415735,"nan","nan","nan"
22416,22.416738,"nan","nan","nan"
22417,22.417737,"nan","nan","nan"
22418,22.418737,"nan","nan","nan"
22419,22.419737,"nan","nan","nan"
22420,22.420737,"nan","nan","nan"
22421,22.421737,"nan","nan","nan"
22422,22.422751,"nan","nan","nan"
22423,22.423727,"nan","nan","nan"
22424,22.424739,"nan","nan","nan"
22425,22.425727,"nan","nan","nan"
22426,22.426730,"nan","nan","nan"
22427,22.427729,"nan","nan","nan"
22428,22.428730,"nan","nan","nan"
22429,22.429730,"nan","nan","nan"
22430,22.430730,"nan","nan","nan"
22431,22.431730,"nan","nan","nan"
22432,22.432743,"nan","nan","nan"
22433,22.433730,"nan","nan","nan"
22434,22.434731,"nan","nan","nan"
22435,22.435730,"nan","nan","nan"
22436,22.436734,"nan","nan","nan"
22437,22.437732,"nan","nan","nan"
22438,22.438733,"nan","nan","nan"
22439,22.439734,"nan","nan","nan"
22440,22.440735,"nan","nan","nan"
22441,22.441735,"nan","nan","nan"
22442,22.442735,"nan","nan","nan"
22443,22.443750,"nan","nan","nan"
22444,22.444739,"nan","nan","nan"
22445,22.445727,"nan","nan","nan"
22446,22.446752,"nan","nan","nan"
22447,22.447729,"nan","nan","nan"
22448,22.448730,"nan","nan","nan"
22449,22.449730,"nan","nan","nan"
22450,22.450731,"nan","nan","nan"
22451,22.451730,"nan","nan","nan"
22452,22.452732,"nan","nan","nan"
22453,22.453749,"nan","nan","nan"
22454,22.454736,"nan","nan","nan"
22455,22.455737,"nan","nan","nan"
22456,22.456728,"nan","nan","nan"
22457,22.457729,"nan","nan","nan"
22458,22.458729,"nan","nan","nan"
22459,22.459730,"nan","nan","nan"
22460,22.460731,"nan","nan","nan"
22461,22.461730,"nan","nan","nan"
22462,22.462731,"nan","nan","nan"
22463,22.463757,"nan","nan","nan"
22464,22.464753,"nan","nan","nan"
22465,22.465731,"nan","nan","nan"
22466,22.466733,"nan","nan","nan"
22467,22.467735,"nan","nan","nan"
22468,22.468736,"nan","nan","nan"
22469,22.469736,"nan","nan","nan"
22470,22.470736,"nan","nan","nan"
22471,22.471735,"nan","nan","nan"
22472,22.472736,"nan","nan","nan"
22473,22.473736,"nan","nan","nan"
22474,22.474750,"nan","nan","nan"
22475,22.475738,"nan","nan","nan"
22476,22.476730,"nan","nan","nan"
22477,22.477729,"nan","nan","nan"
22478,22.478729,"nan","nan","nan"
22479,22.479729,"nan","nan","nan"
22480,22.480729,"nan","nan","nan"
22481,22.481729,"nan","nan","nan"
22482,22.482728,"nan","nan","nan"
22483,22.483729,"nan","nan","nan"
22484,22.484754,"nan","nan","nan"
22485,22.485744,"nan","nan","nan"
22486,22.486735,"nan","nan","nan"
22487,22.487735,"nan","nan","nan"
22488,22.488735,"nan","nan","nan"
22489,22.489735,"nan","nan","nan"
22490,22.490734,"nan","nan","nan"
22491,22.491735,"nan","nan","nan"
22492,22.492736,"nan","nan","nan"
22493,22.493735,"nan","nan","nan"
22494,22.494735,"nan","nan","nan"
22495,22.495745,"nan","nan","nan"
22496,22.496735,"nan","nan","nan"
22497,22.497735,"nan","nan","nan"
22498,22.498735,"nan","nan","nan"
22499,22.499736,"nan","nan","nan"
22500,22.500735,"nan","nan","nan"
22501,22.501761,"nan","nan","nan"
22502,22.502752,"nan","nan","nan"
22503,22.503729,"nan","nan","nan"
22504,22.504728,"nan","nan","nan"
22505,22.505730,"nan","nan","nan"
22506,22.506752,"nan","nan","nan"
22507,22.507728,"nan","nan","nan"
22508,22.508727,"nan","nan","nan"
22509,22.509729,"nan","nan","nan"
22510,22.510730,"nan","nan","nan"
22511,22.511731,"nan","nan","nan"
22512,22.512731,"nan","nan","nan"
22513,22.513732,"nan","nan","nan"
22514,22.514732,"nan","nan","nan"
22515,22.515733,"nan","nan","nan"
22516,22.516744,"nan","nan","nan"
22517,22.517732,"nan","nan","nan"
22518,22.518734,"nan","nan","nan"
22519,22.519733,"nan","nan","nan"
22520,22.520734,"nan","nan","nan"
22521,22.521734,"nan","nan","nan"
22522,22.522735,"nan","nan","nan"
22523,22.523736,"nan","nan","nan"
22524,22.524736,"nan","nan","nan"
22525,22.525737,"nan","nan","nan"
22526,22.526753,"nan","nan","nan"
22527,22.527742,"nan","nan","nan"
22528,22.528730,"nan","nan","nan"
22529,22.529731,"nan","nan","nan"
22530,22.530732,"nan","nan","nan"
22531,22.531732,"nan","nan","nan"
22532,22.532733,"nan","nan","nan"
22533,22.533732,"nan","nan","nan"
22534,22.534733,"nan","nan","nan"
22535,22.535732,"nan","nan","nan"
22536,22.536735,"nan","nan","nan"
22537,22.537748,"nan","nan","nan"
22538,22.538735,"nan","nan","nan"
22539,22.539737,"nan","nan","nan"
22540,22.540737,"nan","nan","nan"
22541,22.541737,"nan","nan","nan"
22542,22.542737,"nan","nan","nan"
22543,22.543736,"nan","nan","nan"
22544,22.544736,"nan","nan","nan"
22545,22.545736,"nan","nan","nan"
22546,22.546726,"nan","nan","nan"
22547,22.547727,"nan","nan","nan"
22548,22.548753,"nan","nan","nan"
22549,22.549728,"nan","nan","nan"
22550,22.550728,"nan","nan","nan"
22551,22.551727,"nan","nan","nan"
22552,22.552728,"nan","nan","nan"
22553,22.553729,"nan","nan","nan"
22554,22.554728,"nan","nan","nan"
22555,22.555729,"nan","nan","nan"
22556,22.556732,"nan","nan","nan"
22557,22.557732,"nan","nan","nan"
22558,22.558752,"nan","nan","nan"
22559,22.559739,"nan","nan","nan"
22560,22.560727,"nan","nan","nan"
22561,22.561727,"nan","nan","nan"
22562,22.562743,"nan","nan","nan"
22563,22.563731,"nan","nan","nan"
22564,22.564731,"nan","nan","nan"
22565,22.565731,"nan","nan","nan"
22566,22.566733,"nan","nan","nan"
22567,22.567734,"nan","nan","nan"
22568,22.568734,"nan","nan","nan"
22569,22.569751,"nan","nan","nan"
22570,22.570727,"nan","nan","nan"
22571,22.571729,"nan","nan","nan"
22572,22.572730,"nan","nan","nan"
22573,22.573730,"nan","nan","nan"
22574,22.574731,"nan","nan","nan"
22575,22.575731,"nan","nan","nan"
22576,22.576734,"nan","nan","nan"
22577,22.577735,"nan","nan","nan"
22578,22.578736,"nan","nan","nan"
22579,22.579752,"nan","nan","nan"
22580,22.580727,"nan","nan","nan"
22581,22.581729,"nan","nan","nan"
22582,22.582730,"nan","nan","nan"
22583,22.583730,"nan","nan","nan"
22584,22.584731,"nan","nan","nan"
22585,22.585730,"nan","nan","nan"
22586,22.586734,"nan","nan","nan"
22587,22.587735,"nan","nan","nan"
22588,22.588736,"nan","nan","nan"
22589,22.589736,"nan","nan","nan"
22590,22.590750,"nan","nan","nan"
22591,22.591739,"nan","nan","nan"
22592,22.592740,"nan","nan","nan"
22593,22.593728,"nan","nan","nan"
22594,22.594728,"nan","nan","nan"
22595,22.595729,"nan","nan","nan"
22596,22.596733,"nan","nan","nan"
22597,22.597734,"nan","nan","nan"
22598,22.598734,"nan","nan","nan"
22599,22.599735,"nan","nan","nan"
22600,22.600753,"nan","nan","nan"
22601,22.601739,"nan","nan","nan"
22602,22.602740,"nan","nan","nan"
22603,22.603728,"nan","nan","nan"
22604,22.604727,"nan","nan","nan"
22605,22.605728,"nan","nan","nan"
22606,22.606731,"nan","nan","nan"
22607,22.607731,"nan","nan","nan"
22608,22.608731,"nan","nan","nan"
22609,22.609730,"nan","nan","nan"
22610,22.610732,"nan","nan","nan"
22611,22.611750,"nan","nan","nan"
22612,22.612738,"nan","nan","nan"
22613,22.613738,"nan","nan","nan"
22614,22.614738,"nan","nan","nan"
22615,22.615737,"nan","nan","nan"
22616,22.616728,"nan","nan","nan"
22617,22.617728,"nan","nan","nan"
22618,22.618727,"nan","nan","nan"
22619,22.619728,"nan","nan","nan"
22620,22.620729,"nan","nan","nan"
22621,22.621743,"nan","nan","nan"
22622,22.622731,"nan","nan","nan"
22623,22.623730,"nan","nan","nan"
22624,22.624730,"nan","nan","nan"
22625,22.625731,"nan","nan","nan"
22626,22.626733,"nan","nan","nan"
22627,22.627734,"nan","nan","nan"
22628,22.628734,"nan","nan","nan"
22629,22.629734,"nan","nan","nan"
22630,22.630733,"nan","nan","nan"
22631,22.631733,"nan","nan","nan"
22632,22.632749,"nan","nan","nan"
22633,22.633738,"nan","nan","nan"
22634,22.634737,"nan","nan","nan"
22635,22.635738,"nan","nan","nan"
22636,22.636729,"nan","nan","nan"
22637,22.637730,"nan","nan","nan"
22638,22.638730,"nan","nan","nan"
22639,22.639731,"nan","nan","nan"
22640,22.640731,"nan","nan","nan"
22641,22.641732,"nan","nan","nan"
22642,22.642744,"nan","nan","nan"
22643,22.643732,"nan","nan","nan"
22644,22.644733,"nan","nan","nan"
22645,22.645734,"nan","nan","nan"
22646,22.646737,"nan","nan","nan"
22647,22.647738,"nan","nan","nan"
22648,22.648726,"nan","nan","nan"
22649,22.649739,"nan","nan","nan"
22650,22.650728,"nan","nan","nan"
22651,22.651728,"nan","nan","nan"
22652,22.652728,"nan","nan","nan"
22653,22.653751,"nan","nan","nan"
22654,22.654740,"nan","nan","nan"
22655,22.655728,"nan","nan","nan"
22656,22.656732,"nan","nan","nan"
22657,22.657731,"nan","nan","nan"
22658,22.658733,"nan","nan","nan"
22659,22.659733,"nan","nan","nan"
22660,22.660734,"nan","nan","nan"
22661,22.661734,"nan","nan","nan"
22662,22.662734,"nan","nan","nan"
22663,22.663754,"nan","nan","nan"
22664,22.664729,"nan","nan","nan"
22665,22.665730,"nan","nan","nan"
22666,22.666732,"nan","nan","nan"
22667,22.667732,"nan","nan","nan"
22668,22.668731,"nan","nan","nan"
22669,22.669732,"nan","nan","nan"
22670,22.670731,"nan","nan","nan"
22671,22.671730,"nan","nan","nan"
22672,22.672731,"nan","nan","nan"
22673,22.673731,"nan","nan","nan"
22674,22.674750,"nan","nan","nan"
22675,22.675726,"nan","nan","nan"
22676,22.676730,"nan","nan","nan"
22677,22.677745,"nan","nan","nan"
22678,22.678732,"nan","nan","nan"
22679,22.679732,"nan","nan","nan"
22680,22.680732,"nan","nan","nan"
22681,22.681731,"nan","nan","nan"
22682,22.682732,"nan","nan","nan"
22683,22.683732,"nan","nan","nan"
22684,22.684778,"nan","nan","nan"
22685,22.685727,"nan","nan","nan"
22686,22.686732,"nan","nan","nan"
22687,22.687732,"nan","nan","nan"
22688,22.688732,"nan","nan","nan"
22689,22.689732,"nan","nan","nan"
22690,22.690731,"nan","nan","nan"
22691,22.691732,"nan","nan","nan"
22692,22.692732,"nan","nan","nan"
22693,22.693732,"nan","nan","nan"
22694,22.694732,"nan","nan","nan"
22695,22.695746,"nan","nan","nan"
22696,22.696736,"nan","nan","nan"
22697,22.697736,"nan","nan","nan"
22698,22.698737,"nan","nan","nan"
22699,22.699737,"nan","nan","nan"
22700,22.700737,"nan","nan","nan"
22701,22.701736,"nan","nan","nan"
22702,22.702737,"nan","nan","nan"
22703,22.703737,"nan","nan","nan"
22704,22.704738,"nan","nan","nan"
22705,22.705764,"nan","nan","nan"
22706,22.706730,"nan","nan","nan"
22707,22.707731,"nan","nan","nan"
22708,22.708732,"nan","nan","nan"
22709,22.709733,"nan","nan","nan"
22710,22.710732,"nan","nan","nan"
22711,22.711733,"nan","nan","nan"
22712,22.712733,"nan","nan","nan"
22713,22.713734,"nan","nan","nan"
22714,22.714734,"nan","nan","nan"
22715,22.715734,"nan","nan","nan"
22716,22.716749,"nan","nan","nan"
22717,22.717737,"nan","nan","nan"
22718,22.718738,"nan","nan","nan"
22719,22.719739,"nan","nan","nan"
22720,22.720738,"nan","nan","nan"
22721,22.721740,"nan","nan","nan"
22722,22.722728,"nan","nan","nan"
22723,22.723727,"nan","nan","nan"
22724,22.724729,"nan","nan","nan"
22725,22.725730,"nan","nan","nan"
22726,22.726761,"nan","nan","nan"
22727,22.727736,"nan","nan","nan"
22728,22.728737,"nan","nan","nan"
22729,22.729736,"nan","nan","nan"
22730,22.730738,"nan","nan","nan"
22731,22.731738,"nan","nan","nan"
22732,22.732738,"nan","nan","nan"
22733,22.733738,"nan","nan","nan"
22734,22.734736,"nan","nan","nan"
22735,22.735763,"nan","nan","nan"
22736,22.736748,"nan","nan","nan"
22737,22.737751,"nan","nan","nan"
22738,22.738727,"nan","nan","nan"
22739,22.739726,"nan","nan","nan"
22740,22.740740,"nan","nan","nan"
22741,22.741727,"nan","nan","nan"
22742,22.742726,"nan","nan","nan"
22743,22.743727,"nan","nan","nan"
22744,22.744739,"nan","nan","nan"
22745,22.745727,"nan","nan","nan"
22746,22.746731,"nan","nan","nan"
22747,22.747761,"nan","nan","nan"
22748,22.748738,"nan","nan","nan"
22749,22.749738,"nan","nan","nan"
22750,22.750738,"nan","nan","nan"
22751,22.751738,"nan","nan","nan"
22752,22.752738,"nan","nan","nan"
22753,22.753737,"nan","nan","nan"
22754,22.754738,"nan","nan","nan"
22755,22.755739,"nan","nan","nan"
22756,22.756730,"nan","nan","nan"
22757,22.757729,"nan","nan","nan"
22758,22.758750,"nan","nan","nan"
22759,22.759738,"nan","nan","nan"
22760,22.760738,"nan","nan","nan"
22761,22.761739,"nan","nan","nan"
22762,22.762738,"nan","nan","nan"
22763,22.763738,"nan","nan","nan"
22764,22.764739,"nan","nan","nan"
22765,22.765739,"nan","nan","nan"
22766,22.766730,"nan","nan","nan"
22767,22.767730,"nan","nan","nan"
22768,22.768775,"nan","nan","nan"
22769,22.769739,"nan","nan","nan"
22770,22.770728,"nan","nan","nan"
22771,22.771728,"nan","nan","nan"
22772,22.772730,"nan","nan","nan"
22773,22.773730,"nan","nan","nan"
22774,22.774731,"nan","nan","nan"
22775,22.775731,"nan","nan","nan"
22776,22.776735,"nan","nan","nan"
22777,22.777735,"nan","nan","nan"
22778,22.778736,"nan","nan","nan"
22779,22.779751,"nan","nan","nan"
22780,22.780730,"nan","nan","nan"
22781,22.781729,"nan","nan","nan"
22782,22.782731,"nan","nan","nan"
22783,22.783731,"nan","nan","nan"
22784,22.784732,"nan","nan","nan"
22785,22.785732,"nan","nan","nan"
22786,22.786734,"nan","nan","nan"
22787,22.787735,"nan","nan","nan"
22788,22.788736,"nan","nan","nan"
22789,22.789780,"nan","nan","nan"
22790,22.790731,"nan","nan","nan"
22791,22.791749,"nan","nan","nan"
22792,22.792737,"nan","nan","nan"
22793,22.793737,"nan","nan","nan"
22794,22.794738,"nan","nan","nan"
22795,22.795738,"nan","nan","nan"
22796,22.796730,"nan","nan","nan"
22797,22.797729,"nan","nan","nan"
22798,22.798729,"nan","nan","nan"
22799,22.799728,"nan","nan","nan"
22800,22.800743,"nan","nan","nan"
22801,22.801731,"nan","nan","nan"
22802,22.802730,"nan","nan","nan"
22803,22.803730,"nan","nan","nan"
22804,22.804730,"nan","nan","nan"
22805,22.805730,"nan","nan","nan"
22806,22.806733,"nan","nan","nan"
22807,22.807734,"nan","nan","nan"
22808,22.808734,"nan","nan","nan"
22809,22.809734,"nan","nan","nan"
22810,22.810748,"nan","nan","nan"
22811,22.811735,"nan","nan","nan"
22812,22.812736,"nan","nan","nan"
22813,22.813736,"nan","nan","nan"
22814,22.814736,"nan","nan","nan"
22815,22.815735,"nan","nan","nan"
22816,22.816739,"nan","nan","nan"
22817,22.817739,"nan","nan","nan"
22818,22.818727,"nan","nan","nan"
22819,22.819726,"nan","nan","nan"
22820,22.820727,"nan","nan","nan"
22821,22.821754,"nan","nan","nan"
22822,22.822729,"nan","nan","nan"
22823,22.823729,"nan","nan","nan"
22824,22.824729,"nan","nan","nan"
22825,22.825729,"nan","nan","nan"
22826,22.826733,"nan","nan","nan"
22827,22.827732,"nan","nan","nan"
22828,22.828733,"nan","nan","nan"
22829,22.829731,"nan","nan","nan"
22830,22.830733,"nan","nan","nan"
22831,22.831752,"nan","nan","nan"
22832,22.832739,"nan","nan","nan"
22833,22.833727,"nan","nan","nan"
22834,22.834728,"nan","nan","nan"
22835,22.835730,"nan","nan","nan"
22836,22.836733,"nan","nan","nan"
22837,22.837734,"nan","nan","nan"
22838,22.838734,"nan","nan","nan"
22839,22.839734,"nan","nan","nan"
22840,22.840735,"nan","nan","nan"
22841,22.841736,"nan","nan","nan"
22842,22.842753,"nan","nan","nan"
22843,22.843729,"nan","nan","nan"
22844,22.844903,"nan","nan","nan"
22845,22.845729,"nan","nan","nan"
22846,22.846733,"nan","nan","nan"
22847,22.847733,"nan","nan","nan"
22848,22.848733,"nan","nan","nan"
22849,22.849734,"nan","nan","nan"
22850,22.850735,"nan","nan","nan"
22851,22.851735,"nan","nan","nan"
22852,22.852749,"nan","nan","nan"
22853,22.853738,"nan","nan","nan"
22854,22.854738,"nan","nan","nan"
22855,22.855739,"nan","nan","nan"
22856,22.856731,"nan","nan","nan"
22857,22.857731,"nan","nan","nan"
22858,22.858731,"nan","nan","nan"
22859,22.859732,"nan","nan","nan"
22860,22.860733,"nan","nan","nan"
22861,22.861733,"nan","nan","nan"
22862,22.862734,"nan","nan","nan"
22863,22.863749,"nan","nan","nan"
22864,22.864736,"nan","nan","nan"
22865,22.865736,"nan","nan","nan"
22866,22.866739,"nan","nan","nan"
22867,22.867739,"nan","nan","nan"
22868,22.868726,"nan","nan","nan"
22869,22.869739,"nan","nan","nan"
22870,22.870740,"nan","nan","nan"
22871,22.871726,"nan","nan","nan"
22872,22.872728,"nan","nan","nan"
22873,22.873766,"nan","nan","nan"
22874,22.874728,"nan","nan","nan"
22875,22.875729,"nan","nan","nan"
22876,22.876733,"nan","nan","nan"
22877,22.877732,"nan","nan","nan"
22878,22.878732,"nan","nan","nan"
22879,22.879732,"nan","nan","nan"
22880,22.880732,"nan","nan","nan"
22881,22.881732,"nan","nan","nan"
22882,22.882731,"nan","nan","nan"
22883,22.883732,"nan","nan","nan"
22884,22.884751,"nan","nan","nan"
22885,22.885729,"nan","nan","nan"
22886,22.886730,"nan","nan","nan"
22887,22.887731,"nan","nan","nan"
22888,22.888731,"nan","nan","nan"
22889,22.889731,"nan","nan","nan"
22890,22.890731,"nan","nan","nan"
22891,22.891730,"nan","nan","nan"
22892,22.892731,"nan","nan","nan"
22893,22.893732,"nan","nan","nan"
22894,22.894753,"nan","nan","nan"
22895,22.895730,"nan","nan","nan"
22896,22.896732,"nan","nan","nan"
22897,22.897751,"nan","nan","nan"
22898,22.898739,"nan","nan","nan"
22899,22.899728,"nan","nan","nan"
22900,22.900728,"nan","nan","nan"
22901,22.901729,"nan","nan","nan"
22902,22.902730,"nan","nan","nan"
22903,22.903730,"nan","nan","nan"
22904,22.904731,"nan","nan","nan"
22905,22.905752,"nan","nan","nan"
22906,22.906732,"nan","nan","nan"
22907,22.907732,"nan","nan","nan"
22908,22.908733,"nan","nan","nan"
22909,22.909734,"nan","nan","nan"
22910,22.910734,"nan","nan","nan"
22911,22.911734,"nan","nan","nan"
22912,22.912735,"nan","nan","nan"
22913,22.913735,"nan","nan","nan"
22914,22.914736,"nan","nan","nan"
22915,22.915750,"nan","nan","nan"
22916,22.916729,"nan","nan","nan"
22917,22.917730,"nan","nan","nan"
22918,22.918730,"nan","nan","nan"
22919,22.919731,"nan","nan","nan"
22920,22.920730,"nan","nan","nan"
22921,22.921731,"nan","nan","nan"
22922,22.922731,"nan","nan","nan"
22923,22.923732,"nan","nan","nan"
22924,22.924732,"nan","nan","nan"
22925,22.925732,"nan","nan","nan"
22926,22.926755,"nan","nan","nan"
22927,22.927730,"nan","nan","nan"
22928,22.928730,"nan","nan","nan"
22929,22.929729,"nan","nan","nan"
22930,22.930729,"nan","nan","nan"
22931,22.931729,"nan","nan","nan"
22932,22.932729,"nan","nan","nan"
22933,22.933730,"nan","nan","nan"
22934,22.934729,"nan","nan","nan"
22935,22.935729,"nan","nan","nan"
22936,22.936743,"nan","nan","nan"
22937,22.937733,"nan","nan","nan"
22938,22.938733,"nan","nan","nan"
22939,22.939732,"nan","nan","nan"
22940,22.940734,"nan","nan","nan"
22941,22.941733,"nan","nan","nan"
22942,22.942733,"nan","nan","nan"
22943,22.943733,"nan","nan","nan"
22944,22.944732,"nan","nan","nan"
22945,22.945732,"nan","nan","nan"
22946,22.946736,"nan","nan","nan"
22947,22.947751,"nan","nan","nan"
22948,22.948727,"nan","nan","nan"
22949,22.949727,"nan","nan","nan"
22950,22.950740,"nan","nan","nan"
22951,22.951727,"nan","nan","nan"
22952,22.952824,"nan","nan","nan"
22953,22.953737,"nan","nan","nan"
22954,22.954737,"nan","nan","nan"
22955,22.955738,"nan","nan","nan"
22956,22.956729,"nan","nan","nan"
22957,22.957754,"nan","nan","nan"
22958,22.958728,"nan","nan","nan"
22959,22.959729,"nan","nan","nan"
22960,22.960729,"nan","nan","nan"
22961,22.961729,"nan","nan","nan"
22962,22.962728,"nan","nan","nan"
22963,22.963729,"nan","nan","nan"
22964,22.964730,"nan","nan","nan"
22965,22.965731,"nan","nan","nan"
22966,22.966734,"nan","nan","nan"
22967,22.967735,"nan","nan","nan"
22968,22.968752,"nan","nan","nan"
22969,22.969728,"nan","nan","nan"
22970,22.970728,"nan","nan","nan"
22971,22.971729,"nan","nan","nan"
22972,22.972729,"nan","nan","nan"
22973,22.973731,"nan","nan","nan"
22974,22.974731,"nan","nan","nan"
22975,22.975732,"nan","nan","nan"
22976,22.976735,"nan","nan","nan"
22977,22.977736,"nan","nan","nan"
22978,22.978754,"nan","nan","nan"
22979,22.979729,"nan","nan","nan"
22980,22.980731,"nan","nan","nan"
22981,22.981731,"nan","nan","nan"
22982,22.982731,"nan","nan","nan"
22983,22.983732,"nan","nan","nan"
22984,22.984733,"nan","nan","nan"
22985,22.985733,"nan","nan","nan"
22986,22.986736,"nan","nan","nan"
22987,22.987735,"nan","nan","nan"
22988,22.988737,"nan","nan","nan"
22989,22.989753,"nan","nan","nan"
22990,22.990729,"nan","nan","nan"
22991,22.991728,"nan","nan","nan"
22992,22.992730,"nan","nan","nan"
22993,22.993731,"nan","nan","nan"
22994,22.994731,"nan","nan","nan"
22995,22.995730,"nan","nan","nan"
22996,22.996734,"nan","nan","nan"
22997,22.997733,"nan","nan","nan"
22998,22.998734,"nan","nan","nan"
22999,22.999804,"nan","nan","nan"
23000,23.000729,"nan","nan","nan"
23001,23.001729,"nan","nan","nan"
23002,23.002730,"nan","nan","nan"
23003,23.003729,"nan","nan","nan"
23004,23.004729,"nan","nan","nan"
23005,23.005730,"nan","nan","nan"
23006,23.006754,"nan","nan","nan"
23007,23.007729,"nan","nan","nan"
23008,23.008729,"nan","nan","nan"
23009,23.009729,"nan","nan","nan"
23010,23.010750,"nan","nan","nan"
23011,23.011739,"nan","nan","nan"
23012,23.012738,"nan","nan","nan"
23013,23.013738,"nan","nan","nan"
23014,23.014738,"nan","nan","nan"
23015,23.015739,"nan","nan","nan"
23016,23.016729,"nan","nan","nan"
23017,23.017729,"nan","nan","nan"
23018,23.018729,"nan","nan","nan"
23019,23.019729,"nan","nan","nan"
23020,23.020746,"nan","nan","nan"
23021,23.021733,"nan","nan","nan"
23022,23.022734,"nan","nan","nan"
23023,23.023733,"nan","nan","nan"
23024,23.024733,"nan","nan","nan"
23025,23.025732,"nan","nan","nan"
23026,23.026736,"nan","nan","nan"
23027,23.027736,"nan","nan","nan"
23028,23.028736,"nan","nan","nan"
23029,23.029736,"nan","nan","nan"
23030,23.030736,"nan","nan","nan"
23031,23.031751,"nan","nan","nan"
23032,23.032739,"nan","nan","nan"
23033,23.033728,"nan","nan","nan"
23034,23.034728,"nan","nan","nan"
23035,23.035729,"nan","nan","nan"
23036,23.036733,"nan","nan","nan"
23037,23.037733,"nan","nan","nan"
23038,23.038734,"nan","nan","nan"
23039,23.039735,"nan","nan","nan"
23040,23.040735,"nan","nan","nan"
23041,23.041788,"nan","nan","nan"
23042,23.042739,"nan","nan","nan"
23043,23.043728,"nan","nan","nan"
23044,23.044728,"nan","nan","nan"
23045,23.045729,"nan","nan","nan"
23046,23.046733,"nan","nan","nan"
23047,23.047734,"nan","nan","nan"
23048,23.048734,"nan","nan","nan"
23049,23.049733,"nan","nan","nan"
23050,23.050735,"nan","nan","nan"
23051,23.051736,"nan","nan","nan"
23052,23.052751,"nan","nan","nan"
23053,23.053727,"nan","nan","nan"
23054,23.054728,"nan","nan","nan"
23055,23.055729,"nan","nan","nan"
23056,23.056732,"nan","nan","nan"
23057,23.057733,"nan","nan","nan"
23058,23.058733,"nan","nan","nan"
23059,23.059733,"nan","nan","nan"
23060,23.060732,"nan","nan","nan"
23061,23.061731,"nan","nan","nan"
23062,23.062759,"nan","nan","nan"
23063,23.063735,"nan","nan","nan"
23064,23.064735,"nan","nan","nan"
23065,23.065753,"nan","nan","nan"
23066,23.066730,"nan","nan","nan"
23067,23.067731,"nan","nan","nan"
23068,23.068730,"nan","nan","nan"
23069,23.069730,"nan","nan","nan"
23070,23.070730,"nan","nan","nan"
23071,23.071730,"nan","nan","nan"
23072,23.072730,"nan","nan","nan"
23073,23.073747,"nan","nan","nan"
23074,23.074735,"nan","nan","nan"
23075,23.075735,"nan","nan","nan"
23076,23.076738,"nan","nan","nan"
23077,23.077738,"nan","nan","nan"
23078,23.078737,"nan","nan","nan"
23079,23.079738,"nan","nan","nan"
23080,23.080739,"nan","nan","nan"
23081,23.081738,"nan","nan","nan"
23082,23.082739,"nan","nan","nan"
23083,23.083808,"nan","nan","nan"
23084,23.084735,"nan","nan","nan"
23085,23.085735,"nan","nan","nan"
23086,23.086738,"nan","nan","nan"
23087,23.087738,"nan","nan","nan"
23088,23.088737,"nan","nan","nan"
23089,23.089738,"nan","nan","nan"
23090,23.090737,"nan","nan","nan"
23091,23.091737,"nan","nan","nan"
23092,23.092737,"nan","nan","nan"
23093,23.093737,"nan","nan","nan"
23094,23.094743,"nan","nan","nan"
23095,23.095732,"nan","nan","nan"
23096,23.096735,"nan","nan","nan"
23097,23.097735,"nan","nan","nan"
23098,23.098736,"nan","nan","nan"
23099,23.099738,"nan","nan","nan"
23100,23.100738,"nan","nan","nan"
23101,23.101739,"nan","nan","nan"
23102,23.102727,"nan","nan","nan"
23103,23.103727,"nan","nan","nan"
23104,23.104758,"nan","nan","nan"
23105,23.105734,"nan","nan","nan"
23106,23.106738,"nan","nan","nan"
23107,23.107737,"nan","nan","nan"
23108,23.108739,"nan","nan","nan"
23109,23.109740,"nan","nan","nan"
23110,23.110729,"nan","nan","nan"
23111,23.111729,"nan","nan","nan"
23112,23.112730,"nan","nan","nan"
23113,23.113730,"nan","nan","nan"
23114,23.114730,"nan","nan","nan"
23115,23.115745,"nan","nan","nan"
23116,23.116738,"nan","nan","nan"
23117,23.117737,"nan","nan","nan"
23118,23.118738,"nan","nan","nan"
23119,23.119738,"nan","nan","nan"
23120,23.120726,"nan","nan","nan"
23121,23.121727,"nan","nan","nan"
23122,23.122728,"nan","nan","nan"
23123,23.123728,"nan","nan","nan"
23124,23.124729,"nan","nan","nan"
23125,23.125834,"nan","nan","nan"
23126,23.126745,"nan","nan","nan"
23127,23.127733,"nan","nan","nan"
23128,23.128732,"nan","nan","nan"
23129,23.129733,"nan","nan","nan"
23130,23.130731,"nan","nan","nan"
23131,23.131732,"nan","nan","nan"
23132,23.132732,"nan","nan","nan"
23133,23.133732,"nan","nan","nan"
23134,23.134732,"nan","nan","nan"
23135,23.135731,"nan","nan","nan"
23136,23.136754,"nan","nan","nan"
23137,23.137729,"nan","nan","nan"
23138,23.138729,"nan","nan","nan"
23139,23.139728,"nan","nan","nan"
23140,23.140729,"nan","nan","nan"
23141,23.141730,"nan","nan","nan"
23142,23.142729,"nan","nan","nan"
23143,23.143730,"nan","nan","nan"
23144,23.144728,"nan","nan","nan"
23145,23.145729,"nan","nan","nan"
23146,23.146796,"nan","nan","nan"
23147,23.147733,"nan","nan","nan"
23148,23.148734,"nan","nan","nan"
23149,23.149734,"nan","nan","nan"
23150,23.150734,"nan","nan","nan"
23151,23.151734,"nan","nan","nan"
23152,23.152734,"nan","nan","nan"
23153,23.153734,"nan","nan","nan"
23154,23.154733,"nan","nan","nan"
23155,23.155734,"nan","nan","nan"
23156,23.156738,"nan","nan","nan"
23157,23.157752,"nan","nan","nan"
23158,23.158728,"nan","nan","nan"
23159,23.159729,"nan","nan","nan"
23160,23.160730,"nan","nan","nan"
23161,23.161730,"nan","nan","nan"
23162,23.162731,"nan","nan","nan"
23163,23.163730,"nan","nan","nan"
23164,23.164732,"nan","nan","nan"
23165,23.165732,"nan","nan","nan"
23166,23.166736,"nan","nan","nan"
23167,23.167764,"nan","nan","nan"
23168,23.168739,"nan","nan","nan"
23169,23.169728,"nan","nan","nan"
23170,23.170728,"nan","nan","nan"
23171,23.171729,"nan","nan","nan"
23172,23.172730,"nan","nan","nan"
23173,23.173729,"nan","nan","nan"
23174,23.174731,"nan","nan","nan"
23175,23.175732,"nan","nan","nan"
23176,23.176735,"nan","nan","nan"
23177,23.177736,"nan","nan","nan"
23178,23.178752,"nan","nan","nan"
23179,23.179728,"nan","nan","nan"
23180,23.180729,"nan","nan","nan"
23181,23.181750,"nan","nan","nan"
23182,23.182739,"nan","nan","nan"
23183,23.183739,"nan","nan","nan"
23184,23.184739,"nan","nan","nan"
23185,23.185740,"nan","nan","nan"
23186,23.186732,"nan","nan","nan"
23187,23.187732,"nan","nan","nan"
23188,23.188766,"nan","nan","nan"
23189,23.189729,"nan","nan","nan"
23190,23.190729,"nan","nan","nan"
23191,23.191729,"nan","nan","nan"
23192,23.192728,"nan","nan","nan"
23193,23.193728,"nan","nan","nan"
23194,23.194728,"nan","nan","nan"
23195,23.195728,"nan","nan","nan"
23196,23.196732,"nan","nan","nan"
23197,23.197731,"nan","nan","nan"
23198,23.198732,"nan","nan","nan"
23199,23.199744,"nan","nan","nan"
23200,23.200732,"nan","nan","nan"
23201,23.201732,"nan","nan","nan"
23202,23.202731,"nan","nan","nan"
23203,23.203732,"nan","nan","nan"
23204,23.204732,"nan","nan","nan"
23205,23.205732,"nan","nan","nan"
23206,23.206735,"nan","nan","nan"
23207,23.207734,"nan","nan","nan"
23208,23.208736,"nan","nan","nan"
23209,23.209831,"nan","nan","nan"
23210,23.210731,"nan","nan","nan"
23211,23.211730,"nan","nan","nan"
23212,23.212731,"nan","nan","nan"
23213,23.213732,"nan","nan","nan"
23214,23.214732,"nan","nan","nan"
23215,23.215732,"nan","nan","nan"
23216,23.216735,"nan","nan","nan"
23217,23.217735,"nan","nan","nan"
23218,23.218735,"nan","nan","nan"
23219,23.219735,"nan","nan","nan"
23220,23.220747,"nan","nan","nan"
23221,23.221734,"nan","nan","nan"
23222,23.222735,"nan","nan","nan"
23223,23.223735,"nan","nan","nan"
23224,23.224735,"nan","nan","nan"
23225,23.225735,"nan","nan","nan"
23226,23.226739,"nan","nan","nan"
23227,23.227739,"nan","nan","nan"
23228,23.228739,"nan","nan","nan"
23229,23.229729,"nan","nan","nan"
23230,23.230765,"nan","nan","nan"
23231,23.231729,"nan","nan","nan"
23232,23.232731,"nan","nan","nan"
23233,23.233731,"nan","nan","nan"
23234,23.234732,"nan","nan","nan"
23235,23.235730,"nan","nan","nan"
23236,23.236735,"nan","nan","nan"
23237,23.237736,"nan","nan","nan"
23238,23.238737,"nan","nan","nan"
23239,23.239738,"nan","nan","nan"
23240,23.240739,"nan","nan","nan"
23241,23.241799,"nan","nan","nan"
23242,23.242748,"nan","nan","nan"
23243,23.243737,"nan","nan","nan"
23244,23.244738,"nan","nan","nan"
23245,23.245739,"nan","nan","nan"
23246,23.246730,"nan","nan","nan"
23247,23.247730,"nan","nan","nan"
23248,23.248731,"nan","nan","nan"
23249,23.249732,"nan","nan","nan"
23250,23.250731,"nan","nan","nan"
23251,23.251732,"nan","nan","nan"
23252,23.252755,"nan","nan","nan"
23253,23.253731,"nan","nan","nan"
23254,23.254730,"nan","nan","nan"
23255,23.255732,"nan","nan","nan"
23256,23.256734,"nan","nan","nan"
23257,23.257734,"nan","nan","nan"
23258,23.258734,"nan","nan","nan"
23259,23.259735,"nan","nan","nan"
23260,23.260734,"nan","nan","nan"
23261,23.261734,"nan","nan","nan"
23262,23.262749,"nan","nan","nan"
23263,23.263736,"nan","nan","nan"
23264,23.264737,"nan","nan","nan"
23265,23.265736,"nan","nan","nan"
23266,23.266739,"nan","nan","nan"
23267,23.267739,"nan","nan","nan"
23268,23.268726,"nan","nan","nan"
23269,23.269727,"nan","nan","nan"
23270,23.270739,"nan","nan","nan"
23271,23.271740,"nan","nan","nan"
23272,23.272728,"nan","nan","nan"
23273,23.273747,"nan","nan","nan"
23274,23.274735,"nan","nan","nan"
23275,23.275735,"nan","nan","nan"
23276,23.276739,"nan","nan","nan"
23277,23.277739,"nan","nan","nan"
23278,23.278739,"nan","nan","nan"
23279,23.279737,"nan","nan","nan"
23280,23.280739,"nan","nan","nan"
23281,23.281739,"nan","nan","nan"
23282,23.282726,"nan","nan","nan"
23283,23.283766,"nan","nan","nan"
23284,23.284730,"nan","nan","nan"
23285,23.285730,"nan","nan","nan"
23286,23.286733,"nan","nan","nan"
23287,23.287733,"nan","nan","nan"
23288,23.288732,"nan","nan","nan"
23289,23.289733,"nan","nan","nan"
23290,23.290733,"nan","nan","nan"
23291,23.291733,"nan","nan","nan"
23292,23.292734,"nan","nan","nan"
23293,23.293734,"nan","nan","nan"
23294,23.294753,"nan","nan","nan"
23295,23.295729,"nan","nan","nan"
23296,23.296732,"nan","nan","nan"
23297,23.297748,"nan","nan","nan"
23298,23.298736,"nan","nan","nan"
23299,23.299738,"nan","nan","nan"
23300,23.300738,"nan","nan","nan"
23301,23.301727,"nan","nan","nan"
23302,23.302727,"nan","nan","nan"
23303,23.303728,"nan","nan","nan"
23304,23.304835,"nan","nan","nan"
23305,23.305736,"nan","nan","nan"
23306,23.306727,"nan","nan","nan"
23307,23.307728,"nan","nan","nan"
23308,23.308729,"nan","nan","nan"
23309,23.309730,"nan","nan","nan"
23310,23.310731,"nan","nan","nan"
23311,23.311731,"nan","nan","nan"
23312,23.312731,"nan","nan","nan"
23313,23.313731,"nan","nan","nan"
23314,23.314732,"nan","nan","nan"
23315,23.315749,"nan","nan","nan"
23316,23.316727,"nan","nan","nan"
23317,23.317729,"nan","nan","nan"
23318,23.318730,"nan","nan","nan"
23319,23.319730,"nan","nan","nan"
23320,23.320731,"nan","nan","nan"
23321,23.321729,"nan","nan","nan"
23322,23.322730,"nan","nan","nan"
23323,23.323730,"nan","nan","nan"
23324,23.324730,"nan","nan","nan"
23325,23.325773,"nan","nan","nan"
23326,23.326726,"nan","nan","nan"
23327,23.327727,"nan","nan","nan"
23328,23.328740,"nan","nan","nan"
23329,23.329728,"nan","nan","nan"
23330,23.330727,"nan","nan","nan"
23331,23.331728,"nan","nan","nan"
23332,23.332728,"nan","nan","nan"
23333,23.333728,"nan","nan","nan"
23334,23.334728,"nan","nan","nan"
23335,23.335727,"nan","nan","nan"
23336,23.336749,"nan","nan","nan"
23337,23.337737,"nan","nan","nan"
23338,23.338737,"nan","nan","nan"
23339,23.339737,"nan","nan","nan"
23340,23.340737,"nan","nan","nan"
23341,23.341736,"nan","nan","nan"
23342,23.342737,"nan","nan","nan"
23343,23.343737,"nan","nan","nan"
23344,23.344737,"nan","nan","nan"
23345,23.345737,"nan","nan","nan"
23346,23.346780,"nan","nan","nan"
23347,23.347734,"nan","nan","nan"
23348,23.348735,"nan","nan","nan"
23349,23.349735,"nan","nan","nan"
23350,23.350736,"nan","nan","nan"
23351,23.351735,"nan","nan","nan"
23352,23.352736,"nan","nan","nan"
23353,23.353751,"nan","nan","nan"
23354,23.354726,"nan","nan","nan"
23355,23.355727,"nan","nan","nan"
23356,23.356731,"nan","nan","nan"
23357,23.357743,"nan","nan","nan"
23358,23.358731,"nan","nan","nan"
23359,23.359732,"nan","nan","nan"
23360,23.360732,"nan","nan","nan"
23361,23.361733,"nan","nan","nan"
23362,23.362733,"nan","nan","nan"
23363,23.363734,"nan","nan","nan"
23364,23.364734,"nan","nan","nan"
23365,23.365735,"nan","nan","nan"
23366,23.366738,"nan","nan","nan"
23367,23.367739,"nan","nan","nan"
23368,23.368745,"nan","nan","nan"
23369,23.369733,"nan","nan","nan"
23370,23.370734,"nan","nan","nan"
23371,23.371735,"nan","nan","nan"
23372,23.372735,"nan","nan","nan"
23373,23.373736,"nan","nan","nan"
23374,23.374737,"nan","nan","nan"
23375,23.375736,"nan","nan","nan"
23376,23.376727,"nan","nan","nan"
23377,23.377728,"nan","nan","nan"
23378,23.378768,"nan","nan","nan"
23379,23.379731,"nan","nan","nan"
23380,23.380732,"nan","nan","nan"
23381,23.381732,"nan","nan","nan"
23382,23.382733,"nan","nan","nan"
23383,23.383734,"nan","nan","nan"
23384,23.384734,"nan","nan","nan"
23385,23.385734,"nan","nan","nan"
23386,23.386739,"nan","nan","nan"
23387,23.387738,"nan","nan","nan"
23388,23.388738,"nan","nan","nan"
23389,23.389743,"nan","nan","nan"
23390,23.390733,"nan","nan","nan"
23391,23.391733,"nan","nan","nan"
23392,23.392733,"nan","nan","nan"
23393,23.393732,"nan","nan","nan"
23394,23.394732,"nan","nan","nan"
23395,23.395732,"nan","nan","nan"
23396,23.396735,"nan","nan","nan"
23397,23.397736,"nan","nan","nan"
23398,23.398734,"nan","nan","nan"
23399,23.399762,"nan","nan","nan"
23400,23.400747,"nan","nan","nan"
23401,23.401736,"nan","nan","nan"
23402,23.402736,"nan","nan","nan"
23403,23.403735,"nan","nan","nan"
23404,23.404736,"nan","nan","nan"
23405,23.405746,"nan","nan","nan"
23406,23.406737,"nan","nan","nan"
23407,23.407737,"nan","nan","nan"
23408,23.408736,"nan","nan","nan"
23409,23.409737,"nan","nan","nan"
23410,23.410779,"nan","nan","nan"
23411,23.411730,"nan","nan","nan"
23412,23.412730,"nan","nan","nan"
23413,23.413731,"nan","nan","nan"
23414,23.414731,"nan","nan","nan"
23415,23.415731,"nan","nan","nan"
23416,23.416734,"nan","nan","nan"
23417,23.417732,"nan","nan","nan"
23418,23.418733,"nan","nan","nan"
23419,23.419733,"nan","nan","nan"
23420,23.420733,"nan","nan","nan"
23421,23.421744,"nan","nan","nan"
23422,23.422732,"nan","nan","nan"
23423,23.423733,"nan","nan","nan"
23424,23.424733,"nan","nan","nan"
23425,23.425734,"nan","nan","nan"
23426,23.426738,"nan","nan","nan"
23427,23.427737,"nan","nan","nan"
23428,23.428739,"nan","nan","nan"
23429,23.429739,"nan","nan","nan"
23430,23.430728,"nan","nan","nan"
23431,23.431787,"nan","nan","nan"
23432,23.432737,"nan","nan","nan"
23433,23.433739,"nan","nan","nan"
23434,23.434739,"nan","nan","nan"
23435,23.435729,"nan","nan","nan"
23436,23.436731,"nan","nan","nan"
23437,23.437733,"nan","nan","nan"
23438,23.438734,"nan","nan","nan"
23439,23.439734,"nan","nan","nan"
23440,23.440735,"nan","nan","nan"
23441,23.441734,"nan","nan","nan"
23442,23.442754,"nan","nan","nan"
23443,23.443729,"nan","nan","nan"
23444,23.444730,"nan","nan","nan"
23445,23.445730,"nan","nan","nan"
23446,23.446734,"nan","nan","nan"
23447,23.447735,"nan","nan","nan"
23448,23.448736,"nan","nan","nan"
23449,23.449737,"nan","nan","nan"
23450,23.450737,"nan","nan","nan"
23451,23.451736,"nan","nan","nan"
23452,23.452772,"nan","nan","nan"
23453,23.453733,"nan","nan","nan"
23454,23.454733,"nan","nan","nan"
23455,23.455732,"nan","nan","nan"
23456,23.456736,"nan","nan","nan"
23457,23.457736,"nan","nan","nan"
23458,23.458736,"nan","nan","nan"
23459,23.459736,"nan","nan","nan"
23460,23.460761,"nan","nan","nan"
23461,23.461748,"nan","nan","nan"
23462,23.462736,"nan","nan","nan"
23463,23.463745,"nan","nan","nan"
23464,23.464733,"nan","nan","nan"
23465,23.465732,"nan","nan","nan"
23466,23.466736,"nan","nan","nan"
23467,23.467736,"nan","nan","nan"
23468,23.468736,"nan","nan","nan"
23469,23.469736,"nan","nan","nan"
23470,23.470735,"nan","nan","nan"
23471,23.471736,"nan","nan","nan"
23472,23.472737,"nan","nan","nan"
23473,23.473787,"nan","nan","nan"
23474,23.474738,"nan","nan","nan"
23475,23.475737,"nan","nan","nan"
23476,23.476728,"nan","nan","nan"
23477,23.477728,"nan","nan","nan"
23478,23.478729,"nan","nan","nan"
23479,23.479728,"nan","nan","nan"
23480,23.480728,"nan","nan","nan"
23481,23.481729,"nan","nan","nan"
23482,23.482729,"nan","nan","nan"
23483,23.483728,"nan","nan","nan"
23484,23.484750,"nan","nan","nan"
23485,23.485738,"nan","nan","nan"
23486,23.486729,"nan","nan","nan"
23487,23.487729,"nan","nan","nan"
23488,23.488728,"nan","nan","nan"
23489,23.489730,"nan","nan","nan"
23490,23.490730,"nan","nan","nan"
23491,23.491731,"nan","nan","nan"
23492,23.492732,"nan","nan","nan"
23493,23.493731,"nan","nan","nan"
23494,23.494786,"nan","nan","nan"
23495,23.495736,"nan","nan","nan"
23496,23.496728,"nan","nan","nan"
23497,23.497729,"nan","nan","nan"
23498,23.498728,"nan","nan","nan"
23499,23.499729,"nan","nan","nan"
23500,23.500730,"nan","nan","nan"
23501,23.501731,"nan","nan","nan"
23502,23.502731,"nan","nan","nan"
23503,23.503731,"nan","nan","nan"
23504,23.504732,"nan","nan","nan"
23505,23.505752,"nan","nan","nan"
23506,23.506730,"nan","nan","nan"
23507,23.507731,"nan","nan","nan"
23508,23.508731,"nan","nan","nan"
23509,23.509732,"nan","nan","nan"
23510,23.510732,"nan","nan","nan"
23511,23.511732,"nan","nan","nan"
23512,23.512733,"nan","nan","nan"
23513,23.513733,"nan","nan","nan"
23514,23.514734,"nan","nan","nan"
23515,23.515785,"nan","nan","nan"
23516,23.516728,"nan","nan","nan"
23517,23.517728,"nan","nan","nan"
23518,23.518729,"nan","nan","nan"
23519,23.519881,"nan","nan","nan"
23520,23.520732,"nan","nan","nan"
23521,23.521732,"nan","nan","nan"
23522,23.522731,"nan","nan","nan"
23523,23.523732,"nan","nan","nan"
23524,23.524732,"nan","nan","nan"
23525,23.525732,"nan","nan","nan"
23526,23.526745,"nan","nan","nan"
23527,23.527732,"nan","nan","nan"
23528,23.528733,"nan","nan","nan"
23529,23.529734,"nan","nan","nan"
23530,23.530733,"nan","nan","nan"
23531,23.531733,"nan","nan","nan"
23532,23.532733,"nan","nan","nan"
23533,23.533733,"nan","nan","nan"
23534,23.534733,"nan","nan","nan"
23535,23.535733,"nan","nan","nan"
23536,23.536790,"nan","nan","nan"
23537,23.537728,"nan","nan","nan"
23538,23.538728,"nan","nan","nan"
23539,23.539728,"nan","nan","nan"
23540,23.540729,"nan","nan","nan"
23541,23.541728,"nan","nan","nan"
23542,23.542729,"nan","nan","nan"
23543,23.543728,"nan","nan","nan"
23544,23.544729,"nan","nan","nan"
23545,23.545729,"nan","nan","nan"
23546,23.546731,"nan","nan","nan"
23547,23.547753,"nan","nan","nan"
23548,23.548728,"nan","nan","nan"
23549,23.549728,"nan","nan","nan"
23550,23.550727,"nan","nan","nan"
23551,23.551728,"nan","nan","nan"
23552,23.552729,"nan","nan","nan"
23553,23.553729,"nan","nan","nan"
23554,23.554730,"nan","nan","nan"
23555,23.555729,"nan","nan","nan"
23556,23.556733,"nan","nan","nan"
23557,23.557790,"nan","nan","nan"
23558,23.558728,"nan","nan","nan"
23559,23.559729,"nan","nan","nan"
23560,23.560728,"nan","nan","nan"
23561,23.561730,"nan","nan","nan"
23562,23.562730,"nan","nan","nan"
23563,23.563731,"nan","nan","nan"
23564,23.564731,"nan","nan","nan"
23565,23.565731,"nan","nan","nan"
23566,23.566735,"nan","nan","nan"
23567,23.567736,"nan","nan","nan"
23568,23.568745,"nan","nan","nan"
23569,23.569734,"nan","nan","nan"
23570,23.570733,"nan","nan","nan"
23571,23.571735,"nan","nan","nan"
23572,23.572736,"nan","nan","nan"
23573,23.573737,"nan","nan","nan"
23574,23.574737,"nan","nan","nan"
23575,23.575750,"nan","nan","nan"
23576,23.576730,"nan","nan","nan"
23577,23.577730,"nan","nan","nan"
23578,23.578791,"nan","nan","nan"
23579,23.579729,"nan","nan","nan"
23580,23.580731,"nan","nan","nan"
23581,23.581732,"nan","nan","nan"
23582,23.582732,"nan","nan","nan"
23583,23.583733,"nan","nan","nan"
23584,23.584731,"nan","nan","nan"
23585,23.585731,"nan","nan","nan"
23586,23.586735,"nan","nan","nan"
23587,23.587734,"nan","nan","nan"
23588,23.588735,"nan","nan","nan"
23589,23.589748,"nan","nan","nan"
23590,23.590736,"nan","nan","nan"
23591,23.591736,"nan","nan","nan"
23592,23.592736,"nan","nan","nan"
23593,23.593736,"nan","nan","nan"
23594,23.594735,"nan","nan","nan"
23595,23.595736,"nan","nan","nan"
23596,23.596740,"nan","nan","nan"
23597,23.597727,"nan","nan","nan"
23598,23.598727,"nan","nan","nan"
23599,23.599792,"nan","nan","nan"
23600,23.600730,"nan","nan","nan"
23601,23.601731,"nan","nan","nan"
23602,23.602731,"nan","nan","nan"
23603,23.603729,"nan","nan","nan"
23604,23.604730,"nan","nan","nan"
23605,23.605731,"nan","nan","nan"
23606,23.606733,"nan","nan","nan"
23607,23.607733,"nan","nan","nan"
23608,23.608732,"nan","nan","nan"
23609,23.609733,"nan","nan","nan"
23610,23.610745,"nan","nan","nan"
23611,23.611734,"nan","nan","nan"
23612,23.612734,"nan","nan","nan"
23613,23.613733,"nan","nan","nan"
23614,23.614734,"nan","nan","nan"
23615,23.615734,"nan","nan","nan"
23616,23.616736,"nan","nan","nan"
23617,23.617737,"nan","nan","nan"
23618,23.618735,"nan","nan","nan"
23619,23.619737,"nan","nan","nan"
23620,23.620774,"nan","nan","nan"
23621,23.621737,"nan","nan","nan"
23622,23.622739,"nan","nan","nan"
23623,23.623727,"nan","nan","nan"
23624,23.624727,"nan","nan","nan"
23625,23.625728,"nan","nan","nan"
23626,23.626732,"nan","nan","nan"
23627,23.627731,"nan","nan","nan"
23628,23.628733,"nan","nan","nan"
23629,23.629734,"nan","nan","nan"
23630,23.630734,"nan","nan","nan"
23631,23.631744,"nan","nan","nan"
23632,23.632731,"nan","nan","nan"
23633,23.633733,"nan","nan","nan"
23634,23.634734,"nan","nan","nan"
23635,23.635753,"nan","nan","nan"
23636,23.636734,"nan","nan","nan"
23637,23.637733,"nan","nan","nan"
23638,23.638735,"nan","nan","nan"
23639,23.639735,"nan","nan","nan"
23640,23.640736,"nan","nan","nan"
23641,23.641875,"nan","nan","nan"
23642,23.642737,"nan","nan","nan"
23643,23.643739,"nan","nan","nan"
23644,23.644727,"nan","nan","nan"
23645,23.645728,"nan","nan","nan"
23646,23.646730,"nan","nan","nan"
23647,23.647732,"nan","nan","nan"
23648,23.648733,"nan","nan","nan"
23649,23.649733,"nan","nan","nan"
23650,23.650732,"nan","nan","nan"
23651,23.651731,"nan","nan","nan"
23652,23.652748,"nan","nan","nan"
23653,23.653736,"nan","nan","nan"
23654,23.654736,"nan","nan","nan"
23655,23.655736,"nan","nan","nan"
23656,23.656739,"nan","nan","nan"
23657,23.657738,"nan","nan","nan"
23658,23.658739,"nan","nan","nan"
23659,23.659739,"nan","nan","nan"
23660,23.660739,"nan","nan","nan"
23661,23.661727,"nan","nan","nan"
23662,23.662803,"nan","nan","nan"
23663,23.663735,"nan","nan","nan"
23664,23.664735,"nan","nan","nan"
23665,23.665735,"nan","nan","nan"
23666,23.666737,"nan","nan","nan"
23667,23.667738,"nan","nan","nan"
23668,23.668739,"nan","nan","nan"
23669,23.669739,"nan","nan","nan"
23670,23.670739,"nan","nan","nan"
23671,23.671737,"nan","nan","nan"
23672,23.672738,"nan","nan","nan"
23673,23.673751,"nan","nan","nan"
23674,23.674726,"nan","nan","nan"
23675,23.675728,"nan","nan","nan"
23676,23.676731,"nan","nan","nan"
23677,23.677731,"nan","nan","nan"
23678,23.678731,"nan","nan","nan"
23679,23.679731,"nan","nan","nan"
23680,23.680729,"nan","nan","nan"
23681,23.681730,"nan","nan","nan"
23682,23.682730,"nan","nan","nan"
23683,23.683730,"nan","nan","nan"
23684,23.684754,"nan","nan","nan"
23685,23.685730,"nan","nan","nan"
23686,23.686734,"nan","nan","nan"
23687,23.687734,"nan","nan","nan"
23688,23.688735,"nan","nan","nan"
23689,23.689736,"nan","nan","nan"
23690,23.690735,"nan","nan","nan"
23691,23.691737,"nan","nan","nan"
23692,23.692746,"nan","nan","nan"
23693,23.693735,"nan","nan","nan"
23694,23.694752,"nan","nan","nan"
23695,23.695728,"nan","nan","nan"
23696,23.696733,"nan","nan","nan"
23697,23.697732,"nan","nan","nan"
23698,23.698733,"nan","nan","nan"
23699,23.699732,"nan","nan","nan"
23700,23.700735,"nan","nan","nan"
23701,23.701735,"nan","nan","nan"
23702,23.702736,"nan","nan","nan"
23703,23.703737,"nan","nan","nan"
23704,23.704738,"nan","nan","nan"
23705,23.705754,"nan","nan","nan"
23706,23.706732,"nan","nan","nan"
23707,23.707733,"nan","nan","nan"
23708,23.708734,"nan","nan","nan"
23709,23.709733,"nan","nan","nan"
23710,23.710734,"nan","nan","nan"
23711,23.711734,"nan","nan","nan"
23712,23.712735,"nan","nan","nan"
23713,23.713735,"nan","nan","nan"
23714,23.714735,"nan","nan","nan"
23715,23.715806,"nan","nan","nan"
23716,23.716733,"nan","nan","nan"
23717,23.717734,"nan","nan","nan"
23718,23.718732,"nan","nan","nan"
23719,23.719733,"nan","nan","nan"
23720,23.720733,"nan","nan","nan"
23721,23.721733,"nan","nan","nan"
23722,23.722733,"nan","nan","nan"
23723,23.723732,"nan","nan","nan"
23724,23.724733,"nan","nan","nan"
23725,23.725733,"nan","nan","nan"
23726,23.726749,"nan","nan","nan"
23727,23.727738,"nan","nan","nan"
23728,23.728737,"nan","nan","nan"
23729,23.729738,"nan","nan","nan"
23730,23.730738,"nan","nan","nan"
23731,23.731738,"nan","nan","nan"
23732,23.732738,"nan","nan","nan"
23733,23.733737,"nan","nan","nan"
23734,23.734738,"nan","nan","nan"
23735,23.735739,"nan","nan","nan"
23736,23.736748,"nan","nan","nan"
23737,23.737737,"nan","nan","nan"
23738,23.738736,"nan","nan","nan"
23739,23.739737,"nan","nan","nan"
23740,23.740737,"nan","nan","nan"
23741,23.741737,"nan","nan","nan"
23742,23.742737,"nan","nan","nan"
23743,23.743737,"nan","nan","nan"
23744,23.744738,"nan","nan","nan"
23745,23.745737,"nan","nan","nan"
23746,23.746727,"nan","nan","nan"
23747,23.747744,"nan","nan","nan"
23748,23.748732,"nan","nan","nan"
23749,23.749732,"nan","nan","nan"
23750,23.750953,"nan","nan","nan"
23751,23.751729,"nan","nan","nan"
23752,23.752731,"nan","nan","nan"
23753,23.753731,"nan","nan","nan"
23754,23.754732,"nan","nan","nan"
23755,23.755732,"nan","nan","nan"
23756,23.756736,"nan","nan","nan"
23757,23.757882,"nan","nan","nan"
23758,23.758735,"nan","nan","nan"
23759,23.759736,"nan","nan","nan"
23760,23.760737,"nan","nan","nan"
23761,23.761738,"nan","nan","nan"
23762,23.762737,"nan","nan","nan"
23763,23.763739,"nan","nan","nan"
23764,23.764728,"nan","nan","nan"
23765,23.765727,"nan","nan","nan"
23766,23.766731,"nan","nan","nan"
23767,23.767733,"nan","nan","nan"
23768,23.768753,"nan","nan","nan"
23769,23.769729,"nan","nan","nan"
23770,23.770728,"nan","nan","nan"
23771,23.771730,"nan","nan","nan"
23772,23.772731,"nan","nan","nan"
23773,23.773732,"nan","nan","nan"
23774,23.774732,"nan","nan","nan"
23775,23.775733,"nan","nan","nan"
23776,23.776736,"nan","nan","nan"
23777,23.777737,"nan","nan","nan"
23778,23.778837,"nan","nan","nan"
23779,23.779738,"nan","nan","nan"
23780,23.780739,"nan","nan","nan"
23781,23.781737,"nan","nan","nan"
23782,23.782738,"nan","nan","nan"
23783,23.783737,"nan","nan","nan"
23784,23.784738,"nan","nan","nan"
23785,23.785738,"nan","nan","nan"
23786,23.786728,"nan","nan","nan"
23787,23.787728,"nan","nan","nan"
23788,23.788729,"nan","nan","nan"
23789,23.789743,"nan","nan","nan"
23790,23.790730,"nan","nan","nan"
23791,23.791730,"nan","nan","nan"
23792,23.792731,"nan","nan","nan"
23793,23.793731,"nan","nan","nan"
23794,23.794729,"nan","nan","nan"
23795,23.795731,"nan","nan","nan"
23796,23.796734,"nan","nan","nan"
23797,23.797734,"nan","nan","nan"
23798,23.798734,"nan","nan","nan"
23799,23.799751,"nan","nan","nan"
23800,23.800727,"nan","nan","nan"
23801,23.801728,"nan","nan","nan"
23802,23.802728,"nan","nan","nan"
23803,23.803728,"nan","nan","nan"
23804,23.804727,"nan","nan","nan"
23805,23.805728,"nan","nan","nan"
23806,23.806731,"nan","nan","nan"
23807,23.807731,"nan","nan","nan"
23808,23.808731,"nan","nan","nan"
23809,23.809744,"nan","nan","nan"
23810,23.810745,"nan","nan","nan"
23811,23.811733,"nan","nan","nan"
23812,23.812733,"nan","nan","nan"
23813,23.813733,"nan","nan","nan"
23814,23.814732,"nan","nan","nan"
23815,23.815733,"nan","nan","nan"
23816,23.816737,"nan","nan","nan"
23817,23.817738,"nan","nan","nan"
23818,23.818738,"nan","nan","nan"
23819,23.819738,"nan","nan","nan"
23820,23.820862,"nan","nan","nan"
23821,23.821738,"nan","nan","nan"
23822,23.822727,"nan","nan","nan"
23823,23.823727,"nan","nan","nan"
23824,23.824728,"nan","nan","nan"
23825,23.825728,"nan","nan","nan"
23826,23.826732,"nan","nan","nan"
23827,23.827732,"nan","nan","nan"
23828,23.828732,"nan","nan","nan"
23829,23.829734,"nan","nan","nan"
23830,23.830734,"nan","nan","nan"
23831,23.831752,"nan","nan","nan"
23832,23.832727,"nan","nan","nan"
23833,23.833729,"nan","nan","nan"
23834,23.834730,"nan","nan","nan"
23835,23.835730,"nan","nan","nan"
23836,23.836734,"nan","nan","nan"
23837,23.837734,"nan","nan","nan"
23838,23.838734,"nan","nan","nan"
23839,23.839735,"nan","nan","nan"
23840,23.840736,"nan","nan","nan"
23841,23.841802,"nan","nan","nan"
23842,23.842729,"nan","nan","nan"
23843,23.843731,"nan","nan","nan"
23844,23.844732,"nan","nan","nan"
23845,23.845732,"nan","nan","nan"
23846,23.846735,"nan","nan","nan"
23847,23.847733,"nan","nan","nan"
23848,23.848734,"nan","nan","nan"
23849,23.849734,"nan","nan","nan"
23850,23.850734,"nan","nan","nan"
23851,23.851734,"nan","nan","nan"
23852,23.852748,"nan","nan","nan"
23853,23.853736,"nan","nan","nan"
23854,23.854736,"nan","nan","nan"
23855,23.855736,"nan","nan","nan"
23856,23.856739,"nan","nan","nan"
23857,23.857739,"nan","nan","nan"
23858,23.858738,"nan","nan","nan"
23859,23.859738,"nan","nan","nan"
23860,23.860739,"nan","nan","nan"
23861,23.861739,"nan","nan","nan"
23862,23.862726,"nan","nan","nan"
23863,23.863755,"nan","nan","nan"
23864,23.864730,"nan","nan","nan"
23865,23.865744,"nan","nan","nan"
23866,23.866735,"nan","nan","nan"
23867,23.867734,"nan","nan","nan"
23868,23.868735,"nan","nan","nan"
23869,23.869735,"nan","nan","nan"
23870,23.870735,"nan","nan","nan"
23871,23.871734,"nan","nan","nan"
23872,23.872735,"nan","nan","nan"
23873,23.873842,"nan","nan","nan"
23874,23.874730,"nan","nan","nan"
23875,23.875730,"nan","nan","nan"
23876,23.876733,"nan","nan","nan"
23877,23.877734,"nan","nan","nan"
23878,23.878734,"nan","nan","nan"
23879,23.879734,"nan","nan","nan"
23880,23.880734,"nan","nan","nan"
23881,23.881734,"nan","nan","nan"
23882,23.882735,"nan","nan","nan"
23883,23.883736,"nan","nan","nan"
23884,23.884749,"nan","nan","nan"
23885,23.885738,"nan","nan","nan"
23886,23.886729,"nan","nan","nan"
23887,23.887730,"nan","nan","nan"
23888,23.888730,"nan","nan","nan"
23889,23.889730,"nan","nan","nan"
23890,23.890730,"nan","nan","nan"
23891,23.891732,"nan","nan","nan"
23892,23.892732,"nan","nan","nan"
23893,23.893733,"nan","nan","nan"
23894,23.894797,"nan","nan","nan"
23895,23.895737,"nan","nan","nan"
23896,23.896729,"nan","nan","nan"
23897,23.897729,"nan","nan","nan"
23898,23.898730,"nan","nan","nan"
23899,23.899729,"nan","nan","nan"
23900,23.900731,"nan","nan","nan"
23901,23.901732,"nan","nan","nan"
23902,23.902732,"nan","nan","nan"
23903,23.903733,"nan","nan","nan"
23904,23.904733,"nan","nan","nan"
23905,23.905751,"nan","nan","nan"
23906,23.906730,"nan","nan","nan"
23907,23.907731,"nan","nan","nan"
23908,23.908732,"nan","nan","nan"
23909,23.909731,"nan","nan","nan"
23910,23.910732,"nan","nan","nan"
23911,23.911733,"nan","nan","nan"
23912,23.912732,"nan","nan","nan"
23913,23.913732,"nan","nan","nan"
23914,23.914731,"nan","nan","nan"
23915,23.915758,"nan","nan","nan"
23916,23.916747,"nan","nan","nan"
23917,23.917737,"nan","nan","nan"
23918,23.918737,"nan","nan","nan"
23919,23.919735,"nan","nan","nan"
23920,23.920745,"nan","nan","nan"
23921,23.921732,"nan","nan","nan"
23922,23.922732,"nan","nan","nan"
23923,23.923732,"nan","nan","nan"
23924,23.924732,"nan","nan","nan"
23925,23.925732,"nan","nan","nan"
23926,23.926861,"nan","nan","nan"
23927,23.927736,"nan","nan","nan"
23928,23.928737,"nan","nan","nan"
23929,23.929736,"nan","nan","nan"
23930,23.930737,"nan","nan","nan"
23931,23.931736,"nan","nan","nan"
23932,23.932737,"nan","nan","nan"
23933,23.933737,"nan","nan","nan"
23934,23.934736,"nan","nan","nan"
23935,23.935736,"nan","nan","nan"
23936,23.936728,"nan","nan","nan"
23937,23.937748,"nan","nan","nan"
23938,23.938737,"nan","nan","nan"
23939,23.939736,"nan","nan","nan"
23940,23.940736,"nan","nan","nan"
23941,23.941736,"nan","nan","nan"
23942,23.942737,"nan","nan","nan"
23943,23.943735,"nan","nan","nan"
23944,23.944736,"nan","nan","nan"
23945,23.945737,"nan","nan","nan"
23946,23.946729,"nan","nan","nan"
23947,23.947793,"nan","nan","nan"
23948,23.948733,"nan","nan","nan"
23949,23.949734,"nan","nan","nan"
23950,23.950734,"nan","nan","nan"
23951,23.951735,"nan","nan","nan"
23952,23.952735,"nan","nan","nan"
23953,23.953735,"nan","nan","nan"
23954,23.954736,"nan","nan","nan"
23955,23.955737,"nan","nan","nan"
23956,23.956729,"nan","nan","nan"
23957,23.957729,"nan","nan","nan"
23958,23.958749,"nan","nan","nan"
23959,23.959736,"nan","nan","nan"
23960,23.960738,"nan","nan","nan"
23961,23.961738,"nan","nan","nan"
23962,23.962739,"nan","nan","nan"
23963,23.963739,"nan","nan","nan"
23964,23.964728,"nan","nan","nan"
23965,23.965728,"nan","nan","nan"
23966,23.966732,"nan","nan","nan"
23967,23.967732,"nan","nan","nan"
23968,23.968733,"nan","nan","nan"
23969,23.969746,"nan","nan","nan"
23970,23.970734,"nan","nan","nan"
23971,23.971735,"nan","nan","nan"
23972,23.972735,"nan","nan","nan"
23973,23.973735,"nan","nan","nan"
23974,23.974736,"nan","nan","nan"
23975,23.975736,"nan","nan","nan"
23976,23.976727,"nan","nan","nan"
23977,23.977727,"nan","nan","nan"
23978,23.978739,"nan","nan","nan"
23979,23.979866,"nan","nan","nan"
23980,23.980750,"nan","nan","nan"
23981,23.981739,"nan","nan","nan"
23982,23.982738,"nan","nan","nan"
23983,23.983738,"nan","nan","nan"
23984,23.984738,"nan","nan","nan"
23985,23.985738,"nan","nan","nan"
23986,23.986728,"nan","nan","nan"
23987,23.987729,"nan","nan","nan"
23988,23.988729,"nan","nan","nan"
23989,23.989729,"nan","nan","nan"
23990,23.990748,"nan","nan","nan"
23991,23.991735,"nan","nan","nan"
23992,23.992736,"nan","nan","nan"
23993,23.993737,"nan","nan","nan"
23994,23.994736,"nan","nan","nan"
23995,23.995736,"nan","nan","nan"
23996,23.996727,"nan","nan","nan"
23997,23.997740,"nan","nan","nan"
23998,23.998728,"nan","nan","nan"
23999,23.999728,"nan","nan","nan"
24000,24.000753,"nan","nan","nan"
24001,24.001751,"nan","nan","nan"
24002,24.002739,"nan","nan","nan"
24003,24.003739,"nan","nan","nan"
24004,24.004726,"nan","nan","nan"
24005,24.005727,"nan","nan","nan"
24006,24.006730,"nan","nan","nan"
24007,24.007730,"nan","nan","nan"
24008,24.008731,"nan","nan","nan"
24009,24.009729,"nan","nan","nan"
24010,24.010731,"nan","nan","nan"
24011,24.011769,"nan","nan","nan"
24012,24.012736,"nan","nan","nan"
24013,24.013737,"nan","nan","nan"
24014,24.014737,"nan","nan","nan"
24015,24.015737,"nan","nan","nan"
24016,24.016729,"nan","nan","nan"
24017,24.017730,"nan","nan","nan"
24018,24.018730,"nan","nan","nan"
24019,24.019730,"nan","nan","nan"
24020,24.020732,"nan","nan","nan"
24021,24.021733,"nan","nan","nan"
24022,24.022748,"nan","nan","nan"
24023,24.023739,"nan","nan","nan"
24024,24.024727,"nan","nan","nan"
24025,24.025739,"nan","nan","nan"
24026,24.026731,"nan","nan","nan"
24027,24.027731,"nan","nan","nan"
24028,24.028732,"nan","nan","nan"
24029,24.029732,"nan","nan","nan"
24030,24.030733,"nan","nan","nan"
24031,24.031733,"nan","nan","nan"
24032,24.032760,"nan","nan","nan"
24033,24.033746,"nan","nan","nan"
24034,24.034734,"nan","nan","nan"
24035,24.035735,"nan","nan","nan"
24036,24.036740,"nan","nan","nan"
24037,24.037746,"nan","nan","nan"
24038,24.038735,"nan","nan","nan"
24039,24.039735,"nan","nan","nan"
24040,24.040736,"nan","nan","nan"
24041,24.041736,"nan","nan","nan"
24042,24.042736,"nan","nan","nan"
24043,24.043775,"nan","nan","nan"
24044,24.044735,"nan","nan","nan"
24045,24.045736,"nan","nan","nan"
24046,24.046739,"nan","nan","nan"
24047,24.047726,"nan","nan","nan"
24048,24.048727,"nan","nan","nan"
24049,24.049739,"nan","nan","nan"
24050,24.050727,"nan","nan","nan"
24051,24.051728,"nan","nan","nan"
24052,24.052727,"nan","nan","nan"
24053,24.053728,"nan","nan","nan"
24054,24.054744,"nan","nan","nan"
24055,24.055732,"nan","nan","nan"
24056,24.056735,"nan","nan","nan"
24057,24.057735,"nan","nan","nan"
24058,24.058734,"nan","nan","nan"
24059,24.059735,"nan","nan","nan"
24060,24.060735,"nan","nan","nan"
24061,24.061735,"nan","nan","nan"
24062,24.062736,"nan","nan","nan"
24063,24.063735,"nan","nan","nan"
24064,24.064735,"nan","nan","nan"
24065,24.065748,"nan","nan","nan"
24066,24.066726,"nan","nan","nan"
24067,24.067727,"nan","nan","nan"
24068,24.068728,"nan","nan","nan"
24069,24.069728,"nan","nan","nan"
24070,24.070728,"nan","nan","nan"
24071,24.071727,"nan","nan","nan"
24072,24.072728,"nan","nan","nan"
24073,24.073728,"nan","nan","nan"
24074,24.074729,"nan","nan","nan"
24075,24.075836,"nan","nan","nan"
24076,24.076727,"nan","nan","nan"
24077,24.077728,"nan","nan","nan"
24078,24.078729,"nan","nan","nan"
24079,24.079729,"nan","nan","nan"
24080,24.080730,"nan","nan","nan"
24081,24.081729,"nan","nan","nan"
24082,24.082730,"nan","nan","nan"
24083,24.083731,"nan","nan","nan"
24084,24.084731,"nan","nan","nan"
24085,24.085732,"nan","nan","nan"
24086,24.086748,"nan","nan","nan"
24087,24.087737,"nan","nan","nan"
24088,24.088738,"nan","nan","nan"
24089,24.089738,"nan","nan","nan"
24090,24.090738,"nan","nan","nan"
24091,24.091726,"nan","nan","nan"
24092,24.092739,"nan","nan","nan"
24093,24.093728,"nan","nan","nan"
24094,24.094910,"nan","nan","nan"
24095,24.095736,"nan","nan","nan"
24096,24.096850,"nan","nan","nan"
24097,24.097738,"nan","nan","nan"
24098,24.098739,"nan","nan","nan"
24099,24.099728,"nan","nan","nan"
24100,24.100728,"nan","nan","nan"
24101,24.101729,"nan","nan","nan"
24102,24.102731,"nan","nan","nan"
24103,24.103731,"nan","nan","nan"
24104,24.104731,"nan","nan","nan"
24105,24.105730,"nan","nan","nan"
24106,24.106735,"nan","nan","nan"
24107,24.107747,"nan","nan","nan"
24108,24.108736,"nan","nan","nan"
24109,24.109735,"nan","nan","nan"
24110,24.110734,"nan","nan","nan"
24111,24.111735,"nan","nan","nan"
24112,24.112735,"nan","nan","nan"
24113,24.113735,"nan","nan","nan"
24114,24.114735,"nan","nan","nan"
24115,24.115733,"nan","nan","nan"
24116,24.116738,"nan","nan","nan"
24117,24.117755,"nan","nan","nan"
24118,24.118730,"nan","nan","nan"
24119,24.119729,"nan","nan","nan"
24120,24.120730,"nan","nan","nan"
24121,24.121731,"nan","nan","nan"
24122,24.122730,"nan","nan","nan"
24123,24.123731,"nan","nan","nan"
24124,24.124729,"nan","nan","nan"
24125,24.125730,"nan","nan","nan"
24126,24.126733,"nan","nan","nan"
24127,24.127733,"nan","nan","nan"
24128,24.128745,"nan","nan","nan"
24129,24.129732,"nan","nan","nan"
24130,24.130733,"nan","nan","nan"
24131,24.131734,"nan","nan","nan"
24132,24.132734,"nan","nan","nan"
24133,24.133734,"nan","nan","nan"
24134,24.134732,"nan","nan","nan"
24135,24.135733,"nan","nan","nan"
24136,24.136737,"nan","nan","nan"
24137,24.137737,"nan","nan","nan"
24138,24.138770,"nan","nan","nan"
24139,24.139732,"nan","nan","nan"
24140,24.140733,"nan","nan","nan"
24141,24.141733,"nan","nan","nan"
24142,24.142733,"nan","nan","nan"
24143,24.143733,"nan","nan","nan"
